{"text": "2024-08-25T12:42:34.641082+0500 DEBUG writing bet to db\n", "record": {"elapsed": {"repr": "0:00:00.963040", "seconds": 0.96304}, "exception": null, "extra": {}, "file": {"name": "main.py", "path": "C:\\Users\\melni\\PycharmProjects\\betboom_parser\\main.py"}, "function": "find_game", "level": {"icon": "🐞", "name": "DEBUG", "no": 10}, "line": 73, "message": "writing bet to db", "module": "main", "name": "__main__", "process": {"id": 3988, "name": "MainProcess"}, "thread": {"id": 6000, "name": "MainThread"}, "time": {"repr": "2024-08-25 12:42:34.641082+05:00", "timestamp": 1724571754.641082}}}
{"text": "2024-08-25T12:42:34.704069+0500 DEBUG finding coefficients\n", "record": {"elapsed": {"repr": "0:00:01.026027", "seconds": 1.026027}, "exception": null, "extra": {}, "file": {"name": "main.py", "path": "C:\\Users\\melni\\PycharmProjects\\betboom_parser\\main.py"}, "function": "get_bet", "level": {"icon": "🐞", "name": "DEBUG", "no": 10}, "line": 99, "message": "finding coefficients", "module": "main", "name": "__main__", "process": {"id": 3988, "name": "MainProcess"}, "thread": {"id": 6000, "name": "MainThread"}, "time": {"repr": "2024-08-25 12:42:34.704069+05:00", "timestamp": 1724571754.704069}}}
{"text": "2024-08-25T12:42:34.705070+0500 DEBUG reading db\n", "record": {"elapsed": {"repr": "0:00:01.027028", "seconds": 1.027028}, "exception": null, "extra": {}, "file": {"name": "main.py", "path": "C:\\Users\\melni\\PycharmProjects\\betboom_parser\\main.py"}, "function": "find_game", "level": {"icon": "🐞", "name": "DEBUG", "no": 10}, "line": 59, "message": "reading db", "module": "main", "name": "__main__", "process": {"id": 3988, "name": "MainProcess"}, "thread": {"id": 6000, "name": "MainThread"}, "time": {"repr": "2024-08-25 12:42:34.705070+05:00", "timestamp": 1724571754.70507}}}
{"text": "2024-08-25T12:42:35.048243+0500 INFO CS 2. European Pro League (25.08 13:00)\nVerdant - Anonymo\n\nold odds: 3-я карта -> 1.75\nnew odds: 3-я карта -> 1.82\n", "record": {"elapsed": {"repr": "0:00:01.370201", "seconds": 1.370201}, "exception": null, "extra": {}, "file": {"name": "main.py", "path": "C:\\Users\\melni\\PycharmProjects\\betboom_parser\\main.py"}, "function": "get_alter_message", "level": {"icon": "ℹ️", "name": "INFO", "no": 20}, "line": 49, "message": "CS 2. European Pro League (25.08 13:00)\nVerdant - Anonymo\n\nold odds: 3-я карта -> 1.75\nnew odds: 3-я карта -> 1.82", "module": "main", "name": "__main__", "process": {"id": 3988, "name": "MainProcess"}, "thread": {"id": 6000, "name": "MainThread"}, "time": {"repr": "2024-08-25 12:42:35.048243+05:00", "timestamp": 1724571755.048243}}}
{"text": "2024-08-25T12:42:35.049245+0500 INFO message sent\n", "record": {"elapsed": {"repr": "0:00:01.371203", "seconds": 1.371203}, "exception": null, "extra": {}, "file": {"name": "main.py", "path": "C:\\Users\\melni\\PycharmProjects\\betboom_parser\\main.py"}, "function": "get_alter_message", "level": {"icon": "ℹ️", "name": "INFO", "no": 20}, "line": 50, "message": "message sent", "module": "main", "name": "__main__", "process": {"id": 3988, "name": "MainProcess"}, "thread": {"id": 6000, "name": "MainThread"}, "time": {"repr": "2024-08-25 12:42:35.049245+05:00", "timestamp": 1724571755.049245}}}
{"text": "2024-08-25T12:42:35.049245+0500 DEBUG writing bet to db\n", "record": {"elapsed": {"repr": "0:00:01.371203", "seconds": 1.371203}, "exception": null, "extra": {}, "file": {"name": "main.py", "path": "C:\\Users\\melni\\PycharmProjects\\betboom_parser\\main.py"}, "function": "find_game", "level": {"icon": "🐞", "name": "DEBUG", "no": 10}, "line": 73, "message": "writing bet to db", "module": "main", "name": "__main__", "process": {"id": 3988, "name": "MainProcess"}, "thread": {"id": 6000, "name": "MainThread"}, "time": {"repr": "2024-08-25 12:42:35.049245+05:00", "timestamp": 1724571755.049245}}}
{"text": "2024-08-25T12:42:35.050255+0500 DEBUG finding coefficients\n", "record": {"elapsed": {"repr": "0:00:01.372213", "seconds": 1.372213}, "exception": null, "extra": {}, "file": {"name": "main.py", "path": "C:\\Users\\melni\\PycharmProjects\\betboom_parser\\main.py"}, "function": "get_bet", "level": {"icon": "🐞", "name": "DEBUG", "no": 10}, "line": 99, "message": "finding coefficients", "module": "main", "name": "__main__", "process": {"id": 3988, "name": "MainProcess"}, "thread": {"id": 6000, "name": "MainThread"}, "time": {"repr": "2024-08-25 12:42:35.050255+05:00", "timestamp": 1724571755.050255}}}
{"text": "2024-08-25T12:42:35.051251+0500 DEBUG getting info about match...\n", "record": {"elapsed": {"repr": "0:00:01.373209", "seconds": 1.373209}, "exception": null, "extra": {}, "file": {"name": "main.py", "path": "C:\\Users\\melni\\PycharmProjects\\betboom_parser\\main.py"}, "function": "get_match", "level": {"icon": "🐞", "name": "DEBUG", "no": 10}, "line": 124, "message": "getting info about match...", "module": "main", "name": "__main__", "process": {"id": 3988, "name": "MainProcess"}, "thread": {"id": 6000, "name": "MainThread"}, "time": {"repr": "2024-08-25 12:42:35.051251+05:00", "timestamp": 1724571755.051251}}}
{"text": "2024-08-25T12:42:35.257390+0500 DEBUG reading db\n", "record": {"elapsed": {"repr": "0:00:01.579348", "seconds": 1.579348}, "exception": null, "extra": {}, "file": {"name": "main.py", "path": "C:\\Users\\melni\\PycharmProjects\\betboom_parser\\main.py"}, "function": "find_game", "level": {"icon": "🐞", "name": "DEBUG", "no": 10}, "line": 59, "message": "reading db", "module": "main", "name": "__main__", "process": {"id": 3988, "name": "MainProcess"}, "thread": {"id": 6000, "name": "MainThread"}, "time": {"repr": "2024-08-25 12:42:35.257390+05:00", "timestamp": 1724571755.25739}}}
{"text": "2024-08-25T12:42:35.260375+0500 DEBUG writing bet to db\n", "record": {"elapsed": {"repr": "0:00:01.582333", "seconds": 1.582333}, "exception": null, "extra": {}, "file": {"name": "main.py", "path": "C:\\Users\\melni\\PycharmProjects\\betboom_parser\\main.py"}, "function": "find_game", "level": {"icon": "🐞", "name": "DEBUG", "no": 10}, "line": 73, "message": "writing bet to db", "module": "main", "name": "__main__", "process": {"id": 3988, "name": "MainProcess"}, "thread": {"id": 6000, "name": "MainThread"}, "time": {"repr": "2024-08-25 12:42:35.260375+05:00", "timestamp": 1724571755.260375}}}
{"text": "2024-08-25T12:42:35.263388+0500 DEBUG finding coefficients\n", "record": {"elapsed": {"repr": "0:00:01.585346", "seconds": 1.585346}, "exception": null, "extra": {}, "file": {"name": "main.py", "path": "C:\\Users\\melni\\PycharmProjects\\betboom_parser\\main.py"}, "function": "get_bet", "level": {"icon": "🐞", "name": "DEBUG", "no": 10}, "line": 99, "message": "finding coefficients", "module": "main", "name": "__main__", "process": {"id": 3988, "name": "MainProcess"}, "thread": {"id": 6000, "name": "MainThread"}, "time": {"repr": "2024-08-25 12:42:35.263388+05:00", "timestamp": 1724571755.263388}}}
{"text": "2024-08-25T12:42:35.264392+0500 DEBUG reading db\n", "record": {"elapsed": {"repr": "0:00:01.586350", "seconds": 1.58635}, "exception": null, "extra": {}, "file": {"name": "main.py", "path": "C:\\Users\\melni\\PycharmProjects\\betboom_parser\\main.py"}, "function": "find_game", "level": {"icon": "🐞", "name": "DEBUG", "no": 10}, "line": 59, "message": "reading db", "module": "main", "name": "__main__", "process": {"id": 3988, "name": "MainProcess"}, "thread": {"id": 6000, "name": "MainThread"}, "time": {"repr": "2024-08-25 12:42:35.264392+05:00", "timestamp": 1724571755.264392}}}
{"text": "2024-08-25T12:42:35.603550+0500 INFO CS 2. BB Dacha (25.08 14:00)\nTeam Falcons - BETBOOM TEAM\n\nold odds: 2-я карта -> 1.76\nnew odds: 2-я карта -> 1.75\n", "record": {"elapsed": {"repr": "0:00:01.925508", "seconds": 1.925508}, "exception": null, "extra": {}, "file": {"name": "main.py", "path": "C:\\Users\\melni\\PycharmProjects\\betboom_parser\\main.py"}, "function": "get_alter_message", "level": {"icon": "ℹ️", "name": "INFO", "no": 20}, "line": 49, "message": "CS 2. BB Dacha (25.08 14:00)\nTeam Falcons - BETBOOM TEAM\n\nold odds: 2-я карта -> 1.76\nnew odds: 2-я карта -> 1.75", "module": "main", "name": "__main__", "process": {"id": 3988, "name": "MainProcess"}, "thread": {"id": 6000, "name": "MainThread"}, "time": {"repr": "2024-08-25 12:42:35.603550+05:00", "timestamp": 1724571755.60355}}}
{"text": "2024-08-25T12:42:35.604569+0500 INFO message sent\n", "record": {"elapsed": {"repr": "0:00:01.926527", "seconds": 1.926527}, "exception": null, "extra": {}, "file": {"name": "main.py", "path": "C:\\Users\\melni\\PycharmProjects\\betboom_parser\\main.py"}, "function": "get_alter_message", "level": {"icon": "ℹ️", "name": "INFO", "no": 20}, "line": 50, "message": "message sent", "module": "main", "name": "__main__", "process": {"id": 3988, "name": "MainProcess"}, "thread": {"id": 6000, "name": "MainThread"}, "time": {"repr": "2024-08-25 12:42:35.604569+05:00", "timestamp": 1724571755.604569}}}
{"text": "2024-08-25T12:42:35.605565+0500 DEBUG writing bet to db\n", "record": {"elapsed": {"repr": "0:00:01.927523", "seconds": 1.927523}, "exception": null, "extra": {}, "file": {"name": "main.py", "path": "C:\\Users\\melni\\PycharmProjects\\betboom_parser\\main.py"}, "function": "find_game", "level": {"icon": "🐞", "name": "DEBUG", "no": 10}, "line": 73, "message": "writing bet to db", "module": "main", "name": "__main__", "process": {"id": 3988, "name": "MainProcess"}, "thread": {"id": 6000, "name": "MainThread"}, "time": {"repr": "2024-08-25 12:42:35.605565+05:00", "timestamp": 1724571755.605565}}}
{"text": "2024-08-25T12:42:35.606573+0500 DEBUG finding coefficients\n", "record": {"elapsed": {"repr": "0:00:01.928531", "seconds": 1.928531}, "exception": null, "extra": {}, "file": {"name": "main.py", "path": "C:\\Users\\melni\\PycharmProjects\\betboom_parser\\main.py"}, "function": "get_bet", "level": {"icon": "🐞", "name": "DEBUG", "no": 10}, "line": 99, "message": "finding coefficients", "module": "main", "name": "__main__", "process": {"id": 3988, "name": "MainProcess"}, "thread": {"id": 6000, "name": "MainThread"}, "time": {"repr": "2024-08-25 12:42:35.606573+05:00", "timestamp": 1724571755.606573}}}
{"text": "2024-08-25T12:42:35.607554+0500 DEBUG getting info about match...\n", "record": {"elapsed": {"repr": "0:00:01.929512", "seconds": 1.929512}, "exception": null, "extra": {}, "file": {"name": "main.py", "path": "C:\\Users\\melni\\PycharmProjects\\betboom_parser\\main.py"}, "function": "get_match", "level": {"icon": "🐞", "name": "DEBUG", "no": 10}, "line": 124, "message": "getting info about match...", "module": "main", "name": "__main__", "process": {"id": 3988, "name": "MainProcess"}, "thread": {"id": 6000, "name": "MainThread"}, "time": {"repr": "2024-08-25 12:42:35.607554+05:00", "timestamp": 1724571755.607554}}}
{"text": "2024-08-25T12:42:35.844442+0500 DEBUG reading db\n", "record": {"elapsed": {"repr": "0:00:02.166400", "seconds": 2.1664}, "exception": null, "extra": {}, "file": {"name": "main.py", "path": "C:\\Users\\melni\\PycharmProjects\\betboom_parser\\main.py"}, "function": "find_game", "level": {"icon": "🐞", "name": "DEBUG", "no": 10}, "line": 59, "message": "reading db", "module": "main", "name": "__main__", "process": {"id": 3988, "name": "MainProcess"}, "thread": {"id": 6000, "name": "MainThread"}, "time": {"repr": "2024-08-25 12:42:35.844442+05:00", "timestamp": 1724571755.844442}}}
{"text": "2024-08-25T12:42:35.848441+0500 DEBUG writing bet to db\n", "record": {"elapsed": {"repr": "0:00:02.170399", "seconds": 2.170399}, "exception": null, "extra": {}, "file": {"name": "main.py", "path": "C:\\Users\\melni\\PycharmProjects\\betboom_parser\\main.py"}, "function": "find_game", "level": {"icon": "🐞", "name": "DEBUG", "no": 10}, "line": 73, "message": "writing bet to db", "module": "main", "name": "__main__", "process": {"id": 3988, "name": "MainProcess"}, "thread": {"id": 6000, "name": "MainThread"}, "time": {"repr": "2024-08-25 12:42:35.848441+05:00", "timestamp": 1724571755.848441}}}
{"text": "2024-08-25T12:42:35.852430+0500 DEBUG finding coefficients\n", "record": {"elapsed": {"repr": "0:00:02.174388", "seconds": 2.174388}, "exception": null, "extra": {}, "file": {"name": "main.py", "path": "C:\\Users\\melni\\PycharmProjects\\betboom_parser\\main.py"}, "function": "get_bet", "level": {"icon": "🐞", "name": "DEBUG", "no": 10}, "line": 99, "message": "finding coefficients", "module": "main", "name": "__main__", "process": {"id": 3988, "name": "MainProcess"}, "thread": {"id": 6000, "name": "MainThread"}, "time": {"repr": "2024-08-25 12:42:35.852430+05:00", "timestamp": 1724571755.85243}}}
{"text": "2024-08-25T12:42:35.853479+0500 DEBUG reading db\n", "record": {"elapsed": {"repr": "0:00:02.175437", "seconds": 2.175437}, "exception": null, "extra": {}, "file": {"name": "main.py", "path": "C:\\Users\\melni\\PycharmProjects\\betboom_parser\\main.py"}, "function": "find_game", "level": {"icon": "🐞", "name": "DEBUG", "no": 10}, "line": 59, "message": "reading db", "module": "main", "name": "__main__", "process": {"id": 3988, "name": "MainProcess"}, "thread": {"id": 6000, "name": "MainThread"}, "time": {"repr": "2024-08-25 12:42:35.853479+05:00", "timestamp": 1724571755.853479}}}
{"text": "2024-08-25T12:42:35.855452+0500 DEBUG writing bet to db\n", "record": {"elapsed": {"repr": "0:00:02.177410", "seconds": 2.17741}, "exception": null, "extra": {}, "file": {"name": "main.py", "path": "C:\\Users\\melni\\PycharmProjects\\betboom_parser\\main.py"}, "function": "find_game", "level": {"icon": "🐞", "name": "DEBUG", "no": 10}, "line": 73, "message": "writing bet to db", "module": "main", "name": "__main__", "process": {"id": 3988, "name": "MainProcess"}, "thread": {"id": 6000, "name": "MainThread"}, "time": {"repr": "2024-08-25 12:42:35.855452+05:00", "timestamp": 1724571755.855452}}}
{"text": "2024-08-25T12:42:35.857442+0500 DEBUG finding coefficients\n", "record": {"elapsed": {"repr": "0:00:02.179400", "seconds": 2.1794}, "exception": null, "extra": {}, "file": {"name": "main.py", "path": "C:\\Users\\melni\\PycharmProjects\\betboom_parser\\main.py"}, "function": "get_bet", "level": {"icon": "🐞", "name": "DEBUG", "no": 10}, "line": 99, "message": "finding coefficients", "module": "main", "name": "__main__", "process": {"id": 3988, "name": "MainProcess"}, "thread": {"id": 6000, "name": "MainThread"}, "time": {"repr": "2024-08-25 12:42:35.857442+05:00", "timestamp": 1724571755.857442}}}
{"text": "2024-08-25T12:42:35.861451+0500 DEBUG reading db\n", "record": {"elapsed": {"repr": "0:00:02.183409", "seconds": 2.183409}, "exception": null, "extra": {}, "file": {"name": "main.py", "path": "C:\\Users\\melni\\PycharmProjects\\betboom_parser\\main.py"}, "function": "find_game", "level": {"icon": "🐞", "name": "DEBUG", "no": 10}, "line": 59, "message": "reading db", "module": "main", "name": "__main__", "process": {"id": 3988, "name": "MainProcess"}, "thread": {"id": 6000, "name": "MainThread"}, "time": {"repr": "2024-08-25 12:42:35.861451+05:00", "timestamp": 1724571755.861451}}}
{"text": "2024-08-25T12:42:35.866444+0500 DEBUG writing bet to db\n", "record": {"elapsed": {"repr": "0:00:02.188402", "seconds": 2.188402}, "exception": null, "extra": {}, "file": {"name": "main.py", "path": "C:\\Users\\melni\\PycharmProjects\\betboom_parser\\main.py"}, "function": "find_game", "level": {"icon": "🐞", "name": "DEBUG", "no": 10}, "line": 73, "message": "writing bet to db", "module": "main", "name": "__main__", "process": {"id": 3988, "name": "MainProcess"}, "thread": {"id": 6000, "name": "MainThread"}, "time": {"repr": "2024-08-25 12:42:35.866444+05:00", "timestamp": 1724571755.866444}}}
{"text": "2024-08-25T12:42:35.867437+0500 DEBUG finding coefficients\n", "record": {"elapsed": {"repr": "0:00:02.189395", "seconds": 2.189395}, "exception": null, "extra": {}, "file": {"name": "main.py", "path": "C:\\Users\\melni\\PycharmProjects\\betboom_parser\\main.py"}, "function": "get_bet", "level": {"icon": "🐞", "name": "DEBUG", "no": 10}, "line": 99, "message": "finding coefficients", "module": "main", "name": "__main__", "process": {"id": 3988, "name": "MainProcess"}, "thread": {"id": 6000, "name": "MainThread"}, "time": {"repr": "2024-08-25 12:42:35.867437+05:00", "timestamp": 1724571755.867437}}}
{"text": "2024-08-25T12:42:35.869443+0500 DEBUG getting info about match...\n", "record": {"elapsed": {"repr": "0:00:02.191401", "seconds": 2.191401}, "exception": null, "extra": {}, "file": {"name": "main.py", "path": "C:\\Users\\melni\\PycharmProjects\\betboom_parser\\main.py"}, "function": "get_match", "level": {"icon": "🐞", "name": "DEBUG", "no": 10}, "line": 124, "message": "getting info about match...", "module": "main", "name": "__main__", "process": {"id": 3988, "name": "MainProcess"}, "thread": {"id": 6000, "name": "MainThread"}, "time": {"repr": "2024-08-25 12:42:35.869443+05:00", "timestamp": 1724571755.869443}}}
{"text": "2024-08-25T12:42:36.088886+0500 DEBUG reading db\n", "record": {"elapsed": {"repr": "0:00:02.410844", "seconds": 2.410844}, "exception": null, "extra": {}, "file": {"name": "main.py", "path": "C:\\Users\\melni\\PycharmProjects\\betboom_parser\\main.py"}, "function": "find_game", "level": {"icon": "🐞", "name": "DEBUG", "no": 10}, "line": 59, "message": "reading db", "module": "main", "name": "__main__", "process": {"id": 3988, "name": "MainProcess"}, "thread": {"id": 6000, "name": "MainThread"}, "time": {"repr": "2024-08-25 12:42:36.088886+05:00", "timestamp": 1724571756.088886}}}
{"text": "2024-08-25T12:42:36.091872+0500 DEBUG writing bet to db\n", "record": {"elapsed": {"repr": "0:00:02.413830", "seconds": 2.41383}, "exception": null, "extra": {}, "file": {"name": "main.py", "path": "C:\\Users\\melni\\PycharmProjects\\betboom_parser\\main.py"}, "function": "find_game", "level": {"icon": "🐞", "name": "DEBUG", "no": 10}, "line": 73, "message": "writing bet to db", "module": "main", "name": "__main__", "process": {"id": 3988, "name": "MainProcess"}, "thread": {"id": 6000, "name": "MainThread"}, "time": {"repr": "2024-08-25 12:42:36.091872+05:00", "timestamp": 1724571756.091872}}}
{"text": "2024-08-25T12:42:36.092872+0500 DEBUG finding coefficients\n", "record": {"elapsed": {"repr": "0:00:02.414830", "seconds": 2.41483}, "exception": null, "extra": {}, "file": {"name": "main.py", "path": "C:\\Users\\melni\\PycharmProjects\\betboom_parser\\main.py"}, "function": "get_bet", "level": {"icon": "🐞", "name": "DEBUG", "no": 10}, "line": 99, "message": "finding coefficients", "module": "main", "name": "__main__", "process": {"id": 3988, "name": "MainProcess"}, "thread": {"id": 6000, "name": "MainThread"}, "time": {"repr": "2024-08-25 12:42:36.092872+05:00", "timestamp": 1724571756.092872}}}
{"text": "2024-08-25T12:42:36.097858+0500 DEBUG reading db\n", "record": {"elapsed": {"repr": "0:00:02.419816", "seconds": 2.419816}, "exception": null, "extra": {}, "file": {"name": "main.py", "path": "C:\\Users\\melni\\PycharmProjects\\betboom_parser\\main.py"}, "function": "find_game", "level": {"icon": "🐞", "name": "DEBUG", "no": 10}, "line": 59, "message": "reading db", "module": "main", "name": "__main__", "process": {"id": 3988, "name": "MainProcess"}, "thread": {"id": 6000, "name": "MainThread"}, "time": {"repr": "2024-08-25 12:42:36.097858+05:00", "timestamp": 1724571756.097858}}}
{"text": "2024-08-25T12:42:36.100873+0500 DEBUG writing bet to db\n", "record": {"elapsed": {"repr": "0:00:02.422831", "seconds": 2.422831}, "exception": null, "extra": {}, "file": {"name": "main.py", "path": "C:\\Users\\melni\\PycharmProjects\\betboom_parser\\main.py"}, "function": "find_game", "level": {"icon": "🐞", "name": "DEBUG", "no": 10}, "line": 73, "message": "writing bet to db", "module": "main", "name": "__main__", "process": {"id": 3988, "name": "MainProcess"}, "thread": {"id": 6000, "name": "MainThread"}, "time": {"repr": "2024-08-25 12:42:36.100873+05:00", "timestamp": 1724571756.100873}}}
{"text": "2024-08-25T12:42:36.101884+0500 DEBUG finding coefficients\n", "record": {"elapsed": {"repr": "0:00:02.423842", "seconds": 2.423842}, "exception": null, "extra": {}, "file": {"name": "main.py", "path": "C:\\Users\\melni\\PycharmProjects\\betboom_parser\\main.py"}, "function": "get_bet", "level": {"icon": "🐞", "name": "DEBUG", "no": 10}, "line": 99, "message": "finding coefficients", "module": "main", "name": "__main__", "process": {"id": 3988, "name": "MainProcess"}, "thread": {"id": 6000, "name": "MainThread"}, "time": {"repr": "2024-08-25 12:42:36.101884+05:00", "timestamp": 1724571756.101884}}}
{"text": "2024-08-25T12:42:36.103889+0500 DEBUG reading db\n", "record": {"elapsed": {"repr": "0:00:02.425847", "seconds": 2.425847}, "exception": null, "extra": {}, "file": {"name": "main.py", "path": "C:\\Users\\melni\\PycharmProjects\\betboom_parser\\main.py"}, "function": "find_game", "level": {"icon": "🐞", "name": "DEBUG", "no": 10}, "line": 59, "message": "reading db", "module": "main", "name": "__main__", "process": {"id": 3988, "name": "MainProcess"}, "thread": {"id": 6000, "name": "MainThread"}, "time": {"repr": "2024-08-25 12:42:36.103889+05:00", "timestamp": 1724571756.103889}}}
{"text": "2024-08-25T12:42:36.105874+0500 DEBUG writing bet to db\n", "record": {"elapsed": {"repr": "0:00:02.427832", "seconds": 2.427832}, "exception": null, "extra": {}, "file": {"name": "main.py", "path": "C:\\Users\\melni\\PycharmProjects\\betboom_parser\\main.py"}, "function": "find_game", "level": {"icon": "🐞", "name": "DEBUG", "no": 10}, "line": 73, "message": "writing bet to db", "module": "main", "name": "__main__", "process": {"id": 3988, "name": "MainProcess"}, "thread": {"id": 6000, "name": "MainThread"}, "time": {"repr": "2024-08-25 12:42:36.105874+05:00", "timestamp": 1724571756.105874}}}
{"text": "2024-08-25T12:42:36.106874+0500 DEBUG finding coefficients\n", "record": {"elapsed": {"repr": "0:00:02.428832", "seconds": 2.428832}, "exception": null, "extra": {}, "file": {"name": "main.py", "path": "C:\\Users\\melni\\PycharmProjects\\betboom_parser\\main.py"}, "function": "get_bet", "level": {"icon": "🐞", "name": "DEBUG", "no": 10}, "line": 99, "message": "finding coefficients", "module": "main", "name": "__main__", "process": {"id": 3988, "name": "MainProcess"}, "thread": {"id": 6000, "name": "MainThread"}, "time": {"repr": "2024-08-25 12:42:36.106874+05:00", "timestamp": 1724571756.106874}}}
{"text": "2024-08-25T12:42:36.108856+0500 DEBUG getting info about match...\n", "record": {"elapsed": {"repr": "0:00:02.430814", "seconds": 2.430814}, "exception": null, "extra": {}, "file": {"name": "main.py", "path": "C:\\Users\\melni\\PycharmProjects\\betboom_parser\\main.py"}, "function": "get_match", "level": {"icon": "🐞", "name": "DEBUG", "no": 10}, "line": 124, "message": "getting info about match...", "module": "main", "name": "__main__", "process": {"id": 3988, "name": "MainProcess"}, "thread": {"id": 6000, "name": "MainThread"}, "time": {"repr": "2024-08-25 12:42:36.108856+05:00", "timestamp": 1724571756.108856}}}
{"text": "2024-08-25T12:42:36.334208+0500 DEBUG reading db\n", "record": {"elapsed": {"repr": "0:00:02.656166", "seconds": 2.656166}, "exception": null, "extra": {}, "file": {"name": "main.py", "path": "C:\\Users\\melni\\PycharmProjects\\betboom_parser\\main.py"}, "function": "find_game", "level": {"icon": "🐞", "name": "DEBUG", "no": 10}, "line": 59, "message": "reading db", "module": "main", "name": "__main__", "process": {"id": 3988, "name": "MainProcess"}, "thread": {"id": 6000, "name": "MainThread"}, "time": {"repr": "2024-08-25 12:42:36.334208+05:00", "timestamp": 1724571756.334208}}}
{"text": "2024-08-25T12:48:09.668200+0500 DEBUG reading db\n", "record": {"elapsed": {"repr": "0:00:00.632592", "seconds": 0.632592}, "exception": null, "extra": {}, "file": {"name": "main.py", "path": "C:\\Users\\melni\\PycharmProjects\\betboom_parser\\main.py"}, "function": "find_game", "level": {"icon": "🐞", "name": "DEBUG", "no": 10}, "line": 59, "message": "reading db", "module": "main", "name": "__main__", "process": {"id": 3196, "name": "MainProcess"}, "thread": {"id": 1416, "name": "MainThread"}, "time": {"repr": "2024-08-25 12:48:09.668200+05:00", "timestamp": 1724572089.6682}}}
{"text": "2024-08-25T12:48:09.670202+0500 DEBUG writing bet to db\n", "record": {"elapsed": {"repr": "0:00:00.634594", "seconds": 0.634594}, "exception": null, "extra": {}, "file": {"name": "main.py", "path": "C:\\Users\\melni\\PycharmProjects\\betboom_parser\\main.py"}, "function": "find_game", "level": {"icon": "🐞", "name": "DEBUG", "no": 10}, "line": 73, "message": "writing bet to db", "module": "main", "name": "__main__", "process": {"id": 3196, "name": "MainProcess"}, "thread": {"id": 1416, "name": "MainThread"}, "time": {"repr": "2024-08-25 12:48:09.670202+05:00", "timestamp": 1724572089.670202}}}
{"text": "2024-08-25T12:48:09.671202+0500 DEBUG finding coefficients\n", "record": {"elapsed": {"repr": "0:00:00.635594", "seconds": 0.635594}, "exception": null, "extra": {}, "file": {"name": "main.py", "path": "C:\\Users\\melni\\PycharmProjects\\betboom_parser\\main.py"}, "function": "get_bet", "level": {"icon": "🐞", "name": "DEBUG", "no": 10}, "line": 99, "message": "finding coefficients", "module": "main", "name": "__main__", "process": {"id": 3196, "name": "MainProcess"}, "thread": {"id": 1416, "name": "MainThread"}, "time": {"repr": "2024-08-25 12:48:09.671202+05:00", "timestamp": 1724572089.671202}}}
{"text": "2024-08-25T12:48:09.672208+0500 DEBUG reading db\n", "record": {"elapsed": {"repr": "0:00:00.636600", "seconds": 0.6366}, "exception": null, "extra": {}, "file": {"name": "main.py", "path": "C:\\Users\\melni\\PycharmProjects\\betboom_parser\\main.py"}, "function": "find_game", "level": {"icon": "🐞", "name": "DEBUG", "no": 10}, "line": 59, "message": "reading db", "module": "main", "name": "__main__", "process": {"id": 3196, "name": "MainProcess"}, "thread": {"id": 1416, "name": "MainThread"}, "time": {"repr": "2024-08-25 12:48:09.672208+05:00", "timestamp": 1724572089.672208}}}
{"text": "2024-08-25T12:48:09.674217+0500 DEBUG writing bet to db\n", "record": {"elapsed": {"repr": "0:00:00.638609", "seconds": 0.638609}, "exception": null, "extra": {}, "file": {"name": "main.py", "path": "C:\\Users\\melni\\PycharmProjects\\betboom_parser\\main.py"}, "function": "find_game", "level": {"icon": "🐞", "name": "DEBUG", "no": 10}, "line": 73, "message": "writing bet to db", "module": "main", "name": "__main__", "process": {"id": 3196, "name": "MainProcess"}, "thread": {"id": 1416, "name": "MainThread"}, "time": {"repr": "2024-08-25 12:48:09.674217+05:00", "timestamp": 1724572089.674217}}}
{"text": "2024-08-25T12:48:09.675215+0500 DEBUG finding coefficients\n", "record": {"elapsed": {"repr": "0:00:00.639607", "seconds": 0.639607}, "exception": null, "extra": {}, "file": {"name": "main.py", "path": "C:\\Users\\melni\\PycharmProjects\\betboom_parser\\main.py"}, "function": "get_bet", "level": {"icon": "🐞", "name": "DEBUG", "no": 10}, "line": 99, "message": "finding coefficients", "module": "main", "name": "__main__", "process": {"id": 3196, "name": "MainProcess"}, "thread": {"id": 1416, "name": "MainThread"}, "time": {"repr": "2024-08-25 12:48:09.675215+05:00", "timestamp": 1724572089.675215}}}
{"text": "2024-08-25T12:48:09.676217+0500 DEBUG reading db\n", "record": {"elapsed": {"repr": "0:00:00.640609", "seconds": 0.640609}, "exception": null, "extra": {}, "file": {"name": "main.py", "path": "C:\\Users\\melni\\PycharmProjects\\betboom_parser\\main.py"}, "function": "find_game", "level": {"icon": "🐞", "name": "DEBUG", "no": 10}, "line": 59, "message": "reading db", "module": "main", "name": "__main__", "process": {"id": 3196, "name": "MainProcess"}, "thread": {"id": 1416, "name": "MainThread"}, "time": {"repr": "2024-08-25 12:48:09.676217+05:00", "timestamp": 1724572089.676217}}}
{"text": "2024-08-25T12:48:10.040453+0500 INFO CS 2. European Pro League (25.08 13:00)\nVerdant - Anonymo\n\nold odds: 3-я карта -> 1.75\nnew odds: 3-я карта -> 1.82\n", "record": {"elapsed": {"repr": "0:00:01.004845", "seconds": 1.004845}, "exception": null, "extra": {}, "file": {"name": "main.py", "path": "C:\\Users\\melni\\PycharmProjects\\betboom_parser\\main.py"}, "function": "get_alter_message", "level": {"icon": "ℹ️", "name": "INFO", "no": 20}, "line": 49, "message": "CS 2. European Pro League (25.08 13:00)\nVerdant - Anonymo\n\nold odds: 3-я карта -> 1.75\nnew odds: 3-я карта -> 1.82", "module": "main", "name": "__main__", "process": {"id": 3196, "name": "MainProcess"}, "thread": {"id": 1416, "name": "MainThread"}, "time": {"repr": "2024-08-25 12:48:10.040453+05:00", "timestamp": 1724572090.040453}}}
{"text": "2024-08-25T12:48:10.041462+0500 INFO message sent\n", "record": {"elapsed": {"repr": "0:00:01.005854", "seconds": 1.005854}, "exception": null, "extra": {}, "file": {"name": "main.py", "path": "C:\\Users\\melni\\PycharmProjects\\betboom_parser\\main.py"}, "function": "get_alter_message", "level": {"icon": "ℹ️", "name": "INFO", "no": 20}, "line": 50, "message": "message sent", "module": "main", "name": "__main__", "process": {"id": 3196, "name": "MainProcess"}, "thread": {"id": 1416, "name": "MainThread"}, "time": {"repr": "2024-08-25 12:48:10.041462+05:00", "timestamp": 1724572090.041462}}}
{"text": "2024-08-25T12:48:10.042466+0500 DEBUG writing bet to db\n", "record": {"elapsed": {"repr": "0:00:01.006858", "seconds": 1.006858}, "exception": null, "extra": {}, "file": {"name": "main.py", "path": "C:\\Users\\melni\\PycharmProjects\\betboom_parser\\main.py"}, "function": "find_game", "level": {"icon": "🐞", "name": "DEBUG", "no": 10}, "line": 73, "message": "writing bet to db", "module": "main", "name": "__main__", "process": {"id": 3196, "name": "MainProcess"}, "thread": {"id": 1416, "name": "MainThread"}, "time": {"repr": "2024-08-25 12:48:10.042466+05:00", "timestamp": 1724572090.042466}}}
{"text": "2024-08-25T12:48:10.043477+0500 DEBUG finding coefficients\n", "record": {"elapsed": {"repr": "0:00:01.007869", "seconds": 1.007869}, "exception": null, "extra": {}, "file": {"name": "main.py", "path": "C:\\Users\\melni\\PycharmProjects\\betboom_parser\\main.py"}, "function": "get_bet", "level": {"icon": "🐞", "name": "DEBUG", "no": 10}, "line": 99, "message": "finding coefficients", "module": "main", "name": "__main__", "process": {"id": 3196, "name": "MainProcess"}, "thread": {"id": 1416, "name": "MainThread"}, "time": {"repr": "2024-08-25 12:48:10.043477+05:00", "timestamp": 1724572090.043477}}}
{"text": "2024-08-25T12:48:10.044458+0500 DEBUG getting info about match...\n", "record": {"elapsed": {"repr": "0:00:01.008850", "seconds": 1.00885}, "exception": null, "extra": {}, "file": {"name": "main.py", "path": "C:\\Users\\melni\\PycharmProjects\\betboom_parser\\main.py"}, "function": "get_match", "level": {"icon": "🐞", "name": "DEBUG", "no": 10}, "line": 124, "message": "getting info about match...", "module": "main", "name": "__main__", "process": {"id": 3196, "name": "MainProcess"}, "thread": {"id": 1416, "name": "MainThread"}, "time": {"repr": "2024-08-25 12:48:10.044458+05:00", "timestamp": 1724572090.044458}}}
{"text": "2024-08-25T12:48:10.290355+0500 DEBUG reading db\n", "record": {"elapsed": {"repr": "0:00:01.254747", "seconds": 1.254747}, "exception": null, "extra": {}, "file": {"name": "main.py", "path": "C:\\Users\\melni\\PycharmProjects\\betboom_parser\\main.py"}, "function": "find_game", "level": {"icon": "🐞", "name": "DEBUG", "no": 10}, "line": 59, "message": "reading db", "module": "main", "name": "__main__", "process": {"id": 3196, "name": "MainProcess"}, "thread": {"id": 1416, "name": "MainThread"}, "time": {"repr": "2024-08-25 12:48:10.290355+05:00", "timestamp": 1724572090.290355}}}
{"text": "2024-08-25T12:48:10.298358+0500 DEBUG writing bet to db\n", "record": {"elapsed": {"repr": "0:00:01.262750", "seconds": 1.26275}, "exception": null, "extra": {}, "file": {"name": "main.py", "path": "C:\\Users\\melni\\PycharmProjects\\betboom_parser\\main.py"}, "function": "find_game", "level": {"icon": "🐞", "name": "DEBUG", "no": 10}, "line": 73, "message": "writing bet to db", "module": "main", "name": "__main__", "process": {"id": 3196, "name": "MainProcess"}, "thread": {"id": 1416, "name": "MainThread"}, "time": {"repr": "2024-08-25 12:48:10.298358+05:00", "timestamp": 1724572090.298358}}}
{"text": "2024-08-25T12:48:10.299353+0500 DEBUG finding coefficients\n", "record": {"elapsed": {"repr": "0:00:01.263745", "seconds": 1.263745}, "exception": null, "extra": {}, "file": {"name": "main.py", "path": "C:\\Users\\melni\\PycharmProjects\\betboom_parser\\main.py"}, "function": "get_bet", "level": {"icon": "🐞", "name": "DEBUG", "no": 10}, "line": 99, "message": "finding coefficients", "module": "main", "name": "__main__", "process": {"id": 3196, "name": "MainProcess"}, "thread": {"id": 1416, "name": "MainThread"}, "time": {"repr": "2024-08-25 12:48:10.299353+05:00", "timestamp": 1724572090.299353}}}
{"text": "2024-08-25T12:48:10.301369+0500 DEBUG reading db\n", "record": {"elapsed": {"repr": "0:00:01.265761", "seconds": 1.265761}, "exception": null, "extra": {}, "file": {"name": "main.py", "path": "C:\\Users\\melni\\PycharmProjects\\betboom_parser\\main.py"}, "function": "find_game", "level": {"icon": "🐞", "name": "DEBUG", "no": 10}, "line": 59, "message": "reading db", "module": "main", "name": "__main__", "process": {"id": 3196, "name": "MainProcess"}, "thread": {"id": 1416, "name": "MainThread"}, "time": {"repr": "2024-08-25 12:48:10.301369+05:00", "timestamp": 1724572090.301369}}}
{"text": "2024-08-25T12:48:10.611912+0500 INFO CS 2. BB Dacha (25.08 14:00)\nTeam Falcons - BETBOOM TEAM\n\nold odds: 2-я карта -> 1.76\nnew odds: 2-я карта -> 1.75\n", "record": {"elapsed": {"repr": "0:00:01.576304", "seconds": 1.576304}, "exception": null, "extra": {}, "file": {"name": "main.py", "path": "C:\\Users\\melni\\PycharmProjects\\betboom_parser\\main.py"}, "function": "get_alter_message", "level": {"icon": "ℹ️", "name": "INFO", "no": 20}, "line": 49, "message": "CS 2. BB Dacha (25.08 14:00)\nTeam Falcons - BETBOOM TEAM\n\nold odds: 2-я карта -> 1.76\nnew odds: 2-я карта -> 1.75", "module": "main", "name": "__main__", "process": {"id": 3196, "name": "MainProcess"}, "thread": {"id": 1416, "name": "MainThread"}, "time": {"repr": "2024-08-25 12:48:10.611912+05:00", "timestamp": 1724572090.611912}}}
{"text": "2024-08-25T12:48:10.612901+0500 INFO message sent\n", "record": {"elapsed": {"repr": "0:00:01.577293", "seconds": 1.577293}, "exception": null, "extra": {}, "file": {"name": "main.py", "path": "C:\\Users\\melni\\PycharmProjects\\betboom_parser\\main.py"}, "function": "get_alter_message", "level": {"icon": "ℹ️", "name": "INFO", "no": 20}, "line": 50, "message": "message sent", "module": "main", "name": "__main__", "process": {"id": 3196, "name": "MainProcess"}, "thread": {"id": 1416, "name": "MainThread"}, "time": {"repr": "2024-08-25 12:48:10.612901+05:00", "timestamp": 1724572090.612901}}}
{"text": "2024-08-25T12:48:10.613919+0500 DEBUG writing bet to db\n", "record": {"elapsed": {"repr": "0:00:01.578311", "seconds": 1.578311}, "exception": null, "extra": {}, "file": {"name": "main.py", "path": "C:\\Users\\melni\\PycharmProjects\\betboom_parser\\main.py"}, "function": "find_game", "level": {"icon": "🐞", "name": "DEBUG", "no": 10}, "line": 73, "message": "writing bet to db", "module": "main", "name": "__main__", "process": {"id": 3196, "name": "MainProcess"}, "thread": {"id": 1416, "name": "MainThread"}, "time": {"repr": "2024-08-25 12:48:10.613919+05:00", "timestamp": 1724572090.613919}}}
{"text": "2024-08-25T12:48:10.613919+0500 DEBUG finding coefficients\n", "record": {"elapsed": {"repr": "0:00:01.578311", "seconds": 1.578311}, "exception": null, "extra": {}, "file": {"name": "main.py", "path": "C:\\Users\\melni\\PycharmProjects\\betboom_parser\\main.py"}, "function": "get_bet", "level": {"icon": "🐞", "name": "DEBUG", "no": 10}, "line": 99, "message": "finding coefficients", "module": "main", "name": "__main__", "process": {"id": 3196, "name": "MainProcess"}, "thread": {"id": 1416, "name": "MainThread"}, "time": {"repr": "2024-08-25 12:48:10.613919+05:00", "timestamp": 1724572090.613919}}}
{"text": "2024-08-25T12:48:10.614888+0500 DEBUG getting info about match...\n", "record": {"elapsed": {"repr": "0:00:01.579280", "seconds": 1.57928}, "exception": null, "extra": {}, "file": {"name": "main.py", "path": "C:\\Users\\melni\\PycharmProjects\\betboom_parser\\main.py"}, "function": "get_match", "level": {"icon": "🐞", "name": "DEBUG", "no": 10}, "line": 124, "message": "getting info about match...", "module": "main", "name": "__main__", "process": {"id": 3196, "name": "MainProcess"}, "thread": {"id": 1416, "name": "MainThread"}, "time": {"repr": "2024-08-25 12:48:10.614888+05:00", "timestamp": 1724572090.614888}}}
{"text": "2024-08-25T12:48:10.870671+0500 DEBUG reading db\n", "record": {"elapsed": {"repr": "0:00:01.835063", "seconds": 1.835063}, "exception": null, "extra": {}, "file": {"name": "main.py", "path": "C:\\Users\\melni\\PycharmProjects\\betboom_parser\\main.py"}, "function": "find_game", "level": {"icon": "🐞", "name": "DEBUG", "no": 10}, "line": 59, "message": "reading db", "module": "main", "name": "__main__", "process": {"id": 3196, "name": "MainProcess"}, "thread": {"id": 1416, "name": "MainThread"}, "time": {"repr": "2024-08-25 12:48:10.870671+05:00", "timestamp": 1724572090.870671}}}
{"text": "2024-08-25T12:48:10.872688+0500 DEBUG writing bet to db\n", "record": {"elapsed": {"repr": "0:00:01.837080", "seconds": 1.83708}, "exception": null, "extra": {}, "file": {"name": "main.py", "path": "C:\\Users\\melni\\PycharmProjects\\betboom_parser\\main.py"}, "function": "find_game", "level": {"icon": "🐞", "name": "DEBUG", "no": 10}, "line": 73, "message": "writing bet to db", "module": "main", "name": "__main__", "process": {"id": 3196, "name": "MainProcess"}, "thread": {"id": 1416, "name": "MainThread"}, "time": {"repr": "2024-08-25 12:48:10.872688+05:00", "timestamp": 1724572090.872688}}}
{"text": "2024-08-25T12:48:10.873683+0500 DEBUG finding coefficients\n", "record": {"elapsed": {"repr": "0:00:01.838075", "seconds": 1.838075}, "exception": null, "extra": {}, "file": {"name": "main.py", "path": "C:\\Users\\melni\\PycharmProjects\\betboom_parser\\main.py"}, "function": "get_bet", "level": {"icon": "🐞", "name": "DEBUG", "no": 10}, "line": 99, "message": "finding coefficients", "module": "main", "name": "__main__", "process": {"id": 3196, "name": "MainProcess"}, "thread": {"id": 1416, "name": "MainThread"}, "time": {"repr": "2024-08-25 12:48:10.873683+05:00", "timestamp": 1724572090.873683}}}
{"text": "2024-08-25T12:48:10.874683+0500 DEBUG reading db\n", "record": {"elapsed": {"repr": "0:00:01.839075", "seconds": 1.839075}, "exception": null, "extra": {}, "file": {"name": "main.py", "path": "C:\\Users\\melni\\PycharmProjects\\betboom_parser\\main.py"}, "function": "find_game", "level": {"icon": "🐞", "name": "DEBUG", "no": 10}, "line": 59, "message": "reading db", "module": "main", "name": "__main__", "process": {"id": 3196, "name": "MainProcess"}, "thread": {"id": 1416, "name": "MainThread"}, "time": {"repr": "2024-08-25 12:48:10.874683+05:00", "timestamp": 1724572090.874683}}}
{"text": "2024-08-25T12:48:10.879682+0500 DEBUG writing bet to db\n", "record": {"elapsed": {"repr": "0:00:01.844074", "seconds": 1.844074}, "exception": null, "extra": {}, "file": {"name": "main.py", "path": "C:\\Users\\melni\\PycharmProjects\\betboom_parser\\main.py"}, "function": "find_game", "level": {"icon": "🐞", "name": "DEBUG", "no": 10}, "line": 73, "message": "writing bet to db", "module": "main", "name": "__main__", "process": {"id": 3196, "name": "MainProcess"}, "thread": {"id": 1416, "name": "MainThread"}, "time": {"repr": "2024-08-25 12:48:10.879682+05:00", "timestamp": 1724572090.879682}}}
{"text": "2024-08-25T12:48:10.880677+0500 DEBUG finding coefficients\n", "record": {"elapsed": {"repr": "0:00:01.845069", "seconds": 1.845069}, "exception": null, "extra": {}, "file": {"name": "main.py", "path": "C:\\Users\\melni\\PycharmProjects\\betboom_parser\\main.py"}, "function": "get_bet", "level": {"icon": "🐞", "name": "DEBUG", "no": 10}, "line": 99, "message": "finding coefficients", "module": "main", "name": "__main__", "process": {"id": 3196, "name": "MainProcess"}, "thread": {"id": 1416, "name": "MainThread"}, "time": {"repr": "2024-08-25 12:48:10.880677+05:00", "timestamp": 1724572090.880677}}}
{"text": "2024-08-25T12:48:10.883678+0500 DEBUG reading db\n", "record": {"elapsed": {"repr": "0:00:01.848070", "seconds": 1.84807}, "exception": null, "extra": {}, "file": {"name": "main.py", "path": "C:\\Users\\melni\\PycharmProjects\\betboom_parser\\main.py"}, "function": "find_game", "level": {"icon": "🐞", "name": "DEBUG", "no": 10}, "line": 59, "message": "reading db", "module": "main", "name": "__main__", "process": {"id": 3196, "name": "MainProcess"}, "thread": {"id": 1416, "name": "MainThread"}, "time": {"repr": "2024-08-25 12:48:10.883678+05:00", "timestamp": 1724572090.883678}}}
{"text": "2024-08-25T12:48:10.885687+0500 DEBUG writing bet to db\n", "record": {"elapsed": {"repr": "0:00:01.850079", "seconds": 1.850079}, "exception": null, "extra": {}, "file": {"name": "main.py", "path": "C:\\Users\\melni\\PycharmProjects\\betboom_parser\\main.py"}, "function": "find_game", "level": {"icon": "🐞", "name": "DEBUG", "no": 10}, "line": 73, "message": "writing bet to db", "module": "main", "name": "__main__", "process": {"id": 3196, "name": "MainProcess"}, "thread": {"id": 1416, "name": "MainThread"}, "time": {"repr": "2024-08-25 12:48:10.885687+05:00", "timestamp": 1724572090.885687}}}
{"text": "2024-08-25T12:48:10.887675+0500 DEBUG finding coefficients\n", "record": {"elapsed": {"repr": "0:00:01.852067", "seconds": 1.852067}, "exception": null, "extra": {}, "file": {"name": "main.py", "path": "C:\\Users\\melni\\PycharmProjects\\betboom_parser\\main.py"}, "function": "get_bet", "level": {"icon": "🐞", "name": "DEBUG", "no": 10}, "line": 99, "message": "finding coefficients", "module": "main", "name": "__main__", "process": {"id": 3196, "name": "MainProcess"}, "thread": {"id": 1416, "name": "MainThread"}, "time": {"repr": "2024-08-25 12:48:10.887675+05:00", "timestamp": 1724572090.887675}}}
{"text": "2024-08-25T12:48:10.889668+0500 DEBUG getting info about match...\n", "record": {"elapsed": {"repr": "0:00:01.854060", "seconds": 1.85406}, "exception": null, "extra": {}, "file": {"name": "main.py", "path": "C:\\Users\\melni\\PycharmProjects\\betboom_parser\\main.py"}, "function": "get_match", "level": {"icon": "🐞", "name": "DEBUG", "no": 10}, "line": 124, "message": "getting info about match...", "module": "main", "name": "__main__", "process": {"id": 3196, "name": "MainProcess"}, "thread": {"id": 1416, "name": "MainThread"}, "time": {"repr": "2024-08-25 12:48:10.889668+05:00", "timestamp": 1724572090.889668}}}
{"text": "2024-08-25T12:48:11.085815+0500 DEBUG reading db\n", "record": {"elapsed": {"repr": "0:00:02.050207", "seconds": 2.050207}, "exception": null, "extra": {}, "file": {"name": "main.py", "path": "C:\\Users\\melni\\PycharmProjects\\betboom_parser\\main.py"}, "function": "find_game", "level": {"icon": "🐞", "name": "DEBUG", "no": 10}, "line": 59, "message": "reading db", "module": "main", "name": "__main__", "process": {"id": 3196, "name": "MainProcess"}, "thread": {"id": 1416, "name": "MainThread"}, "time": {"repr": "2024-08-25 12:48:11.085815+05:00", "timestamp": 1724572091.085815}}}
{"text": "2024-08-25T12:48:11.087832+0500 DEBUG writing bet to db\n", "record": {"elapsed": {"repr": "0:00:02.052224", "seconds": 2.052224}, "exception": null, "extra": {}, "file": {"name": "main.py", "path": "C:\\Users\\melni\\PycharmProjects\\betboom_parser\\main.py"}, "function": "find_game", "level": {"icon": "🐞", "name": "DEBUG", "no": 10}, "line": 73, "message": "writing bet to db", "module": "main", "name": "__main__", "process": {"id": 3196, "name": "MainProcess"}, "thread": {"id": 1416, "name": "MainThread"}, "time": {"repr": "2024-08-25 12:48:11.087832+05:00", "timestamp": 1724572091.087832}}}
{"text": "2024-08-25T12:48:11.088824+0500 DEBUG finding coefficients\n", "record": {"elapsed": {"repr": "0:00:02.053216", "seconds": 2.053216}, "exception": null, "extra": {}, "file": {"name": "main.py", "path": "C:\\Users\\melni\\PycharmProjects\\betboom_parser\\main.py"}, "function": "get_bet", "level": {"icon": "🐞", "name": "DEBUG", "no": 10}, "line": 99, "message": "finding coefficients", "module": "main", "name": "__main__", "process": {"id": 3196, "name": "MainProcess"}, "thread": {"id": 1416, "name": "MainThread"}, "time": {"repr": "2024-08-25 12:48:11.088824+05:00", "timestamp": 1724572091.088824}}}
{"text": "2024-08-25T12:48:11.088824+0500 DEBUG reading db\n", "record": {"elapsed": {"repr": "0:00:02.053216", "seconds": 2.053216}, "exception": null, "extra": {}, "file": {"name": "main.py", "path": "C:\\Users\\melni\\PycharmProjects\\betboom_parser\\main.py"}, "function": "find_game", "level": {"icon": "🐞", "name": "DEBUG", "no": 10}, "line": 59, "message": "reading db", "module": "main", "name": "__main__", "process": {"id": 3196, "name": "MainProcess"}, "thread": {"id": 1416, "name": "MainThread"}, "time": {"repr": "2024-08-25 12:48:11.088824+05:00", "timestamp": 1724572091.088824}}}
{"text": "2024-08-25T12:48:11.090827+0500 DEBUG writing bet to db\n", "record": {"elapsed": {"repr": "0:00:02.055219", "seconds": 2.055219}, "exception": null, "extra": {}, "file": {"name": "main.py", "path": "C:\\Users\\melni\\PycharmProjects\\betboom_parser\\main.py"}, "function": "find_game", "level": {"icon": "🐞", "name": "DEBUG", "no": 10}, "line": 73, "message": "writing bet to db", "module": "main", "name": "__main__", "process": {"id": 3196, "name": "MainProcess"}, "thread": {"id": 1416, "name": "MainThread"}, "time": {"repr": "2024-08-25 12:48:11.090827+05:00", "timestamp": 1724572091.090827}}}
{"text": "2024-08-25T12:48:11.090827+0500 DEBUG finding coefficients\n", "record": {"elapsed": {"repr": "0:00:02.055219", "seconds": 2.055219}, "exception": null, "extra": {}, "file": {"name": "main.py", "path": "C:\\Users\\melni\\PycharmProjects\\betboom_parser\\main.py"}, "function": "get_bet", "level": {"icon": "🐞", "name": "DEBUG", "no": 10}, "line": 99, "message": "finding coefficients", "module": "main", "name": "__main__", "process": {"id": 3196, "name": "MainProcess"}, "thread": {"id": 1416, "name": "MainThread"}, "time": {"repr": "2024-08-25 12:48:11.090827+05:00", "timestamp": 1724572091.090827}}}
{"text": "2024-08-25T12:48:11.091811+0500 DEBUG reading db\n", "record": {"elapsed": {"repr": "0:00:02.056203", "seconds": 2.056203}, "exception": null, "extra": {}, "file": {"name": "main.py", "path": "C:\\Users\\melni\\PycharmProjects\\betboom_parser\\main.py"}, "function": "find_game", "level": {"icon": "🐞", "name": "DEBUG", "no": 10}, "line": 59, "message": "reading db", "module": "main", "name": "__main__", "process": {"id": 3196, "name": "MainProcess"}, "thread": {"id": 1416, "name": "MainThread"}, "time": {"repr": "2024-08-25 12:48:11.091811+05:00", "timestamp": 1724572091.091811}}}
{"text": "2024-08-25T12:48:11.092824+0500 DEBUG writing bet to db\n", "record": {"elapsed": {"repr": "0:00:02.057216", "seconds": 2.057216}, "exception": null, "extra": {}, "file": {"name": "main.py", "path": "C:\\Users\\melni\\PycharmProjects\\betboom_parser\\main.py"}, "function": "find_game", "level": {"icon": "🐞", "name": "DEBUG", "no": 10}, "line": 73, "message": "writing bet to db", "module": "main", "name": "__main__", "process": {"id": 3196, "name": "MainProcess"}, "thread": {"id": 1416, "name": "MainThread"}, "time": {"repr": "2024-08-25 12:48:11.092824+05:00", "timestamp": 1724572091.092824}}}
{"text": "2024-08-25T12:48:11.093803+0500 DEBUG finding coefficients\n", "record": {"elapsed": {"repr": "0:00:02.058195", "seconds": 2.058195}, "exception": null, "extra": {}, "file": {"name": "main.py", "path": "C:\\Users\\melni\\PycharmProjects\\betboom_parser\\main.py"}, "function": "get_bet", "level": {"icon": "🐞", "name": "DEBUG", "no": 10}, "line": 99, "message": "finding coefficients", "module": "main", "name": "__main__", "process": {"id": 3196, "name": "MainProcess"}, "thread": {"id": 1416, "name": "MainThread"}, "time": {"repr": "2024-08-25 12:48:11.093803+05:00", "timestamp": 1724572091.093803}}}
{"text": "2024-08-25T12:48:11.094819+0500 DEBUG getting info about match...\n", "record": {"elapsed": {"repr": "0:00:02.059211", "seconds": 2.059211}, "exception": null, "extra": {}, "file": {"name": "main.py", "path": "C:\\Users\\melni\\PycharmProjects\\betboom_parser\\main.py"}, "function": "get_match", "level": {"icon": "🐞", "name": "DEBUG", "no": 10}, "line": 124, "message": "getting info about match...", "module": "main", "name": "__main__", "process": {"id": 3196, "name": "MainProcess"}, "thread": {"id": 1416, "name": "MainThread"}, "time": {"repr": "2024-08-25 12:48:11.094819+05:00", "timestamp": 1724572091.094819}}}
{"text": "2024-08-25T12:48:11.341661+0500 DEBUG reading db\n", "record": {"elapsed": {"repr": "0:00:02.306053", "seconds": 2.306053}, "exception": null, "extra": {}, "file": {"name": "main.py", "path": "C:\\Users\\melni\\PycharmProjects\\betboom_parser\\main.py"}, "function": "find_game", "level": {"icon": "🐞", "name": "DEBUG", "no": 10}, "line": 59, "message": "reading db", "module": "main", "name": "__main__", "process": {"id": 3196, "name": "MainProcess"}, "thread": {"id": 1416, "name": "MainThread"}, "time": {"repr": "2024-08-25 12:48:11.341661+05:00", "timestamp": 1724572091.341661}}}
{"text": "2024-08-25T12:48:11.637998+0500 INFO CS 2. BB Dacha (25.08 17:30)\n9z - paiN\n\n1-я карта -> 1.84 & 1.98\n", "record": {"elapsed": {"repr": "0:00:02.602390", "seconds": 2.60239}, "exception": null, "extra": {}, "file": {"name": "main.py", "path": "C:\\Users\\melni\\PycharmProjects\\betboom_parser\\main.py"}, "function": "get_message", "level": {"icon": "ℹ️", "name": "INFO", "no": 20}, "line": 32, "message": "CS 2. BB Dacha (25.08 17:30)\n9z - paiN\n\n1-я карта -> 1.84 & 1.98", "module": "main", "name": "__main__", "process": {"id": 3196, "name": "MainProcess"}, "thread": {"id": 1416, "name": "MainThread"}, "time": {"repr": "2024-08-25 12:48:11.637998+05:00", "timestamp": 1724572091.637998}}}
{"text": "2024-08-25T12:48:11.638984+0500 INFO message sent\n", "record": {"elapsed": {"repr": "0:00:02.603376", "seconds": 2.603376}, "exception": null, "extra": {}, "file": {"name": "main.py", "path": "C:\\Users\\melni\\PycharmProjects\\betboom_parser\\main.py"}, "function": "get_message", "level": {"icon": "ℹ️", "name": "INFO", "no": 20}, "line": 33, "message": "message sent", "module": "main", "name": "__main__", "process": {"id": 3196, "name": "MainProcess"}, "thread": {"id": 1416, "name": "MainThread"}, "time": {"repr": "2024-08-25 12:48:11.638984+05:00", "timestamp": 1724572091.638984}}}
{"text": "2024-08-25T12:48:11.639998+0500 DEBUG writing bet to db\n", "record": {"elapsed": {"repr": "0:00:02.604390", "seconds": 2.60439}, "exception": null, "extra": {}, "file": {"name": "main.py", "path": "C:\\Users\\melni\\PycharmProjects\\betboom_parser\\main.py"}, "function": "find_game", "level": {"icon": "🐞", "name": "DEBUG", "no": 10}, "line": 73, "message": "writing bet to db", "module": "main", "name": "__main__", "process": {"id": 3196, "name": "MainProcess"}, "thread": {"id": 1416, "name": "MainThread"}, "time": {"repr": "2024-08-25 12:48:11.639998+05:00", "timestamp": 1724572091.639998}}}
{"text": "2024-08-25T12:48:11.641006+0500 DEBUG finding coefficients\n", "record": {"elapsed": {"repr": "0:00:02.605398", "seconds": 2.605398}, "exception": null, "extra": {}, "file": {"name": "main.py", "path": "C:\\Users\\melni\\PycharmProjects\\betboom_parser\\main.py"}, "function": "get_bet", "level": {"icon": "🐞", "name": "DEBUG", "no": 10}, "line": 99, "message": "finding coefficients", "module": "main", "name": "__main__", "process": {"id": 3196, "name": "MainProcess"}, "thread": {"id": 1416, "name": "MainThread"}, "time": {"repr": "2024-08-25 12:48:11.641006+05:00", "timestamp": 1724572091.641006}}}
{"text": "2024-08-25T12:48:11.641998+0500 DEBUG reading db\n", "record": {"elapsed": {"repr": "0:00:02.606390", "seconds": 2.60639}, "exception": null, "extra": {}, "file": {"name": "main.py", "path": "C:\\Users\\melni\\PycharmProjects\\betboom_parser\\main.py"}, "function": "find_game", "level": {"icon": "🐞", "name": "DEBUG", "no": 10}, "line": 59, "message": "reading db", "module": "main", "name": "__main__", "process": {"id": 3196, "name": "MainProcess"}, "thread": {"id": 1416, "name": "MainThread"}, "time": {"repr": "2024-08-25 12:48:11.641998+05:00", "timestamp": 1724572091.641998}}}
{"text": "2024-08-25T12:48:12.018009+0500 INFO CS 2. BB Dacha (25.08 17:30)\n9z - paiN\n\n2-я карта -> 1.85 & 1.98\n", "record": {"elapsed": {"repr": "0:00:02.982401", "seconds": 2.982401}, "exception": null, "extra": {}, "file": {"name": "main.py", "path": "C:\\Users\\melni\\PycharmProjects\\betboom_parser\\main.py"}, "function": "get_message", "level": {"icon": "ℹ️", "name": "INFO", "no": 20}, "line": 32, "message": "CS 2. BB Dacha (25.08 17:30)\n9z - paiN\n\n2-я карта -> 1.85 & 1.98", "module": "main", "name": "__main__", "process": {"id": 3196, "name": "MainProcess"}, "thread": {"id": 1416, "name": "MainThread"}, "time": {"repr": "2024-08-25 12:48:12.018009+05:00", "timestamp": 1724572092.018009}}}
{"text": "2024-08-25T12:48:12.018009+0500 INFO message sent\n", "record": {"elapsed": {"repr": "0:00:02.982401", "seconds": 2.982401}, "exception": null, "extra": {}, "file": {"name": "main.py", "path": "C:\\Users\\melni\\PycharmProjects\\betboom_parser\\main.py"}, "function": "get_message", "level": {"icon": "ℹ️", "name": "INFO", "no": 20}, "line": 33, "message": "message sent", "module": "main", "name": "__main__", "process": {"id": 3196, "name": "MainProcess"}, "thread": {"id": 1416, "name": "MainThread"}, "time": {"repr": "2024-08-25 12:48:12.018009+05:00", "timestamp": 1724572092.018009}}}
{"text": "2024-08-25T12:48:12.312474+0500 INFO CS 2. BB Dacha (25.08 17:30)\n9z - paiN\n\nold odds: 2-я карта -> 1.84\nnew odds: 2-я карта -> 1.85\n", "record": {"elapsed": {"repr": "0:00:03.276866", "seconds": 3.276866}, "exception": null, "extra": {}, "file": {"name": "main.py", "path": "C:\\Users\\melni\\PycharmProjects\\betboom_parser\\main.py"}, "function": "get_alter_message", "level": {"icon": "ℹ️", "name": "INFO", "no": 20}, "line": 49, "message": "CS 2. BB Dacha (25.08 17:30)\n9z - paiN\n\nold odds: 2-я карта -> 1.84\nnew odds: 2-я карта -> 1.85", "module": "main", "name": "__main__", "process": {"id": 3196, "name": "MainProcess"}, "thread": {"id": 1416, "name": "MainThread"}, "time": {"repr": "2024-08-25 12:48:12.312474+05:00", "timestamp": 1724572092.312474}}}
{"text": "2024-08-25T12:48:12.313509+0500 INFO message sent\n", "record": {"elapsed": {"repr": "0:00:03.277901", "seconds": 3.277901}, "exception": null, "extra": {}, "file": {"name": "main.py", "path": "C:\\Users\\melni\\PycharmProjects\\betboom_parser\\main.py"}, "function": "get_alter_message", "level": {"icon": "ℹ️", "name": "INFO", "no": 20}, "line": 50, "message": "message sent", "module": "main", "name": "__main__", "process": {"id": 3196, "name": "MainProcess"}, "thread": {"id": 1416, "name": "MainThread"}, "time": {"repr": "2024-08-25 12:48:12.313509+05:00", "timestamp": 1724572092.313509}}}
{"text": "2024-08-25T12:48:12.314460+0500 DEBUG writing bet to db\n", "record": {"elapsed": {"repr": "0:00:03.278852", "seconds": 3.278852}, "exception": null, "extra": {}, "file": {"name": "main.py", "path": "C:\\Users\\melni\\PycharmProjects\\betboom_parser\\main.py"}, "function": "find_game", "level": {"icon": "🐞", "name": "DEBUG", "no": 10}, "line": 73, "message": "writing bet to db", "module": "main", "name": "__main__", "process": {"id": 3196, "name": "MainProcess"}, "thread": {"id": 1416, "name": "MainThread"}, "time": {"repr": "2024-08-25 12:48:12.314460+05:00", "timestamp": 1724572092.31446}}}
{"text": "2024-08-25T12:48:12.315471+0500 DEBUG finding coefficients\n", "record": {"elapsed": {"repr": "0:00:03.279863", "seconds": 3.279863}, "exception": null, "extra": {}, "file": {"name": "main.py", "path": "C:\\Users\\melni\\PycharmProjects\\betboom_parser\\main.py"}, "function": "get_bet", "level": {"icon": "🐞", "name": "DEBUG", "no": 10}, "line": 99, "message": "finding coefficients", "module": "main", "name": "__main__", "process": {"id": 3196, "name": "MainProcess"}, "thread": {"id": 1416, "name": "MainThread"}, "time": {"repr": "2024-08-25 12:48:12.315471+05:00", "timestamp": 1724572092.315471}}}
{"text": "2024-08-25T12:48:12.316460+0500 DEBUG getting info about match...\n", "record": {"elapsed": {"repr": "0:00:03.280852", "seconds": 3.280852}, "exception": null, "extra": {}, "file": {"name": "main.py", "path": "C:\\Users\\melni\\PycharmProjects\\betboom_parser\\main.py"}, "function": "get_match", "level": {"icon": "🐞", "name": "DEBUG", "no": 10}, "line": 124, "message": "getting info about match...", "module": "main", "name": "__main__", "process": {"id": 3196, "name": "MainProcess"}, "thread": {"id": 1416, "name": "MainThread"}, "time": {"repr": "2024-08-25 12:48:12.316460+05:00", "timestamp": 1724572092.31646}}}
{"text": "2024-08-25T12:48:12.551074+0500 DEBUG reading db\n", "record": {"elapsed": {"repr": "0:00:03.515466", "seconds": 3.515466}, "exception": null, "extra": {}, "file": {"name": "main.py", "path": "C:\\Users\\melni\\PycharmProjects\\betboom_parser\\main.py"}, "function": "find_game", "level": {"icon": "🐞", "name": "DEBUG", "no": 10}, "line": 59, "message": "reading db", "module": "main", "name": "__main__", "process": {"id": 3196, "name": "MainProcess"}, "thread": {"id": 1416, "name": "MainThread"}, "time": {"repr": "2024-08-25 12:48:12.551074+05:00", "timestamp": 1724572092.551074}}}
{"text": "2024-08-25T12:48:12.553066+0500 DEBUG writing bet to db\n", "record": {"elapsed": {"repr": "0:00:03.517458", "seconds": 3.517458}, "exception": null, "extra": {}, "file": {"name": "main.py", "path": "C:\\Users\\melni\\PycharmProjects\\betboom_parser\\main.py"}, "function": "find_game", "level": {"icon": "🐞", "name": "DEBUG", "no": 10}, "line": 73, "message": "writing bet to db", "module": "main", "name": "__main__", "process": {"id": 3196, "name": "MainProcess"}, "thread": {"id": 1416, "name": "MainThread"}, "time": {"repr": "2024-08-25 12:48:12.553066+05:00", "timestamp": 1724572092.553066}}}
{"text": "2024-08-25T12:48:12.555053+0500 DEBUG finding coefficients\n", "record": {"elapsed": {"repr": "0:00:03.519445", "seconds": 3.519445}, "exception": null, "extra": {}, "file": {"name": "main.py", "path": "C:\\Users\\melni\\PycharmProjects\\betboom_parser\\main.py"}, "function": "get_bet", "level": {"icon": "🐞", "name": "DEBUG", "no": 10}, "line": 99, "message": "finding coefficients", "module": "main", "name": "__main__", "process": {"id": 3196, "name": "MainProcess"}, "thread": {"id": 1416, "name": "MainThread"}, "time": {"repr": "2024-08-25 12:48:12.555053+05:00", "timestamp": 1724572092.555053}}}
{"text": "2024-08-25T12:48:12.556088+0500 DEBUG reading db\n", "record": {"elapsed": {"repr": "0:00:03.520480", "seconds": 3.52048}, "exception": null, "extra": {}, "file": {"name": "main.py", "path": "C:\\Users\\melni\\PycharmProjects\\betboom_parser\\main.py"}, "function": "find_game", "level": {"icon": "🐞", "name": "DEBUG", "no": 10}, "line": 59, "message": "reading db", "module": "main", "name": "__main__", "process": {"id": 3196, "name": "MainProcess"}, "thread": {"id": 1416, "name": "MainThread"}, "time": {"repr": "2024-08-25 12:48:12.556088+05:00", "timestamp": 1724572092.556088}}}
{"text": "2024-08-25T12:48:12.558133+0500 DEBUG writing bet to db\n", "record": {"elapsed": {"repr": "0:00:03.522525", "seconds": 3.522525}, "exception": null, "extra": {}, "file": {"name": "main.py", "path": "C:\\Users\\melni\\PycharmProjects\\betboom_parser\\main.py"}, "function": "find_game", "level": {"icon": "🐞", "name": "DEBUG", "no": 10}, "line": 73, "message": "writing bet to db", "module": "main", "name": "__main__", "process": {"id": 3196, "name": "MainProcess"}, "thread": {"id": 1416, "name": "MainThread"}, "time": {"repr": "2024-08-25 12:48:12.558133+05:00", "timestamp": 1724572092.558133}}}
{"text": "2024-08-25T12:48:12.564128+0500 DEBUG finding coefficients\n", "record": {"elapsed": {"repr": "0:00:03.528520", "seconds": 3.52852}, "exception": null, "extra": {}, "file": {"name": "main.py", "path": "C:\\Users\\melni\\PycharmProjects\\betboom_parser\\main.py"}, "function": "get_bet", "level": {"icon": "🐞", "name": "DEBUG", "no": 10}, "line": 99, "message": "finding coefficients", "module": "main", "name": "__main__", "process": {"id": 3196, "name": "MainProcess"}, "thread": {"id": 1416, "name": "MainThread"}, "time": {"repr": "2024-08-25 12:48:12.564128+05:00", "timestamp": 1724572092.564128}}}
{"text": "2024-08-25T12:48:12.565132+0500 DEBUG reading db\n", "record": {"elapsed": {"repr": "0:00:03.529524", "seconds": 3.529524}, "exception": null, "extra": {}, "file": {"name": "main.py", "path": "C:\\Users\\melni\\PycharmProjects\\betboom_parser\\main.py"}, "function": "find_game", "level": {"icon": "🐞", "name": "DEBUG", "no": 10}, "line": 59, "message": "reading db", "module": "main", "name": "__main__", "process": {"id": 3196, "name": "MainProcess"}, "thread": {"id": 1416, "name": "MainThread"}, "time": {"repr": "2024-08-25 12:48:12.565132+05:00", "timestamp": 1724572092.565132}}}
{"text": "2024-08-25T12:48:12.568143+0500 DEBUG writing bet to db\n", "record": {"elapsed": {"repr": "0:00:03.532535", "seconds": 3.532535}, "exception": null, "extra": {}, "file": {"name": "main.py", "path": "C:\\Users\\melni\\PycharmProjects\\betboom_parser\\main.py"}, "function": "find_game", "level": {"icon": "🐞", "name": "DEBUG", "no": 10}, "line": 73, "message": "writing bet to db", "module": "main", "name": "__main__", "process": {"id": 3196, "name": "MainProcess"}, "thread": {"id": 1416, "name": "MainThread"}, "time": {"repr": "2024-08-25 12:48:12.568143+05:00", "timestamp": 1724572092.568143}}}
{"text": "2024-08-25T12:48:12.569134+0500 DEBUG finding coefficients\n", "record": {"elapsed": {"repr": "0:00:03.533526", "seconds": 3.533526}, "exception": null, "extra": {}, "file": {"name": "main.py", "path": "C:\\Users\\melni\\PycharmProjects\\betboom_parser\\main.py"}, "function": "get_bet", "level": {"icon": "🐞", "name": "DEBUG", "no": 10}, "line": 99, "message": "finding coefficients", "module": "main", "name": "__main__", "process": {"id": 3196, "name": "MainProcess"}, "thread": {"id": 1416, "name": "MainThread"}, "time": {"repr": "2024-08-25 12:48:12.569134+05:00", "timestamp": 1724572092.569134}}}
{"text": "2024-08-25T12:48:12.571117+0500 DEBUG getting info about match...\n", "record": {"elapsed": {"repr": "0:00:03.535509", "seconds": 3.535509}, "exception": null, "extra": {}, "file": {"name": "main.py", "path": "C:\\Users\\melni\\PycharmProjects\\betboom_parser\\main.py"}, "function": "get_match", "level": {"icon": "🐞", "name": "DEBUG", "no": 10}, "line": 124, "message": "getting info about match...", "module": "main", "name": "__main__", "process": {"id": 3196, "name": "MainProcess"}, "thread": {"id": 1416, "name": "MainThread"}, "time": {"repr": "2024-08-25 12:48:12.571117+05:00", "timestamp": 1724572092.571117}}}
{"text": "2024-08-25T12:48:12.836659+0500 DEBUG reading db\n", "record": {"elapsed": {"repr": "0:00:03.801051", "seconds": 3.801051}, "exception": null, "extra": {}, "file": {"name": "main.py", "path": "C:\\Users\\melni\\PycharmProjects\\betboom_parser\\main.py"}, "function": "find_game", "level": {"icon": "🐞", "name": "DEBUG", "no": 10}, "line": 59, "message": "reading db", "module": "main", "name": "__main__", "process": {"id": 3196, "name": "MainProcess"}, "thread": {"id": 1416, "name": "MainThread"}, "time": {"repr": "2024-08-25 12:48:12.836659+05:00", "timestamp": 1724572092.836659}}}
{"text": "2024-08-25T12:48:16.183746+0500 INFO CS 2. CCT Europe Series 9 (25.08 20:30)\nSinners - Young Ninjas\n\n1-я карта -> 1.54 & 2.398\n", "record": {"elapsed": {"repr": "0:00:07.148138", "seconds": 7.148138}, "exception": null, "extra": {}, "file": {"name": "main.py", "path": "C:\\Users\\melni\\PycharmProjects\\betboom_parser\\main.py"}, "function": "get_message", "level": {"icon": "ℹ️", "name": "INFO", "no": 20}, "line": 32, "message": "CS 2. CCT Europe Series 9 (25.08 20:30)\nSinners - Young Ninjas\n\n1-я карта -> 1.54 & 2.398", "module": "main", "name": "__main__", "process": {"id": 3196, "name": "MainProcess"}, "thread": {"id": 1416, "name": "MainThread"}, "time": {"repr": "2024-08-25 12:48:16.183746+05:00", "timestamp": 1724572096.183746}}}
{"text": "2024-08-25T12:48:16.184735+0500 INFO message sent\n", "record": {"elapsed": {"repr": "0:00:07.149127", "seconds": 7.149127}, "exception": null, "extra": {}, "file": {"name": "main.py", "path": "C:\\Users\\melni\\PycharmProjects\\betboom_parser\\main.py"}, "function": "get_message", "level": {"icon": "ℹ️", "name": "INFO", "no": 20}, "line": 33, "message": "message sent", "module": "main", "name": "__main__", "process": {"id": 3196, "name": "MainProcess"}, "thread": {"id": 1416, "name": "MainThread"}, "time": {"repr": "2024-08-25 12:48:16.184735+05:00", "timestamp": 1724572096.184735}}}
{"text": "2024-08-25T12:48:16.185748+0500 DEBUG writing bet to db\n", "record": {"elapsed": {"repr": "0:00:07.150140", "seconds": 7.15014}, "exception": null, "extra": {}, "file": {"name": "main.py", "path": "C:\\Users\\melni\\PycharmProjects\\betboom_parser\\main.py"}, "function": "find_game", "level": {"icon": "🐞", "name": "DEBUG", "no": 10}, "line": 73, "message": "writing bet to db", "module": "main", "name": "__main__", "process": {"id": 3196, "name": "MainProcess"}, "thread": {"id": 1416, "name": "MainThread"}, "time": {"repr": "2024-08-25 12:48:16.185748+05:00", "timestamp": 1724572096.185748}}}
{"text": "2024-08-25T12:48:16.186757+0500 DEBUG finding coefficients\n", "record": {"elapsed": {"repr": "0:00:07.151149", "seconds": 7.151149}, "exception": null, "extra": {}, "file": {"name": "main.py", "path": "C:\\Users\\melni\\PycharmProjects\\betboom_parser\\main.py"}, "function": "get_bet", "level": {"icon": "🐞", "name": "DEBUG", "no": 10}, "line": 99, "message": "finding coefficients", "module": "main", "name": "__main__", "process": {"id": 3196, "name": "MainProcess"}, "thread": {"id": 1416, "name": "MainThread"}, "time": {"repr": "2024-08-25 12:48:16.186757+05:00", "timestamp": 1724572096.186757}}}
{"text": "2024-08-25T12:48:16.187747+0500 DEBUG reading db\n", "record": {"elapsed": {"repr": "0:00:07.152139", "seconds": 7.152139}, "exception": null, "extra": {}, "file": {"name": "main.py", "path": "C:\\Users\\melni\\PycharmProjects\\betboom_parser\\main.py"}, "function": "find_game", "level": {"icon": "🐞", "name": "DEBUG", "no": 10}, "line": 59, "message": "reading db", "module": "main", "name": "__main__", "process": {"id": 3196, "name": "MainProcess"}, "thread": {"id": 1416, "name": "MainThread"}, "time": {"repr": "2024-08-25 12:48:16.187747+05:00", "timestamp": 1724572096.187747}}}
{"text": "2024-08-25T12:48:16.556514+0500 INFO CS 2. CCT Europe Series 9 (25.08 20:30)\nSinners - Young Ninjas\n\n2-я карта -> 1.54 & 2.398\n", "record": {"elapsed": {"repr": "0:00:07.520906", "seconds": 7.520906}, "exception": null, "extra": {}, "file": {"name": "main.py", "path": "C:\\Users\\melni\\PycharmProjects\\betboom_parser\\main.py"}, "function": "get_message", "level": {"icon": "ℹ️", "name": "INFO", "no": 20}, "line": 32, "message": "CS 2. CCT Europe Series 9 (25.08 20:30)\nSinners - Young Ninjas\n\n2-я карта -> 1.54 & 2.398", "module": "main", "name": "__main__", "process": {"id": 3196, "name": "MainProcess"}, "thread": {"id": 1416, "name": "MainThread"}, "time": {"repr": "2024-08-25 12:48:16.556514+05:00", "timestamp": 1724572096.556514}}}
{"text": "2024-08-25T12:48:16.557512+0500 INFO message sent\n", "record": {"elapsed": {"repr": "0:00:07.521904", "seconds": 7.521904}, "exception": null, "extra": {}, "file": {"name": "main.py", "path": "C:\\Users\\melni\\PycharmProjects\\betboom_parser\\main.py"}, "function": "get_message", "level": {"icon": "ℹ️", "name": "INFO", "no": 20}, "line": 33, "message": "message sent", "module": "main", "name": "__main__", "process": {"id": 3196, "name": "MainProcess"}, "thread": {"id": 1416, "name": "MainThread"}, "time": {"repr": "2024-08-25 12:48:16.557512+05:00", "timestamp": 1724572096.557512}}}
{"text": "2024-08-25T12:48:16.558520+0500 DEBUG writing bet to db\n", "record": {"elapsed": {"repr": "0:00:07.522912", "seconds": 7.522912}, "exception": null, "extra": {}, "file": {"name": "main.py", "path": "C:\\Users\\melni\\PycharmProjects\\betboom_parser\\main.py"}, "function": "find_game", "level": {"icon": "🐞", "name": "DEBUG", "no": 10}, "line": 73, "message": "writing bet to db", "module": "main", "name": "__main__", "process": {"id": 3196, "name": "MainProcess"}, "thread": {"id": 1416, "name": "MainThread"}, "time": {"repr": "2024-08-25 12:48:16.558520+05:00", "timestamp": 1724572096.55852}}}
{"text": "2024-08-25T12:48:16.559526+0500 DEBUG finding coefficients\n", "record": {"elapsed": {"repr": "0:00:07.523918", "seconds": 7.523918}, "exception": null, "extra": {}, "file": {"name": "main.py", "path": "C:\\Users\\melni\\PycharmProjects\\betboom_parser\\main.py"}, "function": "get_bet", "level": {"icon": "🐞", "name": "DEBUG", "no": 10}, "line": 99, "message": "finding coefficients", "module": "main", "name": "__main__", "process": {"id": 3196, "name": "MainProcess"}, "thread": {"id": 1416, "name": "MainThread"}, "time": {"repr": "2024-08-25 12:48:16.559526+05:00", "timestamp": 1724572096.559526}}}
{"text": "2024-08-25T12:48:16.560532+0500 DEBUG reading db\n", "record": {"elapsed": {"repr": "0:00:07.524924", "seconds": 7.524924}, "exception": null, "extra": {}, "file": {"name": "main.py", "path": "C:\\Users\\melni\\PycharmProjects\\betboom_parser\\main.py"}, "function": "find_game", "level": {"icon": "🐞", "name": "DEBUG", "no": 10}, "line": 59, "message": "reading db", "module": "main", "name": "__main__", "process": {"id": 3196, "name": "MainProcess"}, "thread": {"id": 1416, "name": "MainThread"}, "time": {"repr": "2024-08-25 12:48:16.560532+05:00", "timestamp": 1724572096.560532}}}
{"text": "2024-08-25T12:48:18.673371+0500 INFO CS 2. CCT Europe Series 9 (25.08 20:30)\nSinners - Young Ninjas\n\n3-я карта -> 1.57 & 2.33\n", "record": {"elapsed": {"repr": "0:00:09.637763", "seconds": 9.637763}, "exception": null, "extra": {}, "file": {"name": "main.py", "path": "C:\\Users\\melni\\PycharmProjects\\betboom_parser\\main.py"}, "function": "get_message", "level": {"icon": "ℹ️", "name": "INFO", "no": 20}, "line": 32, "message": "CS 2. CCT Europe Series 9 (25.08 20:30)\nSinners - Young Ninjas\n\n3-я карта -> 1.57 & 2.33", "module": "main", "name": "__main__", "process": {"id": 3196, "name": "MainProcess"}, "thread": {"id": 1416, "name": "MainThread"}, "time": {"repr": "2024-08-25 12:48:18.673371+05:00", "timestamp": 1724572098.673371}}}
{"text": "2024-08-25T12:48:18.674367+0500 INFO message sent\n", "record": {"elapsed": {"repr": "0:00:09.638759", "seconds": 9.638759}, "exception": null, "extra": {}, "file": {"name": "main.py", "path": "C:\\Users\\melni\\PycharmProjects\\betboom_parser\\main.py"}, "function": "get_message", "level": {"icon": "ℹ️", "name": "INFO", "no": 20}, "line": 33, "message": "message sent", "module": "main", "name": "__main__", "process": {"id": 3196, "name": "MainProcess"}, "thread": {"id": 1416, "name": "MainThread"}, "time": {"repr": "2024-08-25 12:48:18.674367+05:00", "timestamp": 1724572098.674367}}}
{"text": "2024-08-25T12:48:19.052294+0500 INFO CS 2. CCT Europe Series 9 (25.08 20:30)\nSinners - Young Ninjas\n\nold odds: 3-я карта -> 1.54\nnew odds: 3-я карта -> 1.57\n", "record": {"elapsed": {"repr": "0:00:10.016686", "seconds": 10.016686}, "exception": null, "extra": {}, "file": {"name": "main.py", "path": "C:\\Users\\melni\\PycharmProjects\\betboom_parser\\main.py"}, "function": "get_alter_message", "level": {"icon": "ℹ️", "name": "INFO", "no": 20}, "line": 49, "message": "CS 2. CCT Europe Series 9 (25.08 20:30)\nSinners - Young Ninjas\n\nold odds: 3-я карта -> 1.54\nnew odds: 3-я карта -> 1.57", "module": "main", "name": "__main__", "process": {"id": 3196, "name": "MainProcess"}, "thread": {"id": 1416, "name": "MainThread"}, "time": {"repr": "2024-08-25 12:48:19.052294+05:00", "timestamp": 1724572099.052294}}}
{"text": "2024-08-25T12:48:19.053289+0500 INFO message sent\n", "record": {"elapsed": {"repr": "0:00:10.017681", "seconds": 10.017681}, "exception": null, "extra": {}, "file": {"name": "main.py", "path": "C:\\Users\\melni\\PycharmProjects\\betboom_parser\\main.py"}, "function": "get_alter_message", "level": {"icon": "ℹ️", "name": "INFO", "no": 20}, "line": 50, "message": "message sent", "module": "main", "name": "__main__", "process": {"id": 3196, "name": "MainProcess"}, "thread": {"id": 1416, "name": "MainThread"}, "time": {"repr": "2024-08-25 12:48:19.053289+05:00", "timestamp": 1724572099.053289}}}
{"text": "2024-08-25T12:48:19.054290+0500 DEBUG writing bet to db\n", "record": {"elapsed": {"repr": "0:00:10.018682", "seconds": 10.018682}, "exception": null, "extra": {}, "file": {"name": "main.py", "path": "C:\\Users\\melni\\PycharmProjects\\betboom_parser\\main.py"}, "function": "find_game", "level": {"icon": "🐞", "name": "DEBUG", "no": 10}, "line": 73, "message": "writing bet to db", "module": "main", "name": "__main__", "process": {"id": 3196, "name": "MainProcess"}, "thread": {"id": 1416, "name": "MainThread"}, "time": {"repr": "2024-08-25 12:48:19.054290+05:00", "timestamp": 1724572099.05429}}}
{"text": "2024-08-25T12:48:19.056290+0500 DEBUG finding coefficients\n", "record": {"elapsed": {"repr": "0:00:10.020682", "seconds": 10.020682}, "exception": null, "extra": {}, "file": {"name": "main.py", "path": "C:\\Users\\melni\\PycharmProjects\\betboom_parser\\main.py"}, "function": "get_bet", "level": {"icon": "🐞", "name": "DEBUG", "no": 10}, "line": 99, "message": "finding coefficients", "module": "main", "name": "__main__", "process": {"id": 3196, "name": "MainProcess"}, "thread": {"id": 1416, "name": "MainThread"}, "time": {"repr": "2024-08-25 12:48:19.056290+05:00", "timestamp": 1724572099.05629}}}
{"text": "2024-08-25T12:48:19.056290+0500 DEBUG getting info about match...\n", "record": {"elapsed": {"repr": "0:00:10.020682", "seconds": 10.020682}, "exception": null, "extra": {}, "file": {"name": "main.py", "path": "C:\\Users\\melni\\PycharmProjects\\betboom_parser\\main.py"}, "function": "get_match", "level": {"icon": "🐞", "name": "DEBUG", "no": 10}, "line": 124, "message": "getting info about match...", "module": "main", "name": "__main__", "process": {"id": 3196, "name": "MainProcess"}, "thread": {"id": 1416, "name": "MainThread"}, "time": {"repr": "2024-08-25 12:48:19.056290+05:00", "timestamp": 1724572099.05629}}}
{"text": "2024-08-25T12:48:19.058312+0500 DEBUG getting matches...\n", "record": {"elapsed": {"repr": "0:00:10.022704", "seconds": 10.022704}, "exception": null, "extra": {}, "file": {"name": "main.py", "path": "C:\\Users\\melni\\PycharmProjects\\betboom_parser\\main.py"}, "function": "get_league", "level": {"icon": "🐞", "name": "DEBUG", "no": 10}, "line": 147, "message": "getting matches...", "module": "main", "name": "__main__", "process": {"id": 3196, "name": "MainProcess"}, "thread": {"id": 1416, "name": "MainThread"}, "time": {"repr": "2024-08-25 12:48:19.058312+05:00", "timestamp": 1724572099.058312}}}
{"text": "2024-08-25T12:48:19.060291+0500 INFO sleeping...\n", "record": {"elapsed": {"repr": "0:00:10.024683", "seconds": 10.024683}, "exception": null, "extra": {}, "file": {"name": "main.py", "path": "C:\\Users\\melni\\PycharmProjects\\betboom_parser\\main.py"}, "function": "<module>", "level": {"icon": "ℹ️", "name": "INFO", "no": 20}, "line": 154, "message": "sleeping...", "module": "main", "name": "__main__", "process": {"id": 3196, "name": "MainProcess"}, "thread": {"id": 1416, "name": "MainThread"}, "time": {"repr": "2024-08-25 12:48:19.060291+05:00", "timestamp": 1724572099.060291}}}
{"text": "2024-08-25T13:18:53.007105+0500 DEBUG reading db\n", "record": {"elapsed": {"repr": "0:00:09.148801", "seconds": 9.148801}, "exception": null, "extra": {}, "file": {"name": "main.py", "path": "C:\\Users\\melni\\PycharmProjects\\betboom_parser\\main.py"}, "function": "find_game", "level": {"icon": "🐞", "name": "DEBUG", "no": 10}, "line": 58, "message": "reading db", "module": "main", "name": "__main__", "process": {"id": 6520, "name": "MainProcess"}, "thread": {"id": 2320, "name": "MainThread"}, "time": {"repr": "2024-08-25 13:18:53.007105+05:00", "timestamp": 1724573933.007105}}}
{"text": "2024-08-25T13:18:53.028108+0500 DEBUG writing bet to db\n", "record": {"elapsed": {"repr": "0:00:09.169804", "seconds": 9.169804}, "exception": null, "extra": {}, "file": {"name": "main.py", "path": "C:\\Users\\melni\\PycharmProjects\\betboom_parser\\main.py"}, "function": "find_game", "level": {"icon": "🐞", "name": "DEBUG", "no": 10}, "line": 72, "message": "writing bet to db", "module": "main", "name": "__main__", "process": {"id": 6520, "name": "MainProcess"}, "thread": {"id": 2320, "name": "MainThread"}, "time": {"repr": "2024-08-25 13:18:53.028108+05:00", "timestamp": 1724573933.028108}}}
{"text": "2024-08-25T13:18:53.029109+0500 DEBUG finding coefficients\n", "record": {"elapsed": {"repr": "0:00:09.170805", "seconds": 9.170805}, "exception": null, "extra": {}, "file": {"name": "main.py", "path": "C:\\Users\\melni\\PycharmProjects\\betboom_parser\\main.py"}, "function": "get_bet", "level": {"icon": "🐞", "name": "DEBUG", "no": 10}, "line": 98, "message": "finding coefficients", "module": "main", "name": "__main__", "process": {"id": 6520, "name": "MainProcess"}, "thread": {"id": 2320, "name": "MainThread"}, "time": {"repr": "2024-08-25 13:18:53.029109+05:00", "timestamp": 1724573933.029109}}}
{"text": "2024-08-25T13:18:53.030150+0500 DEBUG reading db\n", "record": {"elapsed": {"repr": "0:00:09.171846", "seconds": 9.171846}, "exception": null, "extra": {}, "file": {"name": "main.py", "path": "C:\\Users\\melni\\PycharmProjects\\betboom_parser\\main.py"}, "function": "find_game", "level": {"icon": "🐞", "name": "DEBUG", "no": 10}, "line": 58, "message": "reading db", "module": "main", "name": "__main__", "process": {"id": 6520, "name": "MainProcess"}, "thread": {"id": 2320, "name": "MainThread"}, "time": {"repr": "2024-08-25 13:18:53.030150+05:00", "timestamp": 1724573933.03015}}}
{"text": "2024-08-25T13:18:53.533169+0500 INFO CS 2. BB Dacha (25.08 14:00)\nTeam Falcons - BETBOOM TEAM\n\nold odds: 2-я карта -> 1.76\nnew odds: 2-я карта -> 1.64\n", "record": {"elapsed": {"repr": "0:00:09.674865", "seconds": 9.674865}, "exception": null, "extra": {}, "file": {"name": "main.py", "path": "C:\\Users\\melni\\PycharmProjects\\betboom_parser\\main.py"}, "function": "get_alter_message", "level": {"icon": "ℹ️", "name": "INFO", "no": 20}, "line": 48, "message": "CS 2. BB Dacha (25.08 14:00)\nTeam Falcons - BETBOOM TEAM\n\nold odds: 2-я карта -> 1.76\nnew odds: 2-я карта -> 1.64", "module": "main", "name": "__main__", "process": {"id": 6520, "name": "MainProcess"}, "thread": {"id": 2320, "name": "MainThread"}, "time": {"repr": "2024-08-25 13:18:53.533169+05:00", "timestamp": 1724573933.533169}}}
{"text": "2024-08-25T13:18:53.534162+0500 INFO message sent\n", "record": {"elapsed": {"repr": "0:00:09.675858", "seconds": 9.675858}, "exception": null, "extra": {}, "file": {"name": "main.py", "path": "C:\\Users\\melni\\PycharmProjects\\betboom_parser\\main.py"}, "function": "get_alter_message", "level": {"icon": "ℹ️", "name": "INFO", "no": 20}, "line": 49, "message": "message sent", "module": "main", "name": "__main__", "process": {"id": 6520, "name": "MainProcess"}, "thread": {"id": 2320, "name": "MainThread"}, "time": {"repr": "2024-08-25 13:18:53.534162+05:00", "timestamp": 1724573933.534162}}}
{"text": "2024-08-25T13:18:53.535174+0500 DEBUG writing bet to db\n", "record": {"elapsed": {"repr": "0:00:09.676870", "seconds": 9.67687}, "exception": null, "extra": {}, "file": {"name": "main.py", "path": "C:\\Users\\melni\\PycharmProjects\\betboom_parser\\main.py"}, "function": "find_game", "level": {"icon": "🐞", "name": "DEBUG", "no": 10}, "line": 72, "message": "writing bet to db", "module": "main", "name": "__main__", "process": {"id": 6520, "name": "MainProcess"}, "thread": {"id": 2320, "name": "MainThread"}, "time": {"repr": "2024-08-25 13:18:53.535174+05:00", "timestamp": 1724573933.535174}}}
{"text": "2024-08-25T13:18:53.536177+0500 DEBUG finding coefficients\n", "record": {"elapsed": {"repr": "0:00:09.677873", "seconds": 9.677873}, "exception": null, "extra": {}, "file": {"name": "main.py", "path": "C:\\Users\\melni\\PycharmProjects\\betboom_parser\\main.py"}, "function": "get_bet", "level": {"icon": "🐞", "name": "DEBUG", "no": 10}, "line": 98, "message": "finding coefficients", "module": "main", "name": "__main__", "process": {"id": 6520, "name": "MainProcess"}, "thread": {"id": 2320, "name": "MainThread"}, "time": {"repr": "2024-08-25 13:18:53.536177+05:00", "timestamp": 1724573933.536177}}}
{"text": "2024-08-25T13:18:53.536177+0500 DEBUG getting info about match...\n", "record": {"elapsed": {"repr": "0:00:09.677873", "seconds": 9.677873}, "exception": null, "extra": {}, "file": {"name": "main.py", "path": "C:\\Users\\melni\\PycharmProjects\\betboom_parser\\main.py"}, "function": "get_match", "level": {"icon": "🐞", "name": "DEBUG", "no": 10}, "line": 123, "message": "getting info about match...", "module": "main", "name": "__main__", "process": {"id": 6520, "name": "MainProcess"}, "thread": {"id": 2320, "name": "MainThread"}, "time": {"repr": "2024-08-25 13:18:53.536177+05:00", "timestamp": 1724573933.536177}}}
{"text": "2024-08-25T13:18:53.741892+0500 DEBUG reading db\n", "record": {"elapsed": {"repr": "0:00:09.883588", "seconds": 9.883588}, "exception": null, "extra": {}, "file": {"name": "main.py", "path": "C:\\Users\\melni\\PycharmProjects\\betboom_parser\\main.py"}, "function": "find_game", "level": {"icon": "🐞", "name": "DEBUG", "no": 10}, "line": 58, "message": "reading db", "module": "main", "name": "__main__", "process": {"id": 6520, "name": "MainProcess"}, "thread": {"id": 2320, "name": "MainThread"}, "time": {"repr": "2024-08-25 13:18:53.741892+05:00", "timestamp": 1724573933.741892}}}
{"text": "2024-08-25T13:18:53.743896+0500 DEBUG writing bet to db\n", "record": {"elapsed": {"repr": "0:00:09.885592", "seconds": 9.885592}, "exception": null, "extra": {}, "file": {"name": "main.py", "path": "C:\\Users\\melni\\PycharmProjects\\betboom_parser\\main.py"}, "function": "find_game", "level": {"icon": "🐞", "name": "DEBUG", "no": 10}, "line": 72, "message": "writing bet to db", "module": "main", "name": "__main__", "process": {"id": 6520, "name": "MainProcess"}, "thread": {"id": 2320, "name": "MainThread"}, "time": {"repr": "2024-08-25 13:18:53.743896+05:00", "timestamp": 1724573933.743896}}}
{"text": "2024-08-25T13:18:53.743896+0500 DEBUG finding coefficients\n", "record": {"elapsed": {"repr": "0:00:09.885592", "seconds": 9.885592}, "exception": null, "extra": {}, "file": {"name": "main.py", "path": "C:\\Users\\melni\\PycharmProjects\\betboom_parser\\main.py"}, "function": "get_bet", "level": {"icon": "🐞", "name": "DEBUG", "no": 10}, "line": 98, "message": "finding coefficients", "module": "main", "name": "__main__", "process": {"id": 6520, "name": "MainProcess"}, "thread": {"id": 2320, "name": "MainThread"}, "time": {"repr": "2024-08-25 13:18:53.743896+05:00", "timestamp": 1724573933.743896}}}
{"text": "2024-08-25T13:18:53.745903+0500 DEBUG reading db\n", "record": {"elapsed": {"repr": "0:00:09.887599", "seconds": 9.887599}, "exception": null, "extra": {}, "file": {"name": "main.py", "path": "C:\\Users\\melni\\PycharmProjects\\betboom_parser\\main.py"}, "function": "find_game", "level": {"icon": "🐞", "name": "DEBUG", "no": 10}, "line": 58, "message": "reading db", "module": "main", "name": "__main__", "process": {"id": 6520, "name": "MainProcess"}, "thread": {"id": 2320, "name": "MainThread"}, "time": {"repr": "2024-08-25 13:18:53.745903+05:00", "timestamp": 1724573933.745903}}}
{"text": "2024-08-25T13:18:53.748913+0500 DEBUG writing bet to db\n", "record": {"elapsed": {"repr": "0:00:09.890609", "seconds": 9.890609}, "exception": null, "extra": {}, "file": {"name": "main.py", "path": "C:\\Users\\melni\\PycharmProjects\\betboom_parser\\main.py"}, "function": "find_game", "level": {"icon": "🐞", "name": "DEBUG", "no": 10}, "line": 72, "message": "writing bet to db", "module": "main", "name": "__main__", "process": {"id": 6520, "name": "MainProcess"}, "thread": {"id": 2320, "name": "MainThread"}, "time": {"repr": "2024-08-25 13:18:53.748913+05:00", "timestamp": 1724573933.748913}}}
{"text": "2024-08-25T13:18:53.748913+0500 DEBUG finding coefficients\n", "record": {"elapsed": {"repr": "0:00:09.890609", "seconds": 9.890609}, "exception": null, "extra": {}, "file": {"name": "main.py", "path": "C:\\Users\\melni\\PycharmProjects\\betboom_parser\\main.py"}, "function": "get_bet", "level": {"icon": "🐞", "name": "DEBUG", "no": 10}, "line": 98, "message": "finding coefficients", "module": "main", "name": "__main__", "process": {"id": 6520, "name": "MainProcess"}, "thread": {"id": 2320, "name": "MainThread"}, "time": {"repr": "2024-08-25 13:18:53.748913+05:00", "timestamp": 1724573933.748913}}}
{"text": "2024-08-25T13:18:53.749912+0500 DEBUG reading db\n", "record": {"elapsed": {"repr": "0:00:09.891608", "seconds": 9.891608}, "exception": null, "extra": {}, "file": {"name": "main.py", "path": "C:\\Users\\melni\\PycharmProjects\\betboom_parser\\main.py"}, "function": "find_game", "level": {"icon": "🐞", "name": "DEBUG", "no": 10}, "line": 58, "message": "reading db", "module": "main", "name": "__main__", "process": {"id": 6520, "name": "MainProcess"}, "thread": {"id": 2320, "name": "MainThread"}, "time": {"repr": "2024-08-25 13:18:53.749912+05:00", "timestamp": 1724573933.749912}}}
{"text": "2024-08-25T13:18:53.752918+0500 DEBUG writing bet to db\n", "record": {"elapsed": {"repr": "0:00:09.894614", "seconds": 9.894614}, "exception": null, "extra": {}, "file": {"name": "main.py", "path": "C:\\Users\\melni\\PycharmProjects\\betboom_parser\\main.py"}, "function": "find_game", "level": {"icon": "🐞", "name": "DEBUG", "no": 10}, "line": 72, "message": "writing bet to db", "module": "main", "name": "__main__", "process": {"id": 6520, "name": "MainProcess"}, "thread": {"id": 2320, "name": "MainThread"}, "time": {"repr": "2024-08-25 13:18:53.752918+05:00", "timestamp": 1724573933.752918}}}
{"text": "2024-08-25T13:18:53.754893+0500 DEBUG finding coefficients\n", "record": {"elapsed": {"repr": "0:00:09.896589", "seconds": 9.896589}, "exception": null, "extra": {}, "file": {"name": "main.py", "path": "C:\\Users\\melni\\PycharmProjects\\betboom_parser\\main.py"}, "function": "get_bet", "level": {"icon": "🐞", "name": "DEBUG", "no": 10}, "line": 98, "message": "finding coefficients", "module": "main", "name": "__main__", "process": {"id": 6520, "name": "MainProcess"}, "thread": {"id": 2320, "name": "MainThread"}, "time": {"repr": "2024-08-25 13:18:53.754893+05:00", "timestamp": 1724573933.754893}}}
{"text": "2024-08-25T13:18:53.756915+0500 DEBUG getting info about match...\n", "record": {"elapsed": {"repr": "0:00:09.898611", "seconds": 9.898611}, "exception": null, "extra": {}, "file": {"name": "main.py", "path": "C:\\Users\\melni\\PycharmProjects\\betboom_parser\\main.py"}, "function": "get_match", "level": {"icon": "🐞", "name": "DEBUG", "no": 10}, "line": 123, "message": "getting info about match...", "module": "main", "name": "__main__", "process": {"id": 6520, "name": "MainProcess"}, "thread": {"id": 2320, "name": "MainThread"}, "time": {"repr": "2024-08-25 13:18:53.756915+05:00", "timestamp": 1724573933.756915}}}
{"text": "2024-08-25T13:18:53.978515+0500 DEBUG reading db\n", "record": {"elapsed": {"repr": "0:00:10.120211", "seconds": 10.120211}, "exception": null, "extra": {}, "file": {"name": "main.py", "path": "C:\\Users\\melni\\PycharmProjects\\betboom_parser\\main.py"}, "function": "find_game", "level": {"icon": "🐞", "name": "DEBUG", "no": 10}, "line": 58, "message": "reading db", "module": "main", "name": "__main__", "process": {"id": 6520, "name": "MainProcess"}, "thread": {"id": 2320, "name": "MainThread"}, "time": {"repr": "2024-08-25 13:18:53.978515+05:00", "timestamp": 1724573933.978515}}}
{"text": "2024-08-25T13:18:53.980558+0500 DEBUG writing bet to db\n", "record": {"elapsed": {"repr": "0:00:10.122254", "seconds": 10.122254}, "exception": null, "extra": {}, "file": {"name": "main.py", "path": "C:\\Users\\melni\\PycharmProjects\\betboom_parser\\main.py"}, "function": "find_game", "level": {"icon": "🐞", "name": "DEBUG", "no": 10}, "line": 72, "message": "writing bet to db", "module": "main", "name": "__main__", "process": {"id": 6520, "name": "MainProcess"}, "thread": {"id": 2320, "name": "MainThread"}, "time": {"repr": "2024-08-25 13:18:53.980558+05:00", "timestamp": 1724573933.980558}}}
{"text": "2024-08-25T13:18:53.981544+0500 DEBUG finding coefficients\n", "record": {"elapsed": {"repr": "0:00:10.123240", "seconds": 10.12324}, "exception": null, "extra": {}, "file": {"name": "main.py", "path": "C:\\Users\\melni\\PycharmProjects\\betboom_parser\\main.py"}, "function": "get_bet", "level": {"icon": "🐞", "name": "DEBUG", "no": 10}, "line": 98, "message": "finding coefficients", "module": "main", "name": "__main__", "process": {"id": 6520, "name": "MainProcess"}, "thread": {"id": 2320, "name": "MainThread"}, "time": {"repr": "2024-08-25 13:18:53.981544+05:00", "timestamp": 1724573933.981544}}}
{"text": "2024-08-25T13:18:53.982558+0500 DEBUG reading db\n", "record": {"elapsed": {"repr": "0:00:10.124254", "seconds": 10.124254}, "exception": null, "extra": {}, "file": {"name": "main.py", "path": "C:\\Users\\melni\\PycharmProjects\\betboom_parser\\main.py"}, "function": "find_game", "level": {"icon": "🐞", "name": "DEBUG", "no": 10}, "line": 58, "message": "reading db", "module": "main", "name": "__main__", "process": {"id": 6520, "name": "MainProcess"}, "thread": {"id": 2320, "name": "MainThread"}, "time": {"repr": "2024-08-25 13:18:53.982558+05:00", "timestamp": 1724573933.982558}}}
{"text": "2024-08-25T13:18:53.985545+0500 DEBUG writing bet to db\n", "record": {"elapsed": {"repr": "0:00:10.127241", "seconds": 10.127241}, "exception": null, "extra": {}, "file": {"name": "main.py", "path": "C:\\Users\\melni\\PycharmProjects\\betboom_parser\\main.py"}, "function": "find_game", "level": {"icon": "🐞", "name": "DEBUG", "no": 10}, "line": 72, "message": "writing bet to db", "module": "main", "name": "__main__", "process": {"id": 6520, "name": "MainProcess"}, "thread": {"id": 2320, "name": "MainThread"}, "time": {"repr": "2024-08-25 13:18:53.985545+05:00", "timestamp": 1724573933.985545}}}
{"text": "2024-08-25T13:18:53.988558+0500 DEBUG finding coefficients\n", "record": {"elapsed": {"repr": "0:00:10.130254", "seconds": 10.130254}, "exception": null, "extra": {}, "file": {"name": "main.py", "path": "C:\\Users\\melni\\PycharmProjects\\betboom_parser\\main.py"}, "function": "get_bet", "level": {"icon": "🐞", "name": "DEBUG", "no": 10}, "line": 98, "message": "finding coefficients", "module": "main", "name": "__main__", "process": {"id": 6520, "name": "MainProcess"}, "thread": {"id": 2320, "name": "MainThread"}, "time": {"repr": "2024-08-25 13:18:53.988558+05:00", "timestamp": 1724573933.988558}}}
{"text": "2024-08-25T13:18:53.989554+0500 DEBUG reading db\n", "record": {"elapsed": {"repr": "0:00:10.131250", "seconds": 10.13125}, "exception": null, "extra": {}, "file": {"name": "main.py", "path": "C:\\Users\\melni\\PycharmProjects\\betboom_parser\\main.py"}, "function": "find_game", "level": {"icon": "🐞", "name": "DEBUG", "no": 10}, "line": 58, "message": "reading db", "module": "main", "name": "__main__", "process": {"id": 6520, "name": "MainProcess"}, "thread": {"id": 2320, "name": "MainThread"}, "time": {"repr": "2024-08-25 13:18:53.989554+05:00", "timestamp": 1724573933.989554}}}
{"text": "2024-08-25T13:18:53.991547+0500 DEBUG writing bet to db\n", "record": {"elapsed": {"repr": "0:00:10.133243", "seconds": 10.133243}, "exception": null, "extra": {}, "file": {"name": "main.py", "path": "C:\\Users\\melni\\PycharmProjects\\betboom_parser\\main.py"}, "function": "find_game", "level": {"icon": "🐞", "name": "DEBUG", "no": 10}, "line": 72, "message": "writing bet to db", "module": "main", "name": "__main__", "process": {"id": 6520, "name": "MainProcess"}, "thread": {"id": 2320, "name": "MainThread"}, "time": {"repr": "2024-08-25 13:18:53.991547+05:00", "timestamp": 1724573933.991547}}}
{"text": "2024-08-25T13:18:53.992553+0500 DEBUG finding coefficients\n", "record": {"elapsed": {"repr": "0:00:10.134249", "seconds": 10.134249}, "exception": null, "extra": {}, "file": {"name": "main.py", "path": "C:\\Users\\melni\\PycharmProjects\\betboom_parser\\main.py"}, "function": "get_bet", "level": {"icon": "🐞", "name": "DEBUG", "no": 10}, "line": 98, "message": "finding coefficients", "module": "main", "name": "__main__", "process": {"id": 6520, "name": "MainProcess"}, "thread": {"id": 2320, "name": "MainThread"}, "time": {"repr": "2024-08-25 13:18:53.992553+05:00", "timestamp": 1724573933.992553}}}
{"text": "2024-08-25T13:18:53.993546+0500 DEBUG getting info about match...\n", "record": {"elapsed": {"repr": "0:00:10.135242", "seconds": 10.135242}, "exception": null, "extra": {}, "file": {"name": "main.py", "path": "C:\\Users\\melni\\PycharmProjects\\betboom_parser\\main.py"}, "function": "get_match", "level": {"icon": "🐞", "name": "DEBUG", "no": 10}, "line": 123, "message": "getting info about match...", "module": "main", "name": "__main__", "process": {"id": 6520, "name": "MainProcess"}, "thread": {"id": 2320, "name": "MainThread"}, "time": {"repr": "2024-08-25 13:18:53.993546+05:00", "timestamp": 1724573933.993546}}}
{"text": "2024-08-25T13:18:54.244090+0500 DEBUG reading db\n", "record": {"elapsed": {"repr": "0:00:10.385786", "seconds": 10.385786}, "exception": null, "extra": {}, "file": {"name": "main.py", "path": "C:\\Users\\melni\\PycharmProjects\\betboom_parser\\main.py"}, "function": "find_game", "level": {"icon": "🐞", "name": "DEBUG", "no": 10}, "line": 58, "message": "reading db", "module": "main", "name": "__main__", "process": {"id": 6520, "name": "MainProcess"}, "thread": {"id": 2320, "name": "MainThread"}, "time": {"repr": "2024-08-25 13:18:54.244090+05:00", "timestamp": 1724573934.24409}}}
{"text": "2024-08-25T13:18:54.636856+0500 INFO CS 2. BB Dacha (25.08 17:30)\n9z - paiN\n\n1-я карта -> 1.84 & 1.98\n", "record": {"elapsed": {"repr": "0:00:10.778552", "seconds": 10.778552}, "exception": null, "extra": {}, "file": {"name": "main.py", "path": "C:\\Users\\melni\\PycharmProjects\\betboom_parser\\main.py"}, "function": "get_message", "level": {"icon": "ℹ️", "name": "INFO", "no": 20}, "line": 31, "message": "CS 2. BB Dacha (25.08 17:30)\n9z - paiN\n\n1-я карта -> 1.84 & 1.98", "module": "main", "name": "__main__", "process": {"id": 6520, "name": "MainProcess"}, "thread": {"id": 2320, "name": "MainThread"}, "time": {"repr": "2024-08-25 13:18:54.636856+05:00", "timestamp": 1724573934.636856}}}
{"text": "2024-08-25T13:18:54.637850+0500 INFO message sent\n", "record": {"elapsed": {"repr": "0:00:10.779546", "seconds": 10.779546}, "exception": null, "extra": {}, "file": {"name": "main.py", "path": "C:\\Users\\melni\\PycharmProjects\\betboom_parser\\main.py"}, "function": "get_message", "level": {"icon": "ℹ️", "name": "INFO", "no": 20}, "line": 32, "message": "message sent", "module": "main", "name": "__main__", "process": {"id": 6520, "name": "MainProcess"}, "thread": {"id": 2320, "name": "MainThread"}, "time": {"repr": "2024-08-25 13:18:54.637850+05:00", "timestamp": 1724573934.63785}}}
{"text": "2024-08-25T13:18:54.638848+0500 DEBUG writing bet to db\n", "record": {"elapsed": {"repr": "0:00:10.780544", "seconds": 10.780544}, "exception": null, "extra": {}, "file": {"name": "main.py", "path": "C:\\Users\\melni\\PycharmProjects\\betboom_parser\\main.py"}, "function": "find_game", "level": {"icon": "🐞", "name": "DEBUG", "no": 10}, "line": 72, "message": "writing bet to db", "module": "main", "name": "__main__", "process": {"id": 6520, "name": "MainProcess"}, "thread": {"id": 2320, "name": "MainThread"}, "time": {"repr": "2024-08-25 13:18:54.638848+05:00", "timestamp": 1724573934.638848}}}
{"text": "2024-08-25T13:18:54.639863+0500 DEBUG finding coefficients\n", "record": {"elapsed": {"repr": "0:00:10.781559", "seconds": 10.781559}, "exception": null, "extra": {}, "file": {"name": "main.py", "path": "C:\\Users\\melni\\PycharmProjects\\betboom_parser\\main.py"}, "function": "get_bet", "level": {"icon": "🐞", "name": "DEBUG", "no": 10}, "line": 98, "message": "finding coefficients", "module": "main", "name": "__main__", "process": {"id": 6520, "name": "MainProcess"}, "thread": {"id": 2320, "name": "MainThread"}, "time": {"repr": "2024-08-25 13:18:54.639863+05:00", "timestamp": 1724573934.639863}}}
{"text": "2024-08-25T13:18:54.640865+0500 DEBUG reading db\n", "record": {"elapsed": {"repr": "0:00:10.782561", "seconds": 10.782561}, "exception": null, "extra": {}, "file": {"name": "main.py", "path": "C:\\Users\\melni\\PycharmProjects\\betboom_parser\\main.py"}, "function": "find_game", "level": {"icon": "🐞", "name": "DEBUG", "no": 10}, "line": 58, "message": "reading db", "module": "main", "name": "__main__", "process": {"id": 6520, "name": "MainProcess"}, "thread": {"id": 2320, "name": "MainThread"}, "time": {"repr": "2024-08-25 13:18:54.640865+05:00", "timestamp": 1724573934.640865}}}
{"text": "2024-08-25T13:18:55.021207+0500 INFO CS 2. BB Dacha (25.08 17:30)\n9z - paiN\n\nold odds: 2-я карта -> 1.84\nnew odds: 2-я карта -> 1.85\n", "record": {"elapsed": {"repr": "0:00:11.162903", "seconds": 11.162903}, "exception": null, "extra": {}, "file": {"name": "main.py", "path": "C:\\Users\\melni\\PycharmProjects\\betboom_parser\\main.py"}, "function": "get_alter_message", "level": {"icon": "ℹ️", "name": "INFO", "no": 20}, "line": 48, "message": "CS 2. BB Dacha (25.08 17:30)\n9z - paiN\n\nold odds: 2-я карта -> 1.84\nnew odds: 2-я карта -> 1.85", "module": "main", "name": "__main__", "process": {"id": 6520, "name": "MainProcess"}, "thread": {"id": 2320, "name": "MainThread"}, "time": {"repr": "2024-08-25 13:18:55.021207+05:00", "timestamp": 1724573935.021207}}}
