{"text": "2024-08-29T02:59:03.731724+0500 CRITICAL 'NoneType' object has no attribute 'split'\n", "record": {"elapsed": {"repr": "0:00:10.433315", "seconds": 10.433315}, "exception": null, "extra": {}, "file": {"name": "main.py", "path": "C:\\Users\\melni\\PycharmProjects\\1xbet_parser\\main.py"}, "function": "get_league", "level": {"icon": "☠️", "name": "CRITICAL", "no": 50}, "line": 156, "message": "'NoneType' object has no attribute 'split'", "module": "main", "name": "__main__", "process": {"id": 9752, "name": "MainProcess"}, "thread": {"id": 7160, "name": "MainThread"}, "time": {"repr": "2024-08-29 02:59:03.731724+05:00", "timestamp": 1724882343.731724}}}
{"text": "2024-08-29T02:59:03.878852+0500 CRITICAL url doesnt written\n", "record": {"elapsed": {"repr": "0:00:10.580443", "seconds": 10.580443}, "exception": null, "extra": {}, "file": {"name": "main.py", "path": "C:\\Users\\melni\\PycharmProjects\\1xbet_parser\\main.py"}, "function": "get_league", "level": {"icon": "☠️", "name": "CRITICAL", "no": 50}, "line": 155, "message": "url doesnt written", "module": "main", "name": "__main__", "process": {"id": 9752, "name": "MainProcess"}, "thread": {"id": 7160, "name": "MainThread"}, "time": {"repr": "2024-08-29 02:59:03.878852+05:00", "timestamp": 1724882343.878852}}}
{"text": "2024-08-29T02:59:03.885858+0500 CRITICAL 'NoneType' object has no attribute 'split'\n", "record": {"elapsed": {"repr": "0:00:10.587449", "seconds": 10.587449}, "exception": null, "extra": {}, "file": {"name": "main.py", "path": "C:\\Users\\melni\\PycharmProjects\\1xbet_parser\\main.py"}, "function": "get_league", "level": {"icon": "☠️", "name": "CRITICAL", "no": 50}, "line": 156, "message": "'NoneType' object has no attribute 'split'", "module": "main", "name": "__main__", "process": {"id": 9752, "name": "MainProcess"}, "thread": {"id": 7160, "name": "MainThread"}, "time": {"repr": "2024-08-29 02:59:03.885858+05:00", "timestamp": 1724882343.885858}}}
{"text": "2024-08-29T02:59:03.886859+0500 CRITICAL url doesnt written\n", "record": {"elapsed": {"repr": "0:00:10.588450", "seconds": 10.58845}, "exception": null, "extra": {}, "file": {"name": "main.py", "path": "C:\\Users\\melni\\PycharmProjects\\1xbet_parser\\main.py"}, "function": "get_league", "level": {"icon": "☠️", "name": "CRITICAL", "no": 50}, "line": 155, "message": "url doesnt written", "module": "main", "name": "__main__", "process": {"id": 9752, "name": "MainProcess"}, "thread": {"id": 7160, "name": "MainThread"}, "time": {"repr": "2024-08-29 02:59:03.886859+05:00", "timestamp": 1724882343.886859}}}
{"text": "2024-08-29T02:59:03.887859+0500 CRITICAL 'NoneType' object has no attribute 'split'\n", "record": {"elapsed": {"repr": "0:00:10.589450", "seconds": 10.58945}, "exception": null, "extra": {}, "file": {"name": "main.py", "path": "C:\\Users\\melni\\PycharmProjects\\1xbet_parser\\main.py"}, "function": "get_league", "level": {"icon": "☠️", "name": "CRITICAL", "no": 50}, "line": 156, "message": "'NoneType' object has no attribute 'split'", "module": "main", "name": "__main__", "process": {"id": 9752, "name": "MainProcess"}, "thread": {"id": 7160, "name": "MainThread"}, "time": {"repr": "2024-08-29 02:59:03.887859+05:00", "timestamp": 1724882343.887859}}}
{"text": "2024-08-29T02:59:03.888860+0500 CRITICAL url doesnt written\n", "record": {"elapsed": {"repr": "0:00:10.590451", "seconds": 10.590451}, "exception": null, "extra": {}, "file": {"name": "main.py", "path": "C:\\Users\\melni\\PycharmProjects\\1xbet_parser\\main.py"}, "function": "get_league", "level": {"icon": "☠️", "name": "CRITICAL", "no": 50}, "line": 155, "message": "url doesnt written", "module": "main", "name": "__main__", "process": {"id": 9752, "name": "MainProcess"}, "thread": {"id": 7160, "name": "MainThread"}, "time": {"repr": "2024-08-29 02:59:03.888860+05:00", "timestamp": 1724882343.88886}}}
{"text": "2024-08-29T02:59:03.888860+0500 CRITICAL 'NoneType' object has no attribute 'split'\n", "record": {"elapsed": {"repr": "0:00:10.590451", "seconds": 10.590451}, "exception": null, "extra": {}, "file": {"name": "main.py", "path": "C:\\Users\\melni\\PycharmProjects\\1xbet_parser\\main.py"}, "function": "get_league", "level": {"icon": "☠️", "name": "CRITICAL", "no": 50}, "line": 156, "message": "'NoneType' object has no attribute 'split'", "module": "main", "name": "__main__", "process": {"id": 9752, "name": "MainProcess"}, "thread": {"id": 7160, "name": "MainThread"}, "time": {"repr": "2024-08-29 02:59:03.888860+05:00", "timestamp": 1724882343.88886}}}
{"text": "2024-08-29T02:59:03.889861+0500 CRITICAL url doesnt written\n", "record": {"elapsed": {"repr": "0:00:10.591452", "seconds": 10.591452}, "exception": null, "extra": {}, "file": {"name": "main.py", "path": "C:\\Users\\melni\\PycharmProjects\\1xbet_parser\\main.py"}, "function": "get_league", "level": {"icon": "☠️", "name": "CRITICAL", "no": 50}, "line": 155, "message": "url doesnt written", "module": "main", "name": "__main__", "process": {"id": 9752, "name": "MainProcess"}, "thread": {"id": 7160, "name": "MainThread"}, "time": {"repr": "2024-08-29 02:59:03.889861+05:00", "timestamp": 1724882343.889861}}}
{"text": "2024-08-29T02:59:03.890860+0500 CRITICAL 'NoneType' object has no attribute 'split'\n", "record": {"elapsed": {"repr": "0:00:10.592451", "seconds": 10.592451}, "exception": null, "extra": {}, "file": {"name": "main.py", "path": "C:\\Users\\melni\\PycharmProjects\\1xbet_parser\\main.py"}, "function": "get_league", "level": {"icon": "☠️", "name": "CRITICAL", "no": 50}, "line": 156, "message": "'NoneType' object has no attribute 'split'", "module": "main", "name": "__main__", "process": {"id": 9752, "name": "MainProcess"}, "thread": {"id": 7160, "name": "MainThread"}, "time": {"repr": "2024-08-29 02:59:03.890860+05:00", "timestamp": 1724882343.89086}}}
{"text": "2024-08-29T02:59:03.891860+0500 CRITICAL url doesnt written\n", "record": {"elapsed": {"repr": "0:00:10.593451", "seconds": 10.593451}, "exception": null, "extra": {}, "file": {"name": "main.py", "path": "C:\\Users\\melni\\PycharmProjects\\1xbet_parser\\main.py"}, "function": "get_league", "level": {"icon": "☠️", "name": "CRITICAL", "no": 50}, "line": 155, "message": "url doesnt written", "module": "main", "name": "__main__", "process": {"id": 9752, "name": "MainProcess"}, "thread": {"id": 7160, "name": "MainThread"}, "time": {"repr": "2024-08-29 02:59:03.891860+05:00", "timestamp": 1724882343.89186}}}
{"text": "2024-08-29T02:59:03.891860+0500 CRITICAL 'NoneType' object has no attribute 'split'\n", "record": {"elapsed": {"repr": "0:00:10.593451", "seconds": 10.593451}, "exception": null, "extra": {}, "file": {"name": "main.py", "path": "C:\\Users\\melni\\PycharmProjects\\1xbet_parser\\main.py"}, "function": "get_league", "level": {"icon": "☠️", "name": "CRITICAL", "no": 50}, "line": 156, "message": "'NoneType' object has no attribute 'split'", "module": "main", "name": "__main__", "process": {"id": 9752, "name": "MainProcess"}, "thread": {"id": 7160, "name": "MainThread"}, "time": {"repr": "2024-08-29 02:59:03.891860+05:00", "timestamp": 1724882343.89186}}}
{"text": "2024-08-29T02:59:03.892861+0500 CRITICAL url doesnt written\n", "record": {"elapsed": {"repr": "0:00:10.594452", "seconds": 10.594452}, "exception": null, "extra": {}, "file": {"name": "main.py", "path": "C:\\Users\\melni\\PycharmProjects\\1xbet_parser\\main.py"}, "function": "get_league", "level": {"icon": "☠️", "name": "CRITICAL", "no": 50}, "line": 155, "message": "url doesnt written", "module": "main", "name": "__main__", "process": {"id": 9752, "name": "MainProcess"}, "thread": {"id": 7160, "name": "MainThread"}, "time": {"repr": "2024-08-29 02:59:03.892861+05:00", "timestamp": 1724882343.892861}}}
{"text": "2024-08-29T02:59:03.893863+0500 CRITICAL 'NoneType' object has no attribute 'split'\n", "record": {"elapsed": {"repr": "0:00:10.595454", "seconds": 10.595454}, "exception": null, "extra": {}, "file": {"name": "main.py", "path": "C:\\Users\\melni\\PycharmProjects\\1xbet_parser\\main.py"}, "function": "get_league", "level": {"icon": "☠️", "name": "CRITICAL", "no": 50}, "line": 156, "message": "'NoneType' object has no attribute 'split'", "module": "main", "name": "__main__", "process": {"id": 9752, "name": "MainProcess"}, "thread": {"id": 7160, "name": "MainThread"}, "time": {"repr": "2024-08-29 02:59:03.893863+05:00", "timestamp": 1724882343.893863}}}
{"text": "2024-08-29T02:59:03.894861+0500 CRITICAL url doesnt written\n", "record": {"elapsed": {"repr": "0:00:10.596452", "seconds": 10.596452}, "exception": null, "extra": {}, "file": {"name": "main.py", "path": "C:\\Users\\melni\\PycharmProjects\\1xbet_parser\\main.py"}, "function": "get_league", "level": {"icon": "☠️", "name": "CRITICAL", "no": 50}, "line": 155, "message": "url doesnt written", "module": "main", "name": "__main__", "process": {"id": 9752, "name": "MainProcess"}, "thread": {"id": 7160, "name": "MainThread"}, "time": {"repr": "2024-08-29 02:59:03.894861+05:00", "timestamp": 1724882343.894861}}}
{"text": "2024-08-29T02:59:03.894861+0500 CRITICAL 'NoneType' object has no attribute 'split'\n", "record": {"elapsed": {"repr": "0:00:10.596452", "seconds": 10.596452}, "exception": null, "extra": {}, "file": {"name": "main.py", "path": "C:\\Users\\melni\\PycharmProjects\\1xbet_parser\\main.py"}, "function": "get_league", "level": {"icon": "☠️", "name": "CRITICAL", "no": 50}, "line": 156, "message": "'NoneType' object has no attribute 'split'", "module": "main", "name": "__main__", "process": {"id": 9752, "name": "MainProcess"}, "thread": {"id": 7160, "name": "MainThread"}, "time": {"repr": "2024-08-29 02:59:03.894861+05:00", "timestamp": 1724882343.894861}}}
{"text": "2024-08-29T02:59:03.897861+0500 CRITICAL url doesnt written\n", "record": {"elapsed": {"repr": "0:00:10.599452", "seconds": 10.599452}, "exception": null, "extra": {}, "file": {"name": "main.py", "path": "C:\\Users\\melni\\PycharmProjects\\1xbet_parser\\main.py"}, "function": "get_league", "level": {"icon": "☠️", "name": "CRITICAL", "no": 50}, "line": 155, "message": "url doesnt written", "module": "main", "name": "__main__", "process": {"id": 9752, "name": "MainProcess"}, "thread": {"id": 7160, "name": "MainThread"}, "time": {"repr": "2024-08-29 02:59:03.897861+05:00", "timestamp": 1724882343.897861}}}
{"text": "2024-08-29T02:59:03.898860+0500 CRITICAL 'NoneType' object has no attribute 'split'\n", "record": {"elapsed": {"repr": "0:00:10.600451", "seconds": 10.600451}, "exception": null, "extra": {}, "file": {"name": "main.py", "path": "C:\\Users\\melni\\PycharmProjects\\1xbet_parser\\main.py"}, "function": "get_league", "level": {"icon": "☠️", "name": "CRITICAL", "no": 50}, "line": 156, "message": "'NoneType' object has no attribute 'split'", "module": "main", "name": "__main__", "process": {"id": 9752, "name": "MainProcess"}, "thread": {"id": 7160, "name": "MainThread"}, "time": {"repr": "2024-08-29 02:59:03.898860+05:00", "timestamp": 1724882343.89886}}}
{"text": "2024-08-29T02:59:03.899860+0500 CRITICAL url doesnt written\n", "record": {"elapsed": {"repr": "0:00:10.601451", "seconds": 10.601451}, "exception": null, "extra": {}, "file": {"name": "main.py", "path": "C:\\Users\\melni\\PycharmProjects\\1xbet_parser\\main.py"}, "function": "get_league", "level": {"icon": "☠️", "name": "CRITICAL", "no": 50}, "line": 155, "message": "url doesnt written", "module": "main", "name": "__main__", "process": {"id": 9752, "name": "MainProcess"}, "thread": {"id": 7160, "name": "MainThread"}, "time": {"repr": "2024-08-29 02:59:03.899860+05:00", "timestamp": 1724882343.89986}}}
{"text": "2024-08-29T02:59:03.899860+0500 CRITICAL 'NoneType' object has no attribute 'split'\n", "record": {"elapsed": {"repr": "0:00:10.601451", "seconds": 10.601451}, "exception": null, "extra": {}, "file": {"name": "main.py", "path": "C:\\Users\\melni\\PycharmProjects\\1xbet_parser\\main.py"}, "function": "get_league", "level": {"icon": "☠️", "name": "CRITICAL", "no": 50}, "line": 156, "message": "'NoneType' object has no attribute 'split'", "module": "main", "name": "__main__", "process": {"id": 9752, "name": "MainProcess"}, "thread": {"id": 7160, "name": "MainThread"}, "time": {"repr": "2024-08-29 02:59:03.899860+05:00", "timestamp": 1724882343.89986}}}
{"text": "2024-08-29T02:59:03.900862+0500 CRITICAL url doesnt written\n", "record": {"elapsed": {"repr": "0:00:10.602453", "seconds": 10.602453}, "exception": null, "extra": {}, "file": {"name": "main.py", "path": "C:\\Users\\melni\\PycharmProjects\\1xbet_parser\\main.py"}, "function": "get_league", "level": {"icon": "☠️", "name": "CRITICAL", "no": 50}, "line": 155, "message": "url doesnt written", "module": "main", "name": "__main__", "process": {"id": 9752, "name": "MainProcess"}, "thread": {"id": 7160, "name": "MainThread"}, "time": {"repr": "2024-08-29 02:59:03.900862+05:00", "timestamp": 1724882343.900862}}}
{"text": "2024-08-29T02:59:03.901861+0500 CRITICAL 'NoneType' object has no attribute 'split'\n", "record": {"elapsed": {"repr": "0:00:10.603452", "seconds": 10.603452}, "exception": null, "extra": {}, "file": {"name": "main.py", "path": "C:\\Users\\melni\\PycharmProjects\\1xbet_parser\\main.py"}, "function": "get_league", "level": {"icon": "☠️", "name": "CRITICAL", "no": 50}, "line": 156, "message": "'NoneType' object has no attribute 'split'", "module": "main", "name": "__main__", "process": {"id": 9752, "name": "MainProcess"}, "thread": {"id": 7160, "name": "MainThread"}, "time": {"repr": "2024-08-29 02:59:03.901861+05:00", "timestamp": 1724882343.901861}}}
{"text": "2024-08-29T02:59:03.902864+0500 CRITICAL url doesnt written\n", "record": {"elapsed": {"repr": "0:00:10.604455", "seconds": 10.604455}, "exception": null, "extra": {}, "file": {"name": "main.py", "path": "C:\\Users\\melni\\PycharmProjects\\1xbet_parser\\main.py"}, "function": "get_league", "level": {"icon": "☠️", "name": "CRITICAL", "no": 50}, "line": 155, "message": "url doesnt written", "module": "main", "name": "__main__", "process": {"id": 9752, "name": "MainProcess"}, "thread": {"id": 7160, "name": "MainThread"}, "time": {"repr": "2024-08-29 02:59:03.902864+05:00", "timestamp": 1724882343.902864}}}
{"text": "2024-08-29T02:59:03.903862+0500 CRITICAL 'NoneType' object has no attribute 'split'\n", "record": {"elapsed": {"repr": "0:00:10.605453", "seconds": 10.605453}, "exception": null, "extra": {}, "file": {"name": "main.py", "path": "C:\\Users\\melni\\PycharmProjects\\1xbet_parser\\main.py"}, "function": "get_league", "level": {"icon": "☠️", "name": "CRITICAL", "no": 50}, "line": 156, "message": "'NoneType' object has no attribute 'split'", "module": "main", "name": "__main__", "process": {"id": 9752, "name": "MainProcess"}, "thread": {"id": 7160, "name": "MainThread"}, "time": {"repr": "2024-08-29 02:59:03.903862+05:00", "timestamp": 1724882343.903862}}}
{"text": "2024-08-29T02:59:03.903862+0500 CRITICAL url doesnt written\n", "record": {"elapsed": {"repr": "0:00:10.605453", "seconds": 10.605453}, "exception": null, "extra": {}, "file": {"name": "main.py", "path": "C:\\Users\\melni\\PycharmProjects\\1xbet_parser\\main.py"}, "function": "get_league", "level": {"icon": "☠️", "name": "CRITICAL", "no": 50}, "line": 155, "message": "url doesnt written", "module": "main", "name": "__main__", "process": {"id": 9752, "name": "MainProcess"}, "thread": {"id": 7160, "name": "MainThread"}, "time": {"repr": "2024-08-29 02:59:03.903862+05:00", "timestamp": 1724882343.903862}}}
{"text": "2024-08-29T02:59:03.904863+0500 CRITICAL 'NoneType' object has no attribute 'split'\n", "record": {"elapsed": {"repr": "0:00:10.606454", "seconds": 10.606454}, "exception": null, "extra": {}, "file": {"name": "main.py", "path": "C:\\Users\\melni\\PycharmProjects\\1xbet_parser\\main.py"}, "function": "get_league", "level": {"icon": "☠️", "name": "CRITICAL", "no": 50}, "line": 156, "message": "'NoneType' object has no attribute 'split'", "module": "main", "name": "__main__", "process": {"id": 9752, "name": "MainProcess"}, "thread": {"id": 7160, "name": "MainThread"}, "time": {"repr": "2024-08-29 02:59:03.904863+05:00", "timestamp": 1724882343.904863}}}
{"text": "2024-08-29T02:59:03.905859+0500 CRITICAL url doesnt written\n", "record": {"elapsed": {"repr": "0:00:10.607450", "seconds": 10.60745}, "exception": null, "extra": {}, "file": {"name": "main.py", "path": "C:\\Users\\melni\\PycharmProjects\\1xbet_parser\\main.py"}, "function": "get_league", "level": {"icon": "☠️", "name": "CRITICAL", "no": 50}, "line": 155, "message": "url doesnt written", "module": "main", "name": "__main__", "process": {"id": 9752, "name": "MainProcess"}, "thread": {"id": 7160, "name": "MainThread"}, "time": {"repr": "2024-08-29 02:59:03.905859+05:00", "timestamp": 1724882343.905859}}}
{"text": "2024-08-29T02:59:03.905859+0500 CRITICAL 'NoneType' object has no attribute 'split'\n", "record": {"elapsed": {"repr": "0:00:10.607450", "seconds": 10.60745}, "exception": null, "extra": {}, "file": {"name": "main.py", "path": "C:\\Users\\melni\\PycharmProjects\\1xbet_parser\\main.py"}, "function": "get_league", "level": {"icon": "☠️", "name": "CRITICAL", "no": 50}, "line": 156, "message": "'NoneType' object has no attribute 'split'", "module": "main", "name": "__main__", "process": {"id": 9752, "name": "MainProcess"}, "thread": {"id": 7160, "name": "MainThread"}, "time": {"repr": "2024-08-29 02:59:03.905859+05:00", "timestamp": 1724882343.905859}}}
{"text": "2024-08-29T02:59:03.906861+0500 CRITICAL url doesnt written\n", "record": {"elapsed": {"repr": "0:00:10.608452", "seconds": 10.608452}, "exception": null, "extra": {}, "file": {"name": "main.py", "path": "C:\\Users\\melni\\PycharmProjects\\1xbet_parser\\main.py"}, "function": "get_league", "level": {"icon": "☠️", "name": "CRITICAL", "no": 50}, "line": 155, "message": "url doesnt written", "module": "main", "name": "__main__", "process": {"id": 9752, "name": "MainProcess"}, "thread": {"id": 7160, "name": "MainThread"}, "time": {"repr": "2024-08-29 02:59:03.906861+05:00", "timestamp": 1724882343.906861}}}
{"text": "2024-08-29T02:59:03.993430+0500 CRITICAL 'NoneType' object has no attribute 'split'\n", "record": {"elapsed": {"repr": "0:00:10.695021", "seconds": 10.695021}, "exception": null, "extra": {}, "file": {"name": "main.py", "path": "C:\\Users\\melni\\PycharmProjects\\1xbet_parser\\main.py"}, "function": "get_league", "level": {"icon": "☠️", "name": "CRITICAL", "no": 50}, "line": 156, "message": "'NoneType' object has no attribute 'split'", "module": "main", "name": "__main__", "process": {"id": 9752, "name": "MainProcess"}, "thread": {"id": 7160, "name": "MainThread"}, "time": {"repr": "2024-08-29 02:59:03.993430+05:00", "timestamp": 1724882343.99343}}}
{"text": "2024-08-29T02:59:03.994430+0500 CRITICAL url doesnt written\n", "record": {"elapsed": {"repr": "0:00:10.696021", "seconds": 10.696021}, "exception": null, "extra": {}, "file": {"name": "main.py", "path": "C:\\Users\\melni\\PycharmProjects\\1xbet_parser\\main.py"}, "function": "get_league", "level": {"icon": "☠️", "name": "CRITICAL", "no": 50}, "line": 155, "message": "url doesnt written", "module": "main", "name": "__main__", "process": {"id": 9752, "name": "MainProcess"}, "thread": {"id": 7160, "name": "MainThread"}, "time": {"repr": "2024-08-29 02:59:03.994430+05:00", "timestamp": 1724882343.99443}}}
{"text": "2024-08-29T02:59:03.994430+0500 CRITICAL 'NoneType' object has no attribute 'split'\n", "record": {"elapsed": {"repr": "0:00:10.696021", "seconds": 10.696021}, "exception": null, "extra": {}, "file": {"name": "main.py", "path": "C:\\Users\\melni\\PycharmProjects\\1xbet_parser\\main.py"}, "function": "get_league", "level": {"icon": "☠️", "name": "CRITICAL", "no": 50}, "line": 156, "message": "'NoneType' object has no attribute 'split'", "module": "main", "name": "__main__", "process": {"id": 9752, "name": "MainProcess"}, "thread": {"id": 7160, "name": "MainThread"}, "time": {"repr": "2024-08-29 02:59:03.994430+05:00", "timestamp": 1724882343.99443}}}
{"text": "2024-08-29T02:59:03.995432+0500 CRITICAL url doesnt written\n", "record": {"elapsed": {"repr": "0:00:10.697023", "seconds": 10.697023}, "exception": null, "extra": {}, "file": {"name": "main.py", "path": "C:\\Users\\melni\\PycharmProjects\\1xbet_parser\\main.py"}, "function": "get_league", "level": {"icon": "☠️", "name": "CRITICAL", "no": 50}, "line": 155, "message": "url doesnt written", "module": "main", "name": "__main__", "process": {"id": 9752, "name": "MainProcess"}, "thread": {"id": 7160, "name": "MainThread"}, "time": {"repr": "2024-08-29 02:59:03.995432+05:00", "timestamp": 1724882343.995432}}}
{"text": "2024-08-29T02:59:03.996429+0500 CRITICAL 'NoneType' object has no attribute 'split'\n", "record": {"elapsed": {"repr": "0:00:10.698020", "seconds": 10.69802}, "exception": null, "extra": {}, "file": {"name": "main.py", "path": "C:\\Users\\melni\\PycharmProjects\\1xbet_parser\\main.py"}, "function": "get_league", "level": {"icon": "☠️", "name": "CRITICAL", "no": 50}, "line": 156, "message": "'NoneType' object has no attribute 'split'", "module": "main", "name": "__main__", "process": {"id": 9752, "name": "MainProcess"}, "thread": {"id": 7160, "name": "MainThread"}, "time": {"repr": "2024-08-29 02:59:03.996429+05:00", "timestamp": 1724882343.996429}}}
{"text": "2024-08-29T02:59:03.998431+0500 CRITICAL url doesnt written\n", "record": {"elapsed": {"repr": "0:00:10.700022", "seconds": 10.700022}, "exception": null, "extra": {}, "file": {"name": "main.py", "path": "C:\\Users\\melni\\PycharmProjects\\1xbet_parser\\main.py"}, "function": "get_league", "level": {"icon": "☠️", "name": "CRITICAL", "no": 50}, "line": 155, "message": "url doesnt written", "module": "main", "name": "__main__", "process": {"id": 9752, "name": "MainProcess"}, "thread": {"id": 7160, "name": "MainThread"}, "time": {"repr": "2024-08-29 02:59:03.998431+05:00", "timestamp": 1724882343.998431}}}
{"text": "2024-08-29T02:59:03.998431+0500 CRITICAL 'NoneType' object has no attribute 'split'\n", "record": {"elapsed": {"repr": "0:00:10.700022", "seconds": 10.700022}, "exception": null, "extra": {}, "file": {"name": "main.py", "path": "C:\\Users\\melni\\PycharmProjects\\1xbet_parser\\main.py"}, "function": "get_league", "level": {"icon": "☠️", "name": "CRITICAL", "no": 50}, "line": 156, "message": "'NoneType' object has no attribute 'split'", "module": "main", "name": "__main__", "process": {"id": 9752, "name": "MainProcess"}, "thread": {"id": 7160, "name": "MainThread"}, "time": {"repr": "2024-08-29 02:59:03.998431+05:00", "timestamp": 1724882343.998431}}}
{"text": "2024-08-29T02:59:03.999432+0500 CRITICAL url doesnt written\n", "record": {"elapsed": {"repr": "0:00:10.701023", "seconds": 10.701023}, "exception": null, "extra": {}, "file": {"name": "main.py", "path": "C:\\Users\\melni\\PycharmProjects\\1xbet_parser\\main.py"}, "function": "get_league", "level": {"icon": "☠️", "name": "CRITICAL", "no": 50}, "line": 155, "message": "url doesnt written", "module": "main", "name": "__main__", "process": {"id": 9752, "name": "MainProcess"}, "thread": {"id": 7160, "name": "MainThread"}, "time": {"repr": "2024-08-29 02:59:03.999432+05:00", "timestamp": 1724882343.999432}}}
{"text": "2024-08-29T02:59:04.000436+0500 CRITICAL 'NoneType' object has no attribute 'split'\n", "record": {"elapsed": {"repr": "0:00:10.702027", "seconds": 10.702027}, "exception": null, "extra": {}, "file": {"name": "main.py", "path": "C:\\Users\\melni\\PycharmProjects\\1xbet_parser\\main.py"}, "function": "get_league", "level": {"icon": "☠️", "name": "CRITICAL", "no": 50}, "line": 156, "message": "'NoneType' object has no attribute 'split'", "module": "main", "name": "__main__", "process": {"id": 9752, "name": "MainProcess"}, "thread": {"id": 7160, "name": "MainThread"}, "time": {"repr": "2024-08-29 02:59:04.000436+05:00", "timestamp": 1724882344.000436}}}
{"text": "2024-08-29T02:59:04.001429+0500 CRITICAL url doesnt written\n", "record": {"elapsed": {"repr": "0:00:10.703020", "seconds": 10.70302}, "exception": null, "extra": {}, "file": {"name": "main.py", "path": "C:\\Users\\melni\\PycharmProjects\\1xbet_parser\\main.py"}, "function": "get_league", "level": {"icon": "☠️", "name": "CRITICAL", "no": 50}, "line": 155, "message": "url doesnt written", "module": "main", "name": "__main__", "process": {"id": 9752, "name": "MainProcess"}, "thread": {"id": 7160, "name": "MainThread"}, "time": {"repr": "2024-08-29 02:59:04.001429+05:00", "timestamp": 1724882344.001429}}}
{"text": "2024-08-29T02:59:04.001429+0500 CRITICAL 'NoneType' object has no attribute 'split'\n", "record": {"elapsed": {"repr": "0:00:10.703020", "seconds": 10.70302}, "exception": null, "extra": {}, "file": {"name": "main.py", "path": "C:\\Users\\melni\\PycharmProjects\\1xbet_parser\\main.py"}, "function": "get_league", "level": {"icon": "☠️", "name": "CRITICAL", "no": 50}, "line": 156, "message": "'NoneType' object has no attribute 'split'", "module": "main", "name": "__main__", "process": {"id": 9752, "name": "MainProcess"}, "thread": {"id": 7160, "name": "MainThread"}, "time": {"repr": "2024-08-29 02:59:04.001429+05:00", "timestamp": 1724882344.001429}}}
{"text": "2024-08-29T02:59:04.002432+0500 CRITICAL url doesnt written\n", "record": {"elapsed": {"repr": "0:00:10.704023", "seconds": 10.704023}, "exception": null, "extra": {}, "file": {"name": "main.py", "path": "C:\\Users\\melni\\PycharmProjects\\1xbet_parser\\main.py"}, "function": "get_league", "level": {"icon": "☠️", "name": "CRITICAL", "no": 50}, "line": 155, "message": "url doesnt written", "module": "main", "name": "__main__", "process": {"id": 9752, "name": "MainProcess"}, "thread": {"id": 7160, "name": "MainThread"}, "time": {"repr": "2024-08-29 02:59:04.002432+05:00", "timestamp": 1724882344.002432}}}
{"text": "2024-08-29T02:59:04.003435+0500 CRITICAL 'NoneType' object has no attribute 'split'\n", "record": {"elapsed": {"repr": "0:00:10.705026", "seconds": 10.705026}, "exception": null, "extra": {}, "file": {"name": "main.py", "path": "C:\\Users\\melni\\PycharmProjects\\1xbet_parser\\main.py"}, "function": "get_league", "level": {"icon": "☠️", "name": "CRITICAL", "no": 50}, "line": 156, "message": "'NoneType' object has no attribute 'split'", "module": "main", "name": "__main__", "process": {"id": 9752, "name": "MainProcess"}, "thread": {"id": 7160, "name": "MainThread"}, "time": {"repr": "2024-08-29 02:59:04.003435+05:00", "timestamp": 1724882344.003435}}}
{"text": "2024-08-29T02:59:04.004434+0500 CRITICAL url doesnt written\n", "record": {"elapsed": {"repr": "0:00:10.706025", "seconds": 10.706025}, "exception": null, "extra": {}, "file": {"name": "main.py", "path": "C:\\Users\\melni\\PycharmProjects\\1xbet_parser\\main.py"}, "function": "get_league", "level": {"icon": "☠️", "name": "CRITICAL", "no": 50}, "line": 155, "message": "url doesnt written", "module": "main", "name": "__main__", "process": {"id": 9752, "name": "MainProcess"}, "thread": {"id": 7160, "name": "MainThread"}, "time": {"repr": "2024-08-29 02:59:04.004434+05:00", "timestamp": 1724882344.004434}}}
{"text": "2024-08-29T02:59:04.004434+0500 CRITICAL 'NoneType' object has no attribute 'split'\n", "record": {"elapsed": {"repr": "0:00:10.706025", "seconds": 10.706025}, "exception": null, "extra": {}, "file": {"name": "main.py", "path": "C:\\Users\\melni\\PycharmProjects\\1xbet_parser\\main.py"}, "function": "get_league", "level": {"icon": "☠️", "name": "CRITICAL", "no": 50}, "line": 156, "message": "'NoneType' object has no attribute 'split'", "module": "main", "name": "__main__", "process": {"id": 9752, "name": "MainProcess"}, "thread": {"id": 7160, "name": "MainThread"}, "time": {"repr": "2024-08-29 02:59:04.004434+05:00", "timestamp": 1724882344.004434}}}
{"text": "2024-08-29T02:59:04.005435+0500 CRITICAL url doesnt written\n", "record": {"elapsed": {"repr": "0:00:10.707026", "seconds": 10.707026}, "exception": null, "extra": {}, "file": {"name": "main.py", "path": "C:\\Users\\melni\\PycharmProjects\\1xbet_parser\\main.py"}, "function": "get_league", "level": {"icon": "☠️", "name": "CRITICAL", "no": 50}, "line": 155, "message": "url doesnt written", "module": "main", "name": "__main__", "process": {"id": 9752, "name": "MainProcess"}, "thread": {"id": 7160, "name": "MainThread"}, "time": {"repr": "2024-08-29 02:59:04.005435+05:00", "timestamp": 1724882344.005435}}}
{"text": "2024-08-29T02:59:04.006432+0500 CRITICAL 'NoneType' object has no attribute 'split'\n", "record": {"elapsed": {"repr": "0:00:10.708023", "seconds": 10.708023}, "exception": null, "extra": {}, "file": {"name": "main.py", "path": "C:\\Users\\melni\\PycharmProjects\\1xbet_parser\\main.py"}, "function": "get_league", "level": {"icon": "☠️", "name": "CRITICAL", "no": 50}, "line": 156, "message": "'NoneType' object has no attribute 'split'", "module": "main", "name": "__main__", "process": {"id": 9752, "name": "MainProcess"}, "thread": {"id": 7160, "name": "MainThread"}, "time": {"repr": "2024-08-29 02:59:04.006432+05:00", "timestamp": 1724882344.006432}}}
{"text": "2024-08-29T02:59:04.007435+0500 CRITICAL url doesnt written\n", "record": {"elapsed": {"repr": "0:00:10.709026", "seconds": 10.709026}, "exception": null, "extra": {}, "file": {"name": "main.py", "path": "C:\\Users\\melni\\PycharmProjects\\1xbet_parser\\main.py"}, "function": "get_league", "level": {"icon": "☠️", "name": "CRITICAL", "no": 50}, "line": 155, "message": "url doesnt written", "module": "main", "name": "__main__", "process": {"id": 9752, "name": "MainProcess"}, "thread": {"id": 7160, "name": "MainThread"}, "time": {"repr": "2024-08-29 02:59:04.007435+05:00", "timestamp": 1724882344.007435}}}
{"text": "2024-08-29T02:59:04.008434+0500 CRITICAL 'NoneType' object has no attribute 'split'\n", "record": {"elapsed": {"repr": "0:00:10.710025", "seconds": 10.710025}, "exception": null, "extra": {}, "file": {"name": "main.py", "path": "C:\\Users\\melni\\PycharmProjects\\1xbet_parser\\main.py"}, "function": "get_league", "level": {"icon": "☠️", "name": "CRITICAL", "no": 50}, "line": 156, "message": "'NoneType' object has no attribute 'split'", "module": "main", "name": "__main__", "process": {"id": 9752, "name": "MainProcess"}, "thread": {"id": 7160, "name": "MainThread"}, "time": {"repr": "2024-08-29 02:59:04.008434+05:00", "timestamp": 1724882344.008434}}}
{"text": "2024-08-29T02:59:04.008434+0500 CRITICAL url doesnt written\n", "record": {"elapsed": {"repr": "0:00:10.710025", "seconds": 10.710025}, "exception": null, "extra": {}, "file": {"name": "main.py", "path": "C:\\Users\\melni\\PycharmProjects\\1xbet_parser\\main.py"}, "function": "get_league", "level": {"icon": "☠️", "name": "CRITICAL", "no": 50}, "line": 155, "message": "url doesnt written", "module": "main", "name": "__main__", "process": {"id": 9752, "name": "MainProcess"}, "thread": {"id": 7160, "name": "MainThread"}, "time": {"repr": "2024-08-29 02:59:04.008434+05:00", "timestamp": 1724882344.008434}}}
{"text": "2024-08-29T02:59:04.010434+0500 CRITICAL 'NoneType' object has no attribute 'split'\n", "record": {"elapsed": {"repr": "0:00:10.712025", "seconds": 10.712025}, "exception": null, "extra": {}, "file": {"name": "main.py", "path": "C:\\Users\\melni\\PycharmProjects\\1xbet_parser\\main.py"}, "function": "get_league", "level": {"icon": "☠️", "name": "CRITICAL", "no": 50}, "line": 156, "message": "'NoneType' object has no attribute 'split'", "module": "main", "name": "__main__", "process": {"id": 9752, "name": "MainProcess"}, "thread": {"id": 7160, "name": "MainThread"}, "time": {"repr": "2024-08-29 02:59:04.010434+05:00", "timestamp": 1724882344.010434}}}
{"text": "2024-08-29T02:59:04.010434+0500 CRITICAL url doesnt written\n", "record": {"elapsed": {"repr": "0:00:10.712025", "seconds": 10.712025}, "exception": null, "extra": {}, "file": {"name": "main.py", "path": "C:\\Users\\melni\\PycharmProjects\\1xbet_parser\\main.py"}, "function": "get_league", "level": {"icon": "☠️", "name": "CRITICAL", "no": 50}, "line": 155, "message": "url doesnt written", "module": "main", "name": "__main__", "process": {"id": 9752, "name": "MainProcess"}, "thread": {"id": 7160, "name": "MainThread"}, "time": {"repr": "2024-08-29 02:59:04.010434+05:00", "timestamp": 1724882344.010434}}}
{"text": "2024-08-29T02:59:04.011435+0500 CRITICAL 'NoneType' object has no attribute 'split'\n", "record": {"elapsed": {"repr": "0:00:10.713026", "seconds": 10.713026}, "exception": null, "extra": {}, "file": {"name": "main.py", "path": "C:\\Users\\melni\\PycharmProjects\\1xbet_parser\\main.py"}, "function": "get_league", "level": {"icon": "☠️", "name": "CRITICAL", "no": 50}, "line": 156, "message": "'NoneType' object has no attribute 'split'", "module": "main", "name": "__main__", "process": {"id": 9752, "name": "MainProcess"}, "thread": {"id": 7160, "name": "MainThread"}, "time": {"repr": "2024-08-29 02:59:04.011435+05:00", "timestamp": 1724882344.011435}}}
{"text": "2024-08-29T02:59:04.013435+0500 CRITICAL url doesnt written\n", "record": {"elapsed": {"repr": "0:00:10.715026", "seconds": 10.715026}, "exception": null, "extra": {}, "file": {"name": "main.py", "path": "C:\\Users\\melni\\PycharmProjects\\1xbet_parser\\main.py"}, "function": "get_league", "level": {"icon": "☠️", "name": "CRITICAL", "no": 50}, "line": 155, "message": "url doesnt written", "module": "main", "name": "__main__", "process": {"id": 9752, "name": "MainProcess"}, "thread": {"id": 7160, "name": "MainThread"}, "time": {"repr": "2024-08-29 02:59:04.013435+05:00", "timestamp": 1724882344.013435}}}
{"text": "2024-08-29T02:59:04.014436+0500 CRITICAL 'NoneType' object has no attribute 'split'\n", "record": {"elapsed": {"repr": "0:00:10.716027", "seconds": 10.716027}, "exception": null, "extra": {}, "file": {"name": "main.py", "path": "C:\\Users\\melni\\PycharmProjects\\1xbet_parser\\main.py"}, "function": "get_league", "level": {"icon": "☠️", "name": "CRITICAL", "no": 50}, "line": 156, "message": "'NoneType' object has no attribute 'split'", "module": "main", "name": "__main__", "process": {"id": 9752, "name": "MainProcess"}, "thread": {"id": 7160, "name": "MainThread"}, "time": {"repr": "2024-08-29 02:59:04.014436+05:00", "timestamp": 1724882344.014436}}}
{"text": "2024-08-29T02:59:04.015436+0500 CRITICAL url doesnt written\n", "record": {"elapsed": {"repr": "0:00:10.717027", "seconds": 10.717027}, "exception": null, "extra": {}, "file": {"name": "main.py", "path": "C:\\Users\\melni\\PycharmProjects\\1xbet_parser\\main.py"}, "function": "get_league", "level": {"icon": "☠️", "name": "CRITICAL", "no": 50}, "line": 155, "message": "url doesnt written", "module": "main", "name": "__main__", "process": {"id": 9752, "name": "MainProcess"}, "thread": {"id": 7160, "name": "MainThread"}, "time": {"repr": "2024-08-29 02:59:04.015436+05:00", "timestamp": 1724882344.015436}}}
{"text": "2024-08-29T02:59:04.016438+0500 CRITICAL 'NoneType' object has no attribute 'split'\n", "record": {"elapsed": {"repr": "0:00:10.718029", "seconds": 10.718029}, "exception": null, "extra": {}, "file": {"name": "main.py", "path": "C:\\Users\\melni\\PycharmProjects\\1xbet_parser\\main.py"}, "function": "get_league", "level": {"icon": "☠️", "name": "CRITICAL", "no": 50}, "line": 156, "message": "'NoneType' object has no attribute 'split'", "module": "main", "name": "__main__", "process": {"id": 9752, "name": "MainProcess"}, "thread": {"id": 7160, "name": "MainThread"}, "time": {"repr": "2024-08-29 02:59:04.016438+05:00", "timestamp": 1724882344.016438}}}
{"text": "2024-08-29T02:59:04.017433+0500 CRITICAL url doesnt written\n", "record": {"elapsed": {"repr": "0:00:10.719024", "seconds": 10.719024}, "exception": null, "extra": {}, "file": {"name": "main.py", "path": "C:\\Users\\melni\\PycharmProjects\\1xbet_parser\\main.py"}, "function": "get_league", "level": {"icon": "☠️", "name": "CRITICAL", "no": 50}, "line": 155, "message": "url doesnt written", "module": "main", "name": "__main__", "process": {"id": 9752, "name": "MainProcess"}, "thread": {"id": 7160, "name": "MainThread"}, "time": {"repr": "2024-08-29 02:59:04.017433+05:00", "timestamp": 1724882344.017433}}}
{"text": "2024-08-29T02:59:04.018437+0500 CRITICAL 'NoneType' object has no attribute 'split'\n", "record": {"elapsed": {"repr": "0:00:10.720028", "seconds": 10.720028}, "exception": null, "extra": {}, "file": {"name": "main.py", "path": "C:\\Users\\melni\\PycharmProjects\\1xbet_parser\\main.py"}, "function": "get_league", "level": {"icon": "☠️", "name": "CRITICAL", "no": 50}, "line": 156, "message": "'NoneType' object has no attribute 'split'", "module": "main", "name": "__main__", "process": {"id": 9752, "name": "MainProcess"}, "thread": {"id": 7160, "name": "MainThread"}, "time": {"repr": "2024-08-29 02:59:04.018437+05:00", "timestamp": 1724882344.018437}}}
{"text": "2024-08-29T02:59:04.019437+0500 CRITICAL url doesnt written\n", "record": {"elapsed": {"repr": "0:00:10.721028", "seconds": 10.721028}, "exception": null, "extra": {}, "file": {"name": "main.py", "path": "C:\\Users\\melni\\PycharmProjects\\1xbet_parser\\main.py"}, "function": "get_league", "level": {"icon": "☠️", "name": "CRITICAL", "no": 50}, "line": 155, "message": "url doesnt written", "module": "main", "name": "__main__", "process": {"id": 9752, "name": "MainProcess"}, "thread": {"id": 7160, "name": "MainThread"}, "time": {"repr": "2024-08-29 02:59:04.019437+05:00", "timestamp": 1724882344.019437}}}
{"text": "2024-08-29T02:59:04.019437+0500 CRITICAL 'NoneType' object has no attribute 'split'\n", "record": {"elapsed": {"repr": "0:00:10.721028", "seconds": 10.721028}, "exception": null, "extra": {}, "file": {"name": "main.py", "path": "C:\\Users\\melni\\PycharmProjects\\1xbet_parser\\main.py"}, "function": "get_league", "level": {"icon": "☠️", "name": "CRITICAL", "no": 50}, "line": 156, "message": "'NoneType' object has no attribute 'split'", "module": "main", "name": "__main__", "process": {"id": 9752, "name": "MainProcess"}, "thread": {"id": 7160, "name": "MainThread"}, "time": {"repr": "2024-08-29 02:59:04.019437+05:00", "timestamp": 1724882344.019437}}}
{"text": "2024-08-29T02:59:04.020438+0500 CRITICAL url doesnt written\n", "record": {"elapsed": {"repr": "0:00:10.722029", "seconds": 10.722029}, "exception": null, "extra": {}, "file": {"name": "main.py", "path": "C:\\Users\\melni\\PycharmProjects\\1xbet_parser\\main.py"}, "function": "get_league", "level": {"icon": "☠️", "name": "CRITICAL", "no": 50}, "line": 155, "message": "url doesnt written", "module": "main", "name": "__main__", "process": {"id": 9752, "name": "MainProcess"}, "thread": {"id": 7160, "name": "MainThread"}, "time": {"repr": "2024-08-29 02:59:04.020438+05:00", "timestamp": 1724882344.020438}}}
{"text": "2024-08-29T02:59:04.021437+0500 CRITICAL 'NoneType' object has no attribute 'split'\n", "record": {"elapsed": {"repr": "0:00:10.723028", "seconds": 10.723028}, "exception": null, "extra": {}, "file": {"name": "main.py", "path": "C:\\Users\\melni\\PycharmProjects\\1xbet_parser\\main.py"}, "function": "get_league", "level": {"icon": "☠️", "name": "CRITICAL", "no": 50}, "line": 156, "message": "'NoneType' object has no attribute 'split'", "module": "main", "name": "__main__", "process": {"id": 9752, "name": "MainProcess"}, "thread": {"id": 7160, "name": "MainThread"}, "time": {"repr": "2024-08-29 02:59:04.021437+05:00", "timestamp": 1724882344.021437}}}
{"text": "2024-08-29T02:59:04.021437+0500 CRITICAL url doesnt written\n", "record": {"elapsed": {"repr": "0:00:10.723028", "seconds": 10.723028}, "exception": null, "extra": {}, "file": {"name": "main.py", "path": "C:\\Users\\melni\\PycharmProjects\\1xbet_parser\\main.py"}, "function": "get_league", "level": {"icon": "☠️", "name": "CRITICAL", "no": 50}, "line": 155, "message": "url doesnt written", "module": "main", "name": "__main__", "process": {"id": 9752, "name": "MainProcess"}, "thread": {"id": 7160, "name": "MainThread"}, "time": {"repr": "2024-08-29 02:59:04.021437+05:00", "timestamp": 1724882344.021437}}}
{"text": "2024-08-29T02:59:04.022438+0500 CRITICAL 'NoneType' object has no attribute 'split'\n", "record": {"elapsed": {"repr": "0:00:10.724029", "seconds": 10.724029}, "exception": null, "extra": {}, "file": {"name": "main.py", "path": "C:\\Users\\melni\\PycharmProjects\\1xbet_parser\\main.py"}, "function": "get_league", "level": {"icon": "☠️", "name": "CRITICAL", "no": 50}, "line": 156, "message": "'NoneType' object has no attribute 'split'", "module": "main", "name": "__main__", "process": {"id": 9752, "name": "MainProcess"}, "thread": {"id": 7160, "name": "MainThread"}, "time": {"repr": "2024-08-29 02:59:04.022438+05:00", "timestamp": 1724882344.022438}}}
{"text": "2024-08-29T02:59:04.023438+0500 CRITICAL url doesnt written\n", "record": {"elapsed": {"repr": "0:00:10.725029", "seconds": 10.725029}, "exception": null, "extra": {}, "file": {"name": "main.py", "path": "C:\\Users\\melni\\PycharmProjects\\1xbet_parser\\main.py"}, "function": "get_league", "level": {"icon": "☠️", "name": "CRITICAL", "no": 50}, "line": 155, "message": "url doesnt written", "module": "main", "name": "__main__", "process": {"id": 9752, "name": "MainProcess"}, "thread": {"id": 7160, "name": "MainThread"}, "time": {"repr": "2024-08-29 02:59:04.023438+05:00", "timestamp": 1724882344.023438}}}
{"text": "2024-08-29T02:59:04.024438+0500 CRITICAL 'NoneType' object has no attribute 'split'\n", "record": {"elapsed": {"repr": "0:00:10.726029", "seconds": 10.726029}, "exception": null, "extra": {}, "file": {"name": "main.py", "path": "C:\\Users\\melni\\PycharmProjects\\1xbet_parser\\main.py"}, "function": "get_league", "level": {"icon": "☠️", "name": "CRITICAL", "no": 50}, "line": 156, "message": "'NoneType' object has no attribute 'split'", "module": "main", "name": "__main__", "process": {"id": 9752, "name": "MainProcess"}, "thread": {"id": 7160, "name": "MainThread"}, "time": {"repr": "2024-08-29 02:59:04.024438+05:00", "timestamp": 1724882344.024438}}}
{"text": "2024-08-29T02:59:04.024438+0500 CRITICAL url doesnt written\n", "record": {"elapsed": {"repr": "0:00:10.726029", "seconds": 10.726029}, "exception": null, "extra": {}, "file": {"name": "main.py", "path": "C:\\Users\\melni\\PycharmProjects\\1xbet_parser\\main.py"}, "function": "get_league", "level": {"icon": "☠️", "name": "CRITICAL", "no": 50}, "line": 155, "message": "url doesnt written", "module": "main", "name": "__main__", "process": {"id": 9752, "name": "MainProcess"}, "thread": {"id": 7160, "name": "MainThread"}, "time": {"repr": "2024-08-29 02:59:04.024438+05:00", "timestamp": 1724882344.024438}}}
{"text": "2024-08-29T02:59:04.025440+0500 CRITICAL 'NoneType' object has no attribute 'split'\n", "record": {"elapsed": {"repr": "0:00:10.727031", "seconds": 10.727031}, "exception": null, "extra": {}, "file": {"name": "main.py", "path": "C:\\Users\\melni\\PycharmProjects\\1xbet_parser\\main.py"}, "function": "get_league", "level": {"icon": "☠️", "name": "CRITICAL", "no": 50}, "line": 156, "message": "'NoneType' object has no attribute 'split'", "module": "main", "name": "__main__", "process": {"id": 9752, "name": "MainProcess"}, "thread": {"id": 7160, "name": "MainThread"}, "time": {"repr": "2024-08-29 02:59:04.025440+05:00", "timestamp": 1724882344.02544}}}
{"text": "2024-08-29T02:59:04.026439+0500 CRITICAL url doesnt written\n", "record": {"elapsed": {"repr": "0:00:10.728030", "seconds": 10.72803}, "exception": null, "extra": {}, "file": {"name": "main.py", "path": "C:\\Users\\melni\\PycharmProjects\\1xbet_parser\\main.py"}, "function": "get_league", "level": {"icon": "☠️", "name": "CRITICAL", "no": 50}, "line": 155, "message": "url doesnt written", "module": "main", "name": "__main__", "process": {"id": 9752, "name": "MainProcess"}, "thread": {"id": 7160, "name": "MainThread"}, "time": {"repr": "2024-08-29 02:59:04.026439+05:00", "timestamp": 1724882344.026439}}}
{"text": "2024-08-29T02:59:04.027439+0500 CRITICAL 'NoneType' object has no attribute 'split'\n", "record": {"elapsed": {"repr": "0:00:10.729030", "seconds": 10.72903}, "exception": null, "extra": {}, "file": {"name": "main.py", "path": "C:\\Users\\melni\\PycharmProjects\\1xbet_parser\\main.py"}, "function": "get_league", "level": {"icon": "☠️", "name": "CRITICAL", "no": 50}, "line": 156, "message": "'NoneType' object has no attribute 'split'", "module": "main", "name": "__main__", "process": {"id": 9752, "name": "MainProcess"}, "thread": {"id": 7160, "name": "MainThread"}, "time": {"repr": "2024-08-29 02:59:04.027439+05:00", "timestamp": 1724882344.027439}}}
{"text": "2024-08-29T02:59:04.027439+0500 CRITICAL url doesnt written\n", "record": {"elapsed": {"repr": "0:00:10.729030", "seconds": 10.72903}, "exception": null, "extra": {}, "file": {"name": "main.py", "path": "C:\\Users\\melni\\PycharmProjects\\1xbet_parser\\main.py"}, "function": "get_league", "level": {"icon": "☠️", "name": "CRITICAL", "no": 50}, "line": 155, "message": "url doesnt written", "module": "main", "name": "__main__", "process": {"id": 9752, "name": "MainProcess"}, "thread": {"id": 7160, "name": "MainThread"}, "time": {"repr": "2024-08-29 02:59:04.027439+05:00", "timestamp": 1724882344.027439}}}
{"text": "2024-08-29T02:59:04.029441+0500 CRITICAL 'NoneType' object has no attribute 'split'\n", "record": {"elapsed": {"repr": "0:00:10.731032", "seconds": 10.731032}, "exception": null, "extra": {}, "file": {"name": "main.py", "path": "C:\\Users\\melni\\PycharmProjects\\1xbet_parser\\main.py"}, "function": "get_league", "level": {"icon": "☠️", "name": "CRITICAL", "no": 50}, "line": 156, "message": "'NoneType' object has no attribute 'split'", "module": "main", "name": "__main__", "process": {"id": 9752, "name": "MainProcess"}, "thread": {"id": 7160, "name": "MainThread"}, "time": {"repr": "2024-08-29 02:59:04.029441+05:00", "timestamp": 1724882344.029441}}}
{"text": "2024-08-29T02:59:04.030440+0500 CRITICAL url doesnt written\n", "record": {"elapsed": {"repr": "0:00:10.732031", "seconds": 10.732031}, "exception": null, "extra": {}, "file": {"name": "main.py", "path": "C:\\Users\\melni\\PycharmProjects\\1xbet_parser\\main.py"}, "function": "get_league", "level": {"icon": "☠️", "name": "CRITICAL", "no": 50}, "line": 155, "message": "url doesnt written", "module": "main", "name": "__main__", "process": {"id": 9752, "name": "MainProcess"}, "thread": {"id": 7160, "name": "MainThread"}, "time": {"repr": "2024-08-29 02:59:04.030440+05:00", "timestamp": 1724882344.03044}}}
{"text": "2024-08-29T02:59:04.030440+0500 CRITICAL 'NoneType' object has no attribute 'split'\n", "record": {"elapsed": {"repr": "0:00:10.732031", "seconds": 10.732031}, "exception": null, "extra": {}, "file": {"name": "main.py", "path": "C:\\Users\\melni\\PycharmProjects\\1xbet_parser\\main.py"}, "function": "get_league", "level": {"icon": "☠️", "name": "CRITICAL", "no": 50}, "line": 156, "message": "'NoneType' object has no attribute 'split'", "module": "main", "name": "__main__", "process": {"id": 9752, "name": "MainProcess"}, "thread": {"id": 7160, "name": "MainThread"}, "time": {"repr": "2024-08-29 02:59:04.030440+05:00", "timestamp": 1724882344.03044}}}
{"text": "2024-08-29T02:59:04.033438+0500 CRITICAL url doesnt written\n", "record": {"elapsed": {"repr": "0:00:10.735029", "seconds": 10.735029}, "exception": null, "extra": {}, "file": {"name": "main.py", "path": "C:\\Users\\melni\\PycharmProjects\\1xbet_parser\\main.py"}, "function": "get_league", "level": {"icon": "☠️", "name": "CRITICAL", "no": 50}, "line": 155, "message": "url doesnt written", "module": "main", "name": "__main__", "process": {"id": 9752, "name": "MainProcess"}, "thread": {"id": 7160, "name": "MainThread"}, "time": {"repr": "2024-08-29 02:59:04.033438+05:00", "timestamp": 1724882344.033438}}}
{"text": "2024-08-29T02:59:04.034442+0500 CRITICAL 'NoneType' object has no attribute 'split'\n", "record": {"elapsed": {"repr": "0:00:10.736033", "seconds": 10.736033}, "exception": null, "extra": {}, "file": {"name": "main.py", "path": "C:\\Users\\melni\\PycharmProjects\\1xbet_parser\\main.py"}, "function": "get_league", "level": {"icon": "☠️", "name": "CRITICAL", "no": 50}, "line": 156, "message": "'NoneType' object has no attribute 'split'", "module": "main", "name": "__main__", "process": {"id": 9752, "name": "MainProcess"}, "thread": {"id": 7160, "name": "MainThread"}, "time": {"repr": "2024-08-29 02:59:04.034442+05:00", "timestamp": 1724882344.034442}}}
{"text": "2024-08-29T02:59:04.035441+0500 CRITICAL url doesnt written\n", "record": {"elapsed": {"repr": "0:00:10.737032", "seconds": 10.737032}, "exception": null, "extra": {}, "file": {"name": "main.py", "path": "C:\\Users\\melni\\PycharmProjects\\1xbet_parser\\main.py"}, "function": "get_league", "level": {"icon": "☠️", "name": "CRITICAL", "no": 50}, "line": 155, "message": "url doesnt written", "module": "main", "name": "__main__", "process": {"id": 9752, "name": "MainProcess"}, "thread": {"id": 7160, "name": "MainThread"}, "time": {"repr": "2024-08-29 02:59:04.035441+05:00", "timestamp": 1724882344.035441}}}
{"text": "2024-08-29T02:59:04.035441+0500 CRITICAL 'NoneType' object has no attribute 'split'\n", "record": {"elapsed": {"repr": "0:00:10.737032", "seconds": 10.737032}, "exception": null, "extra": {}, "file": {"name": "main.py", "path": "C:\\Users\\melni\\PycharmProjects\\1xbet_parser\\main.py"}, "function": "get_league", "level": {"icon": "☠️", "name": "CRITICAL", "no": 50}, "line": 156, "message": "'NoneType' object has no attribute 'split'", "module": "main", "name": "__main__", "process": {"id": 9752, "name": "MainProcess"}, "thread": {"id": 7160, "name": "MainThread"}, "time": {"repr": "2024-08-29 02:59:04.035441+05:00", "timestamp": 1724882344.035441}}}
{"text": "2024-08-29T02:59:04.036442+0500 CRITICAL url doesnt written\n", "record": {"elapsed": {"repr": "0:00:10.738033", "seconds": 10.738033}, "exception": null, "extra": {}, "file": {"name": "main.py", "path": "C:\\Users\\melni\\PycharmProjects\\1xbet_parser\\main.py"}, "function": "get_league", "level": {"icon": "☠️", "name": "CRITICAL", "no": 50}, "line": 155, "message": "url doesnt written", "module": "main", "name": "__main__", "process": {"id": 9752, "name": "MainProcess"}, "thread": {"id": 7160, "name": "MainThread"}, "time": {"repr": "2024-08-29 02:59:04.036442+05:00", "timestamp": 1724882344.036442}}}
{"text": "2024-08-29T02:59:04.037443+0500 CRITICAL 'NoneType' object has no attribute 'split'\n", "record": {"elapsed": {"repr": "0:00:10.739034", "seconds": 10.739034}, "exception": null, "extra": {}, "file": {"name": "main.py", "path": "C:\\Users\\melni\\PycharmProjects\\1xbet_parser\\main.py"}, "function": "get_league", "level": {"icon": "☠️", "name": "CRITICAL", "no": 50}, "line": 156, "message": "'NoneType' object has no attribute 'split'", "module": "main", "name": "__main__", "process": {"id": 9752, "name": "MainProcess"}, "thread": {"id": 7160, "name": "MainThread"}, "time": {"repr": "2024-08-29 02:59:04.037443+05:00", "timestamp": 1724882344.037443}}}
{"text": "2024-08-29T02:59:04.038442+0500 CRITICAL url doesnt written\n", "record": {"elapsed": {"repr": "0:00:10.740033", "seconds": 10.740033}, "exception": null, "extra": {}, "file": {"name": "main.py", "path": "C:\\Users\\melni\\PycharmProjects\\1xbet_parser\\main.py"}, "function": "get_league", "level": {"icon": "☠️", "name": "CRITICAL", "no": 50}, "line": 155, "message": "url doesnt written", "module": "main", "name": "__main__", "process": {"id": 9752, "name": "MainProcess"}, "thread": {"id": 7160, "name": "MainThread"}, "time": {"repr": "2024-08-29 02:59:04.038442+05:00", "timestamp": 1724882344.038442}}}
{"text": "2024-08-29T02:59:04.039444+0500 CRITICAL 'NoneType' object has no attribute 'split'\n", "record": {"elapsed": {"repr": "0:00:10.741035", "seconds": 10.741035}, "exception": null, "extra": {}, "file": {"name": "main.py", "path": "C:\\Users\\melni\\PycharmProjects\\1xbet_parser\\main.py"}, "function": "get_league", "level": {"icon": "☠️", "name": "CRITICAL", "no": 50}, "line": 156, "message": "'NoneType' object has no attribute 'split'", "module": "main", "name": "__main__", "process": {"id": 9752, "name": "MainProcess"}, "thread": {"id": 7160, "name": "MainThread"}, "time": {"repr": "2024-08-29 02:59:04.039444+05:00", "timestamp": 1724882344.039444}}}
{"text": "2024-08-29T02:59:04.040443+0500 CRITICAL url doesnt written\n", "record": {"elapsed": {"repr": "0:00:10.742034", "seconds": 10.742034}, "exception": null, "extra": {}, "file": {"name": "main.py", "path": "C:\\Users\\melni\\PycharmProjects\\1xbet_parser\\main.py"}, "function": "get_league", "level": {"icon": "☠️", "name": "CRITICAL", "no": 50}, "line": 155, "message": "url doesnt written", "module": "main", "name": "__main__", "process": {"id": 9752, "name": "MainProcess"}, "thread": {"id": 7160, "name": "MainThread"}, "time": {"repr": "2024-08-29 02:59:04.040443+05:00", "timestamp": 1724882344.040443}}}
{"text": "2024-08-29T02:59:04.041446+0500 CRITICAL 'NoneType' object has no attribute 'split'\n", "record": {"elapsed": {"repr": "0:00:10.743037", "seconds": 10.743037}, "exception": null, "extra": {}, "file": {"name": "main.py", "path": "C:\\Users\\melni\\PycharmProjects\\1xbet_parser\\main.py"}, "function": "get_league", "level": {"icon": "☠️", "name": "CRITICAL", "no": 50}, "line": 156, "message": "'NoneType' object has no attribute 'split'", "module": "main", "name": "__main__", "process": {"id": 9752, "name": "MainProcess"}, "thread": {"id": 7160, "name": "MainThread"}, "time": {"repr": "2024-08-29 02:59:04.041446+05:00", "timestamp": 1724882344.041446}}}
{"text": "2024-08-29T02:59:04.042446+0500 CRITICAL url doesnt written\n", "record": {"elapsed": {"repr": "0:00:10.744037", "seconds": 10.744037}, "exception": null, "extra": {}, "file": {"name": "main.py", "path": "C:\\Users\\melni\\PycharmProjects\\1xbet_parser\\main.py"}, "function": "get_league", "level": {"icon": "☠️", "name": "CRITICAL", "no": 50}, "line": 155, "message": "url doesnt written", "module": "main", "name": "__main__", "process": {"id": 9752, "name": "MainProcess"}, "thread": {"id": 7160, "name": "MainThread"}, "time": {"repr": "2024-08-29 02:59:04.042446+05:00", "timestamp": 1724882344.042446}}}
{"text": "2024-08-29T02:59:04.043445+0500 CRITICAL 'NoneType' object has no attribute 'split'\n", "record": {"elapsed": {"repr": "0:00:10.745036", "seconds": 10.745036}, "exception": null, "extra": {}, "file": {"name": "main.py", "path": "C:\\Users\\melni\\PycharmProjects\\1xbet_parser\\main.py"}, "function": "get_league", "level": {"icon": "☠️", "name": "CRITICAL", "no": 50}, "line": 156, "message": "'NoneType' object has no attribute 'split'", "module": "main", "name": "__main__", "process": {"id": 9752, "name": "MainProcess"}, "thread": {"id": 7160, "name": "MainThread"}, "time": {"repr": "2024-08-29 02:59:04.043445+05:00", "timestamp": 1724882344.043445}}}
{"text": "2024-08-29T02:59:04.043445+0500 CRITICAL url doesnt written\n", "record": {"elapsed": {"repr": "0:00:10.745036", "seconds": 10.745036}, "exception": null, "extra": {}, "file": {"name": "main.py", "path": "C:\\Users\\melni\\PycharmProjects\\1xbet_parser\\main.py"}, "function": "get_league", "level": {"icon": "☠️", "name": "CRITICAL", "no": 50}, "line": 155, "message": "url doesnt written", "module": "main", "name": "__main__", "process": {"id": 9752, "name": "MainProcess"}, "thread": {"id": 7160, "name": "MainThread"}, "time": {"repr": "2024-08-29 02:59:04.043445+05:00", "timestamp": 1724882344.043445}}}
{"text": "2024-08-29T02:59:04.045444+0500 CRITICAL 'NoneType' object has no attribute 'split'\n", "record": {"elapsed": {"repr": "0:00:10.747035", "seconds": 10.747035}, "exception": null, "extra": {}, "file": {"name": "main.py", "path": "C:\\Users\\melni\\PycharmProjects\\1xbet_parser\\main.py"}, "function": "get_league", "level": {"icon": "☠️", "name": "CRITICAL", "no": 50}, "line": 156, "message": "'NoneType' object has no attribute 'split'", "module": "main", "name": "__main__", "process": {"id": 9752, "name": "MainProcess"}, "thread": {"id": 7160, "name": "MainThread"}, "time": {"repr": "2024-08-29 02:59:04.045444+05:00", "timestamp": 1724882344.045444}}}
{"text": "2024-08-29T02:59:04.046442+0500 CRITICAL url doesnt written\n", "record": {"elapsed": {"repr": "0:00:10.748033", "seconds": 10.748033}, "exception": null, "extra": {}, "file": {"name": "main.py", "path": "C:\\Users\\melni\\PycharmProjects\\1xbet_parser\\main.py"}, "function": "get_league", "level": {"icon": "☠️", "name": "CRITICAL", "no": 50}, "line": 155, "message": "url doesnt written", "module": "main", "name": "__main__", "process": {"id": 9752, "name": "MainProcess"}, "thread": {"id": 7160, "name": "MainThread"}, "time": {"repr": "2024-08-29 02:59:04.046442+05:00", "timestamp": 1724882344.046442}}}
{"text": "2024-08-29T02:59:04.047447+0500 CRITICAL 'NoneType' object has no attribute 'split'\n", "record": {"elapsed": {"repr": "0:00:10.749038", "seconds": 10.749038}, "exception": null, "extra": {}, "file": {"name": "main.py", "path": "C:\\Users\\melni\\PycharmProjects\\1xbet_parser\\main.py"}, "function": "get_league", "level": {"icon": "☠️", "name": "CRITICAL", "no": 50}, "line": 156, "message": "'NoneType' object has no attribute 'split'", "module": "main", "name": "__main__", "process": {"id": 9752, "name": "MainProcess"}, "thread": {"id": 7160, "name": "MainThread"}, "time": {"repr": "2024-08-29 02:59:04.047447+05:00", "timestamp": 1724882344.047447}}}
{"text": "2024-08-29T02:59:04.048448+0500 CRITICAL url doesnt written\n", "record": {"elapsed": {"repr": "0:00:10.750039", "seconds": 10.750039}, "exception": null, "extra": {}, "file": {"name": "main.py", "path": "C:\\Users\\melni\\PycharmProjects\\1xbet_parser\\main.py"}, "function": "get_league", "level": {"icon": "☠️", "name": "CRITICAL", "no": 50}, "line": 155, "message": "url doesnt written", "module": "main", "name": "__main__", "process": {"id": 9752, "name": "MainProcess"}, "thread": {"id": 7160, "name": "MainThread"}, "time": {"repr": "2024-08-29 02:59:04.048448+05:00", "timestamp": 1724882344.048448}}}
{"text": "2024-08-29T02:59:04.049443+0500 CRITICAL 'NoneType' object has no attribute 'split'\n", "record": {"elapsed": {"repr": "0:00:10.751034", "seconds": 10.751034}, "exception": null, "extra": {}, "file": {"name": "main.py", "path": "C:\\Users\\melni\\PycharmProjects\\1xbet_parser\\main.py"}, "function": "get_league", "level": {"icon": "☠️", "name": "CRITICAL", "no": 50}, "line": 156, "message": "'NoneType' object has no attribute 'split'", "module": "main", "name": "__main__", "process": {"id": 9752, "name": "MainProcess"}, "thread": {"id": 7160, "name": "MainThread"}, "time": {"repr": "2024-08-29 02:59:04.049443+05:00", "timestamp": 1724882344.049443}}}
{"text": "2024-08-29T02:59:04.050448+0500 CRITICAL url doesnt written\n", "record": {"elapsed": {"repr": "0:00:10.752039", "seconds": 10.752039}, "exception": null, "extra": {}, "file": {"name": "main.py", "path": "C:\\Users\\melni\\PycharmProjects\\1xbet_parser\\main.py"}, "function": "get_league", "level": {"icon": "☠️", "name": "CRITICAL", "no": 50}, "line": 155, "message": "url doesnt written", "module": "main", "name": "__main__", "process": {"id": 9752, "name": "MainProcess"}, "thread": {"id": 7160, "name": "MainThread"}, "time": {"repr": "2024-08-29 02:59:04.050448+05:00", "timestamp": 1724882344.050448}}}
{"text": "2024-08-29T02:59:04.051448+0500 CRITICAL 'NoneType' object has no attribute 'split'\n", "record": {"elapsed": {"repr": "0:00:10.753039", "seconds": 10.753039}, "exception": null, "extra": {}, "file": {"name": "main.py", "path": "C:\\Users\\melni\\PycharmProjects\\1xbet_parser\\main.py"}, "function": "get_league", "level": {"icon": "☠️", "name": "CRITICAL", "no": 50}, "line": 156, "message": "'NoneType' object has no attribute 'split'", "module": "main", "name": "__main__", "process": {"id": 9752, "name": "MainProcess"}, "thread": {"id": 7160, "name": "MainThread"}, "time": {"repr": "2024-08-29 02:59:04.051448+05:00", "timestamp": 1724882344.051448}}}
{"text": "2024-08-29T02:59:04.051448+0500 CRITICAL url doesnt written\n", "record": {"elapsed": {"repr": "0:00:10.753039", "seconds": 10.753039}, "exception": null, "extra": {}, "file": {"name": "main.py", "path": "C:\\Users\\melni\\PycharmProjects\\1xbet_parser\\main.py"}, "function": "get_league", "level": {"icon": "☠️", "name": "CRITICAL", "no": 50}, "line": 155, "message": "url doesnt written", "module": "main", "name": "__main__", "process": {"id": 9752, "name": "MainProcess"}, "thread": {"id": 7160, "name": "MainThread"}, "time": {"repr": "2024-08-29 02:59:04.051448+05:00", "timestamp": 1724882344.051448}}}
{"text": "2024-08-29T02:59:04.052448+0500 CRITICAL 'NoneType' object has no attribute 'split'\n", "record": {"elapsed": {"repr": "0:00:10.754039", "seconds": 10.754039}, "exception": null, "extra": {}, "file": {"name": "main.py", "path": "C:\\Users\\melni\\PycharmProjects\\1xbet_parser\\main.py"}, "function": "get_league", "level": {"icon": "☠️", "name": "CRITICAL", "no": 50}, "line": 156, "message": "'NoneType' object has no attribute 'split'", "module": "main", "name": "__main__", "process": {"id": 9752, "name": "MainProcess"}, "thread": {"id": 7160, "name": "MainThread"}, "time": {"repr": "2024-08-29 02:59:04.052448+05:00", "timestamp": 1724882344.052448}}}
{"text": "2024-08-29T02:59:04.053447+0500 CRITICAL url doesnt written\n", "record": {"elapsed": {"repr": "0:00:10.755038", "seconds": 10.755038}, "exception": null, "extra": {}, "file": {"name": "main.py", "path": "C:\\Users\\melni\\PycharmProjects\\1xbet_parser\\main.py"}, "function": "get_league", "level": {"icon": "☠️", "name": "CRITICAL", "no": 50}, "line": 155, "message": "url doesnt written", "module": "main", "name": "__main__", "process": {"id": 9752, "name": "MainProcess"}, "thread": {"id": 7160, "name": "MainThread"}, "time": {"repr": "2024-08-29 02:59:04.053447+05:00", "timestamp": 1724882344.053447}}}
{"text": "2024-08-29T02:59:04.053447+0500 CRITICAL 'NoneType' object has no attribute 'split'\n", "record": {"elapsed": {"repr": "0:00:10.755038", "seconds": 10.755038}, "exception": null, "extra": {}, "file": {"name": "main.py", "path": "C:\\Users\\melni\\PycharmProjects\\1xbet_parser\\main.py"}, "function": "get_league", "level": {"icon": "☠️", "name": "CRITICAL", "no": 50}, "line": 156, "message": "'NoneType' object has no attribute 'split'", "module": "main", "name": "__main__", "process": {"id": 9752, "name": "MainProcess"}, "thread": {"id": 7160, "name": "MainThread"}, "time": {"repr": "2024-08-29 02:59:04.053447+05:00", "timestamp": 1724882344.053447}}}
{"text": "2024-08-29T02:59:04.054448+0500 CRITICAL url doesnt written\n", "record": {"elapsed": {"repr": "0:00:10.756039", "seconds": 10.756039}, "exception": null, "extra": {}, "file": {"name": "main.py", "path": "C:\\Users\\melni\\PycharmProjects\\1xbet_parser\\main.py"}, "function": "get_league", "level": {"icon": "☠️", "name": "CRITICAL", "no": 50}, "line": 155, "message": "url doesnt written", "module": "main", "name": "__main__", "process": {"id": 9752, "name": "MainProcess"}, "thread": {"id": 7160, "name": "MainThread"}, "time": {"repr": "2024-08-29 02:59:04.054448+05:00", "timestamp": 1724882344.054448}}}
{"text": "2024-08-29T02:59:04.055449+0500 CRITICAL 'NoneType' object has no attribute 'split'\n", "record": {"elapsed": {"repr": "0:00:10.757040", "seconds": 10.75704}, "exception": null, "extra": {}, "file": {"name": "main.py", "path": "C:\\Users\\melni\\PycharmProjects\\1xbet_parser\\main.py"}, "function": "get_league", "level": {"icon": "☠️", "name": "CRITICAL", "no": 50}, "line": 156, "message": "'NoneType' object has no attribute 'split'", "module": "main", "name": "__main__", "process": {"id": 9752, "name": "MainProcess"}, "thread": {"id": 7160, "name": "MainThread"}, "time": {"repr": "2024-08-29 02:59:04.055449+05:00", "timestamp": 1724882344.055449}}}
{"text": "2024-08-29T02:59:04.056450+0500 CRITICAL url doesnt written\n", "record": {"elapsed": {"repr": "0:00:10.758041", "seconds": 10.758041}, "exception": null, "extra": {}, "file": {"name": "main.py", "path": "C:\\Users\\melni\\PycharmProjects\\1xbet_parser\\main.py"}, "function": "get_league", "level": {"icon": "☠️", "name": "CRITICAL", "no": 50}, "line": 155, "message": "url doesnt written", "module": "main", "name": "__main__", "process": {"id": 9752, "name": "MainProcess"}, "thread": {"id": 7160, "name": "MainThread"}, "time": {"repr": "2024-08-29 02:59:04.056450+05:00", "timestamp": 1724882344.05645}}}
{"text": "2024-08-29T02:59:04.057450+0500 CRITICAL 'NoneType' object has no attribute 'split'\n", "record": {"elapsed": {"repr": "0:00:10.759041", "seconds": 10.759041}, "exception": null, "extra": {}, "file": {"name": "main.py", "path": "C:\\Users\\melni\\PycharmProjects\\1xbet_parser\\main.py"}, "function": "get_league", "level": {"icon": "☠️", "name": "CRITICAL", "no": 50}, "line": 156, "message": "'NoneType' object has no attribute 'split'", "module": "main", "name": "__main__", "process": {"id": 9752, "name": "MainProcess"}, "thread": {"id": 7160, "name": "MainThread"}, "time": {"repr": "2024-08-29 02:59:04.057450+05:00", "timestamp": 1724882344.05745}}}
{"text": "2024-08-29T02:59:04.058449+0500 CRITICAL url doesnt written\n", "record": {"elapsed": {"repr": "0:00:10.760040", "seconds": 10.76004}, "exception": null, "extra": {}, "file": {"name": "main.py", "path": "C:\\Users\\melni\\PycharmProjects\\1xbet_parser\\main.py"}, "function": "get_league", "level": {"icon": "☠️", "name": "CRITICAL", "no": 50}, "line": 155, "message": "url doesnt written", "module": "main", "name": "__main__", "process": {"id": 9752, "name": "MainProcess"}, "thread": {"id": 7160, "name": "MainThread"}, "time": {"repr": "2024-08-29 02:59:04.058449+05:00", "timestamp": 1724882344.058449}}}
{"text": "2024-08-29T02:59:04.059449+0500 CRITICAL 'NoneType' object has no attribute 'split'\n", "record": {"elapsed": {"repr": "0:00:10.761040", "seconds": 10.76104}, "exception": null, "extra": {}, "file": {"name": "main.py", "path": "C:\\Users\\melni\\PycharmProjects\\1xbet_parser\\main.py"}, "function": "get_league", "level": {"icon": "☠️", "name": "CRITICAL", "no": 50}, "line": 156, "message": "'NoneType' object has no attribute 'split'", "module": "main", "name": "__main__", "process": {"id": 9752, "name": "MainProcess"}, "thread": {"id": 7160, "name": "MainThread"}, "time": {"repr": "2024-08-29 02:59:04.059449+05:00", "timestamp": 1724882344.059449}}}
{"text": "2024-08-29T02:59:04.060467+0500 CRITICAL url doesnt written\n", "record": {"elapsed": {"repr": "0:00:10.762058", "seconds": 10.762058}, "exception": null, "extra": {}, "file": {"name": "main.py", "path": "C:\\Users\\melni\\PycharmProjects\\1xbet_parser\\main.py"}, "function": "get_league", "level": {"icon": "☠️", "name": "CRITICAL", "no": 50}, "line": 155, "message": "url doesnt written", "module": "main", "name": "__main__", "process": {"id": 9752, "name": "MainProcess"}, "thread": {"id": 7160, "name": "MainThread"}, "time": {"repr": "2024-08-29 02:59:04.060467+05:00", "timestamp": 1724882344.060467}}}
{"text": "2024-08-29T02:59:04.061466+0500 CRITICAL 'NoneType' object has no attribute 'split'\n", "record": {"elapsed": {"repr": "0:00:10.763057", "seconds": 10.763057}, "exception": null, "extra": {}, "file": {"name": "main.py", "path": "C:\\Users\\melni\\PycharmProjects\\1xbet_parser\\main.py"}, "function": "get_league", "level": {"icon": "☠️", "name": "CRITICAL", "no": 50}, "line": 156, "message": "'NoneType' object has no attribute 'split'", "module": "main", "name": "__main__", "process": {"id": 9752, "name": "MainProcess"}, "thread": {"id": 7160, "name": "MainThread"}, "time": {"repr": "2024-08-29 02:59:04.061466+05:00", "timestamp": 1724882344.061466}}}
{"text": "2024-08-29T02:59:04.061466+0500 CRITICAL url doesnt written\n", "record": {"elapsed": {"repr": "0:00:10.763057", "seconds": 10.763057}, "exception": null, "extra": {}, "file": {"name": "main.py", "path": "C:\\Users\\melni\\PycharmProjects\\1xbet_parser\\main.py"}, "function": "get_league", "level": {"icon": "☠️", "name": "CRITICAL", "no": 50}, "line": 155, "message": "url doesnt written", "module": "main", "name": "__main__", "process": {"id": 9752, "name": "MainProcess"}, "thread": {"id": 7160, "name": "MainThread"}, "time": {"repr": "2024-08-29 02:59:04.061466+05:00", "timestamp": 1724882344.061466}}}
{"text": "2024-08-29T02:59:04.062467+0500 CRITICAL 'NoneType' object has no attribute 'split'\n", "record": {"elapsed": {"repr": "0:00:10.764058", "seconds": 10.764058}, "exception": null, "extra": {}, "file": {"name": "main.py", "path": "C:\\Users\\melni\\PycharmProjects\\1xbet_parser\\main.py"}, "function": "get_league", "level": {"icon": "☠️", "name": "CRITICAL", "no": 50}, "line": 156, "message": "'NoneType' object has no attribute 'split'", "module": "main", "name": "__main__", "process": {"id": 9752, "name": "MainProcess"}, "thread": {"id": 7160, "name": "MainThread"}, "time": {"repr": "2024-08-29 02:59:04.062467+05:00", "timestamp": 1724882344.062467}}}
{"text": "2024-08-29T02:59:04.063466+0500 CRITICAL url doesnt written\n", "record": {"elapsed": {"repr": "0:00:10.765057", "seconds": 10.765057}, "exception": null, "extra": {}, "file": {"name": "main.py", "path": "C:\\Users\\melni\\PycharmProjects\\1xbet_parser\\main.py"}, "function": "get_league", "level": {"icon": "☠️", "name": "CRITICAL", "no": 50}, "line": 155, "message": "url doesnt written", "module": "main", "name": "__main__", "process": {"id": 9752, "name": "MainProcess"}, "thread": {"id": 7160, "name": "MainThread"}, "time": {"repr": "2024-08-29 02:59:04.063466+05:00", "timestamp": 1724882344.063466}}}
{"text": "2024-08-29T02:59:04.064468+0500 CRITICAL 'NoneType' object has no attribute 'split'\n", "record": {"elapsed": {"repr": "0:00:10.766059", "seconds": 10.766059}, "exception": null, "extra": {}, "file": {"name": "main.py", "path": "C:\\Users\\melni\\PycharmProjects\\1xbet_parser\\main.py"}, "function": "get_league", "level": {"icon": "☠️", "name": "CRITICAL", "no": 50}, "line": 156, "message": "'NoneType' object has no attribute 'split'", "module": "main", "name": "__main__", "process": {"id": 9752, "name": "MainProcess"}, "thread": {"id": 7160, "name": "MainThread"}, "time": {"repr": "2024-08-29 02:59:04.064468+05:00", "timestamp": 1724882344.064468}}}
{"text": "2024-08-29T02:59:04.065465+0500 CRITICAL url doesnt written\n", "record": {"elapsed": {"repr": "0:00:10.767056", "seconds": 10.767056}, "exception": null, "extra": {}, "file": {"name": "main.py", "path": "C:\\Users\\melni\\PycharmProjects\\1xbet_parser\\main.py"}, "function": "get_league", "level": {"icon": "☠️", "name": "CRITICAL", "no": 50}, "line": 155, "message": "url doesnt written", "module": "main", "name": "__main__", "process": {"id": 9752, "name": "MainProcess"}, "thread": {"id": 7160, "name": "MainThread"}, "time": {"repr": "2024-08-29 02:59:04.065465+05:00", "timestamp": 1724882344.065465}}}
{"text": "2024-08-29T02:59:04.065465+0500 CRITICAL 'NoneType' object has no attribute 'split'\n", "record": {"elapsed": {"repr": "0:00:10.767056", "seconds": 10.767056}, "exception": null, "extra": {}, "file": {"name": "main.py", "path": "C:\\Users\\melni\\PycharmProjects\\1xbet_parser\\main.py"}, "function": "get_league", "level": {"icon": "☠️", "name": "CRITICAL", "no": 50}, "line": 156, "message": "'NoneType' object has no attribute 'split'", "module": "main", "name": "__main__", "process": {"id": 9752, "name": "MainProcess"}, "thread": {"id": 7160, "name": "MainThread"}, "time": {"repr": "2024-08-29 02:59:04.065465+05:00", "timestamp": 1724882344.065465}}}
{"text": "2024-08-29T02:59:04.066467+0500 CRITICAL url doesnt written\n", "record": {"elapsed": {"repr": "0:00:10.768058", "seconds": 10.768058}, "exception": null, "extra": {}, "file": {"name": "main.py", "path": "C:\\Users\\melni\\PycharmProjects\\1xbet_parser\\main.py"}, "function": "get_league", "level": {"icon": "☠️", "name": "CRITICAL", "no": 50}, "line": 155, "message": "url doesnt written", "module": "main", "name": "__main__", "process": {"id": 9752, "name": "MainProcess"}, "thread": {"id": 7160, "name": "MainThread"}, "time": {"repr": "2024-08-29 02:59:04.066467+05:00", "timestamp": 1724882344.066467}}}
{"text": "2024-08-29T02:59:04.067467+0500 CRITICAL 'NoneType' object has no attribute 'split'\n", "record": {"elapsed": {"repr": "0:00:10.769058", "seconds": 10.769058}, "exception": null, "extra": {}, "file": {"name": "main.py", "path": "C:\\Users\\melni\\PycharmProjects\\1xbet_parser\\main.py"}, "function": "get_league", "level": {"icon": "☠️", "name": "CRITICAL", "no": 50}, "line": 156, "message": "'NoneType' object has no attribute 'split'", "module": "main", "name": "__main__", "process": {"id": 9752, "name": "MainProcess"}, "thread": {"id": 7160, "name": "MainThread"}, "time": {"repr": "2024-08-29 02:59:04.067467+05:00", "timestamp": 1724882344.067467}}}
{"text": "2024-08-29T02:59:04.068468+0500 CRITICAL url doesnt written\n", "record": {"elapsed": {"repr": "0:00:10.770059", "seconds": 10.770059}, "exception": null, "extra": {}, "file": {"name": "main.py", "path": "C:\\Users\\melni\\PycharmProjects\\1xbet_parser\\main.py"}, "function": "get_league", "level": {"icon": "☠️", "name": "CRITICAL", "no": 50}, "line": 155, "message": "url doesnt written", "module": "main", "name": "__main__", "process": {"id": 9752, "name": "MainProcess"}, "thread": {"id": 7160, "name": "MainThread"}, "time": {"repr": "2024-08-29 02:59:04.068468+05:00", "timestamp": 1724882344.068468}}}
{"text": "2024-08-29T02:59:04.069467+0500 CRITICAL 'NoneType' object has no attribute 'split'\n", "record": {"elapsed": {"repr": "0:00:10.771058", "seconds": 10.771058}, "exception": null, "extra": {}, "file": {"name": "main.py", "path": "C:\\Users\\melni\\PycharmProjects\\1xbet_parser\\main.py"}, "function": "get_league", "level": {"icon": "☠️", "name": "CRITICAL", "no": 50}, "line": 156, "message": "'NoneType' object has no attribute 'split'", "module": "main", "name": "__main__", "process": {"id": 9752, "name": "MainProcess"}, "thread": {"id": 7160, "name": "MainThread"}, "time": {"repr": "2024-08-29 02:59:04.069467+05:00", "timestamp": 1724882344.069467}}}
{"text": "2024-08-29T02:59:04.069467+0500 CRITICAL url doesnt written\n", "record": {"elapsed": {"repr": "0:00:10.771058", "seconds": 10.771058}, "exception": null, "extra": {}, "file": {"name": "main.py", "path": "C:\\Users\\melni\\PycharmProjects\\1xbet_parser\\main.py"}, "function": "get_league", "level": {"icon": "☠️", "name": "CRITICAL", "no": 50}, "line": 155, "message": "url doesnt written", "module": "main", "name": "__main__", "process": {"id": 9752, "name": "MainProcess"}, "thread": {"id": 7160, "name": "MainThread"}, "time": {"repr": "2024-08-29 02:59:04.069467+05:00", "timestamp": 1724882344.069467}}}
{"text": "2024-08-29T02:59:04.070468+0500 CRITICAL 'NoneType' object has no attribute 'split'\n", "record": {"elapsed": {"repr": "0:00:10.772059", "seconds": 10.772059}, "exception": null, "extra": {}, "file": {"name": "main.py", "path": "C:\\Users\\melni\\PycharmProjects\\1xbet_parser\\main.py"}, "function": "get_league", "level": {"icon": "☠️", "name": "CRITICAL", "no": 50}, "line": 156, "message": "'NoneType' object has no attribute 'split'", "module": "main", "name": "__main__", "process": {"id": 9752, "name": "MainProcess"}, "thread": {"id": 7160, "name": "MainThread"}, "time": {"repr": "2024-08-29 02:59:04.070468+05:00", "timestamp": 1724882344.070468}}}
{"text": "2024-08-29T02:59:04.071468+0500 CRITICAL url doesnt written\n", "record": {"elapsed": {"repr": "0:00:10.773059", "seconds": 10.773059}, "exception": null, "extra": {}, "file": {"name": "main.py", "path": "C:\\Users\\melni\\PycharmProjects\\1xbet_parser\\main.py"}, "function": "get_league", "level": {"icon": "☠️", "name": "CRITICAL", "no": 50}, "line": 155, "message": "url doesnt written", "module": "main", "name": "__main__", "process": {"id": 9752, "name": "MainProcess"}, "thread": {"id": 7160, "name": "MainThread"}, "time": {"repr": "2024-08-29 02:59:04.071468+05:00", "timestamp": 1724882344.071468}}}
{"text": "2024-08-29T02:59:04.076987+0500 CRITICAL 'NoneType' object has no attribute 'split'\n", "record": {"elapsed": {"repr": "0:00:10.778578", "seconds": 10.778578}, "exception": null, "extra": {}, "file": {"name": "main.py", "path": "C:\\Users\\melni\\PycharmProjects\\1xbet_parser\\main.py"}, "function": "get_league", "level": {"icon": "☠️", "name": "CRITICAL", "no": 50}, "line": 156, "message": "'NoneType' object has no attribute 'split'", "module": "main", "name": "__main__", "process": {"id": 9752, "name": "MainProcess"}, "thread": {"id": 7160, "name": "MainThread"}, "time": {"repr": "2024-08-29 02:59:04.076987+05:00", "timestamp": 1724882344.076987}}}
{"text": "2024-08-29T02:59:04.077989+0500 CRITICAL url doesnt written\n", "record": {"elapsed": {"repr": "0:00:10.779580", "seconds": 10.77958}, "exception": null, "extra": {}, "file": {"name": "main.py", "path": "C:\\Users\\melni\\PycharmProjects\\1xbet_parser\\main.py"}, "function": "get_league", "level": {"icon": "☠️", "name": "CRITICAL", "no": 50}, "line": 155, "message": "url doesnt written", "module": "main", "name": "__main__", "process": {"id": 9752, "name": "MainProcess"}, "thread": {"id": 7160, "name": "MainThread"}, "time": {"repr": "2024-08-29 02:59:04.077989+05:00", "timestamp": 1724882344.077989}}}
{"text": "2024-08-29T02:59:04.077989+0500 CRITICAL 'NoneType' object has no attribute 'split'\n", "record": {"elapsed": {"repr": "0:00:10.779580", "seconds": 10.77958}, "exception": null, "extra": {}, "file": {"name": "main.py", "path": "C:\\Users\\melni\\PycharmProjects\\1xbet_parser\\main.py"}, "function": "get_league", "level": {"icon": "☠️", "name": "CRITICAL", "no": 50}, "line": 156, "message": "'NoneType' object has no attribute 'split'", "module": "main", "name": "__main__", "process": {"id": 9752, "name": "MainProcess"}, "thread": {"id": 7160, "name": "MainThread"}, "time": {"repr": "2024-08-29 02:59:04.077989+05:00", "timestamp": 1724882344.077989}}}
{"text": "2024-08-29T02:59:04.078991+0500 CRITICAL url doesnt written\n", "record": {"elapsed": {"repr": "0:00:10.780582", "seconds": 10.780582}, "exception": null, "extra": {}, "file": {"name": "main.py", "path": "C:\\Users\\melni\\PycharmProjects\\1xbet_parser\\main.py"}, "function": "get_league", "level": {"icon": "☠️", "name": "CRITICAL", "no": 50}, "line": 155, "message": "url doesnt written", "module": "main", "name": "__main__", "process": {"id": 9752, "name": "MainProcess"}, "thread": {"id": 7160, "name": "MainThread"}, "time": {"repr": "2024-08-29 02:59:04.078991+05:00", "timestamp": 1724882344.078991}}}
{"text": "2024-08-29T02:59:04.079989+0500 CRITICAL 'NoneType' object has no attribute 'split'\n", "record": {"elapsed": {"repr": "0:00:10.781580", "seconds": 10.78158}, "exception": null, "extra": {}, "file": {"name": "main.py", "path": "C:\\Users\\melni\\PycharmProjects\\1xbet_parser\\main.py"}, "function": "get_league", "level": {"icon": "☠️", "name": "CRITICAL", "no": 50}, "line": 156, "message": "'NoneType' object has no attribute 'split'", "module": "main", "name": "__main__", "process": {"id": 9752, "name": "MainProcess"}, "thread": {"id": 7160, "name": "MainThread"}, "time": {"repr": "2024-08-29 02:59:04.079989+05:00", "timestamp": 1724882344.079989}}}
{"text": "2024-08-29T02:59:04.080990+0500 CRITICAL url doesnt written\n", "record": {"elapsed": {"repr": "0:00:10.782581", "seconds": 10.782581}, "exception": null, "extra": {}, "file": {"name": "main.py", "path": "C:\\Users\\melni\\PycharmProjects\\1xbet_parser\\main.py"}, "function": "get_league", "level": {"icon": "☠️", "name": "CRITICAL", "no": 50}, "line": 155, "message": "url doesnt written", "module": "main", "name": "__main__", "process": {"id": 9752, "name": "MainProcess"}, "thread": {"id": 7160, "name": "MainThread"}, "time": {"repr": "2024-08-29 02:59:04.080990+05:00", "timestamp": 1724882344.08099}}}
{"text": "2024-08-29T02:59:04.082029+0500 CRITICAL 'NoneType' object has no attribute 'split'\n", "record": {"elapsed": {"repr": "0:00:10.783620", "seconds": 10.78362}, "exception": null, "extra": {}, "file": {"name": "main.py", "path": "C:\\Users\\melni\\PycharmProjects\\1xbet_parser\\main.py"}, "function": "get_league", "level": {"icon": "☠️", "name": "CRITICAL", "no": 50}, "line": 156, "message": "'NoneType' object has no attribute 'split'", "module": "main", "name": "__main__", "process": {"id": 9752, "name": "MainProcess"}, "thread": {"id": 7160, "name": "MainThread"}, "time": {"repr": "2024-08-29 02:59:04.082029+05:00", "timestamp": 1724882344.082029}}}
{"text": "2024-08-29T02:59:04.082991+0500 CRITICAL url doesnt written\n", "record": {"elapsed": {"repr": "0:00:10.784582", "seconds": 10.784582}, "exception": null, "extra": {}, "file": {"name": "main.py", "path": "C:\\Users\\melni\\PycharmProjects\\1xbet_parser\\main.py"}, "function": "get_league", "level": {"icon": "☠️", "name": "CRITICAL", "no": 50}, "line": 155, "message": "url doesnt written", "module": "main", "name": "__main__", "process": {"id": 9752, "name": "MainProcess"}, "thread": {"id": 7160, "name": "MainThread"}, "time": {"repr": "2024-08-29 02:59:04.082991+05:00", "timestamp": 1724882344.082991}}}
{"text": "2024-08-29T02:59:04.083993+0500 CRITICAL 'NoneType' object has no attribute 'split'\n", "record": {"elapsed": {"repr": "0:00:10.785584", "seconds": 10.785584}, "exception": null, "extra": {}, "file": {"name": "main.py", "path": "C:\\Users\\melni\\PycharmProjects\\1xbet_parser\\main.py"}, "function": "get_league", "level": {"icon": "☠️", "name": "CRITICAL", "no": 50}, "line": 156, "message": "'NoneType' object has no attribute 'split'", "module": "main", "name": "__main__", "process": {"id": 9752, "name": "MainProcess"}, "thread": {"id": 7160, "name": "MainThread"}, "time": {"repr": "2024-08-29 02:59:04.083993+05:00", "timestamp": 1724882344.083993}}}
{"text": "2024-08-29T02:59:04.084992+0500 CRITICAL url doesnt written\n", "record": {"elapsed": {"repr": "0:00:10.786583", "seconds": 10.786583}, "exception": null, "extra": {}, "file": {"name": "main.py", "path": "C:\\Users\\melni\\PycharmProjects\\1xbet_parser\\main.py"}, "function": "get_league", "level": {"icon": "☠️", "name": "CRITICAL", "no": 50}, "line": 155, "message": "url doesnt written", "module": "main", "name": "__main__", "process": {"id": 9752, "name": "MainProcess"}, "thread": {"id": 7160, "name": "MainThread"}, "time": {"repr": "2024-08-29 02:59:04.084992+05:00", "timestamp": 1724882344.084992}}}
{"text": "2024-08-29T02:59:04.084992+0500 CRITICAL 'NoneType' object has no attribute 'split'\n", "record": {"elapsed": {"repr": "0:00:10.786583", "seconds": 10.786583}, "exception": null, "extra": {}, "file": {"name": "main.py", "path": "C:\\Users\\melni\\PycharmProjects\\1xbet_parser\\main.py"}, "function": "get_league", "level": {"icon": "☠️", "name": "CRITICAL", "no": 50}, "line": 156, "message": "'NoneType' object has no attribute 'split'", "module": "main", "name": "__main__", "process": {"id": 9752, "name": "MainProcess"}, "thread": {"id": 7160, "name": "MainThread"}, "time": {"repr": "2024-08-29 02:59:04.084992+05:00", "timestamp": 1724882344.084992}}}
{"text": "2024-08-29T02:59:04.085995+0500 CRITICAL url doesnt written\n", "record": {"elapsed": {"repr": "0:00:10.787586", "seconds": 10.787586}, "exception": null, "extra": {}, "file": {"name": "main.py", "path": "C:\\Users\\melni\\PycharmProjects\\1xbet_parser\\main.py"}, "function": "get_league", "level": {"icon": "☠️", "name": "CRITICAL", "no": 50}, "line": 155, "message": "url doesnt written", "module": "main", "name": "__main__", "process": {"id": 9752, "name": "MainProcess"}, "thread": {"id": 7160, "name": "MainThread"}, "time": {"repr": "2024-08-29 02:59:04.085995+05:00", "timestamp": 1724882344.085995}}}
{"text": "2024-08-29T02:59:04.086992+0500 CRITICAL 'NoneType' object has no attribute 'split'\n", "record": {"elapsed": {"repr": "0:00:10.788583", "seconds": 10.788583}, "exception": null, "extra": {}, "file": {"name": "main.py", "path": "C:\\Users\\melni\\PycharmProjects\\1xbet_parser\\main.py"}, "function": "get_league", "level": {"icon": "☠️", "name": "CRITICAL", "no": 50}, "line": 156, "message": "'NoneType' object has no attribute 'split'", "module": "main", "name": "__main__", "process": {"id": 9752, "name": "MainProcess"}, "thread": {"id": 7160, "name": "MainThread"}, "time": {"repr": "2024-08-29 02:59:04.086992+05:00", "timestamp": 1724882344.086992}}}
{"text": "2024-08-29T02:59:04.087993+0500 CRITICAL url doesnt written\n", "record": {"elapsed": {"repr": "0:00:10.789584", "seconds": 10.789584}, "exception": null, "extra": {}, "file": {"name": "main.py", "path": "C:\\Users\\melni\\PycharmProjects\\1xbet_parser\\main.py"}, "function": "get_league", "level": {"icon": "☠️", "name": "CRITICAL", "no": 50}, "line": 155, "message": "url doesnt written", "module": "main", "name": "__main__", "process": {"id": 9752, "name": "MainProcess"}, "thread": {"id": 7160, "name": "MainThread"}, "time": {"repr": "2024-08-29 02:59:04.087993+05:00", "timestamp": 1724882344.087993}}}
{"text": "2024-08-29T02:59:04.088994+0500 CRITICAL 'NoneType' object has no attribute 'split'\n", "record": {"elapsed": {"repr": "0:00:10.790585", "seconds": 10.790585}, "exception": null, "extra": {}, "file": {"name": "main.py", "path": "C:\\Users\\melni\\PycharmProjects\\1xbet_parser\\main.py"}, "function": "get_league", "level": {"icon": "☠️", "name": "CRITICAL", "no": 50}, "line": 156, "message": "'NoneType' object has no attribute 'split'", "module": "main", "name": "__main__", "process": {"id": 9752, "name": "MainProcess"}, "thread": {"id": 7160, "name": "MainThread"}, "time": {"repr": "2024-08-29 02:59:04.088994+05:00", "timestamp": 1724882344.088994}}}
{"text": "2024-08-29T02:59:04.089993+0500 CRITICAL url doesnt written\n", "record": {"elapsed": {"repr": "0:00:10.791584", "seconds": 10.791584}, "exception": null, "extra": {}, "file": {"name": "main.py", "path": "C:\\Users\\melni\\PycharmProjects\\1xbet_parser\\main.py"}, "function": "get_league", "level": {"icon": "☠️", "name": "CRITICAL", "no": 50}, "line": 155, "message": "url doesnt written", "module": "main", "name": "__main__", "process": {"id": 9752, "name": "MainProcess"}, "thread": {"id": 7160, "name": "MainThread"}, "time": {"repr": "2024-08-29 02:59:04.089993+05:00", "timestamp": 1724882344.089993}}}
{"text": "2024-08-29T02:59:04.090995+0500 CRITICAL 'NoneType' object has no attribute 'split'\n", "record": {"elapsed": {"repr": "0:00:10.792586", "seconds": 10.792586}, "exception": null, "extra": {}, "file": {"name": "main.py", "path": "C:\\Users\\melni\\PycharmProjects\\1xbet_parser\\main.py"}, "function": "get_league", "level": {"icon": "☠️", "name": "CRITICAL", "no": 50}, "line": 156, "message": "'NoneType' object has no attribute 'split'", "module": "main", "name": "__main__", "process": {"id": 9752, "name": "MainProcess"}, "thread": {"id": 7160, "name": "MainThread"}, "time": {"repr": "2024-08-29 02:59:04.090995+05:00", "timestamp": 1724882344.090995}}}
{"text": "2024-08-29T02:59:04.090995+0500 CRITICAL url doesnt written\n", "record": {"elapsed": {"repr": "0:00:10.792586", "seconds": 10.792586}, "exception": null, "extra": {}, "file": {"name": "main.py", "path": "C:\\Users\\melni\\PycharmProjects\\1xbet_parser\\main.py"}, "function": "get_league", "level": {"icon": "☠️", "name": "CRITICAL", "no": 50}, "line": 155, "message": "url doesnt written", "module": "main", "name": "__main__", "process": {"id": 9752, "name": "MainProcess"}, "thread": {"id": 7160, "name": "MainThread"}, "time": {"repr": "2024-08-29 02:59:04.090995+05:00", "timestamp": 1724882344.090995}}}
{"text": "2024-08-29T02:59:04.092034+0500 CRITICAL 'NoneType' object has no attribute 'split'\n", "record": {"elapsed": {"repr": "0:00:10.793625", "seconds": 10.793625}, "exception": null, "extra": {}, "file": {"name": "main.py", "path": "C:\\Users\\melni\\PycharmProjects\\1xbet_parser\\main.py"}, "function": "get_league", "level": {"icon": "☠️", "name": "CRITICAL", "no": 50}, "line": 156, "message": "'NoneType' object has no attribute 'split'", "module": "main", "name": "__main__", "process": {"id": 9752, "name": "MainProcess"}, "thread": {"id": 7160, "name": "MainThread"}, "time": {"repr": "2024-08-29 02:59:04.092034+05:00", "timestamp": 1724882344.092034}}}
{"text": "2024-08-29T02:59:04.092994+0500 CRITICAL url doesnt written\n", "record": {"elapsed": {"repr": "0:00:10.794585", "seconds": 10.794585}, "exception": null, "extra": {}, "file": {"name": "main.py", "path": "C:\\Users\\melni\\PycharmProjects\\1xbet_parser\\main.py"}, "function": "get_league", "level": {"icon": "☠️", "name": "CRITICAL", "no": 50}, "line": 155, "message": "url doesnt written", "module": "main", "name": "__main__", "process": {"id": 9752, "name": "MainProcess"}, "thread": {"id": 7160, "name": "MainThread"}, "time": {"repr": "2024-08-29 02:59:04.092994+05:00", "timestamp": 1724882344.092994}}}
{"text": "2024-08-29T02:59:04.093994+0500 CRITICAL 'NoneType' object has no attribute 'split'\n", "record": {"elapsed": {"repr": "0:00:10.795585", "seconds": 10.795585}, "exception": null, "extra": {}, "file": {"name": "main.py", "path": "C:\\Users\\melni\\PycharmProjects\\1xbet_parser\\main.py"}, "function": "get_league", "level": {"icon": "☠️", "name": "CRITICAL", "no": 50}, "line": 156, "message": "'NoneType' object has no attribute 'split'", "module": "main", "name": "__main__", "process": {"id": 9752, "name": "MainProcess"}, "thread": {"id": 7160, "name": "MainThread"}, "time": {"repr": "2024-08-29 02:59:04.093994+05:00", "timestamp": 1724882344.093994}}}
{"text": "2024-08-29T02:59:04.093994+0500 CRITICAL url doesnt written\n", "record": {"elapsed": {"repr": "0:00:10.795585", "seconds": 10.795585}, "exception": null, "extra": {}, "file": {"name": "main.py", "path": "C:\\Users\\melni\\PycharmProjects\\1xbet_parser\\main.py"}, "function": "get_league", "level": {"icon": "☠️", "name": "CRITICAL", "no": 50}, "line": 155, "message": "url doesnt written", "module": "main", "name": "__main__", "process": {"id": 9752, "name": "MainProcess"}, "thread": {"id": 7160, "name": "MainThread"}, "time": {"repr": "2024-08-29 02:59:04.093994+05:00", "timestamp": 1724882344.093994}}}
{"text": "2024-08-29T02:59:04.094995+0500 CRITICAL 'NoneType' object has no attribute 'split'\n", "record": {"elapsed": {"repr": "0:00:10.796586", "seconds": 10.796586}, "exception": null, "extra": {}, "file": {"name": "main.py", "path": "C:\\Users\\melni\\PycharmProjects\\1xbet_parser\\main.py"}, "function": "get_league", "level": {"icon": "☠️", "name": "CRITICAL", "no": 50}, "line": 156, "message": "'NoneType' object has no attribute 'split'", "module": "main", "name": "__main__", "process": {"id": 9752, "name": "MainProcess"}, "thread": {"id": 7160, "name": "MainThread"}, "time": {"repr": "2024-08-29 02:59:04.094995+05:00", "timestamp": 1724882344.094995}}}
{"text": "2024-08-29T02:59:04.095994+0500 CRITICAL url doesnt written\n", "record": {"elapsed": {"repr": "0:00:10.797585", "seconds": 10.797585}, "exception": null, "extra": {}, "file": {"name": "main.py", "path": "C:\\Users\\melni\\PycharmProjects\\1xbet_parser\\main.py"}, "function": "get_league", "level": {"icon": "☠️", "name": "CRITICAL", "no": 50}, "line": 155, "message": "url doesnt written", "module": "main", "name": "__main__", "process": {"id": 9752, "name": "MainProcess"}, "thread": {"id": 7160, "name": "MainThread"}, "time": {"repr": "2024-08-29 02:59:04.095994+05:00", "timestamp": 1724882344.095994}}}
{"text": "2024-08-29T02:59:04.096998+0500 CRITICAL 'NoneType' object has no attribute 'split'\n", "record": {"elapsed": {"repr": "0:00:10.798589", "seconds": 10.798589}, "exception": null, "extra": {}, "file": {"name": "main.py", "path": "C:\\Users\\melni\\PycharmProjects\\1xbet_parser\\main.py"}, "function": "get_league", "level": {"icon": "☠️", "name": "CRITICAL", "no": 50}, "line": 156, "message": "'NoneType' object has no attribute 'split'", "module": "main", "name": "__main__", "process": {"id": 9752, "name": "MainProcess"}, "thread": {"id": 7160, "name": "MainThread"}, "time": {"repr": "2024-08-29 02:59:04.096998+05:00", "timestamp": 1724882344.096998}}}
{"text": "2024-08-29T02:59:04.097997+0500 CRITICAL url doesnt written\n", "record": {"elapsed": {"repr": "0:00:10.799588", "seconds": 10.799588}, "exception": null, "extra": {}, "file": {"name": "main.py", "path": "C:\\Users\\melni\\PycharmProjects\\1xbet_parser\\main.py"}, "function": "get_league", "level": {"icon": "☠️", "name": "CRITICAL", "no": 50}, "line": 155, "message": "url doesnt written", "module": "main", "name": "__main__", "process": {"id": 9752, "name": "MainProcess"}, "thread": {"id": 7160, "name": "MainThread"}, "time": {"repr": "2024-08-29 02:59:04.097997+05:00", "timestamp": 1724882344.097997}}}
{"text": "2024-08-29T02:59:04.097997+0500 CRITICAL 'NoneType' object has no attribute 'split'\n", "record": {"elapsed": {"repr": "0:00:10.799588", "seconds": 10.799588}, "exception": null, "extra": {}, "file": {"name": "main.py", "path": "C:\\Users\\melni\\PycharmProjects\\1xbet_parser\\main.py"}, "function": "get_league", "level": {"icon": "☠️", "name": "CRITICAL", "no": 50}, "line": 156, "message": "'NoneType' object has no attribute 'split'", "module": "main", "name": "__main__", "process": {"id": 9752, "name": "MainProcess"}, "thread": {"id": 7160, "name": "MainThread"}, "time": {"repr": "2024-08-29 02:59:04.097997+05:00", "timestamp": 1724882344.097997}}}
{"text": "2024-08-29T02:59:04.098998+0500 CRITICAL url doesnt written\n", "record": {"elapsed": {"repr": "0:00:10.800589", "seconds": 10.800589}, "exception": null, "extra": {}, "file": {"name": "main.py", "path": "C:\\Users\\melni\\PycharmProjects\\1xbet_parser\\main.py"}, "function": "get_league", "level": {"icon": "☠️", "name": "CRITICAL", "no": 50}, "line": 155, "message": "url doesnt written", "module": "main", "name": "__main__", "process": {"id": 9752, "name": "MainProcess"}, "thread": {"id": 7160, "name": "MainThread"}, "time": {"repr": "2024-08-29 02:59:04.098998+05:00", "timestamp": 1724882344.098998}}}
{"text": "2024-08-29T02:59:04.099997+0500 CRITICAL 'NoneType' object has no attribute 'split'\n", "record": {"elapsed": {"repr": "0:00:10.801588", "seconds": 10.801588}, "exception": null, "extra": {}, "file": {"name": "main.py", "path": "C:\\Users\\melni\\PycharmProjects\\1xbet_parser\\main.py"}, "function": "get_league", "level": {"icon": "☠️", "name": "CRITICAL", "no": 50}, "line": 156, "message": "'NoneType' object has no attribute 'split'", "module": "main", "name": "__main__", "process": {"id": 9752, "name": "MainProcess"}, "thread": {"id": 7160, "name": "MainThread"}, "time": {"repr": "2024-08-29 02:59:04.099997+05:00", "timestamp": 1724882344.099997}}}
{"text": "2024-08-29T02:59:04.100996+0500 CRITICAL url doesnt written\n", "record": {"elapsed": {"repr": "0:00:10.802587", "seconds": 10.802587}, "exception": null, "extra": {}, "file": {"name": "main.py", "path": "C:\\Users\\melni\\PycharmProjects\\1xbet_parser\\main.py"}, "function": "get_league", "level": {"icon": "☠️", "name": "CRITICAL", "no": 50}, "line": 155, "message": "url doesnt written", "module": "main", "name": "__main__", "process": {"id": 9752, "name": "MainProcess"}, "thread": {"id": 7160, "name": "MainThread"}, "time": {"repr": "2024-08-29 02:59:04.100996+05:00", "timestamp": 1724882344.100996}}}
{"text": "2024-08-29T02:59:04.101998+0500 CRITICAL 'NoneType' object has no attribute 'split'\n", "record": {"elapsed": {"repr": "0:00:10.803589", "seconds": 10.803589}, "exception": null, "extra": {}, "file": {"name": "main.py", "path": "C:\\Users\\melni\\PycharmProjects\\1xbet_parser\\main.py"}, "function": "get_league", "level": {"icon": "☠️", "name": "CRITICAL", "no": 50}, "line": 156, "message": "'NoneType' object has no attribute 'split'", "module": "main", "name": "__main__", "process": {"id": 9752, "name": "MainProcess"}, "thread": {"id": 7160, "name": "MainThread"}, "time": {"repr": "2024-08-29 02:59:04.101998+05:00", "timestamp": 1724882344.101998}}}
{"text": "2024-08-29T02:59:04.104000+0500 CRITICAL url doesnt written\n", "record": {"elapsed": {"repr": "0:00:10.805591", "seconds": 10.805591}, "exception": null, "extra": {}, "file": {"name": "main.py", "path": "C:\\Users\\melni\\PycharmProjects\\1xbet_parser\\main.py"}, "function": "get_league", "level": {"icon": "☠️", "name": "CRITICAL", "no": 50}, "line": 155, "message": "url doesnt written", "module": "main", "name": "__main__", "process": {"id": 9752, "name": "MainProcess"}, "thread": {"id": 7160, "name": "MainThread"}, "time": {"repr": "2024-08-29 02:59:04.104000+05:00", "timestamp": 1724882344.104}}}
{"text": "2024-08-29T02:59:04.104000+0500 CRITICAL 'NoneType' object has no attribute 'split'\n", "record": {"elapsed": {"repr": "0:00:10.805591", "seconds": 10.805591}, "exception": null, "extra": {}, "file": {"name": "main.py", "path": "C:\\Users\\melni\\PycharmProjects\\1xbet_parser\\main.py"}, "function": "get_league", "level": {"icon": "☠️", "name": "CRITICAL", "no": 50}, "line": 156, "message": "'NoneType' object has no attribute 'split'", "module": "main", "name": "__main__", "process": {"id": 9752, "name": "MainProcess"}, "thread": {"id": 7160, "name": "MainThread"}, "time": {"repr": "2024-08-29 02:59:04.104000+05:00", "timestamp": 1724882344.104}}}
{"text": "2024-08-29T02:59:04.104999+0500 CRITICAL url doesnt written\n", "record": {"elapsed": {"repr": "0:00:10.806590", "seconds": 10.80659}, "exception": null, "extra": {}, "file": {"name": "main.py", "path": "C:\\Users\\melni\\PycharmProjects\\1xbet_parser\\main.py"}, "function": "get_league", "level": {"icon": "☠️", "name": "CRITICAL", "no": 50}, "line": 155, "message": "url doesnt written", "module": "main", "name": "__main__", "process": {"id": 9752, "name": "MainProcess"}, "thread": {"id": 7160, "name": "MainThread"}, "time": {"repr": "2024-08-29 02:59:04.104999+05:00", "timestamp": 1724882344.104999}}}
{"text": "2024-08-29T02:59:04.105997+0500 CRITICAL 'NoneType' object has no attribute 'split'\n", "record": {"elapsed": {"repr": "0:00:10.807588", "seconds": 10.807588}, "exception": null, "extra": {}, "file": {"name": "main.py", "path": "C:\\Users\\melni\\PycharmProjects\\1xbet_parser\\main.py"}, "function": "get_league", "level": {"icon": "☠️", "name": "CRITICAL", "no": 50}, "line": 156, "message": "'NoneType' object has no attribute 'split'", "module": "main", "name": "__main__", "process": {"id": 9752, "name": "MainProcess"}, "thread": {"id": 7160, "name": "MainThread"}, "time": {"repr": "2024-08-29 02:59:04.105997+05:00", "timestamp": 1724882344.105997}}}
