{"text": "2024-08-23T22:23:46.189936+0500 DEBUG reading db\n", "record": {"elapsed": {"repr": "0:00:01.427460", "seconds": 1.42746}, "exception": null, "extra": {}, "file": {"name": "main.py", "path": "C:\\Users\\melni\\PycharmProjects\\betboom_parser\\main.py"}, "function": "find_game", "level": {"icon": "🐞", "name": "DEBUG", "no": 10}, "line": 54, "message": "reading db", "module": "main", "name": "__main__", "process": {"id": 6428, "name": "MainProcess"}, "thread": {"id": 5208, "name": "MainThread"}, "time": {"repr": "2024-08-23 22:23:46.189936+05:00", "timestamp": 1724433826.189936}}}
{"text": "2024-08-23T22:23:46.211175+0500 DEBUG writing bet to db\n", "record": {"elapsed": {"repr": "0:00:01.448699", "seconds": 1.448699}, "exception": null, "extra": {}, "file": {"name": "main.py", "path": "C:\\Users\\melni\\PycharmProjects\\betboom_parser\\main.py"}, "function": "find_game", "level": {"icon": "🐞", "name": "DEBUG", "no": 10}, "line": 68, "message": "writing bet to db", "module": "main", "name": "__main__", "process": {"id": 6428, "name": "MainProcess"}, "thread": {"id": 5208, "name": "MainThread"}, "time": {"repr": "2024-08-23 22:23:46.211175+05:00", "timestamp": 1724433826.211175}}}
{"text": "2024-08-23T22:23:46.212184+0500 DEBUG finding coefficients\n", "record": {"elapsed": {"repr": "0:00:01.449708", "seconds": 1.449708}, "exception": null, "extra": {}, "file": {"name": "main.py", "path": "C:\\Users\\melni\\PycharmProjects\\betboom_parser\\main.py"}, "function": "get_bet", "level": {"icon": "🐞", "name": "DEBUG", "no": 10}, "line": 94, "message": "finding coefficients", "module": "main", "name": "__main__", "process": {"id": 6428, "name": "MainProcess"}, "thread": {"id": 5208, "name": "MainThread"}, "time": {"repr": "2024-08-23 22:23:46.212184+05:00", "timestamp": 1724433826.212184}}}
{"text": "2024-08-23T22:23:46.213164+0500 DEBUG reading db\n", "record": {"elapsed": {"repr": "0:00:01.450688", "seconds": 1.450688}, "exception": null, "extra": {}, "file": {"name": "main.py", "path": "C:\\Users\\melni\\PycharmProjects\\betboom_parser\\main.py"}, "function": "find_game", "level": {"icon": "🐞", "name": "DEBUG", "no": 10}, "line": 54, "message": "reading db", "module": "main", "name": "__main__", "process": {"id": 6428, "name": "MainProcess"}, "thread": {"id": 5208, "name": "MainThread"}, "time": {"repr": "2024-08-23 22:23:46.213164+05:00", "timestamp": 1724433826.213164}}}
{"text": "2024-08-23T22:23:46.609969+0500 INFO CS 2. BLAST Premier: Fall Showdown (23.08 22:30)\nBIG - GamerLegion\n\nold odds: 2-я карта -> 1.83\nnew odds: 2-я карта -> 1.67\n", "record": {"elapsed": {"repr": "0:00:01.847493", "seconds": 1.847493}, "exception": null, "extra": {}, "file": {"name": "main.py", "path": "C:\\Users\\melni\\PycharmProjects\\betboom_parser\\main.py"}, "function": "get_alter_message", "level": {"icon": "ℹ️", "name": "INFO", "no": 20}, "line": 46, "message": "CS 2. BLAST Premier: Fall Showdown (23.08 22:30)\nBIG - GamerLegion\n\nold odds: 2-я карта -> 1.83\nnew odds: 2-я карта -> 1.67", "module": "main", "name": "__main__", "process": {"id": 6428, "name": "MainProcess"}, "thread": {"id": 5208, "name": "MainThread"}, "time": {"repr": "2024-08-23 22:23:46.609969+05:00", "timestamp": 1724433826.609969}}}
{"text": "2024-08-23T22:23:46.610958+0500 INFO message sent\n", "record": {"elapsed": {"repr": "0:00:01.848482", "seconds": 1.848482}, "exception": null, "extra": {}, "file": {"name": "main.py", "path": "C:\\Users\\melni\\PycharmProjects\\betboom_parser\\main.py"}, "function": "get_alter_message", "level": {"icon": "ℹ️", "name": "INFO", "no": 20}, "line": 47, "message": "message sent", "module": "main", "name": "__main__", "process": {"id": 6428, "name": "MainProcess"}, "thread": {"id": 5208, "name": "MainThread"}, "time": {"repr": "2024-08-23 22:23:46.610958+05:00", "timestamp": 1724433826.610958}}}
{"text": "2024-08-23T22:23:46.611959+0500 DEBUG writing bet to db\n", "record": {"elapsed": {"repr": "0:00:01.849483", "seconds": 1.849483}, "exception": null, "extra": {}, "file": {"name": "main.py", "path": "C:\\Users\\melni\\PycharmProjects\\betboom_parser\\main.py"}, "function": "find_game", "level": {"icon": "🐞", "name": "DEBUG", "no": 10}, "line": 68, "message": "writing bet to db", "module": "main", "name": "__main__", "process": {"id": 6428, "name": "MainProcess"}, "thread": {"id": 5208, "name": "MainThread"}, "time": {"repr": "2024-08-23 22:23:46.611959+05:00", "timestamp": 1724433826.611959}}}
{"text": "2024-08-23T22:23:46.612964+0500 DEBUG finding coefficients\n", "record": {"elapsed": {"repr": "0:00:01.850488", "seconds": 1.850488}, "exception": null, "extra": {}, "file": {"name": "main.py", "path": "C:\\Users\\melni\\PycharmProjects\\betboom_parser\\main.py"}, "function": "get_bet", "level": {"icon": "🐞", "name": "DEBUG", "no": 10}, "line": 94, "message": "finding coefficients", "module": "main", "name": "__main__", "process": {"id": 6428, "name": "MainProcess"}, "thread": {"id": 5208, "name": "MainThread"}, "time": {"repr": "2024-08-23 22:23:46.612964+05:00", "timestamp": 1724433826.612964}}}
{"text": "2024-08-23T22:23:46.613963+0500 DEBUG reading db\n", "record": {"elapsed": {"repr": "0:00:01.851487", "seconds": 1.851487}, "exception": null, "extra": {}, "file": {"name": "main.py", "path": "C:\\Users\\melni\\PycharmProjects\\betboom_parser\\main.py"}, "function": "find_game", "level": {"icon": "🐞", "name": "DEBUG", "no": 10}, "line": 54, "message": "reading db", "module": "main", "name": "__main__", "process": {"id": 6428, "name": "MainProcess"}, "thread": {"id": 5208, "name": "MainThread"}, "time": {"repr": "2024-08-23 22:23:46.613963+05:00", "timestamp": 1724433826.613963}}}
{"text": "2024-08-23T22:23:48.586851+0500 INFO CS 2. BLAST Premier: Fall Showdown (23.08 22:30)\nBIG - GamerLegion\n\nold odds: 3-я карта -> 1.67\nnew odds: 3-я карта -> 1.72\n", "record": {"elapsed": {"repr": "0:00:03.824375", "seconds": 3.824375}, "exception": null, "extra": {}, "file": {"name": "main.py", "path": "C:\\Users\\melni\\PycharmProjects\\betboom_parser\\main.py"}, "function": "get_alter_message", "level": {"icon": "ℹ️", "name": "INFO", "no": 20}, "line": 46, "message": "CS 2. BLAST Premier: Fall Showdown (23.08 22:30)\nBIG - GamerLegion\n\nold odds: 3-я карта -> 1.67\nnew odds: 3-я карта -> 1.72", "module": "main", "name": "__main__", "process": {"id": 6428, "name": "MainProcess"}, "thread": {"id": 5208, "name": "MainThread"}, "time": {"repr": "2024-08-23 22:23:48.586851+05:00", "timestamp": 1724433828.586851}}}
{"text": "2024-08-23T22:23:48.587853+0500 INFO message sent\n", "record": {"elapsed": {"repr": "0:00:03.825377", "seconds": 3.825377}, "exception": null, "extra": {}, "file": {"name": "main.py", "path": "C:\\Users\\melni\\PycharmProjects\\betboom_parser\\main.py"}, "function": "get_alter_message", "level": {"icon": "ℹ️", "name": "INFO", "no": 20}, "line": 47, "message": "message sent", "module": "main", "name": "__main__", "process": {"id": 6428, "name": "MainProcess"}, "thread": {"id": 5208, "name": "MainThread"}, "time": {"repr": "2024-08-23 22:23:48.587853+05:00", "timestamp": 1724433828.587853}}}
{"text": "2024-08-23T22:23:48.588867+0500 DEBUG writing bet to db\n", "record": {"elapsed": {"repr": "0:00:03.826391", "seconds": 3.826391}, "exception": null, "extra": {}, "file": {"name": "main.py", "path": "C:\\Users\\melni\\PycharmProjects\\betboom_parser\\main.py"}, "function": "find_game", "level": {"icon": "🐞", "name": "DEBUG", "no": 10}, "line": 68, "message": "writing bet to db", "module": "main", "name": "__main__", "process": {"id": 6428, "name": "MainProcess"}, "thread": {"id": 5208, "name": "MainThread"}, "time": {"repr": "2024-08-23 22:23:48.588867+05:00", "timestamp": 1724433828.588867}}}
{"text": "2024-08-23T22:23:48.588867+0500 DEBUG finding coefficients\n", "record": {"elapsed": {"repr": "0:00:03.826391", "seconds": 3.826391}, "exception": null, "extra": {}, "file": {"name": "main.py", "path": "C:\\Users\\melni\\PycharmProjects\\betboom_parser\\main.py"}, "function": "get_bet", "level": {"icon": "🐞", "name": "DEBUG", "no": 10}, "line": 94, "message": "finding coefficients", "module": "main", "name": "__main__", "process": {"id": 6428, "name": "MainProcess"}, "thread": {"id": 5208, "name": "MainThread"}, "time": {"repr": "2024-08-23 22:23:48.588867+05:00", "timestamp": 1724433828.588867}}}
{"text": "2024-08-23T22:23:48.589868+0500 DEBUG getting info about match...\n", "record": {"elapsed": {"repr": "0:00:03.827392", "seconds": 3.827392}, "exception": null, "extra": {}, "file": {"name": "main.py", "path": "C:\\Users\\melni\\PycharmProjects\\betboom_parser\\main.py"}, "function": "get_match", "level": {"icon": "🐞", "name": "DEBUG", "no": 10}, "line": 119, "message": "getting info about match...", "module": "main", "name": "__main__", "process": {"id": 6428, "name": "MainProcess"}, "thread": {"id": 5208, "name": "MainThread"}, "time": {"repr": "2024-08-23 22:23:48.589868+05:00", "timestamp": 1724433828.589868}}}
{"text": "2024-08-23T22:23:48.844015+0500 DEBUG reading db\n", "record": {"elapsed": {"repr": "0:00:04.081539", "seconds": 4.081539}, "exception": null, "extra": {}, "file": {"name": "main.py", "path": "C:\\Users\\melni\\PycharmProjects\\betboom_parser\\main.py"}, "function": "find_game", "level": {"icon": "🐞", "name": "DEBUG", "no": 10}, "line": 54, "message": "reading db", "module": "main", "name": "__main__", "process": {"id": 6428, "name": "MainProcess"}, "thread": {"id": 5208, "name": "MainThread"}, "time": {"repr": "2024-08-23 22:23:48.844015+05:00", "timestamp": 1724433828.844015}}}
{"text": "2024-08-23T22:23:49.244718+0500 INFO CS 2. CCT South America (23.08 22:30)\nKRU Esports - ⁠paiN Gaming Academy\n\n1-я карта -> 1.23 & 3.99\n", "record": {"elapsed": {"repr": "0:00:04.482242", "seconds": 4.482242}, "exception": null, "extra": {}, "file": {"name": "main.py", "path": "C:\\Users\\melni\\PycharmProjects\\betboom_parser\\main.py"}, "function": "get_message", "level": {"icon": "ℹ️", "name": "INFO", "no": 20}, "line": 28, "message": "CS 2. CCT South America (23.08 22:30)\nKRU Esports - ⁠paiN Gaming Academy\n\n1-я карта -> 1.23 & 3.99", "module": "main", "name": "__main__", "process": {"id": 6428, "name": "MainProcess"}, "thread": {"id": 5208, "name": "MainThread"}, "time": {"repr": "2024-08-23 22:23:49.244718+05:00", "timestamp": 1724433829.244718}}}
{"text": "2024-08-23T22:23:49.245703+0500 INFO message sent\n", "record": {"elapsed": {"repr": "0:00:04.483227", "seconds": 4.483227}, "exception": null, "extra": {}, "file": {"name": "main.py", "path": "C:\\Users\\melni\\PycharmProjects\\betboom_parser\\main.py"}, "function": "get_message", "level": {"icon": "ℹ️", "name": "INFO", "no": 20}, "line": 29, "message": "message sent", "module": "main", "name": "__main__", "process": {"id": 6428, "name": "MainProcess"}, "thread": {"id": 5208, "name": "MainThread"}, "time": {"repr": "2024-08-23 22:23:49.245703+05:00", "timestamp": 1724433829.245703}}}
{"text": "2024-08-23T22:23:49.245703+0500 DEBUG writing bet to db\n", "record": {"elapsed": {"repr": "0:00:04.483227", "seconds": 4.483227}, "exception": null, "extra": {}, "file": {"name": "main.py", "path": "C:\\Users\\melni\\PycharmProjects\\betboom_parser\\main.py"}, "function": "find_game", "level": {"icon": "🐞", "name": "DEBUG", "no": 10}, "line": 68, "message": "writing bet to db", "module": "main", "name": "__main__", "process": {"id": 6428, "name": "MainProcess"}, "thread": {"id": 5208, "name": "MainThread"}, "time": {"repr": "2024-08-23 22:23:49.245703+05:00", "timestamp": 1724433829.245703}}}
{"text": "2024-08-23T22:23:49.246719+0500 DEBUG finding coefficients\n", "record": {"elapsed": {"repr": "0:00:04.484243", "seconds": 4.484243}, "exception": null, "extra": {}, "file": {"name": "main.py", "path": "C:\\Users\\melni\\PycharmProjects\\betboom_parser\\main.py"}, "function": "get_bet", "level": {"icon": "🐞", "name": "DEBUG", "no": 10}, "line": 94, "message": "finding coefficients", "module": "main", "name": "__main__", "process": {"id": 6428, "name": "MainProcess"}, "thread": {"id": 5208, "name": "MainThread"}, "time": {"repr": "2024-08-23 22:23:49.246719+05:00", "timestamp": 1724433829.246719}}}
{"text": "2024-08-23T22:23:49.247732+0500 DEBUG reading db\n", "record": {"elapsed": {"repr": "0:00:04.485256", "seconds": 4.485256}, "exception": null, "extra": {}, "file": {"name": "main.py", "path": "C:\\Users\\melni\\PycharmProjects\\betboom_parser\\main.py"}, "function": "find_game", "level": {"icon": "🐞", "name": "DEBUG", "no": 10}, "line": 54, "message": "reading db", "module": "main", "name": "__main__", "process": {"id": 6428, "name": "MainProcess"}, "thread": {"id": 5208, "name": "MainThread"}, "time": {"repr": "2024-08-23 22:23:49.247732+05:00", "timestamp": 1724433829.247732}}}
{"text": "2024-08-23T22:23:49.613763+0500 INFO CS 2. CCT South America (23.08 22:30)\nKRU Esports - ⁠paiN Gaming Academy\n\n2-я карта -> 1.23 & 3.99\n", "record": {"elapsed": {"repr": "0:00:04.851287", "seconds": 4.851287}, "exception": null, "extra": {}, "file": {"name": "main.py", "path": "C:\\Users\\melni\\PycharmProjects\\betboom_parser\\main.py"}, "function": "get_message", "level": {"icon": "ℹ️", "name": "INFO", "no": 20}, "line": 28, "message": "CS 2. CCT South America (23.08 22:30)\nKRU Esports - ⁠paiN Gaming Academy\n\n2-я карта -> 1.23 & 3.99", "module": "main", "name": "__main__", "process": {"id": 6428, "name": "MainProcess"}, "thread": {"id": 5208, "name": "MainThread"}, "time": {"repr": "2024-08-23 22:23:49.613763+05:00", "timestamp": 1724433829.613763}}}
{"text": "2024-08-23T22:23:49.614745+0500 INFO message sent\n", "record": {"elapsed": {"repr": "0:00:04.852269", "seconds": 4.852269}, "exception": null, "extra": {}, "file": {"name": "main.py", "path": "C:\\Users\\melni\\PycharmProjects\\betboom_parser\\main.py"}, "function": "get_message", "level": {"icon": "ℹ️", "name": "INFO", "no": 20}, "line": 29, "message": "message sent", "module": "main", "name": "__main__", "process": {"id": 6428, "name": "MainProcess"}, "thread": {"id": 5208, "name": "MainThread"}, "time": {"repr": "2024-08-23 22:23:49.614745+05:00", "timestamp": 1724433829.614745}}}
{"text": "2024-08-23T22:23:49.615761+0500 DEBUG writing bet to db\n", "record": {"elapsed": {"repr": "0:00:04.853285", "seconds": 4.853285}, "exception": null, "extra": {}, "file": {"name": "main.py", "path": "C:\\Users\\melni\\PycharmProjects\\betboom_parser\\main.py"}, "function": "find_game", "level": {"icon": "🐞", "name": "DEBUG", "no": 10}, "line": 68, "message": "writing bet to db", "module": "main", "name": "__main__", "process": {"id": 6428, "name": "MainProcess"}, "thread": {"id": 5208, "name": "MainThread"}, "time": {"repr": "2024-08-23 22:23:49.615761+05:00", "timestamp": 1724433829.615761}}}
{"text": "2024-08-23T22:23:49.616770+0500 DEBUG finding coefficients\n", "record": {"elapsed": {"repr": "0:00:04.854294", "seconds": 4.854294}, "exception": null, "extra": {}, "file": {"name": "main.py", "path": "C:\\Users\\melni\\PycharmProjects\\betboom_parser\\main.py"}, "function": "get_bet", "level": {"icon": "🐞", "name": "DEBUG", "no": 10}, "line": 94, "message": "finding coefficients", "module": "main", "name": "__main__", "process": {"id": 6428, "name": "MainProcess"}, "thread": {"id": 5208, "name": "MainThread"}, "time": {"repr": "2024-08-23 22:23:49.616770+05:00", "timestamp": 1724433829.61677}}}
{"text": "2024-08-23T22:23:49.617754+0500 DEBUG reading db\n", "record": {"elapsed": {"repr": "0:00:04.855278", "seconds": 4.855278}, "exception": null, "extra": {}, "file": {"name": "main.py", "path": "C:\\Users\\melni\\PycharmProjects\\betboom_parser\\main.py"}, "function": "find_game", "level": {"icon": "🐞", "name": "DEBUG", "no": 10}, "line": 54, "message": "reading db", "module": "main", "name": "__main__", "process": {"id": 6428, "name": "MainProcess"}, "thread": {"id": 5208, "name": "MainThread"}, "time": {"repr": "2024-08-23 22:23:49.617754+05:00", "timestamp": 1724433829.617754}}}
{"text": "2024-08-23T22:23:49.942961+0500 INFO CS 2. CCT South America (23.08 22:30)\nKRU Esports - ⁠paiN Gaming Academy\n\nold odds: 3-я карта -> 1.23\nnew odds: 3-я карта -> 1.25\n", "record": {"elapsed": {"repr": "0:00:05.180485", "seconds": 5.180485}, "exception": null, "extra": {}, "file": {"name": "main.py", "path": "C:\\Users\\melni\\PycharmProjects\\betboom_parser\\main.py"}, "function": "get_alter_message", "level": {"icon": "ℹ️", "name": "INFO", "no": 20}, "line": 46, "message": "CS 2. CCT South America (23.08 22:30)\nKRU Esports - ⁠paiN Gaming Academy\n\nold odds: 3-я карта -> 1.23\nnew odds: 3-я карта -> 1.25", "module": "main", "name": "__main__", "process": {"id": 6428, "name": "MainProcess"}, "thread": {"id": 5208, "name": "MainThread"}, "time": {"repr": "2024-08-23 22:23:49.942961+05:00", "timestamp": 1724433829.942961}}}
{"text": "2024-08-23T22:23:49.943939+0500 INFO message sent\n", "record": {"elapsed": {"repr": "0:00:05.181463", "seconds": 5.181463}, "exception": null, "extra": {}, "file": {"name": "main.py", "path": "C:\\Users\\melni\\PycharmProjects\\betboom_parser\\main.py"}, "function": "get_alter_message", "level": {"icon": "ℹ️", "name": "INFO", "no": 20}, "line": 47, "message": "message sent", "module": "main", "name": "__main__", "process": {"id": 6428, "name": "MainProcess"}, "thread": {"id": 5208, "name": "MainThread"}, "time": {"repr": "2024-08-23 22:23:49.943939+05:00", "timestamp": 1724433829.943939}}}
{"text": "2024-08-23T22:23:49.944951+0500 DEBUG writing bet to db\n", "record": {"elapsed": {"repr": "0:00:05.182475", "seconds": 5.182475}, "exception": null, "extra": {}, "file": {"name": "main.py", "path": "C:\\Users\\melni\\PycharmProjects\\betboom_parser\\main.py"}, "function": "find_game", "level": {"icon": "🐞", "name": "DEBUG", "no": 10}, "line": 68, "message": "writing bet to db", "module": "main", "name": "__main__", "process": {"id": 6428, "name": "MainProcess"}, "thread": {"id": 5208, "name": "MainThread"}, "time": {"repr": "2024-08-23 22:23:49.944951+05:00", "timestamp": 1724433829.944951}}}
{"text": "2024-08-23T22:23:49.945947+0500 DEBUG finding coefficients\n", "record": {"elapsed": {"repr": "0:00:05.183471", "seconds": 5.183471}, "exception": null, "extra": {}, "file": {"name": "main.py", "path": "C:\\Users\\melni\\PycharmProjects\\betboom_parser\\main.py"}, "function": "get_bet", "level": {"icon": "🐞", "name": "DEBUG", "no": 10}, "line": 94, "message": "finding coefficients", "module": "main", "name": "__main__", "process": {"id": 6428, "name": "MainProcess"}, "thread": {"id": 5208, "name": "MainThread"}, "time": {"repr": "2024-08-23 22:23:49.945947+05:00", "timestamp": 1724433829.945947}}}
{"text": "2024-08-23T22:23:49.945947+0500 DEBUG getting info about match...\n", "record": {"elapsed": {"repr": "0:00:05.183471", "seconds": 5.183471}, "exception": null, "extra": {}, "file": {"name": "main.py", "path": "C:\\Users\\melni\\PycharmProjects\\betboom_parser\\main.py"}, "function": "get_match", "level": {"icon": "🐞", "name": "DEBUG", "no": 10}, "line": 119, "message": "getting info about match...", "module": "main", "name": "__main__", "process": {"id": 6428, "name": "MainProcess"}, "thread": {"id": 5208, "name": "MainThread"}, "time": {"repr": "2024-08-23 22:23:49.945947+05:00", "timestamp": 1724433829.945947}}}
{"text": "2024-08-23T22:23:50.200478+0500 DEBUG reading db\n", "record": {"elapsed": {"repr": "0:00:05.438002", "seconds": 5.438002}, "exception": null, "extra": {}, "file": {"name": "main.py", "path": "C:\\Users\\melni\\PycharmProjects\\betboom_parser\\main.py"}, "function": "find_game", "level": {"icon": "🐞", "name": "DEBUG", "no": 10}, "line": 54, "message": "reading db", "module": "main", "name": "__main__", "process": {"id": 6428, "name": "MainProcess"}, "thread": {"id": 5208, "name": "MainThread"}, "time": {"repr": "2024-08-23 22:23:50.200478+05:00", "timestamp": 1724433830.200478}}}
{"text": "2024-08-23T22:23:53.646361+0500 INFO CS 2. ESEA Advanced. Europe (23.08 23:00)\n9INE Academy - Grannys Knockers\n\n1-я карта -> 1.62 & 2.234\n", "record": {"elapsed": {"repr": "0:00:08.883885", "seconds": 8.883885}, "exception": null, "extra": {}, "file": {"name": "main.py", "path": "C:\\Users\\melni\\PycharmProjects\\betboom_parser\\main.py"}, "function": "get_message", "level": {"icon": "ℹ️", "name": "INFO", "no": 20}, "line": 28, "message": "CS 2. ESEA Advanced. Europe (23.08 23:00)\n9INE Academy - Grannys Knockers\n\n1-я карта -> 1.62 & 2.234", "module": "main", "name": "__main__", "process": {"id": 6428, "name": "MainProcess"}, "thread": {"id": 5208, "name": "MainThread"}, "time": {"repr": "2024-08-23 22:23:53.646361+05:00", "timestamp": 1724433833.646361}}}
{"text": "2024-08-23T22:23:53.646361+0500 INFO message sent\n", "record": {"elapsed": {"repr": "0:00:08.883885", "seconds": 8.883885}, "exception": null, "extra": {}, "file": {"name": "main.py", "path": "C:\\Users\\melni\\PycharmProjects\\betboom_parser\\main.py"}, "function": "get_message", "level": {"icon": "ℹ️", "name": "INFO", "no": 20}, "line": 29, "message": "message sent", "module": "main", "name": "__main__", "process": {"id": 6428, "name": "MainProcess"}, "thread": {"id": 5208, "name": "MainThread"}, "time": {"repr": "2024-08-23 22:23:53.646361+05:00", "timestamp": 1724433833.646361}}}
{"text": "2024-08-23T22:23:53.647379+0500 DEBUG writing bet to db\n", "record": {"elapsed": {"repr": "0:00:08.884903", "seconds": 8.884903}, "exception": null, "extra": {}, "file": {"name": "main.py", "path": "C:\\Users\\melni\\PycharmProjects\\betboom_parser\\main.py"}, "function": "find_game", "level": {"icon": "🐞", "name": "DEBUG", "no": 10}, "line": 68, "message": "writing bet to db", "module": "main", "name": "__main__", "process": {"id": 6428, "name": "MainProcess"}, "thread": {"id": 5208, "name": "MainThread"}, "time": {"repr": "2024-08-23 22:23:53.647379+05:00", "timestamp": 1724433833.647379}}}
{"text": "2024-08-23T22:23:53.648372+0500 DEBUG finding coefficients\n", "record": {"elapsed": {"repr": "0:00:08.885896", "seconds": 8.885896}, "exception": null, "extra": {}, "file": {"name": "main.py", "path": "C:\\Users\\melni\\PycharmProjects\\betboom_parser\\main.py"}, "function": "get_bet", "level": {"icon": "🐞", "name": "DEBUG", "no": 10}, "line": 94, "message": "finding coefficients", "module": "main", "name": "__main__", "process": {"id": 6428, "name": "MainProcess"}, "thread": {"id": 5208, "name": "MainThread"}, "time": {"repr": "2024-08-23 22:23:53.648372+05:00", "timestamp": 1724433833.648372}}}
{"text": "2024-08-23T22:23:53.649376+0500 DEBUG getting info about match...\n", "record": {"elapsed": {"repr": "0:00:08.886900", "seconds": 8.8869}, "exception": null, "extra": {}, "file": {"name": "main.py", "path": "C:\\Users\\melni\\PycharmProjects\\betboom_parser\\main.py"}, "function": "get_match", "level": {"icon": "🐞", "name": "DEBUG", "no": 10}, "line": 119, "message": "getting info about match...", "module": "main", "name": "__main__", "process": {"id": 6428, "name": "MainProcess"}, "thread": {"id": 5208, "name": "MainThread"}, "time": {"repr": "2024-08-23 22:23:53.649376+05:00", "timestamp": 1724433833.649376}}}
{"text": "2024-08-23T22:23:53.864535+0500 DEBUG reading db\n", "record": {"elapsed": {"repr": "0:00:09.102059", "seconds": 9.102059}, "exception": null, "extra": {}, "file": {"name": "main.py", "path": "C:\\Users\\melni\\PycharmProjects\\betboom_parser\\main.py"}, "function": "find_game", "level": {"icon": "🐞", "name": "DEBUG", "no": 10}, "line": 54, "message": "reading db", "module": "main", "name": "__main__", "process": {"id": 6428, "name": "MainProcess"}, "thread": {"id": 5208, "name": "MainThread"}, "time": {"repr": "2024-08-23 22:23:53.864535+05:00", "timestamp": 1724433833.864535}}}
{"text": "2024-08-23T22:23:54.282651+0500 INFO CS 2. ESEA Advanced. Europe (23.08 23:00)\nLoading - ADEPTS\n\n1-я карта -> 2.599 & 1.47\n", "record": {"elapsed": {"repr": "0:00:09.520175", "seconds": 9.520175}, "exception": null, "extra": {}, "file": {"name": "main.py", "path": "C:\\Users\\melni\\PycharmProjects\\betboom_parser\\main.py"}, "function": "get_message", "level": {"icon": "ℹ️", "name": "INFO", "no": 20}, "line": 28, "message": "CS 2. ESEA Advanced. Europe (23.08 23:00)\nLoading - ADEPTS\n\n1-я карта -> 2.599 & 1.47", "module": "main", "name": "__main__", "process": {"id": 6428, "name": "MainProcess"}, "thread": {"id": 5208, "name": "MainThread"}, "time": {"repr": "2024-08-23 22:23:54.282651+05:00", "timestamp": 1724433834.282651}}}
{"text": "2024-08-23T22:23:54.283655+0500 INFO message sent\n", "record": {"elapsed": {"repr": "0:00:09.521179", "seconds": 9.521179}, "exception": null, "extra": {}, "file": {"name": "main.py", "path": "C:\\Users\\melni\\PycharmProjects\\betboom_parser\\main.py"}, "function": "get_message", "level": {"icon": "ℹ️", "name": "INFO", "no": 20}, "line": 29, "message": "message sent", "module": "main", "name": "__main__", "process": {"id": 6428, "name": "MainProcess"}, "thread": {"id": 5208, "name": "MainThread"}, "time": {"repr": "2024-08-23 22:23:54.283655+05:00", "timestamp": 1724433834.283655}}}
{"text": "2024-08-23T22:23:54.284653+0500 DEBUG writing bet to db\n", "record": {"elapsed": {"repr": "0:00:09.522177", "seconds": 9.522177}, "exception": null, "extra": {}, "file": {"name": "main.py", "path": "C:\\Users\\melni\\PycharmProjects\\betboom_parser\\main.py"}, "function": "find_game", "level": {"icon": "🐞", "name": "DEBUG", "no": 10}, "line": 68, "message": "writing bet to db", "module": "main", "name": "__main__", "process": {"id": 6428, "name": "MainProcess"}, "thread": {"id": 5208, "name": "MainThread"}, "time": {"repr": "2024-08-23 22:23:54.284653+05:00", "timestamp": 1724433834.284653}}}
{"text": "2024-08-23T22:23:54.284653+0500 DEBUG finding coefficients\n", "record": {"elapsed": {"repr": "0:00:09.522177", "seconds": 9.522177}, "exception": null, "extra": {}, "file": {"name": "main.py", "path": "C:\\Users\\melni\\PycharmProjects\\betboom_parser\\main.py"}, "function": "get_bet", "level": {"icon": "🐞", "name": "DEBUG", "no": 10}, "line": 94, "message": "finding coefficients", "module": "main", "name": "__main__", "process": {"id": 6428, "name": "MainProcess"}, "thread": {"id": 5208, "name": "MainThread"}, "time": {"repr": "2024-08-23 22:23:54.284653+05:00", "timestamp": 1724433834.284653}}}
{"text": "2024-08-23T22:23:54.285659+0500 DEBUG getting info about match...\n", "record": {"elapsed": {"repr": "0:00:09.523183", "seconds": 9.523183}, "exception": null, "extra": {}, "file": {"name": "main.py", "path": "C:\\Users\\melni\\PycharmProjects\\betboom_parser\\main.py"}, "function": "get_match", "level": {"icon": "🐞", "name": "DEBUG", "no": 10}, "line": 119, "message": "getting info about match...", "module": "main", "name": "__main__", "process": {"id": 6428, "name": "MainProcess"}, "thread": {"id": 5208, "name": "MainThread"}, "time": {"repr": "2024-08-23 22:23:54.285659+05:00", "timestamp": 1724433834.285659}}}
{"text": "2024-08-23T22:23:54.838059+0500 DEBUG reading db\n", "record": {"elapsed": {"repr": "0:00:10.075583", "seconds": 10.075583}, "exception": null, "extra": {}, "file": {"name": "main.py", "path": "C:\\Users\\melni\\PycharmProjects\\betboom_parser\\main.py"}, "function": "find_game", "level": {"icon": "🐞", "name": "DEBUG", "no": 10}, "line": 54, "message": "reading db", "module": "main", "name": "__main__", "process": {"id": 6428, "name": "MainProcess"}, "thread": {"id": 5208, "name": "MainThread"}, "time": {"repr": "2024-08-23 22:23:54.838059+05:00", "timestamp": 1724433834.838059}}}
{"text": "2024-08-23T22:23:55.156724+0500 INFO CS 2. ESEA Advanced. Europe (23.08 23:00)\nRoundsGG - Reason\n\n1-я карта -> 1.56 & 2.359\n", "record": {"elapsed": {"repr": "0:00:10.394248", "seconds": 10.394248}, "exception": null, "extra": {}, "file": {"name": "main.py", "path": "C:\\Users\\melni\\PycharmProjects\\betboom_parser\\main.py"}, "function": "get_message", "level": {"icon": "ℹ️", "name": "INFO", "no": 20}, "line": 28, "message": "CS 2. ESEA Advanced. Europe (23.08 23:00)\nRoundsGG - Reason\n\n1-я карта -> 1.56 & 2.359", "module": "main", "name": "__main__", "process": {"id": 6428, "name": "MainProcess"}, "thread": {"id": 5208, "name": "MainThread"}, "time": {"repr": "2024-08-23 22:23:55.156724+05:00", "timestamp": 1724433835.156724}}}
{"text": "2024-08-23T22:23:55.157729+0500 INFO message sent\n", "record": {"elapsed": {"repr": "0:00:10.395253", "seconds": 10.395253}, "exception": null, "extra": {}, "file": {"name": "main.py", "path": "C:\\Users\\melni\\PycharmProjects\\betboom_parser\\main.py"}, "function": "get_message", "level": {"icon": "ℹ️", "name": "INFO", "no": 20}, "line": 29, "message": "message sent", "module": "main", "name": "__main__", "process": {"id": 6428, "name": "MainProcess"}, "thread": {"id": 5208, "name": "MainThread"}, "time": {"repr": "2024-08-23 22:23:55.157729+05:00", "timestamp": 1724433835.157729}}}
{"text": "2024-08-23T22:23:55.157729+0500 DEBUG writing bet to db\n", "record": {"elapsed": {"repr": "0:00:10.395253", "seconds": 10.395253}, "exception": null, "extra": {}, "file": {"name": "main.py", "path": "C:\\Users\\melni\\PycharmProjects\\betboom_parser\\main.py"}, "function": "find_game", "level": {"icon": "🐞", "name": "DEBUG", "no": 10}, "line": 68, "message": "writing bet to db", "module": "main", "name": "__main__", "process": {"id": 6428, "name": "MainProcess"}, "thread": {"id": 5208, "name": "MainThread"}, "time": {"repr": "2024-08-23 22:23:55.157729+05:00", "timestamp": 1724433835.157729}}}
{"text": "2024-08-23T22:23:55.159731+0500 DEBUG finding coefficients\n", "record": {"elapsed": {"repr": "0:00:10.397255", "seconds": 10.397255}, "exception": null, "extra": {}, "file": {"name": "main.py", "path": "C:\\Users\\melni\\PycharmProjects\\betboom_parser\\main.py"}, "function": "get_bet", "level": {"icon": "🐞", "name": "DEBUG", "no": 10}, "line": 94, "message": "finding coefficients", "module": "main", "name": "__main__", "process": {"id": 6428, "name": "MainProcess"}, "thread": {"id": 5208, "name": "MainThread"}, "time": {"repr": "2024-08-23 22:23:55.159731+05:00", "timestamp": 1724433835.159731}}}
{"text": "2024-08-23T22:23:55.159731+0500 DEBUG getting info about match...\n", "record": {"elapsed": {"repr": "0:00:10.397255", "seconds": 10.397255}, "exception": null, "extra": {}, "file": {"name": "main.py", "path": "C:\\Users\\melni\\PycharmProjects\\betboom_parser\\main.py"}, "function": "get_match", "level": {"icon": "🐞", "name": "DEBUG", "no": 10}, "line": 119, "message": "getting info about match...", "module": "main", "name": "__main__", "process": {"id": 6428, "name": "MainProcess"}, "thread": {"id": 5208, "name": "MainThread"}, "time": {"repr": "2024-08-23 22:23:55.159731+05:00", "timestamp": 1724433835.159731}}}
{"text": "2024-08-23T22:23:55.389034+0500 DEBUG reading db\n", "record": {"elapsed": {"repr": "0:00:10.626558", "seconds": 10.626558}, "exception": null, "extra": {}, "file": {"name": "main.py", "path": "C:\\Users\\melni\\PycharmProjects\\betboom_parser\\main.py"}, "function": "find_game", "level": {"icon": "🐞", "name": "DEBUG", "no": 10}, "line": 54, "message": "reading db", "module": "main", "name": "__main__", "process": {"id": 6428, "name": "MainProcess"}, "thread": {"id": 5208, "name": "MainThread"}, "time": {"repr": "2024-08-23 22:23:55.389034+05:00", "timestamp": 1724433835.389034}}}
{"text": "2024-08-23T22:23:55.714404+0500 INFO CS 2. BLAST Premier: Fall Showdown (24.08 01:00)\nOG - AMKAL ESPORTS\n\n1-я карта -> 1.52 & 2.58\n", "record": {"elapsed": {"repr": "0:00:10.951928", "seconds": 10.951928}, "exception": null, "extra": {}, "file": {"name": "main.py", "path": "C:\\Users\\melni\\PycharmProjects\\betboom_parser\\main.py"}, "function": "get_message", "level": {"icon": "ℹ️", "name": "INFO", "no": 20}, "line": 28, "message": "CS 2. BLAST Premier: Fall Showdown (24.08 01:00)\nOG - AMKAL ESPORTS\n\n1-я карта -> 1.52 & 2.58", "module": "main", "name": "__main__", "process": {"id": 6428, "name": "MainProcess"}, "thread": {"id": 5208, "name": "MainThread"}, "time": {"repr": "2024-08-23 22:23:55.714404+05:00", "timestamp": 1724433835.714404}}}
{"text": "2024-08-23T22:23:55.715407+0500 INFO message sent\n", "record": {"elapsed": {"repr": "0:00:10.952931", "seconds": 10.952931}, "exception": null, "extra": {}, "file": {"name": "main.py", "path": "C:\\Users\\melni\\PycharmProjects\\betboom_parser\\main.py"}, "function": "get_message", "level": {"icon": "ℹ️", "name": "INFO", "no": 20}, "line": 29, "message": "message sent", "module": "main", "name": "__main__", "process": {"id": 6428, "name": "MainProcess"}, "thread": {"id": 5208, "name": "MainThread"}, "time": {"repr": "2024-08-23 22:23:55.715407+05:00", "timestamp": 1724433835.715407}}}
{"text": "2024-08-23T22:23:55.716425+0500 DEBUG writing bet to db\n", "record": {"elapsed": {"repr": "0:00:10.953949", "seconds": 10.953949}, "exception": null, "extra": {}, "file": {"name": "main.py", "path": "C:\\Users\\melni\\PycharmProjects\\betboom_parser\\main.py"}, "function": "find_game", "level": {"icon": "🐞", "name": "DEBUG", "no": 10}, "line": 68, "message": "writing bet to db", "module": "main", "name": "__main__", "process": {"id": 6428, "name": "MainProcess"}, "thread": {"id": 5208, "name": "MainThread"}, "time": {"repr": "2024-08-23 22:23:55.716425+05:00", "timestamp": 1724433835.716425}}}
{"text": "2024-08-23T22:23:55.717427+0500 DEBUG finding coefficients\n", "record": {"elapsed": {"repr": "0:00:10.954951", "seconds": 10.954951}, "exception": null, "extra": {}, "file": {"name": "main.py", "path": "C:\\Users\\melni\\PycharmProjects\\betboom_parser\\main.py"}, "function": "get_bet", "level": {"icon": "🐞", "name": "DEBUG", "no": 10}, "line": 94, "message": "finding coefficients", "module": "main", "name": "__main__", "process": {"id": 6428, "name": "MainProcess"}, "thread": {"id": 5208, "name": "MainThread"}, "time": {"repr": "2024-08-23 22:23:55.717427+05:00", "timestamp": 1724433835.717427}}}
{"text": "2024-08-23T22:23:55.718425+0500 DEBUG reading db\n", "record": {"elapsed": {"repr": "0:00:10.955949", "seconds": 10.955949}, "exception": null, "extra": {}, "file": {"name": "main.py", "path": "C:\\Users\\melni\\PycharmProjects\\betboom_parser\\main.py"}, "function": "find_game", "level": {"icon": "🐞", "name": "DEBUG", "no": 10}, "line": 54, "message": "reading db", "module": "main", "name": "__main__", "process": {"id": 6428, "name": "MainProcess"}, "thread": {"id": 5208, "name": "MainThread"}, "time": {"repr": "2024-08-23 22:23:55.718425+05:00", "timestamp": 1724433835.718425}}}
{"text": "2024-08-23T22:23:56.046473+0500 INFO CS 2. BLAST Premier: Fall Showdown (24.08 01:00)\nOG - AMKAL ESPORTS\n\n2-я карта -> 1.38 & 3.1\n", "record": {"elapsed": {"repr": "0:00:11.283997", "seconds": 11.283997}, "exception": null, "extra": {}, "file": {"name": "main.py", "path": "C:\\Users\\melni\\PycharmProjects\\betboom_parser\\main.py"}, "function": "get_message", "level": {"icon": "ℹ️", "name": "INFO", "no": 20}, "line": 28, "message": "CS 2. BLAST Premier: Fall Showdown (24.08 01:00)\nOG - AMKAL ESPORTS\n\n2-я карта -> 1.38 & 3.1", "module": "main", "name": "__main__", "process": {"id": 6428, "name": "MainProcess"}, "thread": {"id": 5208, "name": "MainThread"}, "time": {"repr": "2024-08-23 22:23:56.046473+05:00", "timestamp": 1724433836.046473}}}
{"text": "2024-08-23T22:23:56.046473+0500 INFO message sent\n", "record": {"elapsed": {"repr": "0:00:11.283997", "seconds": 11.283997}, "exception": null, "extra": {}, "file": {"name": "main.py", "path": "C:\\Users\\melni\\PycharmProjects\\betboom_parser\\main.py"}, "function": "get_message", "level": {"icon": "ℹ️", "name": "INFO", "no": 20}, "line": 29, "message": "message sent", "module": "main", "name": "__main__", "process": {"id": 6428, "name": "MainProcess"}, "thread": {"id": 5208, "name": "MainThread"}, "time": {"repr": "2024-08-23 22:23:56.046473+05:00", "timestamp": 1724433836.046473}}}
{"text": "2024-08-23T22:23:59.362919+0500 INFO CS 2. BLAST Premier: Fall Showdown (24.08 01:00)\nOG - AMKAL ESPORTS\n\nold odds: 2-я карта -> 1.52\nnew odds: 2-я карта -> 1.38\n", "record": {"elapsed": {"repr": "0:00:14.600443", "seconds": 14.600443}, "exception": null, "extra": {}, "file": {"name": "main.py", "path": "C:\\Users\\melni\\PycharmProjects\\betboom_parser\\main.py"}, "function": "get_alter_message", "level": {"icon": "ℹ️", "name": "INFO", "no": 20}, "line": 46, "message": "CS 2. BLAST Premier: Fall Showdown (24.08 01:00)\nOG - AMKAL ESPORTS\n\nold odds: 2-я карта -> 1.52\nnew odds: 2-я карта -> 1.38", "module": "main", "name": "__main__", "process": {"id": 6428, "name": "MainProcess"}, "thread": {"id": 5208, "name": "MainThread"}, "time": {"repr": "2024-08-23 22:23:59.362919+05:00", "timestamp": 1724433839.362919}}}
{"text": "2024-08-23T22:23:59.363913+0500 INFO message sent\n", "record": {"elapsed": {"repr": "0:00:14.601437", "seconds": 14.601437}, "exception": null, "extra": {}, "file": {"name": "main.py", "path": "C:\\Users\\melni\\PycharmProjects\\betboom_parser\\main.py"}, "function": "get_alter_message", "level": {"icon": "ℹ️", "name": "INFO", "no": 20}, "line": 47, "message": "message sent", "module": "main", "name": "__main__", "process": {"id": 6428, "name": "MainProcess"}, "thread": {"id": 5208, "name": "MainThread"}, "time": {"repr": "2024-08-23 22:23:59.363913+05:00", "timestamp": 1724433839.363913}}}
{"text": "2024-08-23T22:23:59.363913+0500 DEBUG writing bet to db\n", "record": {"elapsed": {"repr": "0:00:14.601437", "seconds": 14.601437}, "exception": null, "extra": {}, "file": {"name": "main.py", "path": "C:\\Users\\melni\\PycharmProjects\\betboom_parser\\main.py"}, "function": "find_game", "level": {"icon": "🐞", "name": "DEBUG", "no": 10}, "line": 68, "message": "writing bet to db", "module": "main", "name": "__main__", "process": {"id": 6428, "name": "MainProcess"}, "thread": {"id": 5208, "name": "MainThread"}, "time": {"repr": "2024-08-23 22:23:59.363913+05:00", "timestamp": 1724433839.363913}}}
{"text": "2024-08-23T22:23:59.364916+0500 DEBUG finding coefficients\n", "record": {"elapsed": {"repr": "0:00:14.602440", "seconds": 14.60244}, "exception": null, "extra": {}, "file": {"name": "main.py", "path": "C:\\Users\\melni\\PycharmProjects\\betboom_parser\\main.py"}, "function": "get_bet", "level": {"icon": "🐞", "name": "DEBUG", "no": 10}, "line": 94, "message": "finding coefficients", "module": "main", "name": "__main__", "process": {"id": 6428, "name": "MainProcess"}, "thread": {"id": 5208, "name": "MainThread"}, "time": {"repr": "2024-08-23 22:23:59.364916+05:00", "timestamp": 1724433839.364916}}}
{"text": "2024-08-23T22:23:59.365915+0500 DEBUG reading db\n", "record": {"elapsed": {"repr": "0:00:14.603439", "seconds": 14.603439}, "exception": null, "extra": {}, "file": {"name": "main.py", "path": "C:\\Users\\melni\\PycharmProjects\\betboom_parser\\main.py"}, "function": "find_game", "level": {"icon": "🐞", "name": "DEBUG", "no": 10}, "line": 54, "message": "reading db", "module": "main", "name": "__main__", "process": {"id": 6428, "name": "MainProcess"}, "thread": {"id": 5208, "name": "MainThread"}, "time": {"repr": "2024-08-23 22:23:59.365915+05:00", "timestamp": 1724433839.365915}}}
{"text": "2024-08-23T22:23:59.710543+0500 INFO CS 2. BLAST Premier: Fall Showdown (24.08 01:00)\nOG - AMKAL ESPORTS\n\n3-я карта -> 1.42 & 2.7\n", "record": {"elapsed": {"repr": "0:00:14.948067", "seconds": 14.948067}, "exception": null, "extra": {}, "file": {"name": "main.py", "path": "C:\\Users\\melni\\PycharmProjects\\betboom_parser\\main.py"}, "function": "get_message", "level": {"icon": "ℹ️", "name": "INFO", "no": 20}, "line": 28, "message": "CS 2. BLAST Premier: Fall Showdown (24.08 01:00)\nOG - AMKAL ESPORTS\n\n3-я карта -> 1.42 & 2.7", "module": "main", "name": "__main__", "process": {"id": 6428, "name": "MainProcess"}, "thread": {"id": 5208, "name": "MainThread"}, "time": {"repr": "2024-08-23 22:23:59.710543+05:00", "timestamp": 1724433839.710543}}}
{"text": "2024-08-23T22:23:59.711529+0500 INFO message sent\n", "record": {"elapsed": {"repr": "0:00:14.949053", "seconds": 14.949053}, "exception": null, "extra": {}, "file": {"name": "main.py", "path": "C:\\Users\\melni\\PycharmProjects\\betboom_parser\\main.py"}, "function": "get_message", "level": {"icon": "ℹ️", "name": "INFO", "no": 20}, "line": 29, "message": "message sent", "module": "main", "name": "__main__", "process": {"id": 6428, "name": "MainProcess"}, "thread": {"id": 5208, "name": "MainThread"}, "time": {"repr": "2024-08-23 22:23:59.711529+05:00", "timestamp": 1724433839.711529}}}
{"text": "2024-08-23T22:24:00.051068+0500 INFO CS 2. BLAST Premier: Fall Showdown (24.08 01:00)\nOG - AMKAL ESPORTS\n\nold odds: 3-я карта -> 1.38\nnew odds: 3-я карта -> 1.42\n", "record": {"elapsed": {"repr": "0:00:15.288592", "seconds": 15.288592}, "exception": null, "extra": {}, "file": {"name": "main.py", "path": "C:\\Users\\melni\\PycharmProjects\\betboom_parser\\main.py"}, "function": "get_alter_message", "level": {"icon": "ℹ️", "name": "INFO", "no": 20}, "line": 46, "message": "CS 2. BLAST Premier: Fall Showdown (24.08 01:00)\nOG - AMKAL ESPORTS\n\nold odds: 3-я карта -> 1.38\nnew odds: 3-я карта -> 1.42", "module": "main", "name": "__main__", "process": {"id": 6428, "name": "MainProcess"}, "thread": {"id": 5208, "name": "MainThread"}, "time": {"repr": "2024-08-23 22:24:00.051068+05:00", "timestamp": 1724433840.051068}}}
{"text": "2024-08-23T22:24:00.051068+0500 INFO message sent\n", "record": {"elapsed": {"repr": "0:00:15.288592", "seconds": 15.288592}, "exception": null, "extra": {}, "file": {"name": "main.py", "path": "C:\\Users\\melni\\PycharmProjects\\betboom_parser\\main.py"}, "function": "get_alter_message", "level": {"icon": "ℹ️", "name": "INFO", "no": 20}, "line": 47, "message": "message sent", "module": "main", "name": "__main__", "process": {"id": 6428, "name": "MainProcess"}, "thread": {"id": 5208, "name": "MainThread"}, "time": {"repr": "2024-08-23 22:24:00.051068+05:00", "timestamp": 1724433840.051068}}}
{"text": "2024-08-23T22:24:00.055264+0500 DEBUG writing bet to db\n", "record": {"elapsed": {"repr": "0:00:15.292788", "seconds": 15.292788}, "exception": null, "extra": {}, "file": {"name": "main.py", "path": "C:\\Users\\melni\\PycharmProjects\\betboom_parser\\main.py"}, "function": "find_game", "level": {"icon": "🐞", "name": "DEBUG", "no": 10}, "line": 68, "message": "writing bet to db", "module": "main", "name": "__main__", "process": {"id": 6428, "name": "MainProcess"}, "thread": {"id": 5208, "name": "MainThread"}, "time": {"repr": "2024-08-23 22:24:00.055264+05:00", "timestamp": 1724433840.055264}}}
{"text": "2024-08-23T22:24:00.056068+0500 DEBUG finding coefficients\n", "record": {"elapsed": {"repr": "0:00:15.293592", "seconds": 15.293592}, "exception": null, "extra": {}, "file": {"name": "main.py", "path": "C:\\Users\\melni\\PycharmProjects\\betboom_parser\\main.py"}, "function": "get_bet", "level": {"icon": "🐞", "name": "DEBUG", "no": 10}, "line": 94, "message": "finding coefficients", "module": "main", "name": "__main__", "process": {"id": 6428, "name": "MainProcess"}, "thread": {"id": 5208, "name": "MainThread"}, "time": {"repr": "2024-08-23 22:24:00.056068+05:00", "timestamp": 1724433840.056068}}}
{"text": "2024-08-23T22:24:00.057071+0500 DEBUG getting info about match...\n", "record": {"elapsed": {"repr": "0:00:15.294595", "seconds": 15.294595}, "exception": null, "extra": {}, "file": {"name": "main.py", "path": "C:\\Users\\melni\\PycharmProjects\\betboom_parser\\main.py"}, "function": "get_match", "level": {"icon": "🐞", "name": "DEBUG", "no": 10}, "line": 119, "message": "getting info about match...", "module": "main", "name": "__main__", "process": {"id": 6428, "name": "MainProcess"}, "thread": {"id": 5208, "name": "MainThread"}, "time": {"repr": "2024-08-23 22:24:00.057071+05:00", "timestamp": 1724433840.057071}}}
{"text": "2024-08-23T22:24:00.351962+0500 DEBUG reading db\n", "record": {"elapsed": {"repr": "0:00:15.589486", "seconds": 15.589486}, "exception": null, "extra": {}, "file": {"name": "main.py", "path": "C:\\Users\\melni\\PycharmProjects\\betboom_parser\\main.py"}, "function": "find_game", "level": {"icon": "🐞", "name": "DEBUG", "no": 10}, "line": 54, "message": "reading db", "module": "main", "name": "__main__", "process": {"id": 6428, "name": "MainProcess"}, "thread": {"id": 5208, "name": "MainThread"}, "time": {"repr": "2024-08-23 22:24:00.351962+05:00", "timestamp": 1724433840.351962}}}
{"text": "2024-08-23T22:24:00.719093+0500 INFO CS 2. ESEA Advanced. Europe (24.08 01:00)\nVerdant - Banger Gang\n\n1-я карта -> 1.3 & 3.37\n", "record": {"elapsed": {"repr": "0:00:15.956617", "seconds": 15.956617}, "exception": null, "extra": {}, "file": {"name": "main.py", "path": "C:\\Users\\melni\\PycharmProjects\\betboom_parser\\main.py"}, "function": "get_message", "level": {"icon": "ℹ️", "name": "INFO", "no": 20}, "line": 28, "message": "CS 2. ESEA Advanced. Europe (24.08 01:00)\nVerdant - Banger Gang\n\n1-я карта -> 1.3 & 3.37", "module": "main", "name": "__main__", "process": {"id": 6428, "name": "MainProcess"}, "thread": {"id": 5208, "name": "MainThread"}, "time": {"repr": "2024-08-23 22:24:00.719093+05:00", "timestamp": 1724433840.719093}}}
{"text": "2024-08-23T22:24:00.720093+0500 INFO message sent\n", "record": {"elapsed": {"repr": "0:00:15.957617", "seconds": 15.957617}, "exception": null, "extra": {}, "file": {"name": "main.py", "path": "C:\\Users\\melni\\PycharmProjects\\betboom_parser\\main.py"}, "function": "get_message", "level": {"icon": "ℹ️", "name": "INFO", "no": 20}, "line": 29, "message": "message sent", "module": "main", "name": "__main__", "process": {"id": 6428, "name": "MainProcess"}, "thread": {"id": 5208, "name": "MainThread"}, "time": {"repr": "2024-08-23 22:24:00.720093+05:00", "timestamp": 1724433840.720093}}}
{"text": "2024-08-23T22:24:00.721095+0500 DEBUG writing bet to db\n", "record": {"elapsed": {"repr": "0:00:15.958619", "seconds": 15.958619}, "exception": null, "extra": {}, "file": {"name": "main.py", "path": "C:\\Users\\melni\\PycharmProjects\\betboom_parser\\main.py"}, "function": "find_game", "level": {"icon": "🐞", "name": "DEBUG", "no": 10}, "line": 68, "message": "writing bet to db", "module": "main", "name": "__main__", "process": {"id": 6428, "name": "MainProcess"}, "thread": {"id": 5208, "name": "MainThread"}, "time": {"repr": "2024-08-23 22:24:00.721095+05:00", "timestamp": 1724433840.721095}}}
{"text": "2024-08-23T22:24:00.722089+0500 DEBUG finding coefficients\n", "record": {"elapsed": {"repr": "0:00:15.959613", "seconds": 15.959613}, "exception": null, "extra": {}, "file": {"name": "main.py", "path": "C:\\Users\\melni\\PycharmProjects\\betboom_parser\\main.py"}, "function": "get_bet", "level": {"icon": "🐞", "name": "DEBUG", "no": 10}, "line": 94, "message": "finding coefficients", "module": "main", "name": "__main__", "process": {"id": 6428, "name": "MainProcess"}, "thread": {"id": 5208, "name": "MainThread"}, "time": {"repr": "2024-08-23 22:24:00.722089+05:00", "timestamp": 1724433840.722089}}}
{"text": "2024-08-23T22:24:00.722089+0500 DEBUG getting info about match...\n", "record": {"elapsed": {"repr": "0:00:15.959613", "seconds": 15.959613}, "exception": null, "extra": {}, "file": {"name": "main.py", "path": "C:\\Users\\melni\\PycharmProjects\\betboom_parser\\main.py"}, "function": "get_match", "level": {"icon": "🐞", "name": "DEBUG", "no": 10}, "line": 119, "message": "getting info about match...", "module": "main", "name": "__main__", "process": {"id": 6428, "name": "MainProcess"}, "thread": {"id": 5208, "name": "MainThread"}, "time": {"repr": "2024-08-23 22:24:00.722089+05:00", "timestamp": 1724433840.722089}}}
{"text": "2024-08-23T22:24:00.723088+0500 DEBUG getting matches...\n", "record": {"elapsed": {"repr": "0:00:15.960612", "seconds": 15.960612}, "exception": null, "extra": {}, "file": {"name": "main.py", "path": "C:\\Users\\melni\\PycharmProjects\\betboom_parser\\main.py"}, "function": "main", "level": {"icon": "🐞", "name": "DEBUG", "no": 10}, "line": 142, "message": "getting matches...", "module": "main", "name": "__main__", "process": {"id": 6428, "name": "MainProcess"}, "thread": {"id": 5208, "name": "MainThread"}, "time": {"repr": "2024-08-23 22:24:00.723088+05:00", "timestamp": 1724433840.723088}}}
{"text": "2024-08-23T22:24:00.724080+0500 INFO sleeping...\n", "record": {"elapsed": {"repr": "0:00:15.961604", "seconds": 15.961604}, "exception": null, "extra": {}, "file": {"name": "main.py", "path": "C:\\Users\\melni\\PycharmProjects\\betboom_parser\\main.py"}, "function": "<module>", "level": {"icon": "ℹ️", "name": "INFO", "no": 20}, "line": 149, "message": "sleeping...", "module": "main", "name": "__main__", "process": {"id": 6428, "name": "MainProcess"}, "thread": {"id": 5208, "name": "MainThread"}, "time": {"repr": "2024-08-23 22:24:00.724080+05:00", "timestamp": 1724433840.72408}}}
{"text": "2024-08-23T22:54:01.266851+0500 DEBUG reading db\n", "record": {"elapsed": {"repr": "0:30:16.504375", "seconds": 1816.504375}, "exception": null, "extra": {}, "file": {"name": "main.py", "path": "C:\\Users\\melni\\PycharmProjects\\betboom_parser\\main.py"}, "function": "find_game", "level": {"icon": "🐞", "name": "DEBUG", "no": 10}, "line": 54, "message": "reading db", "module": "main", "name": "__main__", "process": {"id": 6428, "name": "MainProcess"}, "thread": {"id": 5208, "name": "MainThread"}, "time": {"repr": "2024-08-23 22:54:01.266851+05:00", "timestamp": 1724435641.266851}}}
{"text": "2024-08-23T22:54:01.721084+0500 INFO CS 2. ESEA Advanced. Europe (23.08 23:00)\n9INE Academy - Grannys Knockers\n\n1-я карта -> 1.62 & 2.234\n", "record": {"elapsed": {"repr": "0:30:16.958608", "seconds": 1816.958608}, "exception": null, "extra": {}, "file": {"name": "main.py", "path": "C:\\Users\\melni\\PycharmProjects\\betboom_parser\\main.py"}, "function": "get_message", "level": {"icon": "ℹ️", "name": "INFO", "no": 20}, "line": 28, "message": "CS 2. ESEA Advanced. Europe (23.08 23:00)\n9INE Academy - Grannys Knockers\n\n1-я карта -> 1.62 & 2.234", "module": "main", "name": "__main__", "process": {"id": 6428, "name": "MainProcess"}, "thread": {"id": 5208, "name": "MainThread"}, "time": {"repr": "2024-08-23 22:54:01.721084+05:00", "timestamp": 1724435641.721084}}}
{"text": "2024-08-23T22:54:01.723609+0500 INFO message sent\n", "record": {"elapsed": {"repr": "0:30:16.961133", "seconds": 1816.961133}, "exception": null, "extra": {}, "file": {"name": "main.py", "path": "C:\\Users\\melni\\PycharmProjects\\betboom_parser\\main.py"}, "function": "get_message", "level": {"icon": "ℹ️", "name": "INFO", "no": 20}, "line": 29, "message": "message sent", "module": "main", "name": "__main__", "process": {"id": 6428, "name": "MainProcess"}, "thread": {"id": 5208, "name": "MainThread"}, "time": {"repr": "2024-08-23 22:54:01.723609+05:00", "timestamp": 1724435641.723609}}}
{"text": "2024-08-23T22:54:01.723609+0500 DEBUG writing bet to db\n", "record": {"elapsed": {"repr": "0:30:16.961133", "seconds": 1816.961133}, "exception": null, "extra": {}, "file": {"name": "main.py", "path": "C:\\Users\\melni\\PycharmProjects\\betboom_parser\\main.py"}, "function": "find_game", "level": {"icon": "🐞", "name": "DEBUG", "no": 10}, "line": 68, "message": "writing bet to db", "module": "main", "name": "__main__", "process": {"id": 6428, "name": "MainProcess"}, "thread": {"id": 5208, "name": "MainThread"}, "time": {"repr": "2024-08-23 22:54:01.723609+05:00", "timestamp": 1724435641.723609}}}
{"text": "2024-08-23T22:54:01.723609+0500 DEBUG finding coefficients\n", "record": {"elapsed": {"repr": "0:30:16.961133", "seconds": 1816.961133}, "exception": null, "extra": {}, "file": {"name": "main.py", "path": "C:\\Users\\melni\\PycharmProjects\\betboom_parser\\main.py"}, "function": "get_bet", "level": {"icon": "🐞", "name": "DEBUG", "no": 10}, "line": 94, "message": "finding coefficients", "module": "main", "name": "__main__", "process": {"id": 6428, "name": "MainProcess"}, "thread": {"id": 5208, "name": "MainThread"}, "time": {"repr": "2024-08-23 22:54:01.723609+05:00", "timestamp": 1724435641.723609}}}
{"text": "2024-08-23T22:54:01.723609+0500 DEBUG getting info about match...\n", "record": {"elapsed": {"repr": "0:30:16.961133", "seconds": 1816.961133}, "exception": null, "extra": {}, "file": {"name": "main.py", "path": "C:\\Users\\melni\\PycharmProjects\\betboom_parser\\main.py"}, "function": "get_match", "level": {"icon": "🐞", "name": "DEBUG", "no": 10}, "line": 119, "message": "getting info about match...", "module": "main", "name": "__main__", "process": {"id": 6428, "name": "MainProcess"}, "thread": {"id": 5208, "name": "MainThread"}, "time": {"repr": "2024-08-23 22:54:01.723609+05:00", "timestamp": 1724435641.723609}}}
{"text": "2024-08-23T22:54:01.972619+0500 DEBUG reading db\n", "record": {"elapsed": {"repr": "0:30:17.210143", "seconds": 1817.210143}, "exception": null, "extra": {}, "file": {"name": "main.py", "path": "C:\\Users\\melni\\PycharmProjects\\betboom_parser\\main.py"}, "function": "find_game", "level": {"icon": "🐞", "name": "DEBUG", "no": 10}, "line": 54, "message": "reading db", "module": "main", "name": "__main__", "process": {"id": 6428, "name": "MainProcess"}, "thread": {"id": 5208, "name": "MainThread"}, "time": {"repr": "2024-08-23 22:54:01.972619+05:00", "timestamp": 1724435641.972619}}}
{"text": "2024-08-23T22:54:02.334692+0500 INFO CS 2. ESEA Advanced. Europe (23.08 23:00)\nLoading - ADEPTS\n\n1-я карта -> 2.599 & 1.47\n", "record": {"elapsed": {"repr": "0:30:17.572216", "seconds": 1817.572216}, "exception": null, "extra": {}, "file": {"name": "main.py", "path": "C:\\Users\\melni\\PycharmProjects\\betboom_parser\\main.py"}, "function": "get_message", "level": {"icon": "ℹ️", "name": "INFO", "no": 20}, "line": 28, "message": "CS 2. ESEA Advanced. Europe (23.08 23:00)\nLoading - ADEPTS\n\n1-я карта -> 2.599 & 1.47", "module": "main", "name": "__main__", "process": {"id": 6428, "name": "MainProcess"}, "thread": {"id": 5208, "name": "MainThread"}, "time": {"repr": "2024-08-23 22:54:02.334692+05:00", "timestamp": 1724435642.334692}}}
{"text": "2024-08-23T22:54:02.334692+0500 INFO message sent\n", "record": {"elapsed": {"repr": "0:30:17.572216", "seconds": 1817.572216}, "exception": null, "extra": {}, "file": {"name": "main.py", "path": "C:\\Users\\melni\\PycharmProjects\\betboom_parser\\main.py"}, "function": "get_message", "level": {"icon": "ℹ️", "name": "INFO", "no": 20}, "line": 29, "message": "message sent", "module": "main", "name": "__main__", "process": {"id": 6428, "name": "MainProcess"}, "thread": {"id": 5208, "name": "MainThread"}, "time": {"repr": "2024-08-23 22:54:02.334692+05:00", "timestamp": 1724435642.334692}}}
{"text": "2024-08-23T22:54:02.334692+0500 DEBUG writing bet to db\n", "record": {"elapsed": {"repr": "0:30:17.572216", "seconds": 1817.572216}, "exception": null, "extra": {}, "file": {"name": "main.py", "path": "C:\\Users\\melni\\PycharmProjects\\betboom_parser\\main.py"}, "function": "find_game", "level": {"icon": "🐞", "name": "DEBUG", "no": 10}, "line": 68, "message": "writing bet to db", "module": "main", "name": "__main__", "process": {"id": 6428, "name": "MainProcess"}, "thread": {"id": 5208, "name": "MainThread"}, "time": {"repr": "2024-08-23 22:54:02.334692+05:00", "timestamp": 1724435642.334692}}}
{"text": "2024-08-23T22:54:02.334692+0500 DEBUG finding coefficients\n", "record": {"elapsed": {"repr": "0:30:17.572216", "seconds": 1817.572216}, "exception": null, "extra": {}, "file": {"name": "main.py", "path": "C:\\Users\\melni\\PycharmProjects\\betboom_parser\\main.py"}, "function": "get_bet", "level": {"icon": "🐞", "name": "DEBUG", "no": 10}, "line": 94, "message": "finding coefficients", "module": "main", "name": "__main__", "process": {"id": 6428, "name": "MainProcess"}, "thread": {"id": 5208, "name": "MainThread"}, "time": {"repr": "2024-08-23 22:54:02.334692+05:00", "timestamp": 1724435642.334692}}}
{"text": "2024-08-23T22:54:02.334692+0500 DEBUG getting info about match...\n", "record": {"elapsed": {"repr": "0:30:17.572216", "seconds": 1817.572216}, "exception": null, "extra": {}, "file": {"name": "main.py", "path": "C:\\Users\\melni\\PycharmProjects\\betboom_parser\\main.py"}, "function": "get_match", "level": {"icon": "🐞", "name": "DEBUG", "no": 10}, "line": 119, "message": "getting info about match...", "module": "main", "name": "__main__", "process": {"id": 6428, "name": "MainProcess"}, "thread": {"id": 5208, "name": "MainThread"}, "time": {"repr": "2024-08-23 22:54:02.334692+05:00", "timestamp": 1724435642.334692}}}
{"text": "2024-08-23T22:54:02.585427+0500 DEBUG reading db\n", "record": {"elapsed": {"repr": "0:30:17.822951", "seconds": 1817.822951}, "exception": null, "extra": {}, "file": {"name": "main.py", "path": "C:\\Users\\melni\\PycharmProjects\\betboom_parser\\main.py"}, "function": "find_game", "level": {"icon": "🐞", "name": "DEBUG", "no": 10}, "line": 54, "message": "reading db", "module": "main", "name": "__main__", "process": {"id": 6428, "name": "MainProcess"}, "thread": {"id": 5208, "name": "MainThread"}, "time": {"repr": "2024-08-23 22:54:02.585427+05:00", "timestamp": 1724435642.585427}}}
{"text": "2024-08-23T22:54:02.962609+0500 INFO CS 2. ESEA Advanced. Europe (23.08 23:00)\nRoundsGG - Reason\n\n1-я карта -> 1.56 & 2.359\n", "record": {"elapsed": {"repr": "0:30:18.200133", "seconds": 1818.200133}, "exception": null, "extra": {}, "file": {"name": "main.py", "path": "C:\\Users\\melni\\PycharmProjects\\betboom_parser\\main.py"}, "function": "get_message", "level": {"icon": "ℹ️", "name": "INFO", "no": 20}, "line": 28, "message": "CS 2. ESEA Advanced. Europe (23.08 23:00)\nRoundsGG - Reason\n\n1-я карта -> 1.56 & 2.359", "module": "main", "name": "__main__", "process": {"id": 6428, "name": "MainProcess"}, "thread": {"id": 5208, "name": "MainThread"}, "time": {"repr": "2024-08-23 22:54:02.962609+05:00", "timestamp": 1724435642.962609}}}
{"text": "2024-08-23T22:54:02.962609+0500 INFO message sent\n", "record": {"elapsed": {"repr": "0:30:18.200133", "seconds": 1818.200133}, "exception": null, "extra": {}, "file": {"name": "main.py", "path": "C:\\Users\\melni\\PycharmProjects\\betboom_parser\\main.py"}, "function": "get_message", "level": {"icon": "ℹ️", "name": "INFO", "no": 20}, "line": 29, "message": "message sent", "module": "main", "name": "__main__", "process": {"id": 6428, "name": "MainProcess"}, "thread": {"id": 5208, "name": "MainThread"}, "time": {"repr": "2024-08-23 22:54:02.962609+05:00", "timestamp": 1724435642.962609}}}
{"text": "2024-08-23T22:54:02.962609+0500 DEBUG writing bet to db\n", "record": {"elapsed": {"repr": "0:30:18.200133", "seconds": 1818.200133}, "exception": null, "extra": {}, "file": {"name": "main.py", "path": "C:\\Users\\melni\\PycharmProjects\\betboom_parser\\main.py"}, "function": "find_game", "level": {"icon": "🐞", "name": "DEBUG", "no": 10}, "line": 68, "message": "writing bet to db", "module": "main", "name": "__main__", "process": {"id": 6428, "name": "MainProcess"}, "thread": {"id": 5208, "name": "MainThread"}, "time": {"repr": "2024-08-23 22:54:02.962609+05:00", "timestamp": 1724435642.962609}}}
{"text": "2024-08-23T22:54:02.978202+0500 DEBUG finding coefficients\n", "record": {"elapsed": {"repr": "0:30:18.215726", "seconds": 1818.215726}, "exception": null, "extra": {}, "file": {"name": "main.py", "path": "C:\\Users\\melni\\PycharmProjects\\betboom_parser\\main.py"}, "function": "get_bet", "level": {"icon": "🐞", "name": "DEBUG", "no": 10}, "line": 94, "message": "finding coefficients", "module": "main", "name": "__main__", "process": {"id": 6428, "name": "MainProcess"}, "thread": {"id": 5208, "name": "MainThread"}, "time": {"repr": "2024-08-23 22:54:02.978202+05:00", "timestamp": 1724435642.978202}}}
{"text": "2024-08-23T22:54:02.978202+0500 DEBUG getting info about match...\n", "record": {"elapsed": {"repr": "0:30:18.215726", "seconds": 1818.215726}, "exception": null, "extra": {}, "file": {"name": "main.py", "path": "C:\\Users\\melni\\PycharmProjects\\betboom_parser\\main.py"}, "function": "get_match", "level": {"icon": "🐞", "name": "DEBUG", "no": 10}, "line": 119, "message": "getting info about match...", "module": "main", "name": "__main__", "process": {"id": 6428, "name": "MainProcess"}, "thread": {"id": 5208, "name": "MainThread"}, "time": {"repr": "2024-08-23 22:54:02.978202+05:00", "timestamp": 1724435642.978202}}}
{"text": "2024-08-23T22:54:03.197691+0500 DEBUG reading db\n", "record": {"elapsed": {"repr": "0:30:18.435215", "seconds": 1818.435215}, "exception": null, "extra": {}, "file": {"name": "main.py", "path": "C:\\Users\\melni\\PycharmProjects\\betboom_parser\\main.py"}, "function": "find_game", "level": {"icon": "🐞", "name": "DEBUG", "no": 10}, "line": 54, "message": "reading db", "module": "main", "name": "__main__", "process": {"id": 6428, "name": "MainProcess"}, "thread": {"id": 5208, "name": "MainThread"}, "time": {"repr": "2024-08-23 22:54:03.197691+05:00", "timestamp": 1724435643.197691}}}
{"text": "2024-08-23T22:54:03.573910+0500 INFO CS 2. BLAST Premier: Fall Showdown (23.08 23:30)\nBIG - GamerLegion\n\n1-я карта -> 1.75 & 2.1\n", "record": {"elapsed": {"repr": "0:30:18.811434", "seconds": 1818.811434}, "exception": null, "extra": {}, "file": {"name": "main.py", "path": "C:\\Users\\melni\\PycharmProjects\\betboom_parser\\main.py"}, "function": "get_message", "level": {"icon": "ℹ️", "name": "INFO", "no": 20}, "line": 28, "message": "CS 2. BLAST Premier: Fall Showdown (23.08 23:30)\nBIG - GamerLegion\n\n1-я карта -> 1.75 & 2.1", "module": "main", "name": "__main__", "process": {"id": 6428, "name": "MainProcess"}, "thread": {"id": 5208, "name": "MainThread"}, "time": {"repr": "2024-08-23 22:54:03.573910+05:00", "timestamp": 1724435643.57391}}}
{"text": "2024-08-23T22:54:03.573910+0500 INFO message sent\n", "record": {"elapsed": {"repr": "0:30:18.811434", "seconds": 1818.811434}, "exception": null, "extra": {}, "file": {"name": "main.py", "path": "C:\\Users\\melni\\PycharmProjects\\betboom_parser\\main.py"}, "function": "get_message", "level": {"icon": "ℹ️", "name": "INFO", "no": 20}, "line": 29, "message": "message sent", "module": "main", "name": "__main__", "process": {"id": 6428, "name": "MainProcess"}, "thread": {"id": 5208, "name": "MainThread"}, "time": {"repr": "2024-08-23 22:54:03.573910+05:00", "timestamp": 1724435643.57391}}}
{"text": "2024-08-23T22:54:03.573910+0500 DEBUG writing bet to db\n", "record": {"elapsed": {"repr": "0:30:18.811434", "seconds": 1818.811434}, "exception": null, "extra": {}, "file": {"name": "main.py", "path": "C:\\Users\\melni\\PycharmProjects\\betboom_parser\\main.py"}, "function": "find_game", "level": {"icon": "🐞", "name": "DEBUG", "no": 10}, "line": 68, "message": "writing bet to db", "module": "main", "name": "__main__", "process": {"id": 6428, "name": "MainProcess"}, "thread": {"id": 5208, "name": "MainThread"}, "time": {"repr": "2024-08-23 22:54:03.573910+05:00", "timestamp": 1724435643.57391}}}
{"text": "2024-08-23T22:54:03.573910+0500 DEBUG finding coefficients\n", "record": {"elapsed": {"repr": "0:30:18.811434", "seconds": 1818.811434}, "exception": null, "extra": {}, "file": {"name": "main.py", "path": "C:\\Users\\melni\\PycharmProjects\\betboom_parser\\main.py"}, "function": "get_bet", "level": {"icon": "🐞", "name": "DEBUG", "no": 10}, "line": 94, "message": "finding coefficients", "module": "main", "name": "__main__", "process": {"id": 6428, "name": "MainProcess"}, "thread": {"id": 5208, "name": "MainThread"}, "time": {"repr": "2024-08-23 22:54:03.573910+05:00", "timestamp": 1724435643.57391}}}
{"text": "2024-08-23T22:54:03.573910+0500 DEBUG reading db\n", "record": {"elapsed": {"repr": "0:30:18.811434", "seconds": 1818.811434}, "exception": null, "extra": {}, "file": {"name": "main.py", "path": "C:\\Users\\melni\\PycharmProjects\\betboom_parser\\main.py"}, "function": "find_game", "level": {"icon": "🐞", "name": "DEBUG", "no": 10}, "line": 54, "message": "reading db", "module": "main", "name": "__main__", "process": {"id": 6428, "name": "MainProcess"}, "thread": {"id": 5208, "name": "MainThread"}, "time": {"repr": "2024-08-23 22:54:03.573910+05:00", "timestamp": 1724435643.57391}}}
{"text": "2024-08-23T22:54:03.982617+0500 INFO CS 2. BLAST Premier: Fall Showdown (23.08 23:30)\nBIG - GamerLegion\n\n2-я карта -> 1.68 & 2.21\n", "record": {"elapsed": {"repr": "0:30:19.220141", "seconds": 1819.220141}, "exception": null, "extra": {}, "file": {"name": "main.py", "path": "C:\\Users\\melni\\PycharmProjects\\betboom_parser\\main.py"}, "function": "get_message", "level": {"icon": "ℹ️", "name": "INFO", "no": 20}, "line": 28, "message": "CS 2. BLAST Premier: Fall Showdown (23.08 23:30)\nBIG - GamerLegion\n\n2-я карта -> 1.68 & 2.21", "module": "main", "name": "__main__", "process": {"id": 6428, "name": "MainProcess"}, "thread": {"id": 5208, "name": "MainThread"}, "time": {"repr": "2024-08-23 22:54:03.982617+05:00", "timestamp": 1724435643.982617}}}
{"text": "2024-08-23T22:54:03.998241+0500 INFO message sent\n", "record": {"elapsed": {"repr": "0:30:19.235765", "seconds": 1819.235765}, "exception": null, "extra": {}, "file": {"name": "main.py", "path": "C:\\Users\\melni\\PycharmProjects\\betboom_parser\\main.py"}, "function": "get_message", "level": {"icon": "ℹ️", "name": "INFO", "no": 20}, "line": 29, "message": "message sent", "module": "main", "name": "__main__", "process": {"id": 6428, "name": "MainProcess"}, "thread": {"id": 5208, "name": "MainThread"}, "time": {"repr": "2024-08-23 22:54:03.998241+05:00", "timestamp": 1724435643.998241}}}
{"text": "2024-08-23T22:54:07.422072+0500 INFO CS 2. BLAST Premier: Fall Showdown (23.08 23:30)\nBIG - GamerLegion\n\nold odds: 2-я карта -> 1.75\nnew odds: 2-я карта -> 1.68\n", "record": {"elapsed": {"repr": "0:30:22.659596", "seconds": 1822.659596}, "exception": null, "extra": {}, "file": {"name": "main.py", "path": "C:\\Users\\melni\\PycharmProjects\\betboom_parser\\main.py"}, "function": "get_alter_message", "level": {"icon": "ℹ️", "name": "INFO", "no": 20}, "line": 46, "message": "CS 2. BLAST Premier: Fall Showdown (23.08 23:30)\nBIG - GamerLegion\n\nold odds: 2-я карта -> 1.75\nnew odds: 2-я карта -> 1.68", "module": "main", "name": "__main__", "process": {"id": 6428, "name": "MainProcess"}, "thread": {"id": 5208, "name": "MainThread"}, "time": {"repr": "2024-08-23 22:54:07.422072+05:00", "timestamp": 1724435647.422072}}}
{"text": "2024-08-23T22:54:07.422072+0500 INFO message sent\n", "record": {"elapsed": {"repr": "0:30:22.659596", "seconds": 1822.659596}, "exception": null, "extra": {}, "file": {"name": "main.py", "path": "C:\\Users\\melni\\PycharmProjects\\betboom_parser\\main.py"}, "function": "get_alter_message", "level": {"icon": "ℹ️", "name": "INFO", "no": 20}, "line": 47, "message": "message sent", "module": "main", "name": "__main__", "process": {"id": 6428, "name": "MainProcess"}, "thread": {"id": 5208, "name": "MainThread"}, "time": {"repr": "2024-08-23 22:54:07.422072+05:00", "timestamp": 1724435647.422072}}}
{"text": "2024-08-23T22:54:07.422072+0500 DEBUG writing bet to db\n", "record": {"elapsed": {"repr": "0:30:22.659596", "seconds": 1822.659596}, "exception": null, "extra": {}, "file": {"name": "main.py", "path": "C:\\Users\\melni\\PycharmProjects\\betboom_parser\\main.py"}, "function": "find_game", "level": {"icon": "🐞", "name": "DEBUG", "no": 10}, "line": 68, "message": "writing bet to db", "module": "main", "name": "__main__", "process": {"id": 6428, "name": "MainProcess"}, "thread": {"id": 5208, "name": "MainThread"}, "time": {"repr": "2024-08-23 22:54:07.422072+05:00", "timestamp": 1724435647.422072}}}
{"text": "2024-08-23T22:54:07.422072+0500 DEBUG finding coefficients\n", "record": {"elapsed": {"repr": "0:30:22.659596", "seconds": 1822.659596}, "exception": null, "extra": {}, "file": {"name": "main.py", "path": "C:\\Users\\melni\\PycharmProjects\\betboom_parser\\main.py"}, "function": "get_bet", "level": {"icon": "🐞", "name": "DEBUG", "no": 10}, "line": 94, "message": "finding coefficients", "module": "main", "name": "__main__", "process": {"id": 6428, "name": "MainProcess"}, "thread": {"id": 5208, "name": "MainThread"}, "time": {"repr": "2024-08-23 22:54:07.422072+05:00", "timestamp": 1724435647.422072}}}
{"text": "2024-08-23T22:54:07.435617+0500 DEBUG getting info about match...\n", "record": {"elapsed": {"repr": "0:30:22.673141", "seconds": 1822.673141}, "exception": null, "extra": {}, "file": {"name": "main.py", "path": "C:\\Users\\melni\\PycharmProjects\\betboom_parser\\main.py"}, "function": "get_match", "level": {"icon": "🐞", "name": "DEBUG", "no": 10}, "line": 119, "message": "getting info about match...", "module": "main", "name": "__main__", "process": {"id": 6428, "name": "MainProcess"}, "thread": {"id": 5208, "name": "MainThread"}, "time": {"repr": "2024-08-23 22:54:07.435617+05:00", "timestamp": 1724435647.435617}}}
{"text": "2024-08-23T22:54:07.689087+0500 DEBUG reading db\n", "record": {"elapsed": {"repr": "0:30:22.926611", "seconds": 1822.926611}, "exception": null, "extra": {}, "file": {"name": "main.py", "path": "C:\\Users\\melni\\PycharmProjects\\betboom_parser\\main.py"}, "function": "find_game", "level": {"icon": "🐞", "name": "DEBUG", "no": 10}, "line": 54, "message": "reading db", "module": "main", "name": "__main__", "process": {"id": 6428, "name": "MainProcess"}, "thread": {"id": 5208, "name": "MainThread"}, "time": {"repr": "2024-08-23 22:54:07.689087+05:00", "timestamp": 1724435647.689087}}}
{"text": "2024-08-23T22:54:07.689087+0500 DEBUG writing bet to db\n", "record": {"elapsed": {"repr": "0:30:22.926611", "seconds": 1822.926611}, "exception": null, "extra": {}, "file": {"name": "main.py", "path": "C:\\Users\\melni\\PycharmProjects\\betboom_parser\\main.py"}, "function": "find_game", "level": {"icon": "🐞", "name": "DEBUG", "no": 10}, "line": 68, "message": "writing bet to db", "module": "main", "name": "__main__", "process": {"id": 6428, "name": "MainProcess"}, "thread": {"id": 5208, "name": "MainThread"}, "time": {"repr": "2024-08-23 22:54:07.689087+05:00", "timestamp": 1724435647.689087}}}
{"text": "2024-08-23T22:54:07.689087+0500 DEBUG finding coefficients\n", "record": {"elapsed": {"repr": "0:30:22.926611", "seconds": 1822.926611}, "exception": null, "extra": {}, "file": {"name": "main.py", "path": "C:\\Users\\melni\\PycharmProjects\\betboom_parser\\main.py"}, "function": "get_bet", "level": {"icon": "🐞", "name": "DEBUG", "no": 10}, "line": 94, "message": "finding coefficients", "module": "main", "name": "__main__", "process": {"id": 6428, "name": "MainProcess"}, "thread": {"id": 5208, "name": "MainThread"}, "time": {"repr": "2024-08-23 22:54:07.689087+05:00", "timestamp": 1724435647.689087}}}
{"text": "2024-08-23T22:54:07.689087+0500 DEBUG reading db\n", "record": {"elapsed": {"repr": "0:30:22.926611", "seconds": 1822.926611}, "exception": null, "extra": {}, "file": {"name": "main.py", "path": "C:\\Users\\melni\\PycharmProjects\\betboom_parser\\main.py"}, "function": "find_game", "level": {"icon": "🐞", "name": "DEBUG", "no": 10}, "line": 54, "message": "reading db", "module": "main", "name": "__main__", "process": {"id": 6428, "name": "MainProcess"}, "thread": {"id": 5208, "name": "MainThread"}, "time": {"repr": "2024-08-23 22:54:07.689087+05:00", "timestamp": 1724435647.689087}}}
{"text": "2024-08-23T22:54:08.136990+0500 INFO CS 2. BLAST Premier: Fall Showdown (24.08 01:00)\nOG - AMKAL ESPORTS\n\nold odds: 2-я карта -> 1.5\nnew odds: 2-я карта -> 1.38\n", "record": {"elapsed": {"repr": "0:30:23.374514", "seconds": 1823.374514}, "exception": null, "extra": {}, "file": {"name": "main.py", "path": "C:\\Users\\melni\\PycharmProjects\\betboom_parser\\main.py"}, "function": "get_alter_message", "level": {"icon": "ℹ️", "name": "INFO", "no": 20}, "line": 46, "message": "CS 2. BLAST Premier: Fall Showdown (24.08 01:00)\nOG - AMKAL ESPORTS\n\nold odds: 2-я карта -> 1.5\nnew odds: 2-я карта -> 1.38", "module": "main", "name": "__main__", "process": {"id": 6428, "name": "MainProcess"}, "thread": {"id": 5208, "name": "MainThread"}, "time": {"repr": "2024-08-23 22:54:08.136990+05:00", "timestamp": 1724435648.13699}}}
{"text": "2024-08-23T22:54:08.136990+0500 INFO message sent\n", "record": {"elapsed": {"repr": "0:30:23.374514", "seconds": 1823.374514}, "exception": null, "extra": {}, "file": {"name": "main.py", "path": "C:\\Users\\melni\\PycharmProjects\\betboom_parser\\main.py"}, "function": "get_alter_message", "level": {"icon": "ℹ️", "name": "INFO", "no": 20}, "line": 47, "message": "message sent", "module": "main", "name": "__main__", "process": {"id": 6428, "name": "MainProcess"}, "thread": {"id": 5208, "name": "MainThread"}, "time": {"repr": "2024-08-23 22:54:08.136990+05:00", "timestamp": 1724435648.13699}}}
{"text": "2024-08-23T22:54:08.136990+0500 DEBUG writing bet to db\n", "record": {"elapsed": {"repr": "0:30:23.374514", "seconds": 1823.374514}, "exception": null, "extra": {}, "file": {"name": "main.py", "path": "C:\\Users\\melni\\PycharmProjects\\betboom_parser\\main.py"}, "function": "find_game", "level": {"icon": "🐞", "name": "DEBUG", "no": 10}, "line": 68, "message": "writing bet to db", "module": "main", "name": "__main__", "process": {"id": 6428, "name": "MainProcess"}, "thread": {"id": 5208, "name": "MainThread"}, "time": {"repr": "2024-08-23 22:54:08.136990+05:00", "timestamp": 1724435648.13699}}}
{"text": "2024-08-23T22:54:08.136990+0500 DEBUG finding coefficients\n", "record": {"elapsed": {"repr": "0:30:23.374514", "seconds": 1823.374514}, "exception": null, "extra": {}, "file": {"name": "main.py", "path": "C:\\Users\\melni\\PycharmProjects\\betboom_parser\\main.py"}, "function": "get_bet", "level": {"icon": "🐞", "name": "DEBUG", "no": 10}, "line": 94, "message": "finding coefficients", "module": "main", "name": "__main__", "process": {"id": 6428, "name": "MainProcess"}, "thread": {"id": 5208, "name": "MainThread"}, "time": {"repr": "2024-08-23 22:54:08.136990+05:00", "timestamp": 1724435648.13699}}}
{"text": "2024-08-23T22:54:08.144528+0500 DEBUG reading db\n", "record": {"elapsed": {"repr": "0:30:23.382052", "seconds": 1823.382052}, "exception": null, "extra": {}, "file": {"name": "main.py", "path": "C:\\Users\\melni\\PycharmProjects\\betboom_parser\\main.py"}, "function": "find_game", "level": {"icon": "🐞", "name": "DEBUG", "no": 10}, "line": 54, "message": "reading db", "module": "main", "name": "__main__", "process": {"id": 6428, "name": "MainProcess"}, "thread": {"id": 5208, "name": "MainThread"}, "time": {"repr": "2024-08-23 22:54:08.144528+05:00", "timestamp": 1724435648.144528}}}
{"text": "2024-08-23T22:54:08.599793+0500 INFO CS 2. BLAST Premier: Fall Showdown (24.08 01:00)\nOG - AMKAL ESPORTS\n\nold odds: 3-я карта -> 1.38\nnew odds: 3-я карта -> 1.42\n", "record": {"elapsed": {"repr": "0:30:23.837317", "seconds": 1823.837317}, "exception": null, "extra": {}, "file": {"name": "main.py", "path": "C:\\Users\\melni\\PycharmProjects\\betboom_parser\\main.py"}, "function": "get_alter_message", "level": {"icon": "ℹ️", "name": "INFO", "no": 20}, "line": 46, "message": "CS 2. BLAST Premier: Fall Showdown (24.08 01:00)\nOG - AMKAL ESPORTS\n\nold odds: 3-я карта -> 1.38\nnew odds: 3-я карта -> 1.42", "module": "main", "name": "__main__", "process": {"id": 6428, "name": "MainProcess"}, "thread": {"id": 5208, "name": "MainThread"}, "time": {"repr": "2024-08-23 22:54:08.599793+05:00", "timestamp": 1724435648.599793}}}
{"text": "2024-08-23T22:54:08.599793+0500 INFO message sent\n", "record": {"elapsed": {"repr": "0:30:23.837317", "seconds": 1823.837317}, "exception": null, "extra": {}, "file": {"name": "main.py", "path": "C:\\Users\\melni\\PycharmProjects\\betboom_parser\\main.py"}, "function": "get_alter_message", "level": {"icon": "ℹ️", "name": "INFO", "no": 20}, "line": 47, "message": "message sent", "module": "main", "name": "__main__", "process": {"id": 6428, "name": "MainProcess"}, "thread": {"id": 5208, "name": "MainThread"}, "time": {"repr": "2024-08-23 22:54:08.599793+05:00", "timestamp": 1724435648.599793}}}
{"text": "2024-08-23T22:54:08.599793+0500 DEBUG writing bet to db\n", "record": {"elapsed": {"repr": "0:30:23.837317", "seconds": 1823.837317}, "exception": null, "extra": {}, "file": {"name": "main.py", "path": "C:\\Users\\melni\\PycharmProjects\\betboom_parser\\main.py"}, "function": "find_game", "level": {"icon": "🐞", "name": "DEBUG", "no": 10}, "line": 68, "message": "writing bet to db", "module": "main", "name": "__main__", "process": {"id": 6428, "name": "MainProcess"}, "thread": {"id": 5208, "name": "MainThread"}, "time": {"repr": "2024-08-23 22:54:08.599793+05:00", "timestamp": 1724435648.599793}}}
{"text": "2024-08-23T22:54:08.599793+0500 DEBUG finding coefficients\n", "record": {"elapsed": {"repr": "0:30:23.837317", "seconds": 1823.837317}, "exception": null, "extra": {}, "file": {"name": "main.py", "path": "C:\\Users\\melni\\PycharmProjects\\betboom_parser\\main.py"}, "function": "get_bet", "level": {"icon": "🐞", "name": "DEBUG", "no": 10}, "line": 94, "message": "finding coefficients", "module": "main", "name": "__main__", "process": {"id": 6428, "name": "MainProcess"}, "thread": {"id": 5208, "name": "MainThread"}, "time": {"repr": "2024-08-23 22:54:08.599793+05:00", "timestamp": 1724435648.599793}}}
{"text": "2024-08-23T22:54:08.599793+0500 DEBUG getting info about match...\n", "record": {"elapsed": {"repr": "0:30:23.837317", "seconds": 1823.837317}, "exception": null, "extra": {}, "file": {"name": "main.py", "path": "C:\\Users\\melni\\PycharmProjects\\betboom_parser\\main.py"}, "function": "get_match", "level": {"icon": "🐞", "name": "DEBUG", "no": 10}, "line": 119, "message": "getting info about match...", "module": "main", "name": "__main__", "process": {"id": 6428, "name": "MainProcess"}, "thread": {"id": 5208, "name": "MainThread"}, "time": {"repr": "2024-08-23 22:54:08.599793+05:00", "timestamp": 1724435648.599793}}}
{"text": "2024-08-23T22:54:08.851155+0500 DEBUG reading db\n", "record": {"elapsed": {"repr": "0:30:24.088679", "seconds": 1824.088679}, "exception": null, "extra": {}, "file": {"name": "main.py", "path": "C:\\Users\\melni\\PycharmProjects\\betboom_parser\\main.py"}, "function": "find_game", "level": {"icon": "🐞", "name": "DEBUG", "no": 10}, "line": 54, "message": "reading db", "module": "main", "name": "__main__", "process": {"id": 6428, "name": "MainProcess"}, "thread": {"id": 5208, "name": "MainThread"}, "time": {"repr": "2024-08-23 22:54:08.851155+05:00", "timestamp": 1724435648.851155}}}
{"text": "2024-08-23T22:54:09.211862+0500 INFO CS 2. ESEA Advanced. Europe (24.08 01:00)\nVerdant - Banger Gang\n\n1-я карта -> 1.3 & 3.37\n", "record": {"elapsed": {"repr": "0:30:24.449386", "seconds": 1824.449386}, "exception": null, "extra": {}, "file": {"name": "main.py", "path": "C:\\Users\\melni\\PycharmProjects\\betboom_parser\\main.py"}, "function": "get_message", "level": {"icon": "ℹ️", "name": "INFO", "no": 20}, "line": 28, "message": "CS 2. ESEA Advanced. Europe (24.08 01:00)\nVerdant - Banger Gang\n\n1-я карта -> 1.3 & 3.37", "module": "main", "name": "__main__", "process": {"id": 6428, "name": "MainProcess"}, "thread": {"id": 5208, "name": "MainThread"}, "time": {"repr": "2024-08-23 22:54:09.211862+05:00", "timestamp": 1724435649.211862}}}
{"text": "2024-08-23T22:54:09.211862+0500 INFO message sent\n", "record": {"elapsed": {"repr": "0:30:24.449386", "seconds": 1824.449386}, "exception": null, "extra": {}, "file": {"name": "main.py", "path": "C:\\Users\\melni\\PycharmProjects\\betboom_parser\\main.py"}, "function": "get_message", "level": {"icon": "ℹ️", "name": "INFO", "no": 20}, "line": 29, "message": "message sent", "module": "main", "name": "__main__", "process": {"id": 6428, "name": "MainProcess"}, "thread": {"id": 5208, "name": "MainThread"}, "time": {"repr": "2024-08-23 22:54:09.211862+05:00", "timestamp": 1724435649.211862}}}
{"text": "2024-08-23T22:54:09.211862+0500 DEBUG writing bet to db\n", "record": {"elapsed": {"repr": "0:30:24.449386", "seconds": 1824.449386}, "exception": null, "extra": {}, "file": {"name": "main.py", "path": "C:\\Users\\melni\\PycharmProjects\\betboom_parser\\main.py"}, "function": "find_game", "level": {"icon": "🐞", "name": "DEBUG", "no": 10}, "line": 68, "message": "writing bet to db", "module": "main", "name": "__main__", "process": {"id": 6428, "name": "MainProcess"}, "thread": {"id": 5208, "name": "MainThread"}, "time": {"repr": "2024-08-23 22:54:09.211862+05:00", "timestamp": 1724435649.211862}}}
{"text": "2024-08-23T22:54:09.211862+0500 DEBUG finding coefficients\n", "record": {"elapsed": {"repr": "0:30:24.449386", "seconds": 1824.449386}, "exception": null, "extra": {}, "file": {"name": "main.py", "path": "C:\\Users\\melni\\PycharmProjects\\betboom_parser\\main.py"}, "function": "get_bet", "level": {"icon": "🐞", "name": "DEBUG", "no": 10}, "line": 94, "message": "finding coefficients", "module": "main", "name": "__main__", "process": {"id": 6428, "name": "MainProcess"}, "thread": {"id": 5208, "name": "MainThread"}, "time": {"repr": "2024-08-23 22:54:09.211862+05:00", "timestamp": 1724435649.211862}}}
{"text": "2024-08-23T22:54:09.211862+0500 DEBUG getting info about match...\n", "record": {"elapsed": {"repr": "0:30:24.449386", "seconds": 1824.449386}, "exception": null, "extra": {}, "file": {"name": "main.py", "path": "C:\\Users\\melni\\PycharmProjects\\betboom_parser\\main.py"}, "function": "get_match", "level": {"icon": "🐞", "name": "DEBUG", "no": 10}, "line": 119, "message": "getting info about match...", "module": "main", "name": "__main__", "process": {"id": 6428, "name": "MainProcess"}, "thread": {"id": 5208, "name": "MainThread"}, "time": {"repr": "2024-08-23 22:54:09.211862+05:00", "timestamp": 1724435649.211862}}}
{"text": "2024-08-23T22:54:09.463237+0500 DEBUG reading db\n", "record": {"elapsed": {"repr": "0:30:24.700761", "seconds": 1824.700761}, "exception": null, "extra": {}, "file": {"name": "main.py", "path": "C:\\Users\\melni\\PycharmProjects\\betboom_parser\\main.py"}, "function": "find_game", "level": {"icon": "🐞", "name": "DEBUG", "no": 10}, "line": 54, "message": "reading db", "module": "main", "name": "__main__", "process": {"id": 6428, "name": "MainProcess"}, "thread": {"id": 5208, "name": "MainThread"}, "time": {"repr": "2024-08-23 22:54:09.463237+05:00", "timestamp": 1724435649.463237}}}
{"text": "2024-08-23T22:54:11.583819+0500 INFO CS 2. CCT South America (24.08 01:30)\nGalorys - HAWKS\n\n1-я карта -> 1.37 & 2.983\n", "record": {"elapsed": {"repr": "0:30:26.821343", "seconds": 1826.821343}, "exception": null, "extra": {}, "file": {"name": "main.py", "path": "C:\\Users\\melni\\PycharmProjects\\betboom_parser\\main.py"}, "function": "get_message", "level": {"icon": "ℹ️", "name": "INFO", "no": 20}, "line": 28, "message": "CS 2. CCT South America (24.08 01:30)\nGalorys - HAWKS\n\n1-я карта -> 1.37 & 2.983", "module": "main", "name": "__main__", "process": {"id": 6428, "name": "MainProcess"}, "thread": {"id": 5208, "name": "MainThread"}, "time": {"repr": "2024-08-23 22:54:11.583819+05:00", "timestamp": 1724435651.583819}}}
{"text": "2024-08-23T22:54:11.583819+0500 INFO message sent\n", "record": {"elapsed": {"repr": "0:30:26.821343", "seconds": 1826.821343}, "exception": null, "extra": {}, "file": {"name": "main.py", "path": "C:\\Users\\melni\\PycharmProjects\\betboom_parser\\main.py"}, "function": "get_message", "level": {"icon": "ℹ️", "name": "INFO", "no": 20}, "line": 29, "message": "message sent", "module": "main", "name": "__main__", "process": {"id": 6428, "name": "MainProcess"}, "thread": {"id": 5208, "name": "MainThread"}, "time": {"repr": "2024-08-23 22:54:11.583819+05:00", "timestamp": 1724435651.583819}}}
{"text": "2024-08-23T22:54:11.583819+0500 DEBUG writing bet to db\n", "record": {"elapsed": {"repr": "0:30:26.821343", "seconds": 1826.821343}, "exception": null, "extra": {}, "file": {"name": "main.py", "path": "C:\\Users\\melni\\PycharmProjects\\betboom_parser\\main.py"}, "function": "find_game", "level": {"icon": "🐞", "name": "DEBUG", "no": 10}, "line": 68, "message": "writing bet to db", "module": "main", "name": "__main__", "process": {"id": 6428, "name": "MainProcess"}, "thread": {"id": 5208, "name": "MainThread"}, "time": {"repr": "2024-08-23 22:54:11.583819+05:00", "timestamp": 1724435651.583819}}}
{"text": "2024-08-23T22:54:11.583819+0500 DEBUG finding coefficients\n", "record": {"elapsed": {"repr": "0:30:26.821343", "seconds": 1826.821343}, "exception": null, "extra": {}, "file": {"name": "main.py", "path": "C:\\Users\\melni\\PycharmProjects\\betboom_parser\\main.py"}, "function": "get_bet", "level": {"icon": "🐞", "name": "DEBUG", "no": 10}, "line": 94, "message": "finding coefficients", "module": "main", "name": "__main__", "process": {"id": 6428, "name": "MainProcess"}, "thread": {"id": 5208, "name": "MainThread"}, "time": {"repr": "2024-08-23 22:54:11.583819+05:00", "timestamp": 1724435651.583819}}}
{"text": "2024-08-23T22:54:11.583819+0500 DEBUG reading db\n", "record": {"elapsed": {"repr": "0:30:26.821343", "seconds": 1826.821343}, "exception": null, "extra": {}, "file": {"name": "main.py", "path": "C:\\Users\\melni\\PycharmProjects\\betboom_parser\\main.py"}, "function": "find_game", "level": {"icon": "🐞", "name": "DEBUG", "no": 10}, "line": 54, "message": "reading db", "module": "main", "name": "__main__", "process": {"id": 6428, "name": "MainProcess"}, "thread": {"id": 5208, "name": "MainThread"}, "time": {"repr": "2024-08-23 22:54:11.583819+05:00", "timestamp": 1724435651.583819}}}
{"text": "2024-08-23T22:54:14.943509+0500 INFO CS 2. CCT South America (24.08 01:30)\nGalorys - HAWKS\n\n2-я карта -> 1.37 & 2.983\n", "record": {"elapsed": {"repr": "0:30:30.181033", "seconds": 1830.181033}, "exception": null, "extra": {}, "file": {"name": "main.py", "path": "C:\\Users\\melni\\PycharmProjects\\betboom_parser\\main.py"}, "function": "get_message", "level": {"icon": "ℹ️", "name": "INFO", "no": 20}, "line": 28, "message": "CS 2. CCT South America (24.08 01:30)\nGalorys - HAWKS\n\n2-я карта -> 1.37 & 2.983", "module": "main", "name": "__main__", "process": {"id": 6428, "name": "MainProcess"}, "thread": {"id": 5208, "name": "MainThread"}, "time": {"repr": "2024-08-23 22:54:14.943509+05:00", "timestamp": 1724435654.943509}}}
{"text": "2024-08-23T22:54:14.943509+0500 INFO message sent\n", "record": {"elapsed": {"repr": "0:30:30.181033", "seconds": 1830.181033}, "exception": null, "extra": {}, "file": {"name": "main.py", "path": "C:\\Users\\melni\\PycharmProjects\\betboom_parser\\main.py"}, "function": "get_message", "level": {"icon": "ℹ️", "name": "INFO", "no": 20}, "line": 29, "message": "message sent", "module": "main", "name": "__main__", "process": {"id": 6428, "name": "MainProcess"}, "thread": {"id": 5208, "name": "MainThread"}, "time": {"repr": "2024-08-23 22:54:14.943509+05:00", "timestamp": 1724435654.943509}}}
{"text": "2024-08-23T22:54:14.943509+0500 DEBUG writing bet to db\n", "record": {"elapsed": {"repr": "0:30:30.181033", "seconds": 1830.181033}, "exception": null, "extra": {}, "file": {"name": "main.py", "path": "C:\\Users\\melni\\PycharmProjects\\betboom_parser\\main.py"}, "function": "find_game", "level": {"icon": "🐞", "name": "DEBUG", "no": 10}, "line": 68, "message": "writing bet to db", "module": "main", "name": "__main__", "process": {"id": 6428, "name": "MainProcess"}, "thread": {"id": 5208, "name": "MainThread"}, "time": {"repr": "2024-08-23 22:54:14.943509+05:00", "timestamp": 1724435654.943509}}}
{"text": "2024-08-23T22:54:14.943509+0500 DEBUG finding coefficients\n", "record": {"elapsed": {"repr": "0:30:30.181033", "seconds": 1830.181033}, "exception": null, "extra": {}, "file": {"name": "main.py", "path": "C:\\Users\\melni\\PycharmProjects\\betboom_parser\\main.py"}, "function": "get_bet", "level": {"icon": "🐞", "name": "DEBUG", "no": 10}, "line": 94, "message": "finding coefficients", "module": "main", "name": "__main__", "process": {"id": 6428, "name": "MainProcess"}, "thread": {"id": 5208, "name": "MainThread"}, "time": {"repr": "2024-08-23 22:54:14.943509+05:00", "timestamp": 1724435654.943509}}}
{"text": "2024-08-23T22:54:14.943509+0500 DEBUG reading db\n", "record": {"elapsed": {"repr": "0:30:30.181033", "seconds": 1830.181033}, "exception": null, "extra": {}, "file": {"name": "main.py", "path": "C:\\Users\\melni\\PycharmProjects\\betboom_parser\\main.py"}, "function": "find_game", "level": {"icon": "🐞", "name": "DEBUG", "no": 10}, "line": 54, "message": "reading db", "module": "main", "name": "__main__", "process": {"id": 6428, "name": "MainProcess"}, "thread": {"id": 5208, "name": "MainThread"}, "time": {"repr": "2024-08-23 22:54:14.943509+05:00", "timestamp": 1724435654.943509}}}
{"text": "2024-08-23T22:54:15.242708+0500 INFO CS 2. CCT South America (24.08 01:30)\nGalorys - HAWKS\n\n3-я карта -> 1.4 & 2.854\n", "record": {"elapsed": {"repr": "0:30:30.480232", "seconds": 1830.480232}, "exception": null, "extra": {}, "file": {"name": "main.py", "path": "C:\\Users\\melni\\PycharmProjects\\betboom_parser\\main.py"}, "function": "get_message", "level": {"icon": "ℹ️", "name": "INFO", "no": 20}, "line": 28, "message": "CS 2. CCT South America (24.08 01:30)\nGalorys - HAWKS\n\n3-я карта -> 1.4 & 2.854", "module": "main", "name": "__main__", "process": {"id": 6428, "name": "MainProcess"}, "thread": {"id": 5208, "name": "MainThread"}, "time": {"repr": "2024-08-23 22:54:15.242708+05:00", "timestamp": 1724435655.242708}}}
{"text": "2024-08-23T22:54:15.242708+0500 INFO message sent\n", "record": {"elapsed": {"repr": "0:30:30.480232", "seconds": 1830.480232}, "exception": null, "extra": {}, "file": {"name": "main.py", "path": "C:\\Users\\melni\\PycharmProjects\\betboom_parser\\main.py"}, "function": "get_message", "level": {"icon": "ℹ️", "name": "INFO", "no": 20}, "line": 29, "message": "message sent", "module": "main", "name": "__main__", "process": {"id": 6428, "name": "MainProcess"}, "thread": {"id": 5208, "name": "MainThread"}, "time": {"repr": "2024-08-23 22:54:15.242708+05:00", "timestamp": 1724435655.242708}}}
{"text": "2024-08-23T22:54:15.572771+0500 INFO CS 2. CCT South America (24.08 01:30)\nGalorys - HAWKS\n\nold odds: 3-я карта -> 1.37\nnew odds: 3-я карта -> 1.4\n", "record": {"elapsed": {"repr": "0:30:30.810295", "seconds": 1830.810295}, "exception": null, "extra": {}, "file": {"name": "main.py", "path": "C:\\Users\\melni\\PycharmProjects\\betboom_parser\\main.py"}, "function": "get_alter_message", "level": {"icon": "ℹ️", "name": "INFO", "no": 20}, "line": 46, "message": "CS 2. CCT South America (24.08 01:30)\nGalorys - HAWKS\n\nold odds: 3-я карта -> 1.37\nnew odds: 3-я карта -> 1.4", "module": "main", "name": "__main__", "process": {"id": 6428, "name": "MainProcess"}, "thread": {"id": 5208, "name": "MainThread"}, "time": {"repr": "2024-08-23 22:54:15.572771+05:00", "timestamp": 1724435655.572771}}}
{"text": "2024-08-23T22:54:15.572771+0500 INFO message sent\n", "record": {"elapsed": {"repr": "0:30:30.810295", "seconds": 1830.810295}, "exception": null, "extra": {}, "file": {"name": "main.py", "path": "C:\\Users\\melni\\PycharmProjects\\betboom_parser\\main.py"}, "function": "get_alter_message", "level": {"icon": "ℹ️", "name": "INFO", "no": 20}, "line": 47, "message": "message sent", "module": "main", "name": "__main__", "process": {"id": 6428, "name": "MainProcess"}, "thread": {"id": 5208, "name": "MainThread"}, "time": {"repr": "2024-08-23 22:54:15.572771+05:00", "timestamp": 1724435655.572771}}}
{"text": "2024-08-23T22:54:15.572771+0500 DEBUG writing bet to db\n", "record": {"elapsed": {"repr": "0:30:30.810295", "seconds": 1830.810295}, "exception": null, "extra": {}, "file": {"name": "main.py", "path": "C:\\Users\\melni\\PycharmProjects\\betboom_parser\\main.py"}, "function": "find_game", "level": {"icon": "🐞", "name": "DEBUG", "no": 10}, "line": 68, "message": "writing bet to db", "module": "main", "name": "__main__", "process": {"id": 6428, "name": "MainProcess"}, "thread": {"id": 5208, "name": "MainThread"}, "time": {"repr": "2024-08-23 22:54:15.572771+05:00", "timestamp": 1724435655.572771}}}
{"text": "2024-08-23T22:54:15.572771+0500 DEBUG finding coefficients\n", "record": {"elapsed": {"repr": "0:30:30.810295", "seconds": 1830.810295}, "exception": null, "extra": {}, "file": {"name": "main.py", "path": "C:\\Users\\melni\\PycharmProjects\\betboom_parser\\main.py"}, "function": "get_bet", "level": {"icon": "🐞", "name": "DEBUG", "no": 10}, "line": 94, "message": "finding coefficients", "module": "main", "name": "__main__", "process": {"id": 6428, "name": "MainProcess"}, "thread": {"id": 5208, "name": "MainThread"}, "time": {"repr": "2024-08-23 22:54:15.572771+05:00", "timestamp": 1724435655.572771}}}
{"text": "2024-08-23T22:54:15.572771+0500 DEBUG getting info about match...\n", "record": {"elapsed": {"repr": "0:30:30.810295", "seconds": 1830.810295}, "exception": null, "extra": {}, "file": {"name": "main.py", "path": "C:\\Users\\melni\\PycharmProjects\\betboom_parser\\main.py"}, "function": "get_match", "level": {"icon": "🐞", "name": "DEBUG", "no": 10}, "line": 119, "message": "getting info about match...", "module": "main", "name": "__main__", "process": {"id": 6428, "name": "MainProcess"}, "thread": {"id": 5208, "name": "MainThread"}, "time": {"repr": "2024-08-23 22:54:15.572771+05:00", "timestamp": 1724435655.572771}}}
{"text": "2024-08-23T22:54:15.572771+0500 DEBUG getting matches...\n", "record": {"elapsed": {"repr": "0:30:30.810295", "seconds": 1830.810295}, "exception": null, "extra": {}, "file": {"name": "main.py", "path": "C:\\Users\\melni\\PycharmProjects\\betboom_parser\\main.py"}, "function": "main", "level": {"icon": "🐞", "name": "DEBUG", "no": 10}, "line": 142, "message": "getting matches...", "module": "main", "name": "__main__", "process": {"id": 6428, "name": "MainProcess"}, "thread": {"id": 5208, "name": "MainThread"}, "time": {"repr": "2024-08-23 22:54:15.572771+05:00", "timestamp": 1724435655.572771}}}
{"text": "2024-08-23T22:54:15.572771+0500 INFO sleeping...\n", "record": {"elapsed": {"repr": "0:30:30.810295", "seconds": 1830.810295}, "exception": null, "extra": {}, "file": {"name": "main.py", "path": "C:\\Users\\melni\\PycharmProjects\\betboom_parser\\main.py"}, "function": "<module>", "level": {"icon": "ℹ️", "name": "INFO", "no": 20}, "line": 149, "message": "sleeping...", "module": "main", "name": "__main__", "process": {"id": 6428, "name": "MainProcess"}, "thread": {"id": 5208, "name": "MainThread"}, "time": {"repr": "2024-08-23 22:54:15.572771+05:00", "timestamp": 1724435655.572771}}}
{"text": "2024-08-25T01:31:43.794627+0500 DEBUG reading db\n", "record": {"elapsed": {"repr": "0:00:01.194730", "seconds": 1.19473}, "exception": null, "extra": {}, "file": {"name": "main.py", "path": "C:\\Users\\melni\\PycharmProjects\\betboom_parser\\main.py"}, "function": "find_game", "level": {"icon": "🐞", "name": "DEBUG", "no": 10}, "line": 23, "message": "reading db", "module": "main", "name": "__main__", "process": {"id": 6328, "name": "MainProcess"}, "thread": {"id": 416, "name": "MainThread"}, "time": {"repr": "2024-08-25 01:31:43.794627+05:00", "timestamp": 1724531503.794627}}}
{"text": "2024-08-25T01:31:44.386097+0500 INFO CS 2. CCT South America (25.08 04:30)\nSensei Team - Yawara Esports\n\n1-я карта -> 1.63 & 2.215\n", "record": {"elapsed": {"repr": "0:00:01.786200", "seconds": 1.7862}, "exception": null, "extra": {}, "file": {"name": "messages.py", "path": "C:\\Users\\melni\\PycharmProjects\\betboom_parser\\messages.py"}, "function": "get_message", "level": {"icon": "ℹ️", "name": "INFO", "no": 20}, "line": 19, "message": "CS 2. CCT South America (25.08 04:30)\nSensei Team - Yawara Esports\n\n1-я карта -> 1.63 & 2.215", "module": "messages", "name": "messages", "process": {"id": 6328, "name": "MainProcess"}, "thread": {"id": 416, "name": "MainThread"}, "time": {"repr": "2024-08-25 01:31:44.386097+05:00", "timestamp": 1724531504.386097}}}
{"text": "2024-08-25T01:31:44.386097+0500 INFO message sent\n", "record": {"elapsed": {"repr": "0:00:01.786200", "seconds": 1.7862}, "exception": null, "extra": {}, "file": {"name": "messages.py", "path": "C:\\Users\\melni\\PycharmProjects\\betboom_parser\\messages.py"}, "function": "get_message", "level": {"icon": "ℹ️", "name": "INFO", "no": 20}, "line": 20, "message": "message sent", "module": "messages", "name": "messages", "process": {"id": 6328, "name": "MainProcess"}, "thread": {"id": 416, "name": "MainThread"}, "time": {"repr": "2024-08-25 01:31:44.386097+05:00", "timestamp": 1724531504.386097}}}
{"text": "2024-08-25T01:31:44.387112+0500 DEBUG writing bet to db\n", "record": {"elapsed": {"repr": "0:00:01.787215", "seconds": 1.787215}, "exception": null, "extra": {}, "file": {"name": "main.py", "path": "C:\\Users\\melni\\PycharmProjects\\betboom_parser\\main.py"}, "function": "find_game", "level": {"icon": "🐞", "name": "DEBUG", "no": 10}, "line": 37, "message": "writing bet to db", "module": "main", "name": "__main__", "process": {"id": 6328, "name": "MainProcess"}, "thread": {"id": 416, "name": "MainThread"}, "time": {"repr": "2024-08-25 01:31:44.387112+05:00", "timestamp": 1724531504.387112}}}
{"text": "2024-08-25T01:31:44.389693+0500 DEBUG finding coefficients\n", "record": {"elapsed": {"repr": "0:00:01.789796", "seconds": 1.789796}, "exception": null, "extra": {}, "file": {"name": "main.py", "path": "C:\\Users\\melni\\PycharmProjects\\betboom_parser\\main.py"}, "function": "get_bet", "level": {"icon": "🐞", "name": "DEBUG", "no": 10}, "line": 63, "message": "finding coefficients", "module": "main", "name": "__main__", "process": {"id": 6328, "name": "MainProcess"}, "thread": {"id": 416, "name": "MainThread"}, "time": {"repr": "2024-08-25 01:31:44.389693+05:00", "timestamp": 1724531504.389693}}}
{"text": "2024-08-25T01:31:44.392710+0500 DEBUG reading db\n", "record": {"elapsed": {"repr": "0:00:01.792813", "seconds": 1.792813}, "exception": null, "extra": {}, "file": {"name": "main.py", "path": "C:\\Users\\melni\\PycharmProjects\\betboom_parser\\main.py"}, "function": "find_game", "level": {"icon": "🐞", "name": "DEBUG", "no": 10}, "line": 23, "message": "reading db", "module": "main", "name": "__main__", "process": {"id": 6328, "name": "MainProcess"}, "thread": {"id": 416, "name": "MainThread"}, "time": {"repr": "2024-08-25 01:31:44.392710+05:00", "timestamp": 1724531504.39271}}}
