{"text": "2024-08-29T02:59:01.528293+0500 CRITICAL url doesnt written\n", "record": {"elapsed": {"repr": "0:00:08.229884", "seconds": 8.229884}, "exception": null, "extra": {}, "file": {"name": "main.py", "path": "C:\\Users\\melni\\PycharmProjects\\1xbet_parser\\main.py"}, "function": "get_league", "level": {"icon": "☠️", "name": "CRITICAL", "no": 50}, "line": 155, "message": "url doesnt written", "module": "main", "name": "__main__", "process": {"id": 9752, "name": "MainProcess"}, "thread": {"id": 7160, "name": "MainThread"}, "time": {"repr": "2024-08-29 02:59:01.528293+05:00", "timestamp": 1724882341.528293}}}
{"text": "2024-08-29T02:59:01.764662+0500 CRITICAL 'NoneType' object has no attribute 'split'\n", "record": {"elapsed": {"repr": "0:00:08.466253", "seconds": 8.466253}, "exception": null, "extra": {}, "file": {"name": "main.py", "path": "C:\\Users\\melni\\PycharmProjects\\1xbet_parser\\main.py"}, "function": "get_league", "level": {"icon": "☠️", "name": "CRITICAL", "no": 50}, "line": 156, "message": "'NoneType' object has no attribute 'split'", "module": "main", "name": "__main__", "process": {"id": 9752, "name": "MainProcess"}, "thread": {"id": 7160, "name": "MainThread"}, "time": {"repr": "2024-08-29 02:59:01.764662+05:00", "timestamp": 1724882341.764662}}}
{"text": "2024-08-29T02:59:01.765672+0500 CRITICAL url doesnt written\n", "record": {"elapsed": {"repr": "0:00:08.467263", "seconds": 8.467263}, "exception": null, "extra": {}, "file": {"name": "main.py", "path": "C:\\Users\\melni\\PycharmProjects\\1xbet_parser\\main.py"}, "function": "get_league", "level": {"icon": "☠️", "name": "CRITICAL", "no": 50}, "line": 155, "message": "url doesnt written", "module": "main", "name": "__main__", "process": {"id": 9752, "name": "MainProcess"}, "thread": {"id": 7160, "name": "MainThread"}, "time": {"repr": "2024-08-29 02:59:01.765672+05:00", "timestamp": 1724882341.765672}}}
{"text": "2024-08-29T02:59:01.769663+0500 CRITICAL 'NoneType' object has no attribute 'split'\n", "record": {"elapsed": {"repr": "0:00:08.471254", "seconds": 8.471254}, "exception": null, "extra": {}, "file": {"name": "main.py", "path": "C:\\Users\\melni\\PycharmProjects\\1xbet_parser\\main.py"}, "function": "get_league", "level": {"icon": "☠️", "name": "CRITICAL", "no": 50}, "line": 156, "message": "'NoneType' object has no attribute 'split'", "module": "main", "name": "__main__", "process": {"id": 9752, "name": "MainProcess"}, "thread": {"id": 7160, "name": "MainThread"}, "time": {"repr": "2024-08-29 02:59:01.769663+05:00", "timestamp": 1724882341.769663}}}
{"text": "2024-08-29T02:59:01.770664+0500 CRITICAL url doesnt written\n", "record": {"elapsed": {"repr": "0:00:08.472255", "seconds": 8.472255}, "exception": null, "extra": {}, "file": {"name": "main.py", "path": "C:\\Users\\melni\\PycharmProjects\\1xbet_parser\\main.py"}, "function": "get_league", "level": {"icon": "☠️", "name": "CRITICAL", "no": 50}, "line": 155, "message": "url doesnt written", "module": "main", "name": "__main__", "process": {"id": 9752, "name": "MainProcess"}, "thread": {"id": 7160, "name": "MainThread"}, "time": {"repr": "2024-08-29 02:59:01.770664+05:00", "timestamp": 1724882341.770664}}}
{"text": "2024-08-29T02:59:01.774188+0500 CRITICAL 'NoneType' object has no attribute 'split'\n", "record": {"elapsed": {"repr": "0:00:08.475779", "seconds": 8.475779}, "exception": null, "extra": {}, "file": {"name": "main.py", "path": "C:\\Users\\melni\\PycharmProjects\\1xbet_parser\\main.py"}, "function": "get_league", "level": {"icon": "☠️", "name": "CRITICAL", "no": 50}, "line": 156, "message": "'NoneType' object has no attribute 'split'", "module": "main", "name": "__main__", "process": {"id": 9752, "name": "MainProcess"}, "thread": {"id": 7160, "name": "MainThread"}, "time": {"repr": "2024-08-29 02:59:01.774188+05:00", "timestamp": 1724882341.774188}}}
{"text": "2024-08-29T02:59:01.776192+0500 CRITICAL url doesnt written\n", "record": {"elapsed": {"repr": "0:00:08.477783", "seconds": 8.477783}, "exception": null, "extra": {}, "file": {"name": "main.py", "path": "C:\\Users\\melni\\PycharmProjects\\1xbet_parser\\main.py"}, "function": "get_league", "level": {"icon": "☠️", "name": "CRITICAL", "no": 50}, "line": 155, "message": "url doesnt written", "module": "main", "name": "__main__", "process": {"id": 9752, "name": "MainProcess"}, "thread": {"id": 7160, "name": "MainThread"}, "time": {"repr": "2024-08-29 02:59:01.776192+05:00", "timestamp": 1724882341.776192}}}
{"text": "2024-08-29T02:59:01.780193+0500 CRITICAL 'NoneType' object has no attribute 'split'\n", "record": {"elapsed": {"repr": "0:00:08.481784", "seconds": 8.481784}, "exception": null, "extra": {}, "file": {"name": "main.py", "path": "C:\\Users\\melni\\PycharmProjects\\1xbet_parser\\main.py"}, "function": "get_league", "level": {"icon": "☠️", "name": "CRITICAL", "no": 50}, "line": 156, "message": "'NoneType' object has no attribute 'split'", "module": "main", "name": "__main__", "process": {"id": 9752, "name": "MainProcess"}, "thread": {"id": 7160, "name": "MainThread"}, "time": {"repr": "2024-08-29 02:59:01.780193+05:00", "timestamp": 1724882341.780193}}}
{"text": "2024-08-29T02:59:01.785193+0500 CRITICAL url doesnt written\n", "record": {"elapsed": {"repr": "0:00:08.486784", "seconds": 8.486784}, "exception": null, "extra": {}, "file": {"name": "main.py", "path": "C:\\Users\\melni\\PycharmProjects\\1xbet_parser\\main.py"}, "function": "get_league", "level": {"icon": "☠️", "name": "CRITICAL", "no": 50}, "line": 155, "message": "url doesnt written", "module": "main", "name": "__main__", "process": {"id": 9752, "name": "MainProcess"}, "thread": {"id": 7160, "name": "MainThread"}, "time": {"repr": "2024-08-29 02:59:01.785193+05:00", "timestamp": 1724882341.785193}}}
{"text": "2024-08-29T02:59:01.800324+0500 CRITICAL 'NoneType' object has no attribute 'split'\n", "record": {"elapsed": {"repr": "0:00:08.501915", "seconds": 8.501915}, "exception": null, "extra": {}, "file": {"name": "main.py", "path": "C:\\Users\\melni\\PycharmProjects\\1xbet_parser\\main.py"}, "function": "get_league", "level": {"icon": "☠️", "name": "CRITICAL", "no": 50}, "line": 156, "message": "'NoneType' object has no attribute 'split'", "module": "main", "name": "__main__", "process": {"id": 9752, "name": "MainProcess"}, "thread": {"id": 7160, "name": "MainThread"}, "time": {"repr": "2024-08-29 02:59:01.800324+05:00", "timestamp": 1724882341.800324}}}
{"text": "2024-08-29T02:59:01.804304+0500 CRITICAL url doesnt written\n", "record": {"elapsed": {"repr": "0:00:08.505895", "seconds": 8.505895}, "exception": null, "extra": {}, "file": {"name": "main.py", "path": "C:\\Users\\melni\\PycharmProjects\\1xbet_parser\\main.py"}, "function": "get_league", "level": {"icon": "☠️", "name": "CRITICAL", "no": 50}, "line": 155, "message": "url doesnt written", "module": "main", "name": "__main__", "process": {"id": 9752, "name": "MainProcess"}, "thread": {"id": 7160, "name": "MainThread"}, "time": {"repr": "2024-08-29 02:59:01.804304+05:00", "timestamp": 1724882341.804304}}}
{"text": "2024-08-29T02:59:01.805307+0500 CRITICAL 'NoneType' object has no attribute 'split'\n", "record": {"elapsed": {"repr": "0:00:08.506898", "seconds": 8.506898}, "exception": null, "extra": {}, "file": {"name": "main.py", "path": "C:\\Users\\melni\\PycharmProjects\\1xbet_parser\\main.py"}, "function": "get_league", "level": {"icon": "☠️", "name": "CRITICAL", "no": 50}, "line": 156, "message": "'NoneType' object has no attribute 'split'", "module": "main", "name": "__main__", "process": {"id": 9752, "name": "MainProcess"}, "thread": {"id": 7160, "name": "MainThread"}, "time": {"repr": "2024-08-29 02:59:01.805307+05:00", "timestamp": 1724882341.805307}}}
{"text": "2024-08-29T02:59:01.809308+0500 CRITICAL url doesnt written\n", "record": {"elapsed": {"repr": "0:00:08.510899", "seconds": 8.510899}, "exception": null, "extra": {}, "file": {"name": "main.py", "path": "C:\\Users\\melni\\PycharmProjects\\1xbet_parser\\main.py"}, "function": "get_league", "level": {"icon": "☠️", "name": "CRITICAL", "no": 50}, "line": 155, "message": "url doesnt written", "module": "main", "name": "__main__", "process": {"id": 9752, "name": "MainProcess"}, "thread": {"id": 7160, "name": "MainThread"}, "time": {"repr": "2024-08-29 02:59:01.809308+05:00", "timestamp": 1724882341.809308}}}
{"text": "2024-08-29T02:59:01.810307+0500 CRITICAL 'NoneType' object has no attribute 'split'\n", "record": {"elapsed": {"repr": "0:00:08.511898", "seconds": 8.511898}, "exception": null, "extra": {}, "file": {"name": "main.py", "path": "C:\\Users\\melni\\PycharmProjects\\1xbet_parser\\main.py"}, "function": "get_league", "level": {"icon": "☠️", "name": "CRITICAL", "no": 50}, "line": 156, "message": "'NoneType' object has no attribute 'split'", "module": "main", "name": "__main__", "process": {"id": 9752, "name": "MainProcess"}, "thread": {"id": 7160, "name": "MainThread"}, "time": {"repr": "2024-08-29 02:59:01.810307+05:00", "timestamp": 1724882341.810307}}}
{"text": "2024-08-29T02:59:01.811307+0500 CRITICAL url doesnt written\n", "record": {"elapsed": {"repr": "0:00:08.512898", "seconds": 8.512898}, "exception": null, "extra": {}, "file": {"name": "main.py", "path": "C:\\Users\\melni\\PycharmProjects\\1xbet_parser\\main.py"}, "function": "get_league", "level": {"icon": "☠️", "name": "CRITICAL", "no": 50}, "line": 155, "message": "url doesnt written", "module": "main", "name": "__main__", "process": {"id": 9752, "name": "MainProcess"}, "thread": {"id": 7160, "name": "MainThread"}, "time": {"repr": "2024-08-29 02:59:01.811307+05:00", "timestamp": 1724882341.811307}}}
{"text": "2024-08-29T02:59:01.813306+0500 CRITICAL 'NoneType' object has no attribute 'split'\n", "record": {"elapsed": {"repr": "0:00:08.514897", "seconds": 8.514897}, "exception": null, "extra": {}, "file": {"name": "main.py", "path": "C:\\Users\\melni\\PycharmProjects\\1xbet_parser\\main.py"}, "function": "get_league", "level": {"icon": "☠️", "name": "CRITICAL", "no": 50}, "line": 156, "message": "'NoneType' object has no attribute 'split'", "module": "main", "name": "__main__", "process": {"id": 9752, "name": "MainProcess"}, "thread": {"id": 7160, "name": "MainThread"}, "time": {"repr": "2024-08-29 02:59:01.813306+05:00", "timestamp": 1724882341.813306}}}
{"text": "2024-08-29T02:59:01.817309+0500 CRITICAL url doesnt written\n", "record": {"elapsed": {"repr": "0:00:08.518900", "seconds": 8.5189}, "exception": null, "extra": {}, "file": {"name": "main.py", "path": "C:\\Users\\melni\\PycharmProjects\\1xbet_parser\\main.py"}, "function": "get_league", "level": {"icon": "☠️", "name": "CRITICAL", "no": 50}, "line": 155, "message": "url doesnt written", "module": "main", "name": "__main__", "process": {"id": 9752, "name": "MainProcess"}, "thread": {"id": 7160, "name": "MainThread"}, "time": {"repr": "2024-08-29 02:59:01.817309+05:00", "timestamp": 1724882341.817309}}}
{"text": "2024-08-29T02:59:01.818320+0500 CRITICAL 'NoneType' object has no attribute 'split'\n", "record": {"elapsed": {"repr": "0:00:08.519911", "seconds": 8.519911}, "exception": null, "extra": {}, "file": {"name": "main.py", "path": "C:\\Users\\melni\\PycharmProjects\\1xbet_parser\\main.py"}, "function": "get_league", "level": {"icon": "☠️", "name": "CRITICAL", "no": 50}, "line": 156, "message": "'NoneType' object has no attribute 'split'", "module": "main", "name": "__main__", "process": {"id": 9752, "name": "MainProcess"}, "thread": {"id": 7160, "name": "MainThread"}, "time": {"repr": "2024-08-29 02:59:01.818320+05:00", "timestamp": 1724882341.81832}}}
{"text": "2024-08-29T02:59:01.820309+0500 CRITICAL url doesnt written\n", "record": {"elapsed": {"repr": "0:00:08.521900", "seconds": 8.5219}, "exception": null, "extra": {}, "file": {"name": "main.py", "path": "C:\\Users\\melni\\PycharmProjects\\1xbet_parser\\main.py"}, "function": "get_league", "level": {"icon": "☠️", "name": "CRITICAL", "no": 50}, "line": 155, "message": "url doesnt written", "module": "main", "name": "__main__", "process": {"id": 9752, "name": "MainProcess"}, "thread": {"id": 7160, "name": "MainThread"}, "time": {"repr": "2024-08-29 02:59:01.820309+05:00", "timestamp": 1724882341.820309}}}
{"text": "2024-08-29T02:59:01.823310+0500 CRITICAL 'NoneType' object has no attribute 'split'\n", "record": {"elapsed": {"repr": "0:00:08.524901", "seconds": 8.524901}, "exception": null, "extra": {}, "file": {"name": "main.py", "path": "C:\\Users\\melni\\PycharmProjects\\1xbet_parser\\main.py"}, "function": "get_league", "level": {"icon": "☠️", "name": "CRITICAL", "no": 50}, "line": 156, "message": "'NoneType' object has no attribute 'split'", "module": "main", "name": "__main__", "process": {"id": 9752, "name": "MainProcess"}, "thread": {"id": 7160, "name": "MainThread"}, "time": {"repr": "2024-08-29 02:59:01.823310+05:00", "timestamp": 1724882341.82331}}}
{"text": "2024-08-29T02:59:01.824309+0500 CRITICAL url doesnt written\n", "record": {"elapsed": {"repr": "0:00:08.525900", "seconds": 8.5259}, "exception": null, "extra": {}, "file": {"name": "main.py", "path": "C:\\Users\\melni\\PycharmProjects\\1xbet_parser\\main.py"}, "function": "get_league", "level": {"icon": "☠️", "name": "CRITICAL", "no": 50}, "line": 155, "message": "url doesnt written", "module": "main", "name": "__main__", "process": {"id": 9752, "name": "MainProcess"}, "thread": {"id": 7160, "name": "MainThread"}, "time": {"repr": "2024-08-29 02:59:01.824309+05:00", "timestamp": 1724882341.824309}}}
{"text": "2024-08-29T02:59:01.825311+0500 CRITICAL 'NoneType' object has no attribute 'split'\n", "record": {"elapsed": {"repr": "0:00:08.526902", "seconds": 8.526902}, "exception": null, "extra": {}, "file": {"name": "main.py", "path": "C:\\Users\\melni\\PycharmProjects\\1xbet_parser\\main.py"}, "function": "get_league", "level": {"icon": "☠️", "name": "CRITICAL", "no": 50}, "line": 156, "message": "'NoneType' object has no attribute 'split'", "module": "main", "name": "__main__", "process": {"id": 9752, "name": "MainProcess"}, "thread": {"id": 7160, "name": "MainThread"}, "time": {"repr": "2024-08-29 02:59:01.825311+05:00", "timestamp": 1724882341.825311}}}
{"text": "2024-08-29T02:59:01.831313+0500 CRITICAL url doesnt written\n", "record": {"elapsed": {"repr": "0:00:08.532904", "seconds": 8.532904}, "exception": null, "extra": {}, "file": {"name": "main.py", "path": "C:\\Users\\melni\\PycharmProjects\\1xbet_parser\\main.py"}, "function": "get_league", "level": {"icon": "☠️", "name": "CRITICAL", "no": 50}, "line": 155, "message": "url doesnt written", "module": "main", "name": "__main__", "process": {"id": 9752, "name": "MainProcess"}, "thread": {"id": 7160, "name": "MainThread"}, "time": {"repr": "2024-08-29 02:59:01.831313+05:00", "timestamp": 1724882341.831313}}}
{"text": "2024-08-29T02:59:01.831313+0500 CRITICAL 'NoneType' object has no attribute 'split'\n", "record": {"elapsed": {"repr": "0:00:08.532904", "seconds": 8.532904}, "exception": null, "extra": {}, "file": {"name": "main.py", "path": "C:\\Users\\melni\\PycharmProjects\\1xbet_parser\\main.py"}, "function": "get_league", "level": {"icon": "☠️", "name": "CRITICAL", "no": 50}, "line": 156, "message": "'NoneType' object has no attribute 'split'", "module": "main", "name": "__main__", "process": {"id": 9752, "name": "MainProcess"}, "thread": {"id": 7160, "name": "MainThread"}, "time": {"repr": "2024-08-29 02:59:01.831313+05:00", "timestamp": 1724882341.831313}}}
{"text": "2024-08-29T02:59:01.833314+0500 CRITICAL url doesnt written\n", "record": {"elapsed": {"repr": "0:00:08.534905", "seconds": 8.534905}, "exception": null, "extra": {}, "file": {"name": "main.py", "path": "C:\\Users\\melni\\PycharmProjects\\1xbet_parser\\main.py"}, "function": "get_league", "level": {"icon": "☠️", "name": "CRITICAL", "no": 50}, "line": 155, "message": "url doesnt written", "module": "main", "name": "__main__", "process": {"id": 9752, "name": "MainProcess"}, "thread": {"id": 7160, "name": "MainThread"}, "time": {"repr": "2024-08-29 02:59:01.833314+05:00", "timestamp": 1724882341.833314}}}
{"text": "2024-08-29T02:59:01.836311+0500 CRITICAL 'NoneType' object has no attribute 'split'\n", "record": {"elapsed": {"repr": "0:00:08.537902", "seconds": 8.537902}, "exception": null, "extra": {}, "file": {"name": "main.py", "path": "C:\\Users\\melni\\PycharmProjects\\1xbet_parser\\main.py"}, "function": "get_league", "level": {"icon": "☠️", "name": "CRITICAL", "no": 50}, "line": 156, "message": "'NoneType' object has no attribute 'split'", "module": "main", "name": "__main__", "process": {"id": 9752, "name": "MainProcess"}, "thread": {"id": 7160, "name": "MainThread"}, "time": {"repr": "2024-08-29 02:59:01.836311+05:00", "timestamp": 1724882341.836311}}}
{"text": "2024-08-29T02:59:01.838312+0500 CRITICAL url doesnt written\n", "record": {"elapsed": {"repr": "0:00:08.539903", "seconds": 8.539903}, "exception": null, "extra": {}, "file": {"name": "main.py", "path": "C:\\Users\\melni\\PycharmProjects\\1xbet_parser\\main.py"}, "function": "get_league", "level": {"icon": "☠️", "name": "CRITICAL", "no": 50}, "line": 155, "message": "url doesnt written", "module": "main", "name": "__main__", "process": {"id": 9752, "name": "MainProcess"}, "thread": {"id": 7160, "name": "MainThread"}, "time": {"repr": "2024-08-29 02:59:01.838312+05:00", "timestamp": 1724882341.838312}}}
{"text": "2024-08-29T02:59:01.838312+0500 CRITICAL 'NoneType' object has no attribute 'split'\n", "record": {"elapsed": {"repr": "0:00:08.539903", "seconds": 8.539903}, "exception": null, "extra": {}, "file": {"name": "main.py", "path": "C:\\Users\\melni\\PycharmProjects\\1xbet_parser\\main.py"}, "function": "get_league", "level": {"icon": "☠️", "name": "CRITICAL", "no": 50}, "line": 156, "message": "'NoneType' object has no attribute 'split'", "module": "main", "name": "__main__", "process": {"id": 9752, "name": "MainProcess"}, "thread": {"id": 7160, "name": "MainThread"}, "time": {"repr": "2024-08-29 02:59:01.838312+05:00", "timestamp": 1724882341.838312}}}
{"text": "2024-08-29T02:59:01.840536+0500 CRITICAL url doesnt written\n", "record": {"elapsed": {"repr": "0:00:08.542127", "seconds": 8.542127}, "exception": null, "extra": {}, "file": {"name": "main.py", "path": "C:\\Users\\melni\\PycharmProjects\\1xbet_parser\\main.py"}, "function": "get_league", "level": {"icon": "☠️", "name": "CRITICAL", "no": 50}, "line": 155, "message": "url doesnt written", "module": "main", "name": "__main__", "process": {"id": 9752, "name": "MainProcess"}, "thread": {"id": 7160, "name": "MainThread"}, "time": {"repr": "2024-08-29 02:59:01.840536+05:00", "timestamp": 1724882341.840536}}}
{"text": "2024-08-29T02:59:01.843535+0500 CRITICAL 'NoneType' object has no attribute 'split'\n", "record": {"elapsed": {"repr": "0:00:08.545126", "seconds": 8.545126}, "exception": null, "extra": {}, "file": {"name": "main.py", "path": "C:\\Users\\melni\\PycharmProjects\\1xbet_parser\\main.py"}, "function": "get_league", "level": {"icon": "☠️", "name": "CRITICAL", "no": 50}, "line": 156, "message": "'NoneType' object has no attribute 'split'", "module": "main", "name": "__main__", "process": {"id": 9752, "name": "MainProcess"}, "thread": {"id": 7160, "name": "MainThread"}, "time": {"repr": "2024-08-29 02:59:01.843535+05:00", "timestamp": 1724882341.843535}}}
{"text": "2024-08-29T02:59:01.844886+0500 CRITICAL url doesnt written\n", "record": {"elapsed": {"repr": "0:00:08.546477", "seconds": 8.546477}, "exception": null, "extra": {}, "file": {"name": "main.py", "path": "C:\\Users\\melni\\PycharmProjects\\1xbet_parser\\main.py"}, "function": "get_league", "level": {"icon": "☠️", "name": "CRITICAL", "no": 50}, "line": 155, "message": "url doesnt written", "module": "main", "name": "__main__", "process": {"id": 9752, "name": "MainProcess"}, "thread": {"id": 7160, "name": "MainThread"}, "time": {"repr": "2024-08-29 02:59:01.844886+05:00", "timestamp": 1724882341.844886}}}
{"text": "2024-08-29T02:59:01.847891+0500 CRITICAL 'NoneType' object has no attribute 'split'\n", "record": {"elapsed": {"repr": "0:00:08.549482", "seconds": 8.549482}, "exception": null, "extra": {}, "file": {"name": "main.py", "path": "C:\\Users\\melni\\PycharmProjects\\1xbet_parser\\main.py"}, "function": "get_league", "level": {"icon": "☠️", "name": "CRITICAL", "no": 50}, "line": 156, "message": "'NoneType' object has no attribute 'split'", "module": "main", "name": "__main__", "process": {"id": 9752, "name": "MainProcess"}, "thread": {"id": 7160, "name": "MainThread"}, "time": {"repr": "2024-08-29 02:59:01.847891+05:00", "timestamp": 1724882341.847891}}}
{"text": "2024-08-29T02:59:01.848888+0500 CRITICAL url doesnt written\n", "record": {"elapsed": {"repr": "0:00:08.550479", "seconds": 8.550479}, "exception": null, "extra": {}, "file": {"name": "main.py", "path": "C:\\Users\\melni\\PycharmProjects\\1xbet_parser\\main.py"}, "function": "get_league", "level": {"icon": "☠️", "name": "CRITICAL", "no": 50}, "line": 155, "message": "url doesnt written", "module": "main", "name": "__main__", "process": {"id": 9752, "name": "MainProcess"}, "thread": {"id": 7160, "name": "MainThread"}, "time": {"repr": "2024-08-29 02:59:01.848888+05:00", "timestamp": 1724882341.848888}}}
{"text": "2024-08-29T02:59:01.855891+0500 CRITICAL 'NoneType' object has no attribute 'split'\n", "record": {"elapsed": {"repr": "0:00:08.557482", "seconds": 8.557482}, "exception": null, "extra": {}, "file": {"name": "main.py", "path": "C:\\Users\\melni\\PycharmProjects\\1xbet_parser\\main.py"}, "function": "get_league", "level": {"icon": "☠️", "name": "CRITICAL", "no": 50}, "line": 156, "message": "'NoneType' object has no attribute 'split'", "module": "main", "name": "__main__", "process": {"id": 9752, "name": "MainProcess"}, "thread": {"id": 7160, "name": "MainThread"}, "time": {"repr": "2024-08-29 02:59:01.855891+05:00", "timestamp": 1724882341.855891}}}
{"text": "2024-08-29T02:59:01.856890+0500 CRITICAL url doesnt written\n", "record": {"elapsed": {"repr": "0:00:08.558481", "seconds": 8.558481}, "exception": null, "extra": {}, "file": {"name": "main.py", "path": "C:\\Users\\melni\\PycharmProjects\\1xbet_parser\\main.py"}, "function": "get_league", "level": {"icon": "☠️", "name": "CRITICAL", "no": 50}, "line": 155, "message": "url doesnt written", "module": "main", "name": "__main__", "process": {"id": 9752, "name": "MainProcess"}, "thread": {"id": 7160, "name": "MainThread"}, "time": {"repr": "2024-08-29 02:59:01.856890+05:00", "timestamp": 1724882341.85689}}}
{"text": "2024-08-29T02:59:01.857901+0500 CRITICAL 'NoneType' object has no attribute 'split'\n", "record": {"elapsed": {"repr": "0:00:08.559492", "seconds": 8.559492}, "exception": null, "extra": {}, "file": {"name": "main.py", "path": "C:\\Users\\melni\\PycharmProjects\\1xbet_parser\\main.py"}, "function": "get_league", "level": {"icon": "☠️", "name": "CRITICAL", "no": 50}, "line": 156, "message": "'NoneType' object has no attribute 'split'", "module": "main", "name": "__main__", "process": {"id": 9752, "name": "MainProcess"}, "thread": {"id": 7160, "name": "MainThread"}, "time": {"repr": "2024-08-29 02:59:01.857901+05:00", "timestamp": 1724882341.857901}}}
{"text": "2024-08-29T02:59:01.858903+0500 CRITICAL url doesnt written\n", "record": {"elapsed": {"repr": "0:00:08.560494", "seconds": 8.560494}, "exception": null, "extra": {}, "file": {"name": "main.py", "path": "C:\\Users\\melni\\PycharmProjects\\1xbet_parser\\main.py"}, "function": "get_league", "level": {"icon": "☠️", "name": "CRITICAL", "no": 50}, "line": 155, "message": "url doesnt written", "module": "main", "name": "__main__", "process": {"id": 9752, "name": "MainProcess"}, "thread": {"id": 7160, "name": "MainThread"}, "time": {"repr": "2024-08-29 02:59:01.858903+05:00", "timestamp": 1724882341.858903}}}
{"text": "2024-08-29T02:59:01.859903+0500 CRITICAL 'NoneType' object has no attribute 'split'\n", "record": {"elapsed": {"repr": "0:00:08.561494", "seconds": 8.561494}, "exception": null, "extra": {}, "file": {"name": "main.py", "path": "C:\\Users\\melni\\PycharmProjects\\1xbet_parser\\main.py"}, "function": "get_league", "level": {"icon": "☠️", "name": "CRITICAL", "no": 50}, "line": 156, "message": "'NoneType' object has no attribute 'split'", "module": "main", "name": "__main__", "process": {"id": 9752, "name": "MainProcess"}, "thread": {"id": 7160, "name": "MainThread"}, "time": {"repr": "2024-08-29 02:59:01.859903+05:00", "timestamp": 1724882341.859903}}}
{"text": "2024-08-29T02:59:01.862900+0500 CRITICAL url doesnt written\n", "record": {"elapsed": {"repr": "0:00:08.564491", "seconds": 8.564491}, "exception": null, "extra": {}, "file": {"name": "main.py", "path": "C:\\Users\\melni\\PycharmProjects\\1xbet_parser\\main.py"}, "function": "get_league", "level": {"icon": "☠️", "name": "CRITICAL", "no": 50}, "line": 155, "message": "url doesnt written", "module": "main", "name": "__main__", "process": {"id": 9752, "name": "MainProcess"}, "thread": {"id": 7160, "name": "MainThread"}, "time": {"repr": "2024-08-29 02:59:01.862900+05:00", "timestamp": 1724882341.8629}}}
{"text": "2024-08-29T02:59:01.863903+0500 CRITICAL 'NoneType' object has no attribute 'split'\n", "record": {"elapsed": {"repr": "0:00:08.565494", "seconds": 8.565494}, "exception": null, "extra": {}, "file": {"name": "main.py", "path": "C:\\Users\\melni\\PycharmProjects\\1xbet_parser\\main.py"}, "function": "get_league", "level": {"icon": "☠️", "name": "CRITICAL", "no": 50}, "line": 156, "message": "'NoneType' object has no attribute 'split'", "module": "main", "name": "__main__", "process": {"id": 9752, "name": "MainProcess"}, "thread": {"id": 7160, "name": "MainThread"}, "time": {"repr": "2024-08-29 02:59:01.863903+05:00", "timestamp": 1724882341.863903}}}
{"text": "2024-08-29T02:59:01.865904+0500 CRITICAL url doesnt written\n", "record": {"elapsed": {"repr": "0:00:08.567495", "seconds": 8.567495}, "exception": null, "extra": {}, "file": {"name": "main.py", "path": "C:\\Users\\melni\\PycharmProjects\\1xbet_parser\\main.py"}, "function": "get_league", "level": {"icon": "☠️", "name": "CRITICAL", "no": 50}, "line": 155, "message": "url doesnt written", "module": "main", "name": "__main__", "process": {"id": 9752, "name": "MainProcess"}, "thread": {"id": 7160, "name": "MainThread"}, "time": {"repr": "2024-08-29 02:59:01.865904+05:00", "timestamp": 1724882341.865904}}}
{"text": "2024-08-29T02:59:01.866904+0500 CRITICAL 'NoneType' object has no attribute 'split'\n", "record": {"elapsed": {"repr": "0:00:08.568495", "seconds": 8.568495}, "exception": null, "extra": {}, "file": {"name": "main.py", "path": "C:\\Users\\melni\\PycharmProjects\\1xbet_parser\\main.py"}, "function": "get_league", "level": {"icon": "☠️", "name": "CRITICAL", "no": 50}, "line": 156, "message": "'NoneType' object has no attribute 'split'", "module": "main", "name": "__main__", "process": {"id": 9752, "name": "MainProcess"}, "thread": {"id": 7160, "name": "MainThread"}, "time": {"repr": "2024-08-29 02:59:01.866904+05:00", "timestamp": 1724882341.866904}}}
{"text": "2024-08-29T02:59:01.870903+0500 CRITICAL url doesnt written\n", "record": {"elapsed": {"repr": "0:00:08.572494", "seconds": 8.572494}, "exception": null, "extra": {}, "file": {"name": "main.py", "path": "C:\\Users\\melni\\PycharmProjects\\1xbet_parser\\main.py"}, "function": "get_league", "level": {"icon": "☠️", "name": "CRITICAL", "no": 50}, "line": 155, "message": "url doesnt written", "module": "main", "name": "__main__", "process": {"id": 9752, "name": "MainProcess"}, "thread": {"id": 7160, "name": "MainThread"}, "time": {"repr": "2024-08-29 02:59:01.870903+05:00", "timestamp": 1724882341.870903}}}
{"text": "2024-08-29T02:59:01.870903+0500 CRITICAL 'NoneType' object has no attribute 'split'\n", "record": {"elapsed": {"repr": "0:00:08.572494", "seconds": 8.572494}, "exception": null, "extra": {}, "file": {"name": "main.py", "path": "C:\\Users\\melni\\PycharmProjects\\1xbet_parser\\main.py"}, "function": "get_league", "level": {"icon": "☠️", "name": "CRITICAL", "no": 50}, "line": 156, "message": "'NoneType' object has no attribute 'split'", "module": "main", "name": "__main__", "process": {"id": 9752, "name": "MainProcess"}, "thread": {"id": 7160, "name": "MainThread"}, "time": {"repr": "2024-08-29 02:59:01.870903+05:00", "timestamp": 1724882341.870903}}}
{"text": "2024-08-29T02:59:01.872416+0500 CRITICAL url doesnt written\n", "record": {"elapsed": {"repr": "0:00:08.574007", "seconds": 8.574007}, "exception": null, "extra": {}, "file": {"name": "main.py", "path": "C:\\Users\\melni\\PycharmProjects\\1xbet_parser\\main.py"}, "function": "get_league", "level": {"icon": "☠️", "name": "CRITICAL", "no": 50}, "line": 155, "message": "url doesnt written", "module": "main", "name": "__main__", "process": {"id": 9752, "name": "MainProcess"}, "thread": {"id": 7160, "name": "MainThread"}, "time": {"repr": "2024-08-29 02:59:01.872416+05:00", "timestamp": 1724882341.872416}}}
{"text": "2024-08-29T02:59:01.872416+0500 CRITICAL 'NoneType' object has no attribute 'split'\n", "record": {"elapsed": {"repr": "0:00:08.574007", "seconds": 8.574007}, "exception": null, "extra": {}, "file": {"name": "main.py", "path": "C:\\Users\\melni\\PycharmProjects\\1xbet_parser\\main.py"}, "function": "get_league", "level": {"icon": "☠️", "name": "CRITICAL", "no": 50}, "line": 156, "message": "'NoneType' object has no attribute 'split'", "module": "main", "name": "__main__", "process": {"id": 9752, "name": "MainProcess"}, "thread": {"id": 7160, "name": "MainThread"}, "time": {"repr": "2024-08-29 02:59:01.872416+05:00", "timestamp": 1724882341.872416}}}
{"text": "2024-08-29T02:59:01.873426+0500 CRITICAL url doesnt written\n", "record": {"elapsed": {"repr": "0:00:08.575017", "seconds": 8.575017}, "exception": null, "extra": {}, "file": {"name": "main.py", "path": "C:\\Users\\melni\\PycharmProjects\\1xbet_parser\\main.py"}, "function": "get_league", "level": {"icon": "☠️", "name": "CRITICAL", "no": 50}, "line": 155, "message": "url doesnt written", "module": "main", "name": "__main__", "process": {"id": 9752, "name": "MainProcess"}, "thread": {"id": 7160, "name": "MainThread"}, "time": {"repr": "2024-08-29 02:59:01.873426+05:00", "timestamp": 1724882341.873426}}}
{"text": "2024-08-29T02:59:01.875427+0500 CRITICAL 'NoneType' object has no attribute 'split'\n", "record": {"elapsed": {"repr": "0:00:08.577018", "seconds": 8.577018}, "exception": null, "extra": {}, "file": {"name": "main.py", "path": "C:\\Users\\melni\\PycharmProjects\\1xbet_parser\\main.py"}, "function": "get_league", "level": {"icon": "☠️", "name": "CRITICAL", "no": 50}, "line": 156, "message": "'NoneType' object has no attribute 'split'", "module": "main", "name": "__main__", "process": {"id": 9752, "name": "MainProcess"}, "thread": {"id": 7160, "name": "MainThread"}, "time": {"repr": "2024-08-29 02:59:01.875427+05:00", "timestamp": 1724882341.875427}}}
{"text": "2024-08-29T02:59:01.877427+0500 CRITICAL url doesnt written\n", "record": {"elapsed": {"repr": "0:00:08.579018", "seconds": 8.579018}, "exception": null, "extra": {}, "file": {"name": "main.py", "path": "C:\\Users\\melni\\PycharmProjects\\1xbet_parser\\main.py"}, "function": "get_league", "level": {"icon": "☠️", "name": "CRITICAL", "no": 50}, "line": 155, "message": "url doesnt written", "module": "main", "name": "__main__", "process": {"id": 9752, "name": "MainProcess"}, "thread": {"id": 7160, "name": "MainThread"}, "time": {"repr": "2024-08-29 02:59:01.877427+05:00", "timestamp": 1724882341.877427}}}
{"text": "2024-08-29T02:59:01.878429+0500 CRITICAL 'NoneType' object has no attribute 'split'\n", "record": {"elapsed": {"repr": "0:00:08.580020", "seconds": 8.58002}, "exception": null, "extra": {}, "file": {"name": "main.py", "path": "C:\\Users\\melni\\PycharmProjects\\1xbet_parser\\main.py"}, "function": "get_league", "level": {"icon": "☠️", "name": "CRITICAL", "no": 50}, "line": 156, "message": "'NoneType' object has no attribute 'split'", "module": "main", "name": "__main__", "process": {"id": 9752, "name": "MainProcess"}, "thread": {"id": 7160, "name": "MainThread"}, "time": {"repr": "2024-08-29 02:59:01.878429+05:00", "timestamp": 1724882341.878429}}}
{"text": "2024-08-29T02:59:01.879429+0500 CRITICAL url doesnt written\n", "record": {"elapsed": {"repr": "0:00:08.581020", "seconds": 8.58102}, "exception": null, "extra": {}, "file": {"name": "main.py", "path": "C:\\Users\\melni\\PycharmProjects\\1xbet_parser\\main.py"}, "function": "get_league", "level": {"icon": "☠️", "name": "CRITICAL", "no": 50}, "line": 155, "message": "url doesnt written", "module": "main", "name": "__main__", "process": {"id": 9752, "name": "MainProcess"}, "thread": {"id": 7160, "name": "MainThread"}, "time": {"repr": "2024-08-29 02:59:01.879429+05:00", "timestamp": 1724882341.879429}}}
{"text": "2024-08-29T02:59:01.882429+0500 CRITICAL 'NoneType' object has no attribute 'split'\n", "record": {"elapsed": {"repr": "0:00:08.584020", "seconds": 8.58402}, "exception": null, "extra": {}, "file": {"name": "main.py", "path": "C:\\Users\\melni\\PycharmProjects\\1xbet_parser\\main.py"}, "function": "get_league", "level": {"icon": "☠️", "name": "CRITICAL", "no": 50}, "line": 156, "message": "'NoneType' object has no attribute 'split'", "module": "main", "name": "__main__", "process": {"id": 9752, "name": "MainProcess"}, "thread": {"id": 7160, "name": "MainThread"}, "time": {"repr": "2024-08-29 02:59:01.882429+05:00", "timestamp": 1724882341.882429}}}
{"text": "2024-08-29T02:59:01.886504+0500 CRITICAL url doesnt written\n", "record": {"elapsed": {"repr": "0:00:08.588095", "seconds": 8.588095}, "exception": null, "extra": {}, "file": {"name": "main.py", "path": "C:\\Users\\melni\\PycharmProjects\\1xbet_parser\\main.py"}, "function": "get_league", "level": {"icon": "☠️", "name": "CRITICAL", "no": 50}, "line": 155, "message": "url doesnt written", "module": "main", "name": "__main__", "process": {"id": 9752, "name": "MainProcess"}, "thread": {"id": 7160, "name": "MainThread"}, "time": {"repr": "2024-08-29 02:59:01.886504+05:00", "timestamp": 1724882341.886504}}}
{"text": "2024-08-29T02:59:01.887552+0500 CRITICAL 'NoneType' object has no attribute 'split'\n", "record": {"elapsed": {"repr": "0:00:08.589143", "seconds": 8.589143}, "exception": null, "extra": {}, "file": {"name": "main.py", "path": "C:\\Users\\melni\\PycharmProjects\\1xbet_parser\\main.py"}, "function": "get_league", "level": {"icon": "☠️", "name": "CRITICAL", "no": 50}, "line": 156, "message": "'NoneType' object has no attribute 'split'", "module": "main", "name": "__main__", "process": {"id": 9752, "name": "MainProcess"}, "thread": {"id": 7160, "name": "MainThread"}, "time": {"repr": "2024-08-29 02:59:01.887552+05:00", "timestamp": 1724882341.887552}}}
{"text": "2024-08-29T02:59:01.889550+0500 CRITICAL url doesnt written\n", "record": {"elapsed": {"repr": "0:00:08.591141", "seconds": 8.591141}, "exception": null, "extra": {}, "file": {"name": "main.py", "path": "C:\\Users\\melni\\PycharmProjects\\1xbet_parser\\main.py"}, "function": "get_league", "level": {"icon": "☠️", "name": "CRITICAL", "no": 50}, "line": 155, "message": "url doesnt written", "module": "main", "name": "__main__", "process": {"id": 9752, "name": "MainProcess"}, "thread": {"id": 7160, "name": "MainThread"}, "time": {"repr": "2024-08-29 02:59:01.889550+05:00", "timestamp": 1724882341.88955}}}
{"text": "2024-08-29T02:59:01.890553+0500 CRITICAL 'NoneType' object has no attribute 'split'\n", "record": {"elapsed": {"repr": "0:00:08.592144", "seconds": 8.592144}, "exception": null, "extra": {}, "file": {"name": "main.py", "path": "C:\\Users\\melni\\PycharmProjects\\1xbet_parser\\main.py"}, "function": "get_league", "level": {"icon": "☠️", "name": "CRITICAL", "no": 50}, "line": 156, "message": "'NoneType' object has no attribute 'split'", "module": "main", "name": "__main__", "process": {"id": 9752, "name": "MainProcess"}, "thread": {"id": 7160, "name": "MainThread"}, "time": {"repr": "2024-08-29 02:59:01.890553+05:00", "timestamp": 1724882341.890553}}}
{"text": "2024-08-29T02:59:01.890553+0500 CRITICAL url doesnt written\n", "record": {"elapsed": {"repr": "0:00:08.592144", "seconds": 8.592144}, "exception": null, "extra": {}, "file": {"name": "main.py", "path": "C:\\Users\\melni\\PycharmProjects\\1xbet_parser\\main.py"}, "function": "get_league", "level": {"icon": "☠️", "name": "CRITICAL", "no": 50}, "line": 155, "message": "url doesnt written", "module": "main", "name": "__main__", "process": {"id": 9752, "name": "MainProcess"}, "thread": {"id": 7160, "name": "MainThread"}, "time": {"repr": "2024-08-29 02:59:01.890553+05:00", "timestamp": 1724882341.890553}}}
{"text": "2024-08-29T02:59:01.894087+0500 CRITICAL 'NoneType' object has no attribute 'split'\n", "record": {"elapsed": {"repr": "0:00:08.595678", "seconds": 8.595678}, "exception": null, "extra": {}, "file": {"name": "main.py", "path": "C:\\Users\\melni\\PycharmProjects\\1xbet_parser\\main.py"}, "function": "get_league", "level": {"icon": "☠️", "name": "CRITICAL", "no": 50}, "line": 156, "message": "'NoneType' object has no attribute 'split'", "module": "main", "name": "__main__", "process": {"id": 9752, "name": "MainProcess"}, "thread": {"id": 7160, "name": "MainThread"}, "time": {"repr": "2024-08-29 02:59:01.894087+05:00", "timestamp": 1724882341.894087}}}
{"text": "2024-08-29T02:59:01.895088+0500 CRITICAL url doesnt written\n", "record": {"elapsed": {"repr": "0:00:08.596679", "seconds": 8.596679}, "exception": null, "extra": {}, "file": {"name": "main.py", "path": "C:\\Users\\melni\\PycharmProjects\\1xbet_parser\\main.py"}, "function": "get_league", "level": {"icon": "☠️", "name": "CRITICAL", "no": 50}, "line": 155, "message": "url doesnt written", "module": "main", "name": "__main__", "process": {"id": 9752, "name": "MainProcess"}, "thread": {"id": 7160, "name": "MainThread"}, "time": {"repr": "2024-08-29 02:59:01.895088+05:00", "timestamp": 1724882341.895088}}}
{"text": "2024-08-29T02:59:01.897088+0500 CRITICAL 'NoneType' object has no attribute 'split'\n", "record": {"elapsed": {"repr": "0:00:08.598679", "seconds": 8.598679}, "exception": null, "extra": {}, "file": {"name": "main.py", "path": "C:\\Users\\melni\\PycharmProjects\\1xbet_parser\\main.py"}, "function": "get_league", "level": {"icon": "☠️", "name": "CRITICAL", "no": 50}, "line": 156, "message": "'NoneType' object has no attribute 'split'", "module": "main", "name": "__main__", "process": {"id": 9752, "name": "MainProcess"}, "thread": {"id": 7160, "name": "MainThread"}, "time": {"repr": "2024-08-29 02:59:01.897088+05:00", "timestamp": 1724882341.897088}}}
{"text": "2024-08-29T02:59:01.902100+0500 CRITICAL url doesnt written\n", "record": {"elapsed": {"repr": "0:00:08.603691", "seconds": 8.603691}, "exception": null, "extra": {}, "file": {"name": "main.py", "path": "C:\\Users\\melni\\PycharmProjects\\1xbet_parser\\main.py"}, "function": "get_league", "level": {"icon": "☠️", "name": "CRITICAL", "no": 50}, "line": 155, "message": "url doesnt written", "module": "main", "name": "__main__", "process": {"id": 9752, "name": "MainProcess"}, "thread": {"id": 7160, "name": "MainThread"}, "time": {"repr": "2024-08-29 02:59:01.902100+05:00", "timestamp": 1724882341.9021}}}
{"text": "2024-08-29T02:59:01.903090+0500 CRITICAL 'NoneType' object has no attribute 'split'\n", "record": {"elapsed": {"repr": "0:00:08.604681", "seconds": 8.604681}, "exception": null, "extra": {}, "file": {"name": "main.py", "path": "C:\\Users\\melni\\PycharmProjects\\1xbet_parser\\main.py"}, "function": "get_league", "level": {"icon": "☠️", "name": "CRITICAL", "no": 50}, "line": 156, "message": "'NoneType' object has no attribute 'split'", "module": "main", "name": "__main__", "process": {"id": 9752, "name": "MainProcess"}, "thread": {"id": 7160, "name": "MainThread"}, "time": {"repr": "2024-08-29 02:59:01.903090+05:00", "timestamp": 1724882341.90309}}}
{"text": "2024-08-29T02:59:01.904090+0500 CRITICAL url doesnt written\n", "record": {"elapsed": {"repr": "0:00:08.605681", "seconds": 8.605681}, "exception": null, "extra": {}, "file": {"name": "main.py", "path": "C:\\Users\\melni\\PycharmProjects\\1xbet_parser\\main.py"}, "function": "get_league", "level": {"icon": "☠️", "name": "CRITICAL", "no": 50}, "line": 155, "message": "url doesnt written", "module": "main", "name": "__main__", "process": {"id": 9752, "name": "MainProcess"}, "thread": {"id": 7160, "name": "MainThread"}, "time": {"repr": "2024-08-29 02:59:01.904090+05:00", "timestamp": 1724882341.90409}}}
{"text": "2024-08-29T02:59:01.906088+0500 CRITICAL 'NoneType' object has no attribute 'split'\n", "record": {"elapsed": {"repr": "0:00:08.607679", "seconds": 8.607679}, "exception": null, "extra": {}, "file": {"name": "main.py", "path": "C:\\Users\\melni\\PycharmProjects\\1xbet_parser\\main.py"}, "function": "get_league", "level": {"icon": "☠️", "name": "CRITICAL", "no": 50}, "line": 156, "message": "'NoneType' object has no attribute 'split'", "module": "main", "name": "__main__", "process": {"id": 9752, "name": "MainProcess"}, "thread": {"id": 7160, "name": "MainThread"}, "time": {"repr": "2024-08-29 02:59:01.906088+05:00", "timestamp": 1724882341.906088}}}
{"text": "2024-08-29T02:59:01.909093+0500 CRITICAL url doesnt written\n", "record": {"elapsed": {"repr": "0:00:08.610684", "seconds": 8.610684}, "exception": null, "extra": {}, "file": {"name": "main.py", "path": "C:\\Users\\melni\\PycharmProjects\\1xbet_parser\\main.py"}, "function": "get_league", "level": {"icon": "☠️", "name": "CRITICAL", "no": 50}, "line": 155, "message": "url doesnt written", "module": "main", "name": "__main__", "process": {"id": 9752, "name": "MainProcess"}, "thread": {"id": 7160, "name": "MainThread"}, "time": {"repr": "2024-08-29 02:59:01.909093+05:00", "timestamp": 1724882341.909093}}}
{"text": "2024-08-29T02:59:01.910092+0500 CRITICAL 'NoneType' object has no attribute 'split'\n", "record": {"elapsed": {"repr": "0:00:08.611683", "seconds": 8.611683}, "exception": null, "extra": {}, "file": {"name": "main.py", "path": "C:\\Users\\melni\\PycharmProjects\\1xbet_parser\\main.py"}, "function": "get_league", "level": {"icon": "☠️", "name": "CRITICAL", "no": 50}, "line": 156, "message": "'NoneType' object has no attribute 'split'", "module": "main", "name": "__main__", "process": {"id": 9752, "name": "MainProcess"}, "thread": {"id": 7160, "name": "MainThread"}, "time": {"repr": "2024-08-29 02:59:01.910092+05:00", "timestamp": 1724882341.910092}}}
{"text": "2024-08-29T02:59:01.911091+0500 CRITICAL url doesnt written\n", "record": {"elapsed": {"repr": "0:00:08.612682", "seconds": 8.612682}, "exception": null, "extra": {}, "file": {"name": "main.py", "path": "C:\\Users\\melni\\PycharmProjects\\1xbet_parser\\main.py"}, "function": "get_league", "level": {"icon": "☠️", "name": "CRITICAL", "no": 50}, "line": 155, "message": "url doesnt written", "module": "main", "name": "__main__", "process": {"id": 9752, "name": "MainProcess"}, "thread": {"id": 7160, "name": "MainThread"}, "time": {"repr": "2024-08-29 02:59:01.911091+05:00", "timestamp": 1724882341.911091}}}
{"text": "2024-08-29T02:59:01.913249+0500 CRITICAL 'NoneType' object has no attribute 'split'\n", "record": {"elapsed": {"repr": "0:00:08.614840", "seconds": 8.61484}, "exception": null, "extra": {}, "file": {"name": "main.py", "path": "C:\\Users\\melni\\PycharmProjects\\1xbet_parser\\main.py"}, "function": "get_league", "level": {"icon": "☠️", "name": "CRITICAL", "no": 50}, "line": 156, "message": "'NoneType' object has no attribute 'split'", "module": "main", "name": "__main__", "process": {"id": 9752, "name": "MainProcess"}, "thread": {"id": 7160, "name": "MainThread"}, "time": {"repr": "2024-08-29 02:59:01.913249+05:00", "timestamp": 1724882341.913249}}}
{"text": "2024-08-29T02:59:01.913249+0500 CRITICAL url doesnt written\n", "record": {"elapsed": {"repr": "0:00:08.614840", "seconds": 8.61484}, "exception": null, "extra": {}, "file": {"name": "main.py", "path": "C:\\Users\\melni\\PycharmProjects\\1xbet_parser\\main.py"}, "function": "get_league", "level": {"icon": "☠️", "name": "CRITICAL", "no": 50}, "line": 155, "message": "url doesnt written", "module": "main", "name": "__main__", "process": {"id": 9752, "name": "MainProcess"}, "thread": {"id": 7160, "name": "MainThread"}, "time": {"repr": "2024-08-29 02:59:01.913249+05:00", "timestamp": 1724882341.913249}}}
{"text": "2024-08-29T02:59:01.914279+0500 CRITICAL 'NoneType' object has no attribute 'split'\n", "record": {"elapsed": {"repr": "0:00:08.615870", "seconds": 8.61587}, "exception": null, "extra": {}, "file": {"name": "main.py", "path": "C:\\Users\\melni\\PycharmProjects\\1xbet_parser\\main.py"}, "function": "get_league", "level": {"icon": "☠️", "name": "CRITICAL", "no": 50}, "line": 156, "message": "'NoneType' object has no attribute 'split'", "module": "main", "name": "__main__", "process": {"id": 9752, "name": "MainProcess"}, "thread": {"id": 7160, "name": "MainThread"}, "time": {"repr": "2024-08-29 02:59:01.914279+05:00", "timestamp": 1724882341.914279}}}
{"text": "2024-08-29T02:59:01.923362+0500 CRITICAL url doesnt written\n", "record": {"elapsed": {"repr": "0:00:08.624953", "seconds": 8.624953}, "exception": null, "extra": {}, "file": {"name": "main.py", "path": "C:\\Users\\melni\\PycharmProjects\\1xbet_parser\\main.py"}, "function": "get_league", "level": {"icon": "☠️", "name": "CRITICAL", "no": 50}, "line": 155, "message": "url doesnt written", "module": "main", "name": "__main__", "process": {"id": 9752, "name": "MainProcess"}, "thread": {"id": 7160, "name": "MainThread"}, "time": {"repr": "2024-08-29 02:59:01.923362+05:00", "timestamp": 1724882341.923362}}}
{"text": "2024-08-29T02:59:01.924364+0500 CRITICAL 'NoneType' object has no attribute 'split'\n", "record": {"elapsed": {"repr": "0:00:08.625955", "seconds": 8.625955}, "exception": null, "extra": {}, "file": {"name": "main.py", "path": "C:\\Users\\melni\\PycharmProjects\\1xbet_parser\\main.py"}, "function": "get_league", "level": {"icon": "☠️", "name": "CRITICAL", "no": 50}, "line": 156, "message": "'NoneType' object has no attribute 'split'", "module": "main", "name": "__main__", "process": {"id": 9752, "name": "MainProcess"}, "thread": {"id": 7160, "name": "MainThread"}, "time": {"repr": "2024-08-29 02:59:01.924364+05:00", "timestamp": 1724882341.924364}}}
{"text": "2024-08-29T02:59:01.925366+0500 CRITICAL url doesnt written\n", "record": {"elapsed": {"repr": "0:00:08.626957", "seconds": 8.626957}, "exception": null, "extra": {}, "file": {"name": "main.py", "path": "C:\\Users\\melni\\PycharmProjects\\1xbet_parser\\main.py"}, "function": "get_league", "level": {"icon": "☠️", "name": "CRITICAL", "no": 50}, "line": 155, "message": "url doesnt written", "module": "main", "name": "__main__", "process": {"id": 9752, "name": "MainProcess"}, "thread": {"id": 7160, "name": "MainThread"}, "time": {"repr": "2024-08-29 02:59:01.925366+05:00", "timestamp": 1724882341.925366}}}
{"text": "2024-08-29T02:59:01.927367+0500 CRITICAL 'NoneType' object has no attribute 'split'\n", "record": {"elapsed": {"repr": "0:00:08.628958", "seconds": 8.628958}, "exception": null, "extra": {}, "file": {"name": "main.py", "path": "C:\\Users\\melni\\PycharmProjects\\1xbet_parser\\main.py"}, "function": "get_league", "level": {"icon": "☠️", "name": "CRITICAL", "no": 50}, "line": 156, "message": "'NoneType' object has no attribute 'split'", "module": "main", "name": "__main__", "process": {"id": 9752, "name": "MainProcess"}, "thread": {"id": 7160, "name": "MainThread"}, "time": {"repr": "2024-08-29 02:59:01.927367+05:00", "timestamp": 1724882341.927367}}}
{"text": "2024-08-29T02:59:01.927367+0500 CRITICAL url doesnt written\n", "record": {"elapsed": {"repr": "0:00:08.628958", "seconds": 8.628958}, "exception": null, "extra": {}, "file": {"name": "main.py", "path": "C:\\Users\\melni\\PycharmProjects\\1xbet_parser\\main.py"}, "function": "get_league", "level": {"icon": "☠️", "name": "CRITICAL", "no": 50}, "line": 155, "message": "url doesnt written", "module": "main", "name": "__main__", "process": {"id": 9752, "name": "MainProcess"}, "thread": {"id": 7160, "name": "MainThread"}, "time": {"repr": "2024-08-29 02:59:01.927367+05:00", "timestamp": 1724882341.927367}}}
{"text": "2024-08-29T02:59:01.934365+0500 CRITICAL 'NoneType' object has no attribute 'split'\n", "record": {"elapsed": {"repr": "0:00:08.635956", "seconds": 8.635956}, "exception": null, "extra": {}, "file": {"name": "main.py", "path": "C:\\Users\\melni\\PycharmProjects\\1xbet_parser\\main.py"}, "function": "get_league", "level": {"icon": "☠️", "name": "CRITICAL", "no": 50}, "line": 156, "message": "'NoneType' object has no attribute 'split'", "module": "main", "name": "__main__", "process": {"id": 9752, "name": "MainProcess"}, "thread": {"id": 7160, "name": "MainThread"}, "time": {"repr": "2024-08-29 02:59:01.934365+05:00", "timestamp": 1724882341.934365}}}
{"text": "2024-08-29T02:59:01.935369+0500 CRITICAL url doesnt written\n", "record": {"elapsed": {"repr": "0:00:08.636960", "seconds": 8.63696}, "exception": null, "extra": {}, "file": {"name": "main.py", "path": "C:\\Users\\melni\\PycharmProjects\\1xbet_parser\\main.py"}, "function": "get_league", "level": {"icon": "☠️", "name": "CRITICAL", "no": 50}, "line": 155, "message": "url doesnt written", "module": "main", "name": "__main__", "process": {"id": 9752, "name": "MainProcess"}, "thread": {"id": 7160, "name": "MainThread"}, "time": {"repr": "2024-08-29 02:59:01.935369+05:00", "timestamp": 1724882341.935369}}}
{"text": "2024-08-29T02:59:01.936368+0500 CRITICAL 'NoneType' object has no attribute 'split'\n", "record": {"elapsed": {"repr": "0:00:08.637959", "seconds": 8.637959}, "exception": null, "extra": {}, "file": {"name": "main.py", "path": "C:\\Users\\melni\\PycharmProjects\\1xbet_parser\\main.py"}, "function": "get_league", "level": {"icon": "☠️", "name": "CRITICAL", "no": 50}, "line": 156, "message": "'NoneType' object has no attribute 'split'", "module": "main", "name": "__main__", "process": {"id": 9752, "name": "MainProcess"}, "thread": {"id": 7160, "name": "MainThread"}, "time": {"repr": "2024-08-29 02:59:01.936368+05:00", "timestamp": 1724882341.936368}}}
{"text": "2024-08-29T02:59:01.936368+0500 CRITICAL url doesnt written\n", "record": {"elapsed": {"repr": "0:00:08.637959", "seconds": 8.637959}, "exception": null, "extra": {}, "file": {"name": "main.py", "path": "C:\\Users\\melni\\PycharmProjects\\1xbet_parser\\main.py"}, "function": "get_league", "level": {"icon": "☠️", "name": "CRITICAL", "no": 50}, "line": 155, "message": "url doesnt written", "module": "main", "name": "__main__", "process": {"id": 9752, "name": "MainProcess"}, "thread": {"id": 7160, "name": "MainThread"}, "time": {"repr": "2024-08-29 02:59:01.936368+05:00", "timestamp": 1724882341.936368}}}
{"text": "2024-08-29T02:59:01.942367+0500 CRITICAL 'NoneType' object has no attribute 'split'\n", "record": {"elapsed": {"repr": "0:00:08.643958", "seconds": 8.643958}, "exception": null, "extra": {}, "file": {"name": "main.py", "path": "C:\\Users\\melni\\PycharmProjects\\1xbet_parser\\main.py"}, "function": "get_league", "level": {"icon": "☠️", "name": "CRITICAL", "no": 50}, "line": 156, "message": "'NoneType' object has no attribute 'split'", "module": "main", "name": "__main__", "process": {"id": 9752, "name": "MainProcess"}, "thread": {"id": 7160, "name": "MainThread"}, "time": {"repr": "2024-08-29 02:59:01.942367+05:00", "timestamp": 1724882341.942367}}}
{"text": "2024-08-29T02:59:01.943371+0500 CRITICAL url doesnt written\n", "record": {"elapsed": {"repr": "0:00:08.644962", "seconds": 8.644962}, "exception": null, "extra": {}, "file": {"name": "main.py", "path": "C:\\Users\\melni\\PycharmProjects\\1xbet_parser\\main.py"}, "function": "get_league", "level": {"icon": "☠️", "name": "CRITICAL", "no": 50}, "line": 155, "message": "url doesnt written", "module": "main", "name": "__main__", "process": {"id": 9752, "name": "MainProcess"}, "thread": {"id": 7160, "name": "MainThread"}, "time": {"repr": "2024-08-29 02:59:01.943371+05:00", "timestamp": 1724882341.943371}}}
{"text": "2024-08-29T02:59:01.944370+0500 CRITICAL 'NoneType' object has no attribute 'split'\n", "record": {"elapsed": {"repr": "0:00:08.645961", "seconds": 8.645961}, "exception": null, "extra": {}, "file": {"name": "main.py", "path": "C:\\Users\\melni\\PycharmProjects\\1xbet_parser\\main.py"}, "function": "get_league", "level": {"icon": "☠️", "name": "CRITICAL", "no": 50}, "line": 156, "message": "'NoneType' object has no attribute 'split'", "module": "main", "name": "__main__", "process": {"id": 9752, "name": "MainProcess"}, "thread": {"id": 7160, "name": "MainThread"}, "time": {"repr": "2024-08-29 02:59:01.944370+05:00", "timestamp": 1724882341.94437}}}
{"text": "2024-08-29T02:59:01.944370+0500 CRITICAL url doesnt written\n", "record": {"elapsed": {"repr": "0:00:08.645961", "seconds": 8.645961}, "exception": null, "extra": {}, "file": {"name": "main.py", "path": "C:\\Users\\melni\\PycharmProjects\\1xbet_parser\\main.py"}, "function": "get_league", "level": {"icon": "☠️", "name": "CRITICAL", "no": 50}, "line": 155, "message": "url doesnt written", "module": "main", "name": "__main__", "process": {"id": 9752, "name": "MainProcess"}, "thread": {"id": 7160, "name": "MainThread"}, "time": {"repr": "2024-08-29 02:59:01.944370+05:00", "timestamp": 1724882341.94437}}}
{"text": "2024-08-29T02:59:01.945371+0500 CRITICAL 'NoneType' object has no attribute 'split'\n", "record": {"elapsed": {"repr": "0:00:08.646962", "seconds": 8.646962}, "exception": null, "extra": {}, "file": {"name": "main.py", "path": "C:\\Users\\melni\\PycharmProjects\\1xbet_parser\\main.py"}, "function": "get_league", "level": {"icon": "☠️", "name": "CRITICAL", "no": 50}, "line": 156, "message": "'NoneType' object has no attribute 'split'", "module": "main", "name": "__main__", "process": {"id": 9752, "name": "MainProcess"}, "thread": {"id": 7160, "name": "MainThread"}, "time": {"repr": "2024-08-29 02:59:01.945371+05:00", "timestamp": 1724882341.945371}}}
{"text": "2024-08-29T02:59:01.947369+0500 CRITICAL url doesnt written\n", "record": {"elapsed": {"repr": "0:00:08.648960", "seconds": 8.64896}, "exception": null, "extra": {}, "file": {"name": "main.py", "path": "C:\\Users\\melni\\PycharmProjects\\1xbet_parser\\main.py"}, "function": "get_league", "level": {"icon": "☠️", "name": "CRITICAL", "no": 50}, "line": 155, "message": "url doesnt written", "module": "main", "name": "__main__", "process": {"id": 9752, "name": "MainProcess"}, "thread": {"id": 7160, "name": "MainThread"}, "time": {"repr": "2024-08-29 02:59:01.947369+05:00", "timestamp": 1724882341.947369}}}
{"text": "2024-08-29T02:59:01.948371+0500 CRITICAL 'NoneType' object has no attribute 'split'\n", "record": {"elapsed": {"repr": "0:00:08.649962", "seconds": 8.649962}, "exception": null, "extra": {}, "file": {"name": "main.py", "path": "C:\\Users\\melni\\PycharmProjects\\1xbet_parser\\main.py"}, "function": "get_league", "level": {"icon": "☠️", "name": "CRITICAL", "no": 50}, "line": 156, "message": "'NoneType' object has no attribute 'split'", "module": "main", "name": "__main__", "process": {"id": 9752, "name": "MainProcess"}, "thread": {"id": 7160, "name": "MainThread"}, "time": {"repr": "2024-08-29 02:59:01.948371+05:00", "timestamp": 1724882341.948371}}}
{"text": "2024-08-29T02:59:01.949374+0500 CRITICAL url doesnt written\n", "record": {"elapsed": {"repr": "0:00:08.650965", "seconds": 8.650965}, "exception": null, "extra": {}, "file": {"name": "main.py", "path": "C:\\Users\\melni\\PycharmProjects\\1xbet_parser\\main.py"}, "function": "get_league", "level": {"icon": "☠️", "name": "CRITICAL", "no": 50}, "line": 155, "message": "url doesnt written", "module": "main", "name": "__main__", "process": {"id": 9752, "name": "MainProcess"}, "thread": {"id": 7160, "name": "MainThread"}, "time": {"repr": "2024-08-29 02:59:01.949374+05:00", "timestamp": 1724882341.949374}}}
{"text": "2024-08-29T02:59:01.950368+0500 CRITICAL 'NoneType' object has no attribute 'split'\n", "record": {"elapsed": {"repr": "0:00:08.651959", "seconds": 8.651959}, "exception": null, "extra": {}, "file": {"name": "main.py", "path": "C:\\Users\\melni\\PycharmProjects\\1xbet_parser\\main.py"}, "function": "get_league", "level": {"icon": "☠️", "name": "CRITICAL", "no": 50}, "line": 156, "message": "'NoneType' object has no attribute 'split'", "module": "main", "name": "__main__", "process": {"id": 9752, "name": "MainProcess"}, "thread": {"id": 7160, "name": "MainThread"}, "time": {"repr": "2024-08-29 02:59:01.950368+05:00", "timestamp": 1724882341.950368}}}
{"text": "2024-08-29T02:59:02.128679+0500 CRITICAL url doesnt written\n", "record": {"elapsed": {"repr": "0:00:08.830270", "seconds": 8.83027}, "exception": null, "extra": {}, "file": {"name": "main.py", "path": "C:\\Users\\melni\\PycharmProjects\\1xbet_parser\\main.py"}, "function": "get_league", "level": {"icon": "☠️", "name": "CRITICAL", "no": 50}, "line": 155, "message": "url doesnt written", "module": "main", "name": "__main__", "process": {"id": 9752, "name": "MainProcess"}, "thread": {"id": 7160, "name": "MainThread"}, "time": {"repr": "2024-08-29 02:59:02.128679+05:00", "timestamp": 1724882342.128679}}}
{"text": "2024-08-29T02:59:02.130674+0500 CRITICAL 'NoneType' object has no attribute 'split'\n", "record": {"elapsed": {"repr": "0:00:08.832265", "seconds": 8.832265}, "exception": null, "extra": {}, "file": {"name": "main.py", "path": "C:\\Users\\melni\\PycharmProjects\\1xbet_parser\\main.py"}, "function": "get_league", "level": {"icon": "☠️", "name": "CRITICAL", "no": 50}, "line": 156, "message": "'NoneType' object has no attribute 'split'", "module": "main", "name": "__main__", "process": {"id": 9752, "name": "MainProcess"}, "thread": {"id": 7160, "name": "MainThread"}, "time": {"repr": "2024-08-29 02:59:02.130674+05:00", "timestamp": 1724882342.130674}}}
{"text": "2024-08-29T02:59:02.131674+0500 CRITICAL url doesnt written\n", "record": {"elapsed": {"repr": "0:00:08.833265", "seconds": 8.833265}, "exception": null, "extra": {}, "file": {"name": "main.py", "path": "C:\\Users\\melni\\PycharmProjects\\1xbet_parser\\main.py"}, "function": "get_league", "level": {"icon": "☠️", "name": "CRITICAL", "no": 50}, "line": 155, "message": "url doesnt written", "module": "main", "name": "__main__", "process": {"id": 9752, "name": "MainProcess"}, "thread": {"id": 7160, "name": "MainThread"}, "time": {"repr": "2024-08-29 02:59:02.131674+05:00", "timestamp": 1724882342.131674}}}
{"text": "2024-08-29T02:59:02.131674+0500 CRITICAL 'NoneType' object has no attribute 'split'\n", "record": {"elapsed": {"repr": "0:00:08.833265", "seconds": 8.833265}, "exception": null, "extra": {}, "file": {"name": "main.py", "path": "C:\\Users\\melni\\PycharmProjects\\1xbet_parser\\main.py"}, "function": "get_league", "level": {"icon": "☠️", "name": "CRITICAL", "no": 50}, "line": 156, "message": "'NoneType' object has no attribute 'split'", "module": "main", "name": "__main__", "process": {"id": 9752, "name": "MainProcess"}, "thread": {"id": 7160, "name": "MainThread"}, "time": {"repr": "2024-08-29 02:59:02.131674+05:00", "timestamp": 1724882342.131674}}}
{"text": "2024-08-29T02:59:02.132675+0500 CRITICAL url doesnt written\n", "record": {"elapsed": {"repr": "0:00:08.834266", "seconds": 8.834266}, "exception": null, "extra": {}, "file": {"name": "main.py", "path": "C:\\Users\\melni\\PycharmProjects\\1xbet_parser\\main.py"}, "function": "get_league", "level": {"icon": "☠️", "name": "CRITICAL", "no": 50}, "line": 155, "message": "url doesnt written", "module": "main", "name": "__main__", "process": {"id": 9752, "name": "MainProcess"}, "thread": {"id": 7160, "name": "MainThread"}, "time": {"repr": "2024-08-29 02:59:02.132675+05:00", "timestamp": 1724882342.132675}}}
{"text": "2024-08-29T02:59:02.133677+0500 CRITICAL 'NoneType' object has no attribute 'split'\n", "record": {"elapsed": {"repr": "0:00:08.835268", "seconds": 8.835268}, "exception": null, "extra": {}, "file": {"name": "main.py", "path": "C:\\Users\\melni\\PycharmProjects\\1xbet_parser\\main.py"}, "function": "get_league", "level": {"icon": "☠️", "name": "CRITICAL", "no": 50}, "line": 156, "message": "'NoneType' object has no attribute 'split'", "module": "main", "name": "__main__", "process": {"id": 9752, "name": "MainProcess"}, "thread": {"id": 7160, "name": "MainThread"}, "time": {"repr": "2024-08-29 02:59:02.133677+05:00", "timestamp": 1724882342.133677}}}
{"text": "2024-08-29T02:59:02.134676+0500 CRITICAL url doesnt written\n", "record": {"elapsed": {"repr": "0:00:08.836267", "seconds": 8.836267}, "exception": null, "extra": {}, "file": {"name": "main.py", "path": "C:\\Users\\melni\\PycharmProjects\\1xbet_parser\\main.py"}, "function": "get_league", "level": {"icon": "☠️", "name": "CRITICAL", "no": 50}, "line": 155, "message": "url doesnt written", "module": "main", "name": "__main__", "process": {"id": 9752, "name": "MainProcess"}, "thread": {"id": 7160, "name": "MainThread"}, "time": {"repr": "2024-08-29 02:59:02.134676+05:00", "timestamp": 1724882342.134676}}}
{"text": "2024-08-29T02:59:02.134676+0500 CRITICAL 'NoneType' object has no attribute 'split'\n", "record": {"elapsed": {"repr": "0:00:08.836267", "seconds": 8.836267}, "exception": null, "extra": {}, "file": {"name": "main.py", "path": "C:\\Users\\melni\\PycharmProjects\\1xbet_parser\\main.py"}, "function": "get_league", "level": {"icon": "☠️", "name": "CRITICAL", "no": 50}, "line": 156, "message": "'NoneType' object has no attribute 'split'", "module": "main", "name": "__main__", "process": {"id": 9752, "name": "MainProcess"}, "thread": {"id": 7160, "name": "MainThread"}, "time": {"repr": "2024-08-29 02:59:02.134676+05:00", "timestamp": 1724882342.134676}}}
{"text": "2024-08-29T02:59:02.135677+0500 CRITICAL url doesnt written\n", "record": {"elapsed": {"repr": "0:00:08.837268", "seconds": 8.837268}, "exception": null, "extra": {}, "file": {"name": "main.py", "path": "C:\\Users\\melni\\PycharmProjects\\1xbet_parser\\main.py"}, "function": "get_league", "level": {"icon": "☠️", "name": "CRITICAL", "no": 50}, "line": 155, "message": "url doesnt written", "module": "main", "name": "__main__", "process": {"id": 9752, "name": "MainProcess"}, "thread": {"id": 7160, "name": "MainThread"}, "time": {"repr": "2024-08-29 02:59:02.135677+05:00", "timestamp": 1724882342.135677}}}
{"text": "2024-08-29T02:59:02.136677+0500 CRITICAL 'NoneType' object has no attribute 'split'\n", "record": {"elapsed": {"repr": "0:00:08.838268", "seconds": 8.838268}, "exception": null, "extra": {}, "file": {"name": "main.py", "path": "C:\\Users\\melni\\PycharmProjects\\1xbet_parser\\main.py"}, "function": "get_league", "level": {"icon": "☠️", "name": "CRITICAL", "no": 50}, "line": 156, "message": "'NoneType' object has no attribute 'split'", "module": "main", "name": "__main__", "process": {"id": 9752, "name": "MainProcess"}, "thread": {"id": 7160, "name": "MainThread"}, "time": {"repr": "2024-08-29 02:59:02.136677+05:00", "timestamp": 1724882342.136677}}}
{"text": "2024-08-29T02:59:02.136677+0500 CRITICAL url doesnt written\n", "record": {"elapsed": {"repr": "0:00:08.838268", "seconds": 8.838268}, "exception": null, "extra": {}, "file": {"name": "main.py", "path": "C:\\Users\\melni\\PycharmProjects\\1xbet_parser\\main.py"}, "function": "get_league", "level": {"icon": "☠️", "name": "CRITICAL", "no": 50}, "line": 155, "message": "url doesnt written", "module": "main", "name": "__main__", "process": {"id": 9752, "name": "MainProcess"}, "thread": {"id": 7160, "name": "MainThread"}, "time": {"repr": "2024-08-29 02:59:02.136677+05:00", "timestamp": 1724882342.136677}}}
{"text": "2024-08-29T02:59:02.137676+0500 CRITICAL 'NoneType' object has no attribute 'split'\n", "record": {"elapsed": {"repr": "0:00:08.839267", "seconds": 8.839267}, "exception": null, "extra": {}, "file": {"name": "main.py", "path": "C:\\Users\\melni\\PycharmProjects\\1xbet_parser\\main.py"}, "function": "get_league", "level": {"icon": "☠️", "name": "CRITICAL", "no": 50}, "line": 156, "message": "'NoneType' object has no attribute 'split'", "module": "main", "name": "__main__", "process": {"id": 9752, "name": "MainProcess"}, "thread": {"id": 7160, "name": "MainThread"}, "time": {"repr": "2024-08-29 02:59:02.137676+05:00", "timestamp": 1724882342.137676}}}
{"text": "2024-08-29T02:59:02.138676+0500 CRITICAL url doesnt written\n", "record": {"elapsed": {"repr": "0:00:08.840267", "seconds": 8.840267}, "exception": null, "extra": {}, "file": {"name": "main.py", "path": "C:\\Users\\melni\\PycharmProjects\\1xbet_parser\\main.py"}, "function": "get_league", "level": {"icon": "☠️", "name": "CRITICAL", "no": 50}, "line": 155, "message": "url doesnt written", "module": "main", "name": "__main__", "process": {"id": 9752, "name": "MainProcess"}, "thread": {"id": 7160, "name": "MainThread"}, "time": {"repr": "2024-08-29 02:59:02.138676+05:00", "timestamp": 1724882342.138676}}}
{"text": "2024-08-29T02:59:02.139677+0500 CRITICAL 'NoneType' object has no attribute 'split'\n", "record": {"elapsed": {"repr": "0:00:08.841268", "seconds": 8.841268}, "exception": null, "extra": {}, "file": {"name": "main.py", "path": "C:\\Users\\melni\\PycharmProjects\\1xbet_parser\\main.py"}, "function": "get_league", "level": {"icon": "☠️", "name": "CRITICAL", "no": 50}, "line": 156, "message": "'NoneType' object has no attribute 'split'", "module": "main", "name": "__main__", "process": {"id": 9752, "name": "MainProcess"}, "thread": {"id": 7160, "name": "MainThread"}, "time": {"repr": "2024-08-29 02:59:02.139677+05:00", "timestamp": 1724882342.139677}}}
{"text": "2024-08-29T02:59:02.139677+0500 CRITICAL url doesnt written\n", "record": {"elapsed": {"repr": "0:00:08.841268", "seconds": 8.841268}, "exception": null, "extra": {}, "file": {"name": "main.py", "path": "C:\\Users\\melni\\PycharmProjects\\1xbet_parser\\main.py"}, "function": "get_league", "level": {"icon": "☠️", "name": "CRITICAL", "no": 50}, "line": 155, "message": "url doesnt written", "module": "main", "name": "__main__", "process": {"id": 9752, "name": "MainProcess"}, "thread": {"id": 7160, "name": "MainThread"}, "time": {"repr": "2024-08-29 02:59:02.139677+05:00", "timestamp": 1724882342.139677}}}
{"text": "2024-08-29T02:59:02.140679+0500 CRITICAL 'NoneType' object has no attribute 'split'\n", "record": {"elapsed": {"repr": "0:00:08.842270", "seconds": 8.84227}, "exception": null, "extra": {}, "file": {"name": "main.py", "path": "C:\\Users\\melni\\PycharmProjects\\1xbet_parser\\main.py"}, "function": "get_league", "level": {"icon": "☠️", "name": "CRITICAL", "no": 50}, "line": 156, "message": "'NoneType' object has no attribute 'split'", "module": "main", "name": "__main__", "process": {"id": 9752, "name": "MainProcess"}, "thread": {"id": 7160, "name": "MainThread"}, "time": {"repr": "2024-08-29 02:59:02.140679+05:00", "timestamp": 1724882342.140679}}}
{"text": "2024-08-29T02:59:02.141678+0500 CRITICAL url doesnt written\n", "record": {"elapsed": {"repr": "0:00:08.843269", "seconds": 8.843269}, "exception": null, "extra": {}, "file": {"name": "main.py", "path": "C:\\Users\\melni\\PycharmProjects\\1xbet_parser\\main.py"}, "function": "get_league", "level": {"icon": "☠️", "name": "CRITICAL", "no": 50}, "line": 155, "message": "url doesnt written", "module": "main", "name": "__main__", "process": {"id": 9752, "name": "MainProcess"}, "thread": {"id": 7160, "name": "MainThread"}, "time": {"repr": "2024-08-29 02:59:02.141678+05:00", "timestamp": 1724882342.141678}}}
{"text": "2024-08-29T02:59:02.142677+0500 CRITICAL 'NoneType' object has no attribute 'split'\n", "record": {"elapsed": {"repr": "0:00:08.844268", "seconds": 8.844268}, "exception": null, "extra": {}, "file": {"name": "main.py", "path": "C:\\Users\\melni\\PycharmProjects\\1xbet_parser\\main.py"}, "function": "get_league", "level": {"icon": "☠️", "name": "CRITICAL", "no": 50}, "line": 156, "message": "'NoneType' object has no attribute 'split'", "module": "main", "name": "__main__", "process": {"id": 9752, "name": "MainProcess"}, "thread": {"id": 7160, "name": "MainThread"}, "time": {"repr": "2024-08-29 02:59:02.142677+05:00", "timestamp": 1724882342.142677}}}
{"text": "2024-08-29T02:59:02.142677+0500 CRITICAL url doesnt written\n", "record": {"elapsed": {"repr": "0:00:08.844268", "seconds": 8.844268}, "exception": null, "extra": {}, "file": {"name": "main.py", "path": "C:\\Users\\melni\\PycharmProjects\\1xbet_parser\\main.py"}, "function": "get_league", "level": {"icon": "☠️", "name": "CRITICAL", "no": 50}, "line": 155, "message": "url doesnt written", "module": "main", "name": "__main__", "process": {"id": 9752, "name": "MainProcess"}, "thread": {"id": 7160, "name": "MainThread"}, "time": {"repr": "2024-08-29 02:59:02.142677+05:00", "timestamp": 1724882342.142677}}}
{"text": "2024-08-29T02:59:02.143680+0500 CRITICAL 'NoneType' object has no attribute 'split'\n", "record": {"elapsed": {"repr": "0:00:08.845271", "seconds": 8.845271}, "exception": null, "extra": {}, "file": {"name": "main.py", "path": "C:\\Users\\melni\\PycharmProjects\\1xbet_parser\\main.py"}, "function": "get_league", "level": {"icon": "☠️", "name": "CRITICAL", "no": 50}, "line": 156, "message": "'NoneType' object has no attribute 'split'", "module": "main", "name": "__main__", "process": {"id": 9752, "name": "MainProcess"}, "thread": {"id": 7160, "name": "MainThread"}, "time": {"repr": "2024-08-29 02:59:02.143680+05:00", "timestamp": 1724882342.14368}}}
{"text": "2024-08-29T02:59:02.144681+0500 CRITICAL url doesnt written\n", "record": {"elapsed": {"repr": "0:00:08.846272", "seconds": 8.846272}, "exception": null, "extra": {}, "file": {"name": "main.py", "path": "C:\\Users\\melni\\PycharmProjects\\1xbet_parser\\main.py"}, "function": "get_league", "level": {"icon": "☠️", "name": "CRITICAL", "no": 50}, "line": 155, "message": "url doesnt written", "module": "main", "name": "__main__", "process": {"id": 9752, "name": "MainProcess"}, "thread": {"id": 7160, "name": "MainThread"}, "time": {"repr": "2024-08-29 02:59:02.144681+05:00", "timestamp": 1724882342.144681}}}
{"text": "2024-08-29T02:59:02.145680+0500 CRITICAL 'NoneType' object has no attribute 'split'\n", "record": {"elapsed": {"repr": "0:00:08.847271", "seconds": 8.847271}, "exception": null, "extra": {}, "file": {"name": "main.py", "path": "C:\\Users\\melni\\PycharmProjects\\1xbet_parser\\main.py"}, "function": "get_league", "level": {"icon": "☠️", "name": "CRITICAL", "no": 50}, "line": 156, "message": "'NoneType' object has no attribute 'split'", "module": "main", "name": "__main__", "process": {"id": 9752, "name": "MainProcess"}, "thread": {"id": 7160, "name": "MainThread"}, "time": {"repr": "2024-08-29 02:59:02.145680+05:00", "timestamp": 1724882342.14568}}}
{"text": "2024-08-29T02:59:02.166707+0500 CRITICAL url doesnt written\n", "record": {"elapsed": {"repr": "0:00:08.868298", "seconds": 8.868298}, "exception": null, "extra": {}, "file": {"name": "main.py", "path": "C:\\Users\\melni\\PycharmProjects\\1xbet_parser\\main.py"}, "function": "get_league", "level": {"icon": "☠️", "name": "CRITICAL", "no": 50}, "line": 155, "message": "url doesnt written", "module": "main", "name": "__main__", "process": {"id": 9752, "name": "MainProcess"}, "thread": {"id": 7160, "name": "MainThread"}, "time": {"repr": "2024-08-29 02:59:02.166707+05:00", "timestamp": 1724882342.166707}}}
{"text": "2024-08-29T02:59:02.171724+0500 CRITICAL 'NoneType' object has no attribute 'split'\n", "record": {"elapsed": {"repr": "0:00:08.873315", "seconds": 8.873315}, "exception": null, "extra": {}, "file": {"name": "main.py", "path": "C:\\Users\\melni\\PycharmProjects\\1xbet_parser\\main.py"}, "function": "get_league", "level": {"icon": "☠️", "name": "CRITICAL", "no": 50}, "line": 156, "message": "'NoneType' object has no attribute 'split'", "module": "main", "name": "__main__", "process": {"id": 9752, "name": "MainProcess"}, "thread": {"id": 7160, "name": "MainThread"}, "time": {"repr": "2024-08-29 02:59:02.171724+05:00", "timestamp": 1724882342.171724}}}
{"text": "2024-08-29T02:59:02.173216+0500 CRITICAL url doesnt written\n", "record": {"elapsed": {"repr": "0:00:08.874807", "seconds": 8.874807}, "exception": null, "extra": {}, "file": {"name": "main.py", "path": "C:\\Users\\melni\\PycharmProjects\\1xbet_parser\\main.py"}, "function": "get_league", "level": {"icon": "☠️", "name": "CRITICAL", "no": 50}, "line": 155, "message": "url doesnt written", "module": "main", "name": "__main__", "process": {"id": 9752, "name": "MainProcess"}, "thread": {"id": 7160, "name": "MainThread"}, "time": {"repr": "2024-08-29 02:59:02.173216+05:00", "timestamp": 1724882342.173216}}}
{"text": "2024-08-29T02:59:02.173216+0500 CRITICAL 'NoneType' object has no attribute 'split'\n", "record": {"elapsed": {"repr": "0:00:08.874807", "seconds": 8.874807}, "exception": null, "extra": {}, "file": {"name": "main.py", "path": "C:\\Users\\melni\\PycharmProjects\\1xbet_parser\\main.py"}, "function": "get_league", "level": {"icon": "☠️", "name": "CRITICAL", "no": 50}, "line": 156, "message": "'NoneType' object has no attribute 'split'", "module": "main", "name": "__main__", "process": {"id": 9752, "name": "MainProcess"}, "thread": {"id": 7160, "name": "MainThread"}, "time": {"repr": "2024-08-29 02:59:02.173216+05:00", "timestamp": 1724882342.173216}}}
{"text": "2024-08-29T02:59:02.174227+0500 CRITICAL url doesnt written\n", "record": {"elapsed": {"repr": "0:00:08.875818", "seconds": 8.875818}, "exception": null, "extra": {}, "file": {"name": "main.py", "path": "C:\\Users\\melni\\PycharmProjects\\1xbet_parser\\main.py"}, "function": "get_league", "level": {"icon": "☠️", "name": "CRITICAL", "no": 50}, "line": 155, "message": "url doesnt written", "module": "main", "name": "__main__", "process": {"id": 9752, "name": "MainProcess"}, "thread": {"id": 7160, "name": "MainThread"}, "time": {"repr": "2024-08-29 02:59:02.174227+05:00", "timestamp": 1724882342.174227}}}
{"text": "2024-08-29T02:59:02.175227+0500 CRITICAL 'NoneType' object has no attribute 'split'\n", "record": {"elapsed": {"repr": "0:00:08.876818", "seconds": 8.876818}, "exception": null, "extra": {}, "file": {"name": "main.py", "path": "C:\\Users\\melni\\PycharmProjects\\1xbet_parser\\main.py"}, "function": "get_league", "level": {"icon": "☠️", "name": "CRITICAL", "no": 50}, "line": 156, "message": "'NoneType' object has no attribute 'split'", "module": "main", "name": "__main__", "process": {"id": 9752, "name": "MainProcess"}, "thread": {"id": 7160, "name": "MainThread"}, "time": {"repr": "2024-08-29 02:59:02.175227+05:00", "timestamp": 1724882342.175227}}}
{"text": "2024-08-29T02:59:02.175227+0500 CRITICAL url doesnt written\n", "record": {"elapsed": {"repr": "0:00:08.876818", "seconds": 8.876818}, "exception": null, "extra": {}, "file": {"name": "main.py", "path": "C:\\Users\\melni\\PycharmProjects\\1xbet_parser\\main.py"}, "function": "get_league", "level": {"icon": "☠️", "name": "CRITICAL", "no": 50}, "line": 155, "message": "url doesnt written", "module": "main", "name": "__main__", "process": {"id": 9752, "name": "MainProcess"}, "thread": {"id": 7160, "name": "MainThread"}, "time": {"repr": "2024-08-29 02:59:02.175227+05:00", "timestamp": 1724882342.175227}}}
{"text": "2024-08-29T02:59:02.191405+0500 CRITICAL 'NoneType' object has no attribute 'split'\n", "record": {"elapsed": {"repr": "0:00:08.892996", "seconds": 8.892996}, "exception": null, "extra": {}, "file": {"name": "main.py", "path": "C:\\Users\\melni\\PycharmProjects\\1xbet_parser\\main.py"}, "function": "get_league", "level": {"icon": "☠️", "name": "CRITICAL", "no": 50}, "line": 156, "message": "'NoneType' object has no attribute 'split'", "module": "main", "name": "__main__", "process": {"id": 9752, "name": "MainProcess"}, "thread": {"id": 7160, "name": "MainThread"}, "time": {"repr": "2024-08-29 02:59:02.191405+05:00", "timestamp": 1724882342.191405}}}
{"text": "2024-08-29T02:59:02.194408+0500 CRITICAL url doesnt written\n", "record": {"elapsed": {"repr": "0:00:08.895999", "seconds": 8.895999}, "exception": null, "extra": {}, "file": {"name": "main.py", "path": "C:\\Users\\melni\\PycharmProjects\\1xbet_parser\\main.py"}, "function": "get_league", "level": {"icon": "☠️", "name": "CRITICAL", "no": 50}, "line": 155, "message": "url doesnt written", "module": "main", "name": "__main__", "process": {"id": 9752, "name": "MainProcess"}, "thread": {"id": 7160, "name": "MainThread"}, "time": {"repr": "2024-08-29 02:59:02.194408+05:00", "timestamp": 1724882342.194408}}}
{"text": "2024-08-29T02:59:02.195407+0500 CRITICAL 'NoneType' object has no attribute 'split'\n", "record": {"elapsed": {"repr": "0:00:08.896998", "seconds": 8.896998}, "exception": null, "extra": {}, "file": {"name": "main.py", "path": "C:\\Users\\melni\\PycharmProjects\\1xbet_parser\\main.py"}, "function": "get_league", "level": {"icon": "☠️", "name": "CRITICAL", "no": 50}, "line": 156, "message": "'NoneType' object has no attribute 'split'", "module": "main", "name": "__main__", "process": {"id": 9752, "name": "MainProcess"}, "thread": {"id": 7160, "name": "MainThread"}, "time": {"repr": "2024-08-29 02:59:02.195407+05:00", "timestamp": 1724882342.195407}}}
{"text": "2024-08-29T02:59:02.196407+0500 CRITICAL url doesnt written\n", "record": {"elapsed": {"repr": "0:00:08.897998", "seconds": 8.897998}, "exception": null, "extra": {}, "file": {"name": "main.py", "path": "C:\\Users\\melni\\PycharmProjects\\1xbet_parser\\main.py"}, "function": "get_league", "level": {"icon": "☠️", "name": "CRITICAL", "no": 50}, "line": 155, "message": "url doesnt written", "module": "main", "name": "__main__", "process": {"id": 9752, "name": "MainProcess"}, "thread": {"id": 7160, "name": "MainThread"}, "time": {"repr": "2024-08-29 02:59:02.196407+05:00", "timestamp": 1724882342.196407}}}
{"text": "2024-08-29T02:59:02.197415+0500 CRITICAL 'NoneType' object has no attribute 'split'\n", "record": {"elapsed": {"repr": "0:00:08.899006", "seconds": 8.899006}, "exception": null, "extra": {}, "file": {"name": "main.py", "path": "C:\\Users\\melni\\PycharmProjects\\1xbet_parser\\main.py"}, "function": "get_league", "level": {"icon": "☠️", "name": "CRITICAL", "no": 50}, "line": 156, "message": "'NoneType' object has no attribute 'split'", "module": "main", "name": "__main__", "process": {"id": 9752, "name": "MainProcess"}, "thread": {"id": 7160, "name": "MainThread"}, "time": {"repr": "2024-08-29 02:59:02.197415+05:00", "timestamp": 1724882342.197415}}}
{"text": "2024-08-29T02:59:02.200768+0500 CRITICAL url doesnt written\n", "record": {"elapsed": {"repr": "0:00:08.902359", "seconds": 8.902359}, "exception": null, "extra": {}, "file": {"name": "main.py", "path": "C:\\Users\\melni\\PycharmProjects\\1xbet_parser\\main.py"}, "function": "get_league", "level": {"icon": "☠️", "name": "CRITICAL", "no": 50}, "line": 155, "message": "url doesnt written", "module": "main", "name": "__main__", "process": {"id": 9752, "name": "MainProcess"}, "thread": {"id": 7160, "name": "MainThread"}, "time": {"repr": "2024-08-29 02:59:02.200768+05:00", "timestamp": 1724882342.200768}}}
{"text": "2024-08-29T02:59:02.201785+0500 CRITICAL 'NoneType' object has no attribute 'split'\n", "record": {"elapsed": {"repr": "0:00:08.903376", "seconds": 8.903376}, "exception": null, "extra": {}, "file": {"name": "main.py", "path": "C:\\Users\\melni\\PycharmProjects\\1xbet_parser\\main.py"}, "function": "get_league", "level": {"icon": "☠️", "name": "CRITICAL", "no": 50}, "line": 156, "message": "'NoneType' object has no attribute 'split'", "module": "main", "name": "__main__", "process": {"id": 9752, "name": "MainProcess"}, "thread": {"id": 7160, "name": "MainThread"}, "time": {"repr": "2024-08-29 02:59:02.201785+05:00", "timestamp": 1724882342.201785}}}
{"text": "2024-08-29T02:59:02.201785+0500 CRITICAL url doesnt written\n", "record": {"elapsed": {"repr": "0:00:08.903376", "seconds": 8.903376}, "exception": null, "extra": {}, "file": {"name": "main.py", "path": "C:\\Users\\melni\\PycharmProjects\\1xbet_parser\\main.py"}, "function": "get_league", "level": {"icon": "☠️", "name": "CRITICAL", "no": 50}, "line": 155, "message": "url doesnt written", "module": "main", "name": "__main__", "process": {"id": 9752, "name": "MainProcess"}, "thread": {"id": 7160, "name": "MainThread"}, "time": {"repr": "2024-08-29 02:59:02.201785+05:00", "timestamp": 1724882342.201785}}}
{"text": "2024-08-29T02:59:02.202762+0500 CRITICAL 'NoneType' object has no attribute 'split'\n", "record": {"elapsed": {"repr": "0:00:08.904353", "seconds": 8.904353}, "exception": null, "extra": {}, "file": {"name": "main.py", "path": "C:\\Users\\melni\\PycharmProjects\\1xbet_parser\\main.py"}, "function": "get_league", "level": {"icon": "☠️", "name": "CRITICAL", "no": 50}, "line": 156, "message": "'NoneType' object has no attribute 'split'", "module": "main", "name": "__main__", "process": {"id": 9752, "name": "MainProcess"}, "thread": {"id": 7160, "name": "MainThread"}, "time": {"repr": "2024-08-29 02:59:02.202762+05:00", "timestamp": 1724882342.202762}}}
{"text": "2024-08-29T02:59:02.203761+0500 CRITICAL url doesnt written\n", "record": {"elapsed": {"repr": "0:00:08.905352", "seconds": 8.905352}, "exception": null, "extra": {}, "file": {"name": "main.py", "path": "C:\\Users\\melni\\PycharmProjects\\1xbet_parser\\main.py"}, "function": "get_league", "level": {"icon": "☠️", "name": "CRITICAL", "no": 50}, "line": 155, "message": "url doesnt written", "module": "main", "name": "__main__", "process": {"id": 9752, "name": "MainProcess"}, "thread": {"id": 7160, "name": "MainThread"}, "time": {"repr": "2024-08-29 02:59:02.203761+05:00", "timestamp": 1724882342.203761}}}
{"text": "2024-08-29T02:59:02.204775+0500 CRITICAL 'NoneType' object has no attribute 'split'\n", "record": {"elapsed": {"repr": "0:00:08.906366", "seconds": 8.906366}, "exception": null, "extra": {}, "file": {"name": "main.py", "path": "C:\\Users\\melni\\PycharmProjects\\1xbet_parser\\main.py"}, "function": "get_league", "level": {"icon": "☠️", "name": "CRITICAL", "no": 50}, "line": 156, "message": "'NoneType' object has no attribute 'split'", "module": "main", "name": "__main__", "process": {"id": 9752, "name": "MainProcess"}, "thread": {"id": 7160, "name": "MainThread"}, "time": {"repr": "2024-08-29 02:59:02.204775+05:00", "timestamp": 1724882342.204775}}}
{"text": "2024-08-29T02:59:02.205764+0500 CRITICAL url doesnt written\n", "record": {"elapsed": {"repr": "0:00:08.907355", "seconds": 8.907355}, "exception": null, "extra": {}, "file": {"name": "main.py", "path": "C:\\Users\\melni\\PycharmProjects\\1xbet_parser\\main.py"}, "function": "get_league", "level": {"icon": "☠️", "name": "CRITICAL", "no": 50}, "line": 155, "message": "url doesnt written", "module": "main", "name": "__main__", "process": {"id": 9752, "name": "MainProcess"}, "thread": {"id": 7160, "name": "MainThread"}, "time": {"repr": "2024-08-29 02:59:02.205764+05:00", "timestamp": 1724882342.205764}}}
{"text": "2024-08-29T02:59:02.206762+0500 CRITICAL 'NoneType' object has no attribute 'split'\n", "record": {"elapsed": {"repr": "0:00:08.908353", "seconds": 8.908353}, "exception": null, "extra": {}, "file": {"name": "main.py", "path": "C:\\Users\\melni\\PycharmProjects\\1xbet_parser\\main.py"}, "function": "get_league", "level": {"icon": "☠️", "name": "CRITICAL", "no": 50}, "line": 156, "message": "'NoneType' object has no attribute 'split'", "module": "main", "name": "__main__", "process": {"id": 9752, "name": "MainProcess"}, "thread": {"id": 7160, "name": "MainThread"}, "time": {"repr": "2024-08-29 02:59:02.206762+05:00", "timestamp": 1724882342.206762}}}
{"text": "2024-08-29T02:59:02.207765+0500 CRITICAL url doesnt written\n", "record": {"elapsed": {"repr": "0:00:08.909356", "seconds": 8.909356}, "exception": null, "extra": {}, "file": {"name": "main.py", "path": "C:\\Users\\melni\\PycharmProjects\\1xbet_parser\\main.py"}, "function": "get_league", "level": {"icon": "☠️", "name": "CRITICAL", "no": 50}, "line": 155, "message": "url doesnt written", "module": "main", "name": "__main__", "process": {"id": 9752, "name": "MainProcess"}, "thread": {"id": 7160, "name": "MainThread"}, "time": {"repr": "2024-08-29 02:59:02.207765+05:00", "timestamp": 1724882342.207765}}}
{"text": "2024-08-29T02:59:02.209766+0500 CRITICAL 'NoneType' object has no attribute 'split'\n", "record": {"elapsed": {"repr": "0:00:08.911357", "seconds": 8.911357}, "exception": null, "extra": {}, "file": {"name": "main.py", "path": "C:\\Users\\melni\\PycharmProjects\\1xbet_parser\\main.py"}, "function": "get_league", "level": {"icon": "☠️", "name": "CRITICAL", "no": 50}, "line": 156, "message": "'NoneType' object has no attribute 'split'", "module": "main", "name": "__main__", "process": {"id": 9752, "name": "MainProcess"}, "thread": {"id": 7160, "name": "MainThread"}, "time": {"repr": "2024-08-29 02:59:02.209766+05:00", "timestamp": 1724882342.209766}}}
{"text": "2024-08-29T02:59:02.210764+0500 CRITICAL url doesnt written\n", "record": {"elapsed": {"repr": "0:00:08.912355", "seconds": 8.912355}, "exception": null, "extra": {}, "file": {"name": "main.py", "path": "C:\\Users\\melni\\PycharmProjects\\1xbet_parser\\main.py"}, "function": "get_league", "level": {"icon": "☠️", "name": "CRITICAL", "no": 50}, "line": 155, "message": "url doesnt written", "module": "main", "name": "__main__", "process": {"id": 9752, "name": "MainProcess"}, "thread": {"id": 7160, "name": "MainThread"}, "time": {"repr": "2024-08-29 02:59:02.210764+05:00", "timestamp": 1724882342.210764}}}
{"text": "2024-08-29T02:59:02.211766+0500 CRITICAL 'NoneType' object has no attribute 'split'\n", "record": {"elapsed": {"repr": "0:00:08.913357", "seconds": 8.913357}, "exception": null, "extra": {}, "file": {"name": "main.py", "path": "C:\\Users\\melni\\PycharmProjects\\1xbet_parser\\main.py"}, "function": "get_league", "level": {"icon": "☠️", "name": "CRITICAL", "no": 50}, "line": 156, "message": "'NoneType' object has no attribute 'split'", "module": "main", "name": "__main__", "process": {"id": 9752, "name": "MainProcess"}, "thread": {"id": 7160, "name": "MainThread"}, "time": {"repr": "2024-08-29 02:59:02.211766+05:00", "timestamp": 1724882342.211766}}}
{"text": "2024-08-29T02:59:02.211766+0500 CRITICAL url doesnt written\n", "record": {"elapsed": {"repr": "0:00:08.913357", "seconds": 8.913357}, "exception": null, "extra": {}, "file": {"name": "main.py", "path": "C:\\Users\\melni\\PycharmProjects\\1xbet_parser\\main.py"}, "function": "get_league", "level": {"icon": "☠️", "name": "CRITICAL", "no": 50}, "line": 155, "message": "url doesnt written", "module": "main", "name": "__main__", "process": {"id": 9752, "name": "MainProcess"}, "thread": {"id": 7160, "name": "MainThread"}, "time": {"repr": "2024-08-29 02:59:02.211766+05:00", "timestamp": 1724882342.211766}}}
{"text": "2024-08-29T02:59:02.212762+0500 CRITICAL 'NoneType' object has no attribute 'split'\n", "record": {"elapsed": {"repr": "0:00:08.914353", "seconds": 8.914353}, "exception": null, "extra": {}, "file": {"name": "main.py", "path": "C:\\Users\\melni\\PycharmProjects\\1xbet_parser\\main.py"}, "function": "get_league", "level": {"icon": "☠️", "name": "CRITICAL", "no": 50}, "line": 156, "message": "'NoneType' object has no attribute 'split'", "module": "main", "name": "__main__", "process": {"id": 9752, "name": "MainProcess"}, "thread": {"id": 7160, "name": "MainThread"}, "time": {"repr": "2024-08-29 02:59:02.212762+05:00", "timestamp": 1724882342.212762}}}
{"text": "2024-08-29T02:59:02.215990+0500 CRITICAL url doesnt written\n", "record": {"elapsed": {"repr": "0:00:08.917581", "seconds": 8.917581}, "exception": null, "extra": {}, "file": {"name": "main.py", "path": "C:\\Users\\melni\\PycharmProjects\\1xbet_parser\\main.py"}, "function": "get_league", "level": {"icon": "☠️", "name": "CRITICAL", "no": 50}, "line": 155, "message": "url doesnt written", "module": "main", "name": "__main__", "process": {"id": 9752, "name": "MainProcess"}, "thread": {"id": 7160, "name": "MainThread"}, "time": {"repr": "2024-08-29 02:59:02.215990+05:00", "timestamp": 1724882342.21599}}}
{"text": "2024-08-29T02:59:02.218993+0500 CRITICAL 'NoneType' object has no attribute 'split'\n", "record": {"elapsed": {"repr": "0:00:08.920584", "seconds": 8.920584}, "exception": null, "extra": {}, "file": {"name": "main.py", "path": "C:\\Users\\melni\\PycharmProjects\\1xbet_parser\\main.py"}, "function": "get_league", "level": {"icon": "☠️", "name": "CRITICAL", "no": 50}, "line": 156, "message": "'NoneType' object has no attribute 'split'", "module": "main", "name": "__main__", "process": {"id": 9752, "name": "MainProcess"}, "thread": {"id": 7160, "name": "MainThread"}, "time": {"repr": "2024-08-29 02:59:02.218993+05:00", "timestamp": 1724882342.218993}}}
{"text": "2024-08-29T02:59:02.219993+0500 CRITICAL url doesnt written\n", "record": {"elapsed": {"repr": "0:00:08.921584", "seconds": 8.921584}, "exception": null, "extra": {}, "file": {"name": "main.py", "path": "C:\\Users\\melni\\PycharmProjects\\1xbet_parser\\main.py"}, "function": "get_league", "level": {"icon": "☠️", "name": "CRITICAL", "no": 50}, "line": 155, "message": "url doesnt written", "module": "main", "name": "__main__", "process": {"id": 9752, "name": "MainProcess"}, "thread": {"id": 7160, "name": "MainThread"}, "time": {"repr": "2024-08-29 02:59:02.219993+05:00", "timestamp": 1724882342.219993}}}
{"text": "2024-08-29T02:59:02.220992+0500 CRITICAL 'NoneType' object has no attribute 'split'\n", "record": {"elapsed": {"repr": "0:00:08.922583", "seconds": 8.922583}, "exception": null, "extra": {}, "file": {"name": "main.py", "path": "C:\\Users\\melni\\PycharmProjects\\1xbet_parser\\main.py"}, "function": "get_league", "level": {"icon": "☠️", "name": "CRITICAL", "no": 50}, "line": 156, "message": "'NoneType' object has no attribute 'split'", "module": "main", "name": "__main__", "process": {"id": 9752, "name": "MainProcess"}, "thread": {"id": 7160, "name": "MainThread"}, "time": {"repr": "2024-08-29 02:59:02.220992+05:00", "timestamp": 1724882342.220992}}}
{"text": "2024-08-29T02:59:02.221993+0500 CRITICAL url doesnt written\n", "record": {"elapsed": {"repr": "0:00:08.923584", "seconds": 8.923584}, "exception": null, "extra": {}, "file": {"name": "main.py", "path": "C:\\Users\\melni\\PycharmProjects\\1xbet_parser\\main.py"}, "function": "get_league", "level": {"icon": "☠️", "name": "CRITICAL", "no": 50}, "line": 155, "message": "url doesnt written", "module": "main", "name": "__main__", "process": {"id": 9752, "name": "MainProcess"}, "thread": {"id": 7160, "name": "MainThread"}, "time": {"repr": "2024-08-29 02:59:02.221993+05:00", "timestamp": 1724882342.221993}}}
{"text": "2024-08-29T02:59:02.222995+0500 CRITICAL 'NoneType' object has no attribute 'split'\n", "record": {"elapsed": {"repr": "0:00:08.924586", "seconds": 8.924586}, "exception": null, "extra": {}, "file": {"name": "main.py", "path": "C:\\Users\\melni\\PycharmProjects\\1xbet_parser\\main.py"}, "function": "get_league", "level": {"icon": "☠️", "name": "CRITICAL", "no": 50}, "line": 156, "message": "'NoneType' object has no attribute 'split'", "module": "main", "name": "__main__", "process": {"id": 9752, "name": "MainProcess"}, "thread": {"id": 7160, "name": "MainThread"}, "time": {"repr": "2024-08-29 02:59:02.222995+05:00", "timestamp": 1724882342.222995}}}
{"text": "2024-08-29T02:59:02.226091+0500 CRITICAL url doesnt written\n", "record": {"elapsed": {"repr": "0:00:08.927682", "seconds": 8.927682}, "exception": null, "extra": {}, "file": {"name": "main.py", "path": "C:\\Users\\melni\\PycharmProjects\\1xbet_parser\\main.py"}, "function": "get_league", "level": {"icon": "☠️", "name": "CRITICAL", "no": 50}, "line": 155, "message": "url doesnt written", "module": "main", "name": "__main__", "process": {"id": 9752, "name": "MainProcess"}, "thread": {"id": 7160, "name": "MainThread"}, "time": {"repr": "2024-08-29 02:59:02.226091+05:00", "timestamp": 1724882342.226091}}}
{"text": "2024-08-29T02:59:02.227099+0500 CRITICAL 'NoneType' object has no attribute 'split'\n", "record": {"elapsed": {"repr": "0:00:08.928690", "seconds": 8.92869}, "exception": null, "extra": {}, "file": {"name": "main.py", "path": "C:\\Users\\melni\\PycharmProjects\\1xbet_parser\\main.py"}, "function": "get_league", "level": {"icon": "☠️", "name": "CRITICAL", "no": 50}, "line": 156, "message": "'NoneType' object has no attribute 'split'", "module": "main", "name": "__main__", "process": {"id": 9752, "name": "MainProcess"}, "thread": {"id": 7160, "name": "MainThread"}, "time": {"repr": "2024-08-29 02:59:02.227099+05:00", "timestamp": 1724882342.227099}}}
{"text": "2024-08-29T02:59:02.229092+0500 CRITICAL url doesnt written\n", "record": {"elapsed": {"repr": "0:00:08.930683", "seconds": 8.930683}, "exception": null, "extra": {}, "file": {"name": "main.py", "path": "C:\\Users\\melni\\PycharmProjects\\1xbet_parser\\main.py"}, "function": "get_league", "level": {"icon": "☠️", "name": "CRITICAL", "no": 50}, "line": 155, "message": "url doesnt written", "module": "main", "name": "__main__", "process": {"id": 9752, "name": "MainProcess"}, "thread": {"id": 7160, "name": "MainThread"}, "time": {"repr": "2024-08-29 02:59:02.229092+05:00", "timestamp": 1724882342.229092}}}
{"text": "2024-08-29T02:59:02.230158+0500 CRITICAL 'NoneType' object has no attribute 'split'\n", "record": {"elapsed": {"repr": "0:00:08.931749", "seconds": 8.931749}, "exception": null, "extra": {}, "file": {"name": "main.py", "path": "C:\\Users\\melni\\PycharmProjects\\1xbet_parser\\main.py"}, "function": "get_league", "level": {"icon": "☠️", "name": "CRITICAL", "no": 50}, "line": 156, "message": "'NoneType' object has no attribute 'split'", "module": "main", "name": "__main__", "process": {"id": 9752, "name": "MainProcess"}, "thread": {"id": 7160, "name": "MainThread"}, "time": {"repr": "2024-08-29 02:59:02.230158+05:00", "timestamp": 1724882342.230158}}}
{"text": "2024-08-29T02:59:02.230158+0500 CRITICAL url doesnt written\n", "record": {"elapsed": {"repr": "0:00:08.931749", "seconds": 8.931749}, "exception": null, "extra": {}, "file": {"name": "main.py", "path": "C:\\Users\\melni\\PycharmProjects\\1xbet_parser\\main.py"}, "function": "get_league", "level": {"icon": "☠️", "name": "CRITICAL", "no": 50}, "line": 155, "message": "url doesnt written", "module": "main", "name": "__main__", "process": {"id": 9752, "name": "MainProcess"}, "thread": {"id": 7160, "name": "MainThread"}, "time": {"repr": "2024-08-29 02:59:02.230158+05:00", "timestamp": 1724882342.230158}}}
{"text": "2024-08-29T02:59:02.232208+0500 CRITICAL 'NoneType' object has no attribute 'split'\n", "record": {"elapsed": {"repr": "0:00:08.933799", "seconds": 8.933799}, "exception": null, "extra": {}, "file": {"name": "main.py", "path": "C:\\Users\\melni\\PycharmProjects\\1xbet_parser\\main.py"}, "function": "get_league", "level": {"icon": "☠️", "name": "CRITICAL", "no": 50}, "line": 156, "message": "'NoneType' object has no attribute 'split'", "module": "main", "name": "__main__", "process": {"id": 9752, "name": "MainProcess"}, "thread": {"id": 7160, "name": "MainThread"}, "time": {"repr": "2024-08-29 02:59:02.232208+05:00", "timestamp": 1724882342.232208}}}
{"text": "2024-08-29T02:59:02.233210+0500 CRITICAL url doesnt written\n", "record": {"elapsed": {"repr": "0:00:08.934801", "seconds": 8.934801}, "exception": null, "extra": {}, "file": {"name": "main.py", "path": "C:\\Users\\melni\\PycharmProjects\\1xbet_parser\\main.py"}, "function": "get_league", "level": {"icon": "☠️", "name": "CRITICAL", "no": 50}, "line": 155, "message": "url doesnt written", "module": "main", "name": "__main__", "process": {"id": 9752, "name": "MainProcess"}, "thread": {"id": 7160, "name": "MainThread"}, "time": {"repr": "2024-08-29 02:59:02.233210+05:00", "timestamp": 1724882342.23321}}}
{"text": "2024-08-29T02:59:02.233210+0500 CRITICAL 'NoneType' object has no attribute 'split'\n", "record": {"elapsed": {"repr": "0:00:08.934801", "seconds": 8.934801}, "exception": null, "extra": {}, "file": {"name": "main.py", "path": "C:\\Users\\melni\\PycharmProjects\\1xbet_parser\\main.py"}, "function": "get_league", "level": {"icon": "☠️", "name": "CRITICAL", "no": 50}, "line": 156, "message": "'NoneType' object has no attribute 'split'", "module": "main", "name": "__main__", "process": {"id": 9752, "name": "MainProcess"}, "thread": {"id": 7160, "name": "MainThread"}, "time": {"repr": "2024-08-29 02:59:02.233210+05:00", "timestamp": 1724882342.23321}}}
{"text": "2024-08-29T02:59:02.237235+0500 CRITICAL url doesnt written\n", "record": {"elapsed": {"repr": "0:00:08.938826", "seconds": 8.938826}, "exception": null, "extra": {}, "file": {"name": "main.py", "path": "C:\\Users\\melni\\PycharmProjects\\1xbet_parser\\main.py"}, "function": "get_league", "level": {"icon": "☠️", "name": "CRITICAL", "no": 50}, "line": 155, "message": "url doesnt written", "module": "main", "name": "__main__", "process": {"id": 9752, "name": "MainProcess"}, "thread": {"id": 7160, "name": "MainThread"}, "time": {"repr": "2024-08-29 02:59:02.237235+05:00", "timestamp": 1724882342.237235}}}
{"text": "2024-08-29T02:59:02.238208+0500 CRITICAL 'NoneType' object has no attribute 'split'\n", "record": {"elapsed": {"repr": "0:00:08.939799", "seconds": 8.939799}, "exception": null, "extra": {}, "file": {"name": "main.py", "path": "C:\\Users\\melni\\PycharmProjects\\1xbet_parser\\main.py"}, "function": "get_league", "level": {"icon": "☠️", "name": "CRITICAL", "no": 50}, "line": 156, "message": "'NoneType' object has no attribute 'split'", "module": "main", "name": "__main__", "process": {"id": 9752, "name": "MainProcess"}, "thread": {"id": 7160, "name": "MainThread"}, "time": {"repr": "2024-08-29 02:59:02.238208+05:00", "timestamp": 1724882342.238208}}}
{"text": "2024-08-29T02:59:02.240209+0500 CRITICAL url doesnt written\n", "record": {"elapsed": {"repr": "0:00:08.941800", "seconds": 8.9418}, "exception": null, "extra": {}, "file": {"name": "main.py", "path": "C:\\Users\\melni\\PycharmProjects\\1xbet_parser\\main.py"}, "function": "get_league", "level": {"icon": "☠️", "name": "CRITICAL", "no": 50}, "line": 155, "message": "url doesnt written", "module": "main", "name": "__main__", "process": {"id": 9752, "name": "MainProcess"}, "thread": {"id": 7160, "name": "MainThread"}, "time": {"repr": "2024-08-29 02:59:02.240209+05:00", "timestamp": 1724882342.240209}}}
{"text": "2024-08-29T02:59:02.241353+0500 CRITICAL 'NoneType' object has no attribute 'split'\n", "record": {"elapsed": {"repr": "0:00:08.942944", "seconds": 8.942944}, "exception": null, "extra": {}, "file": {"name": "main.py", "path": "C:\\Users\\melni\\PycharmProjects\\1xbet_parser\\main.py"}, "function": "get_league", "level": {"icon": "☠️", "name": "CRITICAL", "no": 50}, "line": 156, "message": "'NoneType' object has no attribute 'split'", "module": "main", "name": "__main__", "process": {"id": 9752, "name": "MainProcess"}, "thread": {"id": 7160, "name": "MainThread"}, "time": {"repr": "2024-08-29 02:59:02.241353+05:00", "timestamp": 1724882342.241353}}}
