{"text": "2024-08-29T02:59:04.437537+0500 CRITICAL 'NoneType' object has no attribute 'split'\n", "record": {"elapsed": {"repr": "0:00:11.139128", "seconds": 11.139128}, "exception": null, "extra": {}, "file": {"name": "main.py", "path": "C:\\Users\\melni\\PycharmProjects\\1xbet_parser\\main.py"}, "function": "get_league", "level": {"icon": "☠️", "name": "CRITICAL", "no": 50}, "line": 156, "message": "'NoneType' object has no attribute 'split'", "module": "main", "name": "__main__", "process": {"id": 9752, "name": "MainProcess"}, "thread": {"id": 7160, "name": "MainThread"}, "time": {"repr": "2024-08-29 02:59:04.437537+05:00", "timestamp": 1724882344.437537}}}
{"text": "2024-08-29T02:59:04.473668+0500 CRITICAL url doesnt written\n", "record": {"elapsed": {"repr": "0:00:11.175259", "seconds": 11.175259}, "exception": null, "extra": {}, "file": {"name": "main.py", "path": "C:\\Users\\melni\\PycharmProjects\\1xbet_parser\\main.py"}, "function": "get_league", "level": {"icon": "☠️", "name": "CRITICAL", "no": 50}, "line": 155, "message": "url doesnt written", "module": "main", "name": "__main__", "process": {"id": 9752, "name": "MainProcess"}, "thread": {"id": 7160, "name": "MainThread"}, "time": {"repr": "2024-08-29 02:59:04.473668+05:00", "timestamp": 1724882344.473668}}}
{"text": "2024-08-29T02:59:04.475178+0500 CRITICAL 'NoneType' object has no attribute 'split'\n", "record": {"elapsed": {"repr": "0:00:11.176769", "seconds": 11.176769}, "exception": null, "extra": {}, "file": {"name": "main.py", "path": "C:\\Users\\melni\\PycharmProjects\\1xbet_parser\\main.py"}, "function": "get_league", "level": {"icon": "☠️", "name": "CRITICAL", "no": 50}, "line": 156, "message": "'NoneType' object has no attribute 'split'", "module": "main", "name": "__main__", "process": {"id": 9752, "name": "MainProcess"}, "thread": {"id": 7160, "name": "MainThread"}, "time": {"repr": "2024-08-29 02:59:04.475178+05:00", "timestamp": 1724882344.475178}}}
{"text": "2024-08-29T02:59:04.475178+0500 CRITICAL url doesnt written\n", "record": {"elapsed": {"repr": "0:00:11.176769", "seconds": 11.176769}, "exception": null, "extra": {}, "file": {"name": "main.py", "path": "C:\\Users\\melni\\PycharmProjects\\1xbet_parser\\main.py"}, "function": "get_league", "level": {"icon": "☠️", "name": "CRITICAL", "no": 50}, "line": 155, "message": "url doesnt written", "module": "main", "name": "__main__", "process": {"id": 9752, "name": "MainProcess"}, "thread": {"id": 7160, "name": "MainThread"}, "time": {"repr": "2024-08-29 02:59:04.475178+05:00", "timestamp": 1724882344.475178}}}
{"text": "2024-08-29T02:59:04.475178+0500 CRITICAL 'NoneType' object has no attribute 'split'\n", "record": {"elapsed": {"repr": "0:00:11.176769", "seconds": 11.176769}, "exception": null, "extra": {}, "file": {"name": "main.py", "path": "C:\\Users\\melni\\PycharmProjects\\1xbet_parser\\main.py"}, "function": "get_league", "level": {"icon": "☠️", "name": "CRITICAL", "no": 50}, "line": 156, "message": "'NoneType' object has no attribute 'split'", "module": "main", "name": "__main__", "process": {"id": 9752, "name": "MainProcess"}, "thread": {"id": 7160, "name": "MainThread"}, "time": {"repr": "2024-08-29 02:59:04.475178+05:00", "timestamp": 1724882344.475178}}}
{"text": "2024-08-29T02:59:04.476186+0500 CRITICAL url doesnt written\n", "record": {"elapsed": {"repr": "0:00:11.177777", "seconds": 11.177777}, "exception": null, "extra": {}, "file": {"name": "main.py", "path": "C:\\Users\\melni\\PycharmProjects\\1xbet_parser\\main.py"}, "function": "get_league", "level": {"icon": "☠️", "name": "CRITICAL", "no": 50}, "line": 155, "message": "url doesnt written", "module": "main", "name": "__main__", "process": {"id": 9752, "name": "MainProcess"}, "thread": {"id": 7160, "name": "MainThread"}, "time": {"repr": "2024-08-29 02:59:04.476186+05:00", "timestamp": 1724882344.476186}}}
{"text": "2024-08-29T02:59:04.476186+0500 CRITICAL 'NoneType' object has no attribute 'split'\n", "record": {"elapsed": {"repr": "0:00:11.177777", "seconds": 11.177777}, "exception": null, "extra": {}, "file": {"name": "main.py", "path": "C:\\Users\\melni\\PycharmProjects\\1xbet_parser\\main.py"}, "function": "get_league", "level": {"icon": "☠️", "name": "CRITICAL", "no": 50}, "line": 156, "message": "'NoneType' object has no attribute 'split'", "module": "main", "name": "__main__", "process": {"id": 9752, "name": "MainProcess"}, "thread": {"id": 7160, "name": "MainThread"}, "time": {"repr": "2024-08-29 02:59:04.476186+05:00", "timestamp": 1724882344.476186}}}
{"text": "2024-08-29T02:59:04.476186+0500 CRITICAL url doesnt written\n", "record": {"elapsed": {"repr": "0:00:11.177777", "seconds": 11.177777}, "exception": null, "extra": {}, "file": {"name": "main.py", "path": "C:\\Users\\melni\\PycharmProjects\\1xbet_parser\\main.py"}, "function": "get_league", "level": {"icon": "☠️", "name": "CRITICAL", "no": 50}, "line": 155, "message": "url doesnt written", "module": "main", "name": "__main__", "process": {"id": 9752, "name": "MainProcess"}, "thread": {"id": 7160, "name": "MainThread"}, "time": {"repr": "2024-08-29 02:59:04.476186+05:00", "timestamp": 1724882344.476186}}}
{"text": "2024-08-29T02:59:04.477187+0500 CRITICAL 'NoneType' object has no attribute 'split'\n", "record": {"elapsed": {"repr": "0:00:11.178778", "seconds": 11.178778}, "exception": null, "extra": {}, "file": {"name": "main.py", "path": "C:\\Users\\melni\\PycharmProjects\\1xbet_parser\\main.py"}, "function": "get_league", "level": {"icon": "☠️", "name": "CRITICAL", "no": 50}, "line": 156, "message": "'NoneType' object has no attribute 'split'", "module": "main", "name": "__main__", "process": {"id": 9752, "name": "MainProcess"}, "thread": {"id": 7160, "name": "MainThread"}, "time": {"repr": "2024-08-29 02:59:04.477187+05:00", "timestamp": 1724882344.477187}}}
{"text": "2024-08-29T02:59:04.477187+0500 CRITICAL url doesnt written\n", "record": {"elapsed": {"repr": "0:00:11.178778", "seconds": 11.178778}, "exception": null, "extra": {}, "file": {"name": "main.py", "path": "C:\\Users\\melni\\PycharmProjects\\1xbet_parser\\main.py"}, "function": "get_league", "level": {"icon": "☠️", "name": "CRITICAL", "no": 50}, "line": 155, "message": "url doesnt written", "module": "main", "name": "__main__", "process": {"id": 9752, "name": "MainProcess"}, "thread": {"id": 7160, "name": "MainThread"}, "time": {"repr": "2024-08-29 02:59:04.477187+05:00", "timestamp": 1724882344.477187}}}
{"text": "2024-08-29T02:59:04.477187+0500 CRITICAL 'NoneType' object has no attribute 'split'\n", "record": {"elapsed": {"repr": "0:00:11.178778", "seconds": 11.178778}, "exception": null, "extra": {}, "file": {"name": "main.py", "path": "C:\\Users\\melni\\PycharmProjects\\1xbet_parser\\main.py"}, "function": "get_league", "level": {"icon": "☠️", "name": "CRITICAL", "no": 50}, "line": 156, "message": "'NoneType' object has no attribute 'split'", "module": "main", "name": "__main__", "process": {"id": 9752, "name": "MainProcess"}, "thread": {"id": 7160, "name": "MainThread"}, "time": {"repr": "2024-08-29 02:59:04.477187+05:00", "timestamp": 1724882344.477187}}}
{"text": "2024-08-29T02:59:04.478186+0500 CRITICAL url doesnt written\n", "record": {"elapsed": {"repr": "0:00:11.179777", "seconds": 11.179777}, "exception": null, "extra": {}, "file": {"name": "main.py", "path": "C:\\Users\\melni\\PycharmProjects\\1xbet_parser\\main.py"}, "function": "get_league", "level": {"icon": "☠️", "name": "CRITICAL", "no": 50}, "line": 155, "message": "url doesnt written", "module": "main", "name": "__main__", "process": {"id": 9752, "name": "MainProcess"}, "thread": {"id": 7160, "name": "MainThread"}, "time": {"repr": "2024-08-29 02:59:04.478186+05:00", "timestamp": 1724882344.478186}}}
{"text": "2024-08-29T02:59:04.478186+0500 CRITICAL 'NoneType' object has no attribute 'split'\n", "record": {"elapsed": {"repr": "0:00:11.179777", "seconds": 11.179777}, "exception": null, "extra": {}, "file": {"name": "main.py", "path": "C:\\Users\\melni\\PycharmProjects\\1xbet_parser\\main.py"}, "function": "get_league", "level": {"icon": "☠️", "name": "CRITICAL", "no": 50}, "line": 156, "message": "'NoneType' object has no attribute 'split'", "module": "main", "name": "__main__", "process": {"id": 9752, "name": "MainProcess"}, "thread": {"id": 7160, "name": "MainThread"}, "time": {"repr": "2024-08-29 02:59:04.478186+05:00", "timestamp": 1724882344.478186}}}
{"text": "2024-08-29T02:59:04.478186+0500 CRITICAL url doesnt written\n", "record": {"elapsed": {"repr": "0:00:11.179777", "seconds": 11.179777}, "exception": null, "extra": {}, "file": {"name": "main.py", "path": "C:\\Users\\melni\\PycharmProjects\\1xbet_parser\\main.py"}, "function": "get_league", "level": {"icon": "☠️", "name": "CRITICAL", "no": 50}, "line": 155, "message": "url doesnt written", "module": "main", "name": "__main__", "process": {"id": 9752, "name": "MainProcess"}, "thread": {"id": 7160, "name": "MainThread"}, "time": {"repr": "2024-08-29 02:59:04.478186+05:00", "timestamp": 1724882344.478186}}}
{"text": "2024-08-29T02:59:04.479186+0500 CRITICAL 'NoneType' object has no attribute 'split'\n", "record": {"elapsed": {"repr": "0:00:11.180777", "seconds": 11.180777}, "exception": null, "extra": {}, "file": {"name": "main.py", "path": "C:\\Users\\melni\\PycharmProjects\\1xbet_parser\\main.py"}, "function": "get_league", "level": {"icon": "☠️", "name": "CRITICAL", "no": 50}, "line": 156, "message": "'NoneType' object has no attribute 'split'", "module": "main", "name": "__main__", "process": {"id": 9752, "name": "MainProcess"}, "thread": {"id": 7160, "name": "MainThread"}, "time": {"repr": "2024-08-29 02:59:04.479186+05:00", "timestamp": 1724882344.479186}}}
{"text": "2024-08-29T02:59:04.479186+0500 CRITICAL url doesnt written\n", "record": {"elapsed": {"repr": "0:00:11.180777", "seconds": 11.180777}, "exception": null, "extra": {}, "file": {"name": "main.py", "path": "C:\\Users\\melni\\PycharmProjects\\1xbet_parser\\main.py"}, "function": "get_league", "level": {"icon": "☠️", "name": "CRITICAL", "no": 50}, "line": 155, "message": "url doesnt written", "module": "main", "name": "__main__", "process": {"id": 9752, "name": "MainProcess"}, "thread": {"id": 7160, "name": "MainThread"}, "time": {"repr": "2024-08-29 02:59:04.479186+05:00", "timestamp": 1724882344.479186}}}
{"text": "2024-08-29T02:59:04.480187+0500 CRITICAL 'NoneType' object has no attribute 'split'\n", "record": {"elapsed": {"repr": "0:00:11.181778", "seconds": 11.181778}, "exception": null, "extra": {}, "file": {"name": "main.py", "path": "C:\\Users\\melni\\PycharmProjects\\1xbet_parser\\main.py"}, "function": "get_league", "level": {"icon": "☠️", "name": "CRITICAL", "no": 50}, "line": 156, "message": "'NoneType' object has no attribute 'split'", "module": "main", "name": "__main__", "process": {"id": 9752, "name": "MainProcess"}, "thread": {"id": 7160, "name": "MainThread"}, "time": {"repr": "2024-08-29 02:59:04.480187+05:00", "timestamp": 1724882344.480187}}}
{"text": "2024-08-29T02:59:04.481239+0500 CRITICAL url doesnt written\n", "record": {"elapsed": {"repr": "0:00:11.182830", "seconds": 11.18283}, "exception": null, "extra": {}, "file": {"name": "main.py", "path": "C:\\Users\\melni\\PycharmProjects\\1xbet_parser\\main.py"}, "function": "get_league", "level": {"icon": "☠️", "name": "CRITICAL", "no": 50}, "line": 155, "message": "url doesnt written", "module": "main", "name": "__main__", "process": {"id": 9752, "name": "MainProcess"}, "thread": {"id": 7160, "name": "MainThread"}, "time": {"repr": "2024-08-29 02:59:04.481239+05:00", "timestamp": 1724882344.481239}}}
{"text": "2024-08-29T02:59:04.481239+0500 CRITICAL 'NoneType' object has no attribute 'split'\n", "record": {"elapsed": {"repr": "0:00:11.182830", "seconds": 11.18283}, "exception": null, "extra": {}, "file": {"name": "main.py", "path": "C:\\Users\\melni\\PycharmProjects\\1xbet_parser\\main.py"}, "function": "get_league", "level": {"icon": "☠️", "name": "CRITICAL", "no": 50}, "line": 156, "message": "'NoneType' object has no attribute 'split'", "module": "main", "name": "__main__", "process": {"id": 9752, "name": "MainProcess"}, "thread": {"id": 7160, "name": "MainThread"}, "time": {"repr": "2024-08-29 02:59:04.481239+05:00", "timestamp": 1724882344.481239}}}
{"text": "2024-08-29T02:59:04.481239+0500 CRITICAL url doesnt written\n", "record": {"elapsed": {"repr": "0:00:11.182830", "seconds": 11.18283}, "exception": null, "extra": {}, "file": {"name": "main.py", "path": "C:\\Users\\melni\\PycharmProjects\\1xbet_parser\\main.py"}, "function": "get_league", "level": {"icon": "☠️", "name": "CRITICAL", "no": 50}, "line": 155, "message": "url doesnt written", "module": "main", "name": "__main__", "process": {"id": 9752, "name": "MainProcess"}, "thread": {"id": 7160, "name": "MainThread"}, "time": {"repr": "2024-08-29 02:59:04.481239+05:00", "timestamp": 1724882344.481239}}}
{"text": "2024-08-29T02:59:04.482286+0500 CRITICAL 'NoneType' object has no attribute 'split'\n", "record": {"elapsed": {"repr": "0:00:11.183877", "seconds": 11.183877}, "exception": null, "extra": {}, "file": {"name": "main.py", "path": "C:\\Users\\melni\\PycharmProjects\\1xbet_parser\\main.py"}, "function": "get_league", "level": {"icon": "☠️", "name": "CRITICAL", "no": 50}, "line": 156, "message": "'NoneType' object has no attribute 'split'", "module": "main", "name": "__main__", "process": {"id": 9752, "name": "MainProcess"}, "thread": {"id": 7160, "name": "MainThread"}, "time": {"repr": "2024-08-29 02:59:04.482286+05:00", "timestamp": 1724882344.482286}}}
{"text": "2024-08-29T02:59:04.482286+0500 CRITICAL url doesnt written\n", "record": {"elapsed": {"repr": "0:00:11.183877", "seconds": 11.183877}, "exception": null, "extra": {}, "file": {"name": "main.py", "path": "C:\\Users\\melni\\PycharmProjects\\1xbet_parser\\main.py"}, "function": "get_league", "level": {"icon": "☠️", "name": "CRITICAL", "no": 50}, "line": 155, "message": "url doesnt written", "module": "main", "name": "__main__", "process": {"id": 9752, "name": "MainProcess"}, "thread": {"id": 7160, "name": "MainThread"}, "time": {"repr": "2024-08-29 02:59:04.482286+05:00", "timestamp": 1724882344.482286}}}
{"text": "2024-08-29T02:59:04.482286+0500 CRITICAL 'NoneType' object has no attribute 'split'\n", "record": {"elapsed": {"repr": "0:00:11.183877", "seconds": 11.183877}, "exception": null, "extra": {}, "file": {"name": "main.py", "path": "C:\\Users\\melni\\PycharmProjects\\1xbet_parser\\main.py"}, "function": "get_league", "level": {"icon": "☠️", "name": "CRITICAL", "no": 50}, "line": 156, "message": "'NoneType' object has no attribute 'split'", "module": "main", "name": "__main__", "process": {"id": 9752, "name": "MainProcess"}, "thread": {"id": 7160, "name": "MainThread"}, "time": {"repr": "2024-08-29 02:59:04.482286+05:00", "timestamp": 1724882344.482286}}}
{"text": "2024-08-29T02:59:04.483287+0500 CRITICAL url doesnt written\n", "record": {"elapsed": {"repr": "0:00:11.184878", "seconds": 11.184878}, "exception": null, "extra": {}, "file": {"name": "main.py", "path": "C:\\Users\\melni\\PycharmProjects\\1xbet_parser\\main.py"}, "function": "get_league", "level": {"icon": "☠️", "name": "CRITICAL", "no": 50}, "line": 155, "message": "url doesnt written", "module": "main", "name": "__main__", "process": {"id": 9752, "name": "MainProcess"}, "thread": {"id": 7160, "name": "MainThread"}, "time": {"repr": "2024-08-29 02:59:04.483287+05:00", "timestamp": 1724882344.483287}}}
{"text": "2024-08-29T02:59:04.483287+0500 CRITICAL 'NoneType' object has no attribute 'split'\n", "record": {"elapsed": {"repr": "0:00:11.184878", "seconds": 11.184878}, "exception": null, "extra": {}, "file": {"name": "main.py", "path": "C:\\Users\\melni\\PycharmProjects\\1xbet_parser\\main.py"}, "function": "get_league", "level": {"icon": "☠️", "name": "CRITICAL", "no": 50}, "line": 156, "message": "'NoneType' object has no attribute 'split'", "module": "main", "name": "__main__", "process": {"id": 9752, "name": "MainProcess"}, "thread": {"id": 7160, "name": "MainThread"}, "time": {"repr": "2024-08-29 02:59:04.483287+05:00", "timestamp": 1724882344.483287}}}
{"text": "2024-08-29T02:59:04.484287+0500 CRITICAL url doesnt written\n", "record": {"elapsed": {"repr": "0:00:11.185878", "seconds": 11.185878}, "exception": null, "extra": {}, "file": {"name": "main.py", "path": "C:\\Users\\melni\\PycharmProjects\\1xbet_parser\\main.py"}, "function": "get_league", "level": {"icon": "☠️", "name": "CRITICAL", "no": 50}, "line": 155, "message": "url doesnt written", "module": "main", "name": "__main__", "process": {"id": 9752, "name": "MainProcess"}, "thread": {"id": 7160, "name": "MainThread"}, "time": {"repr": "2024-08-29 02:59:04.484287+05:00", "timestamp": 1724882344.484287}}}
{"text": "2024-08-29T02:59:04.484287+0500 CRITICAL 'NoneType' object has no attribute 'split'\n", "record": {"elapsed": {"repr": "0:00:11.185878", "seconds": 11.185878}, "exception": null, "extra": {}, "file": {"name": "main.py", "path": "C:\\Users\\melni\\PycharmProjects\\1xbet_parser\\main.py"}, "function": "get_league", "level": {"icon": "☠️", "name": "CRITICAL", "no": 50}, "line": 156, "message": "'NoneType' object has no attribute 'split'", "module": "main", "name": "__main__", "process": {"id": 9752, "name": "MainProcess"}, "thread": {"id": 7160, "name": "MainThread"}, "time": {"repr": "2024-08-29 02:59:04.484287+05:00", "timestamp": 1724882344.484287}}}
{"text": "2024-08-29T02:59:04.484287+0500 CRITICAL url doesnt written\n", "record": {"elapsed": {"repr": "0:00:11.185878", "seconds": 11.185878}, "exception": null, "extra": {}, "file": {"name": "main.py", "path": "C:\\Users\\melni\\PycharmProjects\\1xbet_parser\\main.py"}, "function": "get_league", "level": {"icon": "☠️", "name": "CRITICAL", "no": 50}, "line": 155, "message": "url doesnt written", "module": "main", "name": "__main__", "process": {"id": 9752, "name": "MainProcess"}, "thread": {"id": 7160, "name": "MainThread"}, "time": {"repr": "2024-08-29 02:59:04.484287+05:00", "timestamp": 1724882344.484287}}}
{"text": "2024-08-29T02:59:04.485288+0500 CRITICAL 'NoneType' object has no attribute 'split'\n", "record": {"elapsed": {"repr": "0:00:11.186879", "seconds": 11.186879}, "exception": null, "extra": {}, "file": {"name": "main.py", "path": "C:\\Users\\melni\\PycharmProjects\\1xbet_parser\\main.py"}, "function": "get_league", "level": {"icon": "☠️", "name": "CRITICAL", "no": 50}, "line": 156, "message": "'NoneType' object has no attribute 'split'", "module": "main", "name": "__main__", "process": {"id": 9752, "name": "MainProcess"}, "thread": {"id": 7160, "name": "MainThread"}, "time": {"repr": "2024-08-29 02:59:04.485288+05:00", "timestamp": 1724882344.485288}}}
{"text": "2024-08-29T02:59:04.485288+0500 CRITICAL url doesnt written\n", "record": {"elapsed": {"repr": "0:00:11.186879", "seconds": 11.186879}, "exception": null, "extra": {}, "file": {"name": "main.py", "path": "C:\\Users\\melni\\PycharmProjects\\1xbet_parser\\main.py"}, "function": "get_league", "level": {"icon": "☠️", "name": "CRITICAL", "no": 50}, "line": 155, "message": "url doesnt written", "module": "main", "name": "__main__", "process": {"id": 9752, "name": "MainProcess"}, "thread": {"id": 7160, "name": "MainThread"}, "time": {"repr": "2024-08-29 02:59:04.485288+05:00", "timestamp": 1724882344.485288}}}
{"text": "2024-08-29T02:59:04.485288+0500 CRITICAL 'NoneType' object has no attribute 'split'\n", "record": {"elapsed": {"repr": "0:00:11.186879", "seconds": 11.186879}, "exception": null, "extra": {}, "file": {"name": "main.py", "path": "C:\\Users\\melni\\PycharmProjects\\1xbet_parser\\main.py"}, "function": "get_league", "level": {"icon": "☠️", "name": "CRITICAL", "no": 50}, "line": 156, "message": "'NoneType' object has no attribute 'split'", "module": "main", "name": "__main__", "process": {"id": 9752, "name": "MainProcess"}, "thread": {"id": 7160, "name": "MainThread"}, "time": {"repr": "2024-08-29 02:59:04.485288+05:00", "timestamp": 1724882344.485288}}}
{"text": "2024-08-29T02:59:04.486392+0500 CRITICAL url doesnt written\n", "record": {"elapsed": {"repr": "0:00:11.187983", "seconds": 11.187983}, "exception": null, "extra": {}, "file": {"name": "main.py", "path": "C:\\Users\\melni\\PycharmProjects\\1xbet_parser\\main.py"}, "function": "get_league", "level": {"icon": "☠️", "name": "CRITICAL", "no": 50}, "line": 155, "message": "url doesnt written", "module": "main", "name": "__main__", "process": {"id": 9752, "name": "MainProcess"}, "thread": {"id": 7160, "name": "MainThread"}, "time": {"repr": "2024-08-29 02:59:04.486392+05:00", "timestamp": 1724882344.486392}}}
{"text": "2024-08-29T02:59:04.486392+0500 CRITICAL 'NoneType' object has no attribute 'split'\n", "record": {"elapsed": {"repr": "0:00:11.187983", "seconds": 11.187983}, "exception": null, "extra": {}, "file": {"name": "main.py", "path": "C:\\Users\\melni\\PycharmProjects\\1xbet_parser\\main.py"}, "function": "get_league", "level": {"icon": "☠️", "name": "CRITICAL", "no": 50}, "line": 156, "message": "'NoneType' object has no attribute 'split'", "module": "main", "name": "__main__", "process": {"id": 9752, "name": "MainProcess"}, "thread": {"id": 7160, "name": "MainThread"}, "time": {"repr": "2024-08-29 02:59:04.486392+05:00", "timestamp": 1724882344.486392}}}
{"text": "2024-08-29T02:59:04.486392+0500 CRITICAL url doesnt written\n", "record": {"elapsed": {"repr": "0:00:11.187983", "seconds": 11.187983}, "exception": null, "extra": {}, "file": {"name": "main.py", "path": "C:\\Users\\melni\\PycharmProjects\\1xbet_parser\\main.py"}, "function": "get_league", "level": {"icon": "☠️", "name": "CRITICAL", "no": 50}, "line": 155, "message": "url doesnt written", "module": "main", "name": "__main__", "process": {"id": 9752, "name": "MainProcess"}, "thread": {"id": 7160, "name": "MainThread"}, "time": {"repr": "2024-08-29 02:59:04.486392+05:00", "timestamp": 1724882344.486392}}}
{"text": "2024-08-29T02:59:04.487393+0500 CRITICAL 'NoneType' object has no attribute 'split'\n", "record": {"elapsed": {"repr": "0:00:11.188984", "seconds": 11.188984}, "exception": null, "extra": {}, "file": {"name": "main.py", "path": "C:\\Users\\melni\\PycharmProjects\\1xbet_parser\\main.py"}, "function": "get_league", "level": {"icon": "☠️", "name": "CRITICAL", "no": 50}, "line": 156, "message": "'NoneType' object has no attribute 'split'", "module": "main", "name": "__main__", "process": {"id": 9752, "name": "MainProcess"}, "thread": {"id": 7160, "name": "MainThread"}, "time": {"repr": "2024-08-29 02:59:04.487393+05:00", "timestamp": 1724882344.487393}}}
{"text": "2024-08-29T02:59:04.487393+0500 CRITICAL url doesnt written\n", "record": {"elapsed": {"repr": "0:00:11.188984", "seconds": 11.188984}, "exception": null, "extra": {}, "file": {"name": "main.py", "path": "C:\\Users\\melni\\PycharmProjects\\1xbet_parser\\main.py"}, "function": "get_league", "level": {"icon": "☠️", "name": "CRITICAL", "no": 50}, "line": 155, "message": "url doesnt written", "module": "main", "name": "__main__", "process": {"id": 9752, "name": "MainProcess"}, "thread": {"id": 7160, "name": "MainThread"}, "time": {"repr": "2024-08-29 02:59:04.487393+05:00", "timestamp": 1724882344.487393}}}
{"text": "2024-08-29T02:59:04.487393+0500 CRITICAL 'NoneType' object has no attribute 'split'\n", "record": {"elapsed": {"repr": "0:00:11.188984", "seconds": 11.188984}, "exception": null, "extra": {}, "file": {"name": "main.py", "path": "C:\\Users\\melni\\PycharmProjects\\1xbet_parser\\main.py"}, "function": "get_league", "level": {"icon": "☠️", "name": "CRITICAL", "no": 50}, "line": 156, "message": "'NoneType' object has no attribute 'split'", "module": "main", "name": "__main__", "process": {"id": 9752, "name": "MainProcess"}, "thread": {"id": 7160, "name": "MainThread"}, "time": {"repr": "2024-08-29 02:59:04.487393+05:00", "timestamp": 1724882344.487393}}}
{"text": "2024-08-29T02:59:04.488394+0500 CRITICAL url doesnt written\n", "record": {"elapsed": {"repr": "0:00:11.189985", "seconds": 11.189985}, "exception": null, "extra": {}, "file": {"name": "main.py", "path": "C:\\Users\\melni\\PycharmProjects\\1xbet_parser\\main.py"}, "function": "get_league", "level": {"icon": "☠️", "name": "CRITICAL", "no": 50}, "line": 155, "message": "url doesnt written", "module": "main", "name": "__main__", "process": {"id": 9752, "name": "MainProcess"}, "thread": {"id": 7160, "name": "MainThread"}, "time": {"repr": "2024-08-29 02:59:04.488394+05:00", "timestamp": 1724882344.488394}}}
{"text": "2024-08-29T02:59:04.488394+0500 CRITICAL 'NoneType' object has no attribute 'split'\n", "record": {"elapsed": {"repr": "0:00:11.189985", "seconds": 11.189985}, "exception": null, "extra": {}, "file": {"name": "main.py", "path": "C:\\Users\\melni\\PycharmProjects\\1xbet_parser\\main.py"}, "function": "get_league", "level": {"icon": "☠️", "name": "CRITICAL", "no": 50}, "line": 156, "message": "'NoneType' object has no attribute 'split'", "module": "main", "name": "__main__", "process": {"id": 9752, "name": "MainProcess"}, "thread": {"id": 7160, "name": "MainThread"}, "time": {"repr": "2024-08-29 02:59:04.488394+05:00", "timestamp": 1724882344.488394}}}
{"text": "2024-08-29T02:59:04.489394+0500 CRITICAL url doesnt written\n", "record": {"elapsed": {"repr": "0:00:11.190985", "seconds": 11.190985}, "exception": null, "extra": {}, "file": {"name": "main.py", "path": "C:\\Users\\melni\\PycharmProjects\\1xbet_parser\\main.py"}, "function": "get_league", "level": {"icon": "☠️", "name": "CRITICAL", "no": 50}, "line": 155, "message": "url doesnt written", "module": "main", "name": "__main__", "process": {"id": 9752, "name": "MainProcess"}, "thread": {"id": 7160, "name": "MainThread"}, "time": {"repr": "2024-08-29 02:59:04.489394+05:00", "timestamp": 1724882344.489394}}}
{"text": "2024-08-29T02:59:04.489394+0500 CRITICAL 'NoneType' object has no attribute 'split'\n", "record": {"elapsed": {"repr": "0:00:11.190985", "seconds": 11.190985}, "exception": null, "extra": {}, "file": {"name": "main.py", "path": "C:\\Users\\melni\\PycharmProjects\\1xbet_parser\\main.py"}, "function": "get_league", "level": {"icon": "☠️", "name": "CRITICAL", "no": 50}, "line": 156, "message": "'NoneType' object has no attribute 'split'", "module": "main", "name": "__main__", "process": {"id": 9752, "name": "MainProcess"}, "thread": {"id": 7160, "name": "MainThread"}, "time": {"repr": "2024-08-29 02:59:04.489394+05:00", "timestamp": 1724882344.489394}}}
{"text": "2024-08-29T02:59:04.489394+0500 CRITICAL url doesnt written\n", "record": {"elapsed": {"repr": "0:00:11.190985", "seconds": 11.190985}, "exception": null, "extra": {}, "file": {"name": "main.py", "path": "C:\\Users\\melni\\PycharmProjects\\1xbet_parser\\main.py"}, "function": "get_league", "level": {"icon": "☠️", "name": "CRITICAL", "no": 50}, "line": 155, "message": "url doesnt written", "module": "main", "name": "__main__", "process": {"id": 9752, "name": "MainProcess"}, "thread": {"id": 7160, "name": "MainThread"}, "time": {"repr": "2024-08-29 02:59:04.489394+05:00", "timestamp": 1724882344.489394}}}
{"text": "2024-08-29T02:59:04.490394+0500 CRITICAL 'NoneType' object has no attribute 'split'\n", "record": {"elapsed": {"repr": "0:00:11.191985", "seconds": 11.191985}, "exception": null, "extra": {}, "file": {"name": "main.py", "path": "C:\\Users\\melni\\PycharmProjects\\1xbet_parser\\main.py"}, "function": "get_league", "level": {"icon": "☠️", "name": "CRITICAL", "no": 50}, "line": 156, "message": "'NoneType' object has no attribute 'split'", "module": "main", "name": "__main__", "process": {"id": 9752, "name": "MainProcess"}, "thread": {"id": 7160, "name": "MainThread"}, "time": {"repr": "2024-08-29 02:59:04.490394+05:00", "timestamp": 1724882344.490394}}}
{"text": "2024-08-29T02:59:04.490394+0500 CRITICAL url doesnt written\n", "record": {"elapsed": {"repr": "0:00:11.191985", "seconds": 11.191985}, "exception": null, "extra": {}, "file": {"name": "main.py", "path": "C:\\Users\\melni\\PycharmProjects\\1xbet_parser\\main.py"}, "function": "get_league", "level": {"icon": "☠️", "name": "CRITICAL", "no": 50}, "line": 155, "message": "url doesnt written", "module": "main", "name": "__main__", "process": {"id": 9752, "name": "MainProcess"}, "thread": {"id": 7160, "name": "MainThread"}, "time": {"repr": "2024-08-29 02:59:04.490394+05:00", "timestamp": 1724882344.490394}}}
{"text": "2024-08-29T02:59:04.490394+0500 CRITICAL 'NoneType' object has no attribute 'split'\n", "record": {"elapsed": {"repr": "0:00:11.191985", "seconds": 11.191985}, "exception": null, "extra": {}, "file": {"name": "main.py", "path": "C:\\Users\\melni\\PycharmProjects\\1xbet_parser\\main.py"}, "function": "get_league", "level": {"icon": "☠️", "name": "CRITICAL", "no": 50}, "line": 156, "message": "'NoneType' object has no attribute 'split'", "module": "main", "name": "__main__", "process": {"id": 9752, "name": "MainProcess"}, "thread": {"id": 7160, "name": "MainThread"}, "time": {"repr": "2024-08-29 02:59:04.490394+05:00", "timestamp": 1724882344.490394}}}
{"text": "2024-08-29T02:59:04.491525+0500 CRITICAL url doesnt written\n", "record": {"elapsed": {"repr": "0:00:11.193116", "seconds": 11.193116}, "exception": null, "extra": {}, "file": {"name": "main.py", "path": "C:\\Users\\melni\\PycharmProjects\\1xbet_parser\\main.py"}, "function": "get_league", "level": {"icon": "☠️", "name": "CRITICAL", "no": 50}, "line": 155, "message": "url doesnt written", "module": "main", "name": "__main__", "process": {"id": 9752, "name": "MainProcess"}, "thread": {"id": 7160, "name": "MainThread"}, "time": {"repr": "2024-08-29 02:59:04.491525+05:00", "timestamp": 1724882344.491525}}}
{"text": "2024-08-29T02:59:04.491525+0500 CRITICAL 'NoneType' object has no attribute 'split'\n", "record": {"elapsed": {"repr": "0:00:11.193116", "seconds": 11.193116}, "exception": null, "extra": {}, "file": {"name": "main.py", "path": "C:\\Users\\melni\\PycharmProjects\\1xbet_parser\\main.py"}, "function": "get_league", "level": {"icon": "☠️", "name": "CRITICAL", "no": 50}, "line": 156, "message": "'NoneType' object has no attribute 'split'", "module": "main", "name": "__main__", "process": {"id": 9752, "name": "MainProcess"}, "thread": {"id": 7160, "name": "MainThread"}, "time": {"repr": "2024-08-29 02:59:04.491525+05:00", "timestamp": 1724882344.491525}}}
{"text": "2024-08-29T02:59:04.491525+0500 CRITICAL url doesnt written\n", "record": {"elapsed": {"repr": "0:00:11.193116", "seconds": 11.193116}, "exception": null, "extra": {}, "file": {"name": "main.py", "path": "C:\\Users\\melni\\PycharmProjects\\1xbet_parser\\main.py"}, "function": "get_league", "level": {"icon": "☠️", "name": "CRITICAL", "no": 50}, "line": 155, "message": "url doesnt written", "module": "main", "name": "__main__", "process": {"id": 9752, "name": "MainProcess"}, "thread": {"id": 7160, "name": "MainThread"}, "time": {"repr": "2024-08-29 02:59:04.491525+05:00", "timestamp": 1724882344.491525}}}
{"text": "2024-08-29T02:59:04.492527+0500 CRITICAL 'NoneType' object has no attribute 'split'\n", "record": {"elapsed": {"repr": "0:00:11.194118", "seconds": 11.194118}, "exception": null, "extra": {}, "file": {"name": "main.py", "path": "C:\\Users\\melni\\PycharmProjects\\1xbet_parser\\main.py"}, "function": "get_league", "level": {"icon": "☠️", "name": "CRITICAL", "no": 50}, "line": 156, "message": "'NoneType' object has no attribute 'split'", "module": "main", "name": "__main__", "process": {"id": 9752, "name": "MainProcess"}, "thread": {"id": 7160, "name": "MainThread"}, "time": {"repr": "2024-08-29 02:59:04.492527+05:00", "timestamp": 1724882344.492527}}}
{"text": "2024-08-29T02:59:04.492527+0500 CRITICAL url doesnt written\n", "record": {"elapsed": {"repr": "0:00:11.194118", "seconds": 11.194118}, "exception": null, "extra": {}, "file": {"name": "main.py", "path": "C:\\Users\\melni\\PycharmProjects\\1xbet_parser\\main.py"}, "function": "get_league", "level": {"icon": "☠️", "name": "CRITICAL", "no": 50}, "line": 155, "message": "url doesnt written", "module": "main", "name": "__main__", "process": {"id": 9752, "name": "MainProcess"}, "thread": {"id": 7160, "name": "MainThread"}, "time": {"repr": "2024-08-29 02:59:04.492527+05:00", "timestamp": 1724882344.492527}}}
{"text": "2024-08-29T02:59:04.492527+0500 CRITICAL 'NoneType' object has no attribute 'split'\n", "record": {"elapsed": {"repr": "0:00:11.194118", "seconds": 11.194118}, "exception": null, "extra": {}, "file": {"name": "main.py", "path": "C:\\Users\\melni\\PycharmProjects\\1xbet_parser\\main.py"}, "function": "get_league", "level": {"icon": "☠️", "name": "CRITICAL", "no": 50}, "line": 156, "message": "'NoneType' object has no attribute 'split'", "module": "main", "name": "__main__", "process": {"id": 9752, "name": "MainProcess"}, "thread": {"id": 7160, "name": "MainThread"}, "time": {"repr": "2024-08-29 02:59:04.492527+05:00", "timestamp": 1724882344.492527}}}
{"text": "2024-08-29T02:59:04.493527+0500 CRITICAL url doesnt written\n", "record": {"elapsed": {"repr": "0:00:11.195118", "seconds": 11.195118}, "exception": null, "extra": {}, "file": {"name": "main.py", "path": "C:\\Users\\melni\\PycharmProjects\\1xbet_parser\\main.py"}, "function": "get_league", "level": {"icon": "☠️", "name": "CRITICAL", "no": 50}, "line": 155, "message": "url doesnt written", "module": "main", "name": "__main__", "process": {"id": 9752, "name": "MainProcess"}, "thread": {"id": 7160, "name": "MainThread"}, "time": {"repr": "2024-08-29 02:59:04.493527+05:00", "timestamp": 1724882344.493527}}}
{"text": "2024-08-29T02:59:04.493527+0500 CRITICAL 'NoneType' object has no attribute 'split'\n", "record": {"elapsed": {"repr": "0:00:11.195118", "seconds": 11.195118}, "exception": null, "extra": {}, "file": {"name": "main.py", "path": "C:\\Users\\melni\\PycharmProjects\\1xbet_parser\\main.py"}, "function": "get_league", "level": {"icon": "☠️", "name": "CRITICAL", "no": 50}, "line": 156, "message": "'NoneType' object has no attribute 'split'", "module": "main", "name": "__main__", "process": {"id": 9752, "name": "MainProcess"}, "thread": {"id": 7160, "name": "MainThread"}, "time": {"repr": "2024-08-29 02:59:04.493527+05:00", "timestamp": 1724882344.493527}}}
{"text": "2024-08-29T02:59:04.494528+0500 CRITICAL url doesnt written\n", "record": {"elapsed": {"repr": "0:00:11.196119", "seconds": 11.196119}, "exception": null, "extra": {}, "file": {"name": "main.py", "path": "C:\\Users\\melni\\PycharmProjects\\1xbet_parser\\main.py"}, "function": "get_league", "level": {"icon": "☠️", "name": "CRITICAL", "no": 50}, "line": 155, "message": "url doesnt written", "module": "main", "name": "__main__", "process": {"id": 9752, "name": "MainProcess"}, "thread": {"id": 7160, "name": "MainThread"}, "time": {"repr": "2024-08-29 02:59:04.494528+05:00", "timestamp": 1724882344.494528}}}
{"text": "2024-08-29T02:59:04.494528+0500 CRITICAL 'NoneType' object has no attribute 'split'\n", "record": {"elapsed": {"repr": "0:00:11.196119", "seconds": 11.196119}, "exception": null, "extra": {}, "file": {"name": "main.py", "path": "C:\\Users\\melni\\PycharmProjects\\1xbet_parser\\main.py"}, "function": "get_league", "level": {"icon": "☠️", "name": "CRITICAL", "no": 50}, "line": 156, "message": "'NoneType' object has no attribute 'split'", "module": "main", "name": "__main__", "process": {"id": 9752, "name": "MainProcess"}, "thread": {"id": 7160, "name": "MainThread"}, "time": {"repr": "2024-08-29 02:59:04.494528+05:00", "timestamp": 1724882344.494528}}}
{"text": "2024-08-29T02:59:04.494528+0500 CRITICAL url doesnt written\n", "record": {"elapsed": {"repr": "0:00:11.196119", "seconds": 11.196119}, "exception": null, "extra": {}, "file": {"name": "main.py", "path": "C:\\Users\\melni\\PycharmProjects\\1xbet_parser\\main.py"}, "function": "get_league", "level": {"icon": "☠️", "name": "CRITICAL", "no": 50}, "line": 155, "message": "url doesnt written", "module": "main", "name": "__main__", "process": {"id": 9752, "name": "MainProcess"}, "thread": {"id": 7160, "name": "MainThread"}, "time": {"repr": "2024-08-29 02:59:04.494528+05:00", "timestamp": 1724882344.494528}}}
{"text": "2024-08-29T02:59:04.495527+0500 CRITICAL 'NoneType' object has no attribute 'split'\n", "record": {"elapsed": {"repr": "0:00:11.197118", "seconds": 11.197118}, "exception": null, "extra": {}, "file": {"name": "main.py", "path": "C:\\Users\\melni\\PycharmProjects\\1xbet_parser\\main.py"}, "function": "get_league", "level": {"icon": "☠️", "name": "CRITICAL", "no": 50}, "line": 156, "message": "'NoneType' object has no attribute 'split'", "module": "main", "name": "__main__", "process": {"id": 9752, "name": "MainProcess"}, "thread": {"id": 7160, "name": "MainThread"}, "time": {"repr": "2024-08-29 02:59:04.495527+05:00", "timestamp": 1724882344.495527}}}
{"text": "2024-08-29T02:59:04.496528+0500 CRITICAL url doesnt written\n", "record": {"elapsed": {"repr": "0:00:11.198119", "seconds": 11.198119}, "exception": null, "extra": {}, "file": {"name": "main.py", "path": "C:\\Users\\melni\\PycharmProjects\\1xbet_parser\\main.py"}, "function": "get_league", "level": {"icon": "☠️", "name": "CRITICAL", "no": 50}, "line": 155, "message": "url doesnt written", "module": "main", "name": "__main__", "process": {"id": 9752, "name": "MainProcess"}, "thread": {"id": 7160, "name": "MainThread"}, "time": {"repr": "2024-08-29 02:59:04.496528+05:00", "timestamp": 1724882344.496528}}}
{"text": "2024-08-29T02:59:04.497532+0500 CRITICAL 'NoneType' object has no attribute 'split'\n", "record": {"elapsed": {"repr": "0:00:11.199123", "seconds": 11.199123}, "exception": null, "extra": {}, "file": {"name": "main.py", "path": "C:\\Users\\melni\\PycharmProjects\\1xbet_parser\\main.py"}, "function": "get_league", "level": {"icon": "☠️", "name": "CRITICAL", "no": 50}, "line": 156, "message": "'NoneType' object has no attribute 'split'", "module": "main", "name": "__main__", "process": {"id": 9752, "name": "MainProcess"}, "thread": {"id": 7160, "name": "MainThread"}, "time": {"repr": "2024-08-29 02:59:04.497532+05:00", "timestamp": 1724882344.497532}}}
{"text": "2024-08-29T02:59:04.498532+0500 CRITICAL url doesnt written\n", "record": {"elapsed": {"repr": "0:00:11.200123", "seconds": 11.200123}, "exception": null, "extra": {}, "file": {"name": "main.py", "path": "C:\\Users\\melni\\PycharmProjects\\1xbet_parser\\main.py"}, "function": "get_league", "level": {"icon": "☠️", "name": "CRITICAL", "no": 50}, "line": 155, "message": "url doesnt written", "module": "main", "name": "__main__", "process": {"id": 9752, "name": "MainProcess"}, "thread": {"id": 7160, "name": "MainThread"}, "time": {"repr": "2024-08-29 02:59:04.498532+05:00", "timestamp": 1724882344.498532}}}
{"text": "2024-08-29T02:59:04.498532+0500 CRITICAL 'NoneType' object has no attribute 'split'\n", "record": {"elapsed": {"repr": "0:00:11.200123", "seconds": 11.200123}, "exception": null, "extra": {}, "file": {"name": "main.py", "path": "C:\\Users\\melni\\PycharmProjects\\1xbet_parser\\main.py"}, "function": "get_league", "level": {"icon": "☠️", "name": "CRITICAL", "no": 50}, "line": 156, "message": "'NoneType' object has no attribute 'split'", "module": "main", "name": "__main__", "process": {"id": 9752, "name": "MainProcess"}, "thread": {"id": 7160, "name": "MainThread"}, "time": {"repr": "2024-08-29 02:59:04.498532+05:00", "timestamp": 1724882344.498532}}}
{"text": "2024-08-29T02:59:04.572564+0500 CRITICAL url doesnt written\n", "record": {"elapsed": {"repr": "0:00:11.274155", "seconds": 11.274155}, "exception": null, "extra": {}, "file": {"name": "main.py", "path": "C:\\Users\\melni\\PycharmProjects\\1xbet_parser\\main.py"}, "function": "get_league", "level": {"icon": "☠️", "name": "CRITICAL", "no": 50}, "line": 155, "message": "url doesnt written", "module": "main", "name": "__main__", "process": {"id": 9752, "name": "MainProcess"}, "thread": {"id": 7160, "name": "MainThread"}, "time": {"repr": "2024-08-29 02:59:04.572564+05:00", "timestamp": 1724882344.572564}}}
{"text": "2024-08-29T02:59:04.681672+0500 CRITICAL 'NoneType' object has no attribute 'split'\n", "record": {"elapsed": {"repr": "0:00:11.383263", "seconds": 11.383263}, "exception": null, "extra": {}, "file": {"name": "main.py", "path": "C:\\Users\\melni\\PycharmProjects\\1xbet_parser\\main.py"}, "function": "get_league", "level": {"icon": "☠️", "name": "CRITICAL", "no": 50}, "line": 156, "message": "'NoneType' object has no attribute 'split'", "module": "main", "name": "__main__", "process": {"id": 9752, "name": "MainProcess"}, "thread": {"id": 7160, "name": "MainThread"}, "time": {"repr": "2024-08-29 02:59:04.681672+05:00", "timestamp": 1724882344.681672}}}
{"text": "2024-08-29T02:59:04.682676+0500 CRITICAL url doesnt written\n", "record": {"elapsed": {"repr": "0:00:11.384267", "seconds": 11.384267}, "exception": null, "extra": {}, "file": {"name": "main.py", "path": "C:\\Users\\melni\\PycharmProjects\\1xbet_parser\\main.py"}, "function": "get_league", "level": {"icon": "☠️", "name": "CRITICAL", "no": 50}, "line": 155, "message": "url doesnt written", "module": "main", "name": "__main__", "process": {"id": 9752, "name": "MainProcess"}, "thread": {"id": 7160, "name": "MainThread"}, "time": {"repr": "2024-08-29 02:59:04.682676+05:00", "timestamp": 1724882344.682676}}}
{"text": "2024-08-29T02:59:04.684671+0500 CRITICAL 'NoneType' object has no attribute 'split'\n", "record": {"elapsed": {"repr": "0:00:11.386262", "seconds": 11.386262}, "exception": null, "extra": {}, "file": {"name": "main.py", "path": "C:\\Users\\melni\\PycharmProjects\\1xbet_parser\\main.py"}, "function": "get_league", "level": {"icon": "☠️", "name": "CRITICAL", "no": 50}, "line": 156, "message": "'NoneType' object has no attribute 'split'", "module": "main", "name": "__main__", "process": {"id": 9752, "name": "MainProcess"}, "thread": {"id": 7160, "name": "MainThread"}, "time": {"repr": "2024-08-29 02:59:04.684671+05:00", "timestamp": 1724882344.684671}}}
{"text": "2024-08-29T02:59:04.684671+0500 CRITICAL url doesnt written\n", "record": {"elapsed": {"repr": "0:00:11.386262", "seconds": 11.386262}, "exception": null, "extra": {}, "file": {"name": "main.py", "path": "C:\\Users\\melni\\PycharmProjects\\1xbet_parser\\main.py"}, "function": "get_league", "level": {"icon": "☠️", "name": "CRITICAL", "no": 50}, "line": 155, "message": "url doesnt written", "module": "main", "name": "__main__", "process": {"id": 9752, "name": "MainProcess"}, "thread": {"id": 7160, "name": "MainThread"}, "time": {"repr": "2024-08-29 02:59:04.684671+05:00", "timestamp": 1724882344.684671}}}
{"text": "2024-08-29T02:59:04.685673+0500 CRITICAL 'NoneType' object has no attribute 'split'\n", "record": {"elapsed": {"repr": "0:00:11.387264", "seconds": 11.387264}, "exception": null, "extra": {}, "file": {"name": "main.py", "path": "C:\\Users\\melni\\PycharmProjects\\1xbet_parser\\main.py"}, "function": "get_league", "level": {"icon": "☠️", "name": "CRITICAL", "no": 50}, "line": 156, "message": "'NoneType' object has no attribute 'split'", "module": "main", "name": "__main__", "process": {"id": 9752, "name": "MainProcess"}, "thread": {"id": 7160, "name": "MainThread"}, "time": {"repr": "2024-08-29 02:59:04.685673+05:00", "timestamp": 1724882344.685673}}}
{"text": "2024-08-29T02:59:04.686674+0500 CRITICAL url doesnt written\n", "record": {"elapsed": {"repr": "0:00:11.388265", "seconds": 11.388265}, "exception": null, "extra": {}, "file": {"name": "main.py", "path": "C:\\Users\\melni\\PycharmProjects\\1xbet_parser\\main.py"}, "function": "get_league", "level": {"icon": "☠️", "name": "CRITICAL", "no": 50}, "line": 155, "message": "url doesnt written", "module": "main", "name": "__main__", "process": {"id": 9752, "name": "MainProcess"}, "thread": {"id": 7160, "name": "MainThread"}, "time": {"repr": "2024-08-29 02:59:04.686674+05:00", "timestamp": 1724882344.686674}}}
{"text": "2024-08-29T02:59:04.686674+0500 CRITICAL 'NoneType' object has no attribute 'split'\n", "record": {"elapsed": {"repr": "0:00:11.388265", "seconds": 11.388265}, "exception": null, "extra": {}, "file": {"name": "main.py", "path": "C:\\Users\\melni\\PycharmProjects\\1xbet_parser\\main.py"}, "function": "get_league", "level": {"icon": "☠️", "name": "CRITICAL", "no": 50}, "line": 156, "message": "'NoneType' object has no attribute 'split'", "module": "main", "name": "__main__", "process": {"id": 9752, "name": "MainProcess"}, "thread": {"id": 7160, "name": "MainThread"}, "time": {"repr": "2024-08-29 02:59:04.686674+05:00", "timestamp": 1724882344.686674}}}
{"text": "2024-08-29T02:59:04.687675+0500 CRITICAL url doesnt written\n", "record": {"elapsed": {"repr": "0:00:11.389266", "seconds": 11.389266}, "exception": null, "extra": {}, "file": {"name": "main.py", "path": "C:\\Users\\melni\\PycharmProjects\\1xbet_parser\\main.py"}, "function": "get_league", "level": {"icon": "☠️", "name": "CRITICAL", "no": 50}, "line": 155, "message": "url doesnt written", "module": "main", "name": "__main__", "process": {"id": 9752, "name": "MainProcess"}, "thread": {"id": 7160, "name": "MainThread"}, "time": {"repr": "2024-08-29 02:59:04.687675+05:00", "timestamp": 1724882344.687675}}}
{"text": "2024-08-29T02:59:04.687675+0500 CRITICAL 'NoneType' object has no attribute 'split'\n", "record": {"elapsed": {"repr": "0:00:11.389266", "seconds": 11.389266}, "exception": null, "extra": {}, "file": {"name": "main.py", "path": "C:\\Users\\melni\\PycharmProjects\\1xbet_parser\\main.py"}, "function": "get_league", "level": {"icon": "☠️", "name": "CRITICAL", "no": 50}, "line": 156, "message": "'NoneType' object has no attribute 'split'", "module": "main", "name": "__main__", "process": {"id": 9752, "name": "MainProcess"}, "thread": {"id": 7160, "name": "MainThread"}, "time": {"repr": "2024-08-29 02:59:04.687675+05:00", "timestamp": 1724882344.687675}}}
{"text": "2024-08-29T02:59:04.688674+0500 CRITICAL url doesnt written\n", "record": {"elapsed": {"repr": "0:00:11.390265", "seconds": 11.390265}, "exception": null, "extra": {}, "file": {"name": "main.py", "path": "C:\\Users\\melni\\PycharmProjects\\1xbet_parser\\main.py"}, "function": "get_league", "level": {"icon": "☠️", "name": "CRITICAL", "no": 50}, "line": 155, "message": "url doesnt written", "module": "main", "name": "__main__", "process": {"id": 9752, "name": "MainProcess"}, "thread": {"id": 7160, "name": "MainThread"}, "time": {"repr": "2024-08-29 02:59:04.688674+05:00", "timestamp": 1724882344.688674}}}
{"text": "2024-08-29T02:59:04.688674+0500 CRITICAL 'NoneType' object has no attribute 'split'\n", "record": {"elapsed": {"repr": "0:00:11.390265", "seconds": 11.390265}, "exception": null, "extra": {}, "file": {"name": "main.py", "path": "C:\\Users\\melni\\PycharmProjects\\1xbet_parser\\main.py"}, "function": "get_league", "level": {"icon": "☠️", "name": "CRITICAL", "no": 50}, "line": 156, "message": "'NoneType' object has no attribute 'split'", "module": "main", "name": "__main__", "process": {"id": 9752, "name": "MainProcess"}, "thread": {"id": 7160, "name": "MainThread"}, "time": {"repr": "2024-08-29 02:59:04.688674+05:00", "timestamp": 1724882344.688674}}}
{"text": "2024-08-29T02:59:04.689674+0500 CRITICAL url doesnt written\n", "record": {"elapsed": {"repr": "0:00:11.391265", "seconds": 11.391265}, "exception": null, "extra": {}, "file": {"name": "main.py", "path": "C:\\Users\\melni\\PycharmProjects\\1xbet_parser\\main.py"}, "function": "get_league", "level": {"icon": "☠️", "name": "CRITICAL", "no": 50}, "line": 155, "message": "url doesnt written", "module": "main", "name": "__main__", "process": {"id": 9752, "name": "MainProcess"}, "thread": {"id": 7160, "name": "MainThread"}, "time": {"repr": "2024-08-29 02:59:04.689674+05:00", "timestamp": 1724882344.689674}}}
{"text": "2024-08-29T02:59:04.690674+0500 CRITICAL 'NoneType' object has no attribute 'split'\n", "record": {"elapsed": {"repr": "0:00:11.392265", "seconds": 11.392265}, "exception": null, "extra": {}, "file": {"name": "main.py", "path": "C:\\Users\\melni\\PycharmProjects\\1xbet_parser\\main.py"}, "function": "get_league", "level": {"icon": "☠️", "name": "CRITICAL", "no": 50}, "line": 156, "message": "'NoneType' object has no attribute 'split'", "module": "main", "name": "__main__", "process": {"id": 9752, "name": "MainProcess"}, "thread": {"id": 7160, "name": "MainThread"}, "time": {"repr": "2024-08-29 02:59:04.690674+05:00", "timestamp": 1724882344.690674}}}
{"text": "2024-08-29T02:59:04.690674+0500 CRITICAL url doesnt written\n", "record": {"elapsed": {"repr": "0:00:11.392265", "seconds": 11.392265}, "exception": null, "extra": {}, "file": {"name": "main.py", "path": "C:\\Users\\melni\\PycharmProjects\\1xbet_parser\\main.py"}, "function": "get_league", "level": {"icon": "☠️", "name": "CRITICAL", "no": 50}, "line": 155, "message": "url doesnt written", "module": "main", "name": "__main__", "process": {"id": 9752, "name": "MainProcess"}, "thread": {"id": 7160, "name": "MainThread"}, "time": {"repr": "2024-08-29 02:59:04.690674+05:00", "timestamp": 1724882344.690674}}}
{"text": "2024-08-29T02:59:04.691675+0500 CRITICAL 'NoneType' object has no attribute 'split'\n", "record": {"elapsed": {"repr": "0:00:11.393266", "seconds": 11.393266}, "exception": null, "extra": {}, "file": {"name": "main.py", "path": "C:\\Users\\melni\\PycharmProjects\\1xbet_parser\\main.py"}, "function": "get_league", "level": {"icon": "☠️", "name": "CRITICAL", "no": 50}, "line": 156, "message": "'NoneType' object has no attribute 'split'", "module": "main", "name": "__main__", "process": {"id": 9752, "name": "MainProcess"}, "thread": {"id": 7160, "name": "MainThread"}, "time": {"repr": "2024-08-29 02:59:04.691675+05:00", "timestamp": 1724882344.691675}}}
{"text": "2024-08-29T02:59:04.691675+0500 CRITICAL url doesnt written\n", "record": {"elapsed": {"repr": "0:00:11.393266", "seconds": 11.393266}, "exception": null, "extra": {}, "file": {"name": "main.py", "path": "C:\\Users\\melni\\PycharmProjects\\1xbet_parser\\main.py"}, "function": "get_league", "level": {"icon": "☠️", "name": "CRITICAL", "no": 50}, "line": 155, "message": "url doesnt written", "module": "main", "name": "__main__", "process": {"id": 9752, "name": "MainProcess"}, "thread": {"id": 7160, "name": "MainThread"}, "time": {"repr": "2024-08-29 02:59:04.691675+05:00", "timestamp": 1724882344.691675}}}
{"text": "2024-08-29T02:59:04.692676+0500 CRITICAL 'NoneType' object has no attribute 'split'\n", "record": {"elapsed": {"repr": "0:00:11.394267", "seconds": 11.394267}, "exception": null, "extra": {}, "file": {"name": "main.py", "path": "C:\\Users\\melni\\PycharmProjects\\1xbet_parser\\main.py"}, "function": "get_league", "level": {"icon": "☠️", "name": "CRITICAL", "no": 50}, "line": 156, "message": "'NoneType' object has no attribute 'split'", "module": "main", "name": "__main__", "process": {"id": 9752, "name": "MainProcess"}, "thread": {"id": 7160, "name": "MainThread"}, "time": {"repr": "2024-08-29 02:59:04.692676+05:00", "timestamp": 1724882344.692676}}}
{"text": "2024-08-29T02:59:04.692676+0500 CRITICAL url doesnt written\n", "record": {"elapsed": {"repr": "0:00:11.394267", "seconds": 11.394267}, "exception": null, "extra": {}, "file": {"name": "main.py", "path": "C:\\Users\\melni\\PycharmProjects\\1xbet_parser\\main.py"}, "function": "get_league", "level": {"icon": "☠️", "name": "CRITICAL", "no": 50}, "line": 155, "message": "url doesnt written", "module": "main", "name": "__main__", "process": {"id": 9752, "name": "MainProcess"}, "thread": {"id": 7160, "name": "MainThread"}, "time": {"repr": "2024-08-29 02:59:04.692676+05:00", "timestamp": 1724882344.692676}}}
{"text": "2024-08-29T02:59:04.693676+0500 CRITICAL 'NoneType' object has no attribute 'split'\n", "record": {"elapsed": {"repr": "0:00:11.395267", "seconds": 11.395267}, "exception": null, "extra": {}, "file": {"name": "main.py", "path": "C:\\Users\\melni\\PycharmProjects\\1xbet_parser\\main.py"}, "function": "get_league", "level": {"icon": "☠️", "name": "CRITICAL", "no": 50}, "line": 156, "message": "'NoneType' object has no attribute 'split'", "module": "main", "name": "__main__", "process": {"id": 9752, "name": "MainProcess"}, "thread": {"id": 7160, "name": "MainThread"}, "time": {"repr": "2024-08-29 02:59:04.693676+05:00", "timestamp": 1724882344.693676}}}
{"text": "2024-08-29T02:59:04.694677+0500 CRITICAL url doesnt written\n", "record": {"elapsed": {"repr": "0:00:11.396268", "seconds": 11.396268}, "exception": null, "extra": {}, "file": {"name": "main.py", "path": "C:\\Users\\melni\\PycharmProjects\\1xbet_parser\\main.py"}, "function": "get_league", "level": {"icon": "☠️", "name": "CRITICAL", "no": 50}, "line": 155, "message": "url doesnt written", "module": "main", "name": "__main__", "process": {"id": 9752, "name": "MainProcess"}, "thread": {"id": 7160, "name": "MainThread"}, "time": {"repr": "2024-08-29 02:59:04.694677+05:00", "timestamp": 1724882344.694677}}}
{"text": "2024-08-29T02:59:04.694677+0500 CRITICAL 'NoneType' object has no attribute 'split'\n", "record": {"elapsed": {"repr": "0:00:11.396268", "seconds": 11.396268}, "exception": null, "extra": {}, "file": {"name": "main.py", "path": "C:\\Users\\melni\\PycharmProjects\\1xbet_parser\\main.py"}, "function": "get_league", "level": {"icon": "☠️", "name": "CRITICAL", "no": 50}, "line": 156, "message": "'NoneType' object has no attribute 'split'", "module": "main", "name": "__main__", "process": {"id": 9752, "name": "MainProcess"}, "thread": {"id": 7160, "name": "MainThread"}, "time": {"repr": "2024-08-29 02:59:04.694677+05:00", "timestamp": 1724882344.694677}}}
{"text": "2024-08-29T02:59:04.695676+0500 CRITICAL url doesnt written\n", "record": {"elapsed": {"repr": "0:00:11.397267", "seconds": 11.397267}, "exception": null, "extra": {}, "file": {"name": "main.py", "path": "C:\\Users\\melni\\PycharmProjects\\1xbet_parser\\main.py"}, "function": "get_league", "level": {"icon": "☠️", "name": "CRITICAL", "no": 50}, "line": 155, "message": "url doesnt written", "module": "main", "name": "__main__", "process": {"id": 9752, "name": "MainProcess"}, "thread": {"id": 7160, "name": "MainThread"}, "time": {"repr": "2024-08-29 02:59:04.695676+05:00", "timestamp": 1724882344.695676}}}
{"text": "2024-08-29T02:59:04.697696+0500 CRITICAL 'NoneType' object has no attribute 'split'\n", "record": {"elapsed": {"repr": "0:00:11.399287", "seconds": 11.399287}, "exception": null, "extra": {}, "file": {"name": "main.py", "path": "C:\\Users\\melni\\PycharmProjects\\1xbet_parser\\main.py"}, "function": "get_league", "level": {"icon": "☠️", "name": "CRITICAL", "no": 50}, "line": 156, "message": "'NoneType' object has no attribute 'split'", "module": "main", "name": "__main__", "process": {"id": 9752, "name": "MainProcess"}, "thread": {"id": 7160, "name": "MainThread"}, "time": {"repr": "2024-08-29 02:59:04.697696+05:00", "timestamp": 1724882344.697696}}}
{"text": "2024-08-29T02:59:04.698677+0500 CRITICAL url doesnt written\n", "record": {"elapsed": {"repr": "0:00:11.400268", "seconds": 11.400268}, "exception": null, "extra": {}, "file": {"name": "main.py", "path": "C:\\Users\\melni\\PycharmProjects\\1xbet_parser\\main.py"}, "function": "get_league", "level": {"icon": "☠️", "name": "CRITICAL", "no": 50}, "line": 155, "message": "url doesnt written", "module": "main", "name": "__main__", "process": {"id": 9752, "name": "MainProcess"}, "thread": {"id": 7160, "name": "MainThread"}, "time": {"repr": "2024-08-29 02:59:04.698677+05:00", "timestamp": 1724882344.698677}}}
{"text": "2024-08-29T02:59:04.699677+0500 CRITICAL 'NoneType' object has no attribute 'split'\n", "record": {"elapsed": {"repr": "0:00:11.401268", "seconds": 11.401268}, "exception": null, "extra": {}, "file": {"name": "main.py", "path": "C:\\Users\\melni\\PycharmProjects\\1xbet_parser\\main.py"}, "function": "get_league", "level": {"icon": "☠️", "name": "CRITICAL", "no": 50}, "line": 156, "message": "'NoneType' object has no attribute 'split'", "module": "main", "name": "__main__", "process": {"id": 9752, "name": "MainProcess"}, "thread": {"id": 7160, "name": "MainThread"}, "time": {"repr": "2024-08-29 02:59:04.699677+05:00", "timestamp": 1724882344.699677}}}
{"text": "2024-08-29T02:59:04.700679+0500 CRITICAL url doesnt written\n", "record": {"elapsed": {"repr": "0:00:11.402270", "seconds": 11.40227}, "exception": null, "extra": {}, "file": {"name": "main.py", "path": "C:\\Users\\melni\\PycharmProjects\\1xbet_parser\\main.py"}, "function": "get_league", "level": {"icon": "☠️", "name": "CRITICAL", "no": 50}, "line": 155, "message": "url doesnt written", "module": "main", "name": "__main__", "process": {"id": 9752, "name": "MainProcess"}, "thread": {"id": 7160, "name": "MainThread"}, "time": {"repr": "2024-08-29 02:59:04.700679+05:00", "timestamp": 1724882344.700679}}}
{"text": "2024-08-29T02:59:04.701677+0500 CRITICAL 'NoneType' object has no attribute 'split'\n", "record": {"elapsed": {"repr": "0:00:11.403268", "seconds": 11.403268}, "exception": null, "extra": {}, "file": {"name": "main.py", "path": "C:\\Users\\melni\\PycharmProjects\\1xbet_parser\\main.py"}, "function": "get_league", "level": {"icon": "☠️", "name": "CRITICAL", "no": 50}, "line": 156, "message": "'NoneType' object has no attribute 'split'", "module": "main", "name": "__main__", "process": {"id": 9752, "name": "MainProcess"}, "thread": {"id": 7160, "name": "MainThread"}, "time": {"repr": "2024-08-29 02:59:04.701677+05:00", "timestamp": 1724882344.701677}}}
{"text": "2024-08-29T02:59:04.853424+0500 CRITICAL url doesnt written\n", "record": {"elapsed": {"repr": "0:00:11.555015", "seconds": 11.555015}, "exception": null, "extra": {}, "file": {"name": "main.py", "path": "C:\\Users\\melni\\PycharmProjects\\1xbet_parser\\main.py"}, "function": "get_league", "level": {"icon": "☠️", "name": "CRITICAL", "no": 50}, "line": 155, "message": "url doesnt written", "module": "main", "name": "__main__", "process": {"id": 9752, "name": "MainProcess"}, "thread": {"id": 7160, "name": "MainThread"}, "time": {"repr": "2024-08-29 02:59:04.853424+05:00", "timestamp": 1724882344.853424}}}
{"text": "2024-08-29T02:59:04.854428+0500 CRITICAL 'NoneType' object has no attribute 'split'\n", "record": {"elapsed": {"repr": "0:00:11.556019", "seconds": 11.556019}, "exception": null, "extra": {}, "file": {"name": "main.py", "path": "C:\\Users\\melni\\PycharmProjects\\1xbet_parser\\main.py"}, "function": "get_league", "level": {"icon": "☠️", "name": "CRITICAL", "no": 50}, "line": 156, "message": "'NoneType' object has no attribute 'split'", "module": "main", "name": "__main__", "process": {"id": 9752, "name": "MainProcess"}, "thread": {"id": 7160, "name": "MainThread"}, "time": {"repr": "2024-08-29 02:59:04.854428+05:00", "timestamp": 1724882344.854428}}}
{"text": "2024-08-29T02:59:04.855427+0500 CRITICAL url doesnt written\n", "record": {"elapsed": {"repr": "0:00:11.557018", "seconds": 11.557018}, "exception": null, "extra": {}, "file": {"name": "main.py", "path": "C:\\Users\\melni\\PycharmProjects\\1xbet_parser\\main.py"}, "function": "get_league", "level": {"icon": "☠️", "name": "CRITICAL", "no": 50}, "line": 155, "message": "url doesnt written", "module": "main", "name": "__main__", "process": {"id": 9752, "name": "MainProcess"}, "thread": {"id": 7160, "name": "MainThread"}, "time": {"repr": "2024-08-29 02:59:04.855427+05:00", "timestamp": 1724882344.855427}}}
{"text": "2024-08-29T02:59:04.856427+0500 CRITICAL 'NoneType' object has no attribute 'split'\n", "record": {"elapsed": {"repr": "0:00:11.558018", "seconds": 11.558018}, "exception": null, "extra": {}, "file": {"name": "main.py", "path": "C:\\Users\\melni\\PycharmProjects\\1xbet_parser\\main.py"}, "function": "get_league", "level": {"icon": "☠️", "name": "CRITICAL", "no": 50}, "line": 156, "message": "'NoneType' object has no attribute 'split'", "module": "main", "name": "__main__", "process": {"id": 9752, "name": "MainProcess"}, "thread": {"id": 7160, "name": "MainThread"}, "time": {"repr": "2024-08-29 02:59:04.856427+05:00", "timestamp": 1724882344.856427}}}
{"text": "2024-08-29T02:59:04.856427+0500 CRITICAL url doesnt written\n", "record": {"elapsed": {"repr": "0:00:11.558018", "seconds": 11.558018}, "exception": null, "extra": {}, "file": {"name": "main.py", "path": "C:\\Users\\melni\\PycharmProjects\\1xbet_parser\\main.py"}, "function": "get_league", "level": {"icon": "☠️", "name": "CRITICAL", "no": 50}, "line": 155, "message": "url doesnt written", "module": "main", "name": "__main__", "process": {"id": 9752, "name": "MainProcess"}, "thread": {"id": 7160, "name": "MainThread"}, "time": {"repr": "2024-08-29 02:59:04.856427+05:00", "timestamp": 1724882344.856427}}}
{"text": "2024-08-29T02:59:04.857430+0500 CRITICAL 'NoneType' object has no attribute 'split'\n", "record": {"elapsed": {"repr": "0:00:11.559021", "seconds": 11.559021}, "exception": null, "extra": {}, "file": {"name": "main.py", "path": "C:\\Users\\melni\\PycharmProjects\\1xbet_parser\\main.py"}, "function": "get_league", "level": {"icon": "☠️", "name": "CRITICAL", "no": 50}, "line": 156, "message": "'NoneType' object has no attribute 'split'", "module": "main", "name": "__main__", "process": {"id": 9752, "name": "MainProcess"}, "thread": {"id": 7160, "name": "MainThread"}, "time": {"repr": "2024-08-29 02:59:04.857430+05:00", "timestamp": 1724882344.85743}}}
{"text": "2024-08-29T02:59:04.858431+0500 CRITICAL url doesnt written\n", "record": {"elapsed": {"repr": "0:00:11.560022", "seconds": 11.560022}, "exception": null, "extra": {}, "file": {"name": "main.py", "path": "C:\\Users\\melni\\PycharmProjects\\1xbet_parser\\main.py"}, "function": "get_league", "level": {"icon": "☠️", "name": "CRITICAL", "no": 50}, "line": 155, "message": "url doesnt written", "module": "main", "name": "__main__", "process": {"id": 9752, "name": "MainProcess"}, "thread": {"id": 7160, "name": "MainThread"}, "time": {"repr": "2024-08-29 02:59:04.858431+05:00", "timestamp": 1724882344.858431}}}
{"text": "2024-08-29T02:59:04.859428+0500 CRITICAL 'NoneType' object has no attribute 'split'\n", "record": {"elapsed": {"repr": "0:00:11.561019", "seconds": 11.561019}, "exception": null, "extra": {}, "file": {"name": "main.py", "path": "C:\\Users\\melni\\PycharmProjects\\1xbet_parser\\main.py"}, "function": "get_league", "level": {"icon": "☠️", "name": "CRITICAL", "no": 50}, "line": 156, "message": "'NoneType' object has no attribute 'split'", "module": "main", "name": "__main__", "process": {"id": 9752, "name": "MainProcess"}, "thread": {"id": 7160, "name": "MainThread"}, "time": {"repr": "2024-08-29 02:59:04.859428+05:00", "timestamp": 1724882344.859428}}}
{"text": "2024-08-29T02:59:04.859428+0500 CRITICAL url doesnt written\n", "record": {"elapsed": {"repr": "0:00:11.561019", "seconds": 11.561019}, "exception": null, "extra": {}, "file": {"name": "main.py", "path": "C:\\Users\\melni\\PycharmProjects\\1xbet_parser\\main.py"}, "function": "get_league", "level": {"icon": "☠️", "name": "CRITICAL", "no": 50}, "line": 155, "message": "url doesnt written", "module": "main", "name": "__main__", "process": {"id": 9752, "name": "MainProcess"}, "thread": {"id": 7160, "name": "MainThread"}, "time": {"repr": "2024-08-29 02:59:04.859428+05:00", "timestamp": 1724882344.859428}}}
{"text": "2024-08-29T02:59:04.860442+0500 CRITICAL 'NoneType' object has no attribute 'split'\n", "record": {"elapsed": {"repr": "0:00:11.562033", "seconds": 11.562033}, "exception": null, "extra": {}, "file": {"name": "main.py", "path": "C:\\Users\\melni\\PycharmProjects\\1xbet_parser\\main.py"}, "function": "get_league", "level": {"icon": "☠️", "name": "CRITICAL", "no": 50}, "line": 156, "message": "'NoneType' object has no attribute 'split'", "module": "main", "name": "__main__", "process": {"id": 9752, "name": "MainProcess"}, "thread": {"id": 7160, "name": "MainThread"}, "time": {"repr": "2024-08-29 02:59:04.860442+05:00", "timestamp": 1724882344.860442}}}
{"text": "2024-08-29T02:59:04.863440+0500 CRITICAL url doesnt written\n", "record": {"elapsed": {"repr": "0:00:11.565031", "seconds": 11.565031}, "exception": null, "extra": {}, "file": {"name": "main.py", "path": "C:\\Users\\melni\\PycharmProjects\\1xbet_parser\\main.py"}, "function": "get_league", "level": {"icon": "☠️", "name": "CRITICAL", "no": 50}, "line": 155, "message": "url doesnt written", "module": "main", "name": "__main__", "process": {"id": 9752, "name": "MainProcess"}, "thread": {"id": 7160, "name": "MainThread"}, "time": {"repr": "2024-08-29 02:59:04.863440+05:00", "timestamp": 1724882344.86344}}}
{"text": "2024-08-29T02:59:04.864441+0500 CRITICAL 'NoneType' object has no attribute 'split'\n", "record": {"elapsed": {"repr": "0:00:11.566032", "seconds": 11.566032}, "exception": null, "extra": {}, "file": {"name": "main.py", "path": "C:\\Users\\melni\\PycharmProjects\\1xbet_parser\\main.py"}, "function": "get_league", "level": {"icon": "☠️", "name": "CRITICAL", "no": 50}, "line": 156, "message": "'NoneType' object has no attribute 'split'", "module": "main", "name": "__main__", "process": {"id": 9752, "name": "MainProcess"}, "thread": {"id": 7160, "name": "MainThread"}, "time": {"repr": "2024-08-29 02:59:04.864441+05:00", "timestamp": 1724882344.864441}}}
{"text": "2024-08-29T02:59:04.864441+0500 CRITICAL url doesnt written\n", "record": {"elapsed": {"repr": "0:00:11.566032", "seconds": 11.566032}, "exception": null, "extra": {}, "file": {"name": "main.py", "path": "C:\\Users\\melni\\PycharmProjects\\1xbet_parser\\main.py"}, "function": "get_league", "level": {"icon": "☠️", "name": "CRITICAL", "no": 50}, "line": 155, "message": "url doesnt written", "module": "main", "name": "__main__", "process": {"id": 9752, "name": "MainProcess"}, "thread": {"id": 7160, "name": "MainThread"}, "time": {"repr": "2024-08-29 02:59:04.864441+05:00", "timestamp": 1724882344.864441}}}
{"text": "2024-08-29T02:59:04.865444+0500 CRITICAL 'NoneType' object has no attribute 'split'\n", "record": {"elapsed": {"repr": "0:00:11.567035", "seconds": 11.567035}, "exception": null, "extra": {}, "file": {"name": "main.py", "path": "C:\\Users\\melni\\PycharmProjects\\1xbet_parser\\main.py"}, "function": "get_league", "level": {"icon": "☠️", "name": "CRITICAL", "no": 50}, "line": 156, "message": "'NoneType' object has no attribute 'split'", "module": "main", "name": "__main__", "process": {"id": 9752, "name": "MainProcess"}, "thread": {"id": 7160, "name": "MainThread"}, "time": {"repr": "2024-08-29 02:59:04.865444+05:00", "timestamp": 1724882344.865444}}}
{"text": "2024-08-29T02:59:04.866440+0500 CRITICAL url doesnt written\n", "record": {"elapsed": {"repr": "0:00:11.568031", "seconds": 11.568031}, "exception": null, "extra": {}, "file": {"name": "main.py", "path": "C:\\Users\\melni\\PycharmProjects\\1xbet_parser\\main.py"}, "function": "get_league", "level": {"icon": "☠️", "name": "CRITICAL", "no": 50}, "line": 155, "message": "url doesnt written", "module": "main", "name": "__main__", "process": {"id": 9752, "name": "MainProcess"}, "thread": {"id": 7160, "name": "MainThread"}, "time": {"repr": "2024-08-29 02:59:04.866440+05:00", "timestamp": 1724882344.86644}}}
{"text": "2024-08-29T02:59:04.866440+0500 CRITICAL 'NoneType' object has no attribute 'split'\n", "record": {"elapsed": {"repr": "0:00:11.568031", "seconds": 11.568031}, "exception": null, "extra": {}, "file": {"name": "main.py", "path": "C:\\Users\\melni\\PycharmProjects\\1xbet_parser\\main.py"}, "function": "get_league", "level": {"icon": "☠️", "name": "CRITICAL", "no": 50}, "line": 156, "message": "'NoneType' object has no attribute 'split'", "module": "main", "name": "__main__", "process": {"id": 9752, "name": "MainProcess"}, "thread": {"id": 7160, "name": "MainThread"}, "time": {"repr": "2024-08-29 02:59:04.866440+05:00", "timestamp": 1724882344.86644}}}
{"text": "2024-08-29T02:59:04.867441+0500 CRITICAL url doesnt written\n", "record": {"elapsed": {"repr": "0:00:11.569032", "seconds": 11.569032}, "exception": null, "extra": {}, "file": {"name": "main.py", "path": "C:\\Users\\melni\\PycharmProjects\\1xbet_parser\\main.py"}, "function": "get_league", "level": {"icon": "☠️", "name": "CRITICAL", "no": 50}, "line": 155, "message": "url doesnt written", "module": "main", "name": "__main__", "process": {"id": 9752, "name": "MainProcess"}, "thread": {"id": 7160, "name": "MainThread"}, "time": {"repr": "2024-08-29 02:59:04.867441+05:00", "timestamp": 1724882344.867441}}}
{"text": "2024-08-29T02:59:04.869441+0500 CRITICAL 'NoneType' object has no attribute 'split'\n", "record": {"elapsed": {"repr": "0:00:11.571032", "seconds": 11.571032}, "exception": null, "extra": {}, "file": {"name": "main.py", "path": "C:\\Users\\melni\\PycharmProjects\\1xbet_parser\\main.py"}, "function": "get_league", "level": {"icon": "☠️", "name": "CRITICAL", "no": 50}, "line": 156, "message": "'NoneType' object has no attribute 'split'", "module": "main", "name": "__main__", "process": {"id": 9752, "name": "MainProcess"}, "thread": {"id": 7160, "name": "MainThread"}, "time": {"repr": "2024-08-29 02:59:04.869441+05:00", "timestamp": 1724882344.869441}}}
{"text": "2024-08-29T02:59:04.871440+0500 CRITICAL url doesnt written\n", "record": {"elapsed": {"repr": "0:00:11.573031", "seconds": 11.573031}, "exception": null, "extra": {}, "file": {"name": "main.py", "path": "C:\\Users\\melni\\PycharmProjects\\1xbet_parser\\main.py"}, "function": "get_league", "level": {"icon": "☠️", "name": "CRITICAL", "no": 50}, "line": 155, "message": "url doesnt written", "module": "main", "name": "__main__", "process": {"id": 9752, "name": "MainProcess"}, "thread": {"id": 7160, "name": "MainThread"}, "time": {"repr": "2024-08-29 02:59:04.871440+05:00", "timestamp": 1724882344.87144}}}
{"text": "2024-08-29T02:59:04.872442+0500 CRITICAL 'NoneType' object has no attribute 'split'\n", "record": {"elapsed": {"repr": "0:00:11.574033", "seconds": 11.574033}, "exception": null, "extra": {}, "file": {"name": "main.py", "path": "C:\\Users\\melni\\PycharmProjects\\1xbet_parser\\main.py"}, "function": "get_league", "level": {"icon": "☠️", "name": "CRITICAL", "no": 50}, "line": 156, "message": "'NoneType' object has no attribute 'split'", "module": "main", "name": "__main__", "process": {"id": 9752, "name": "MainProcess"}, "thread": {"id": 7160, "name": "MainThread"}, "time": {"repr": "2024-08-29 02:59:04.872442+05:00", "timestamp": 1724882344.872442}}}
{"text": "2024-08-29T02:59:04.873442+0500 CRITICAL url doesnt written\n", "record": {"elapsed": {"repr": "0:00:11.575033", "seconds": 11.575033}, "exception": null, "extra": {}, "file": {"name": "main.py", "path": "C:\\Users\\melni\\PycharmProjects\\1xbet_parser\\main.py"}, "function": "get_league", "level": {"icon": "☠️", "name": "CRITICAL", "no": 50}, "line": 155, "message": "url doesnt written", "module": "main", "name": "__main__", "process": {"id": 9752, "name": "MainProcess"}, "thread": {"id": 7160, "name": "MainThread"}, "time": {"repr": "2024-08-29 02:59:04.873442+05:00", "timestamp": 1724882344.873442}}}
{"text": "2024-08-29T02:59:04.873442+0500 CRITICAL 'NoneType' object has no attribute 'split'\n", "record": {"elapsed": {"repr": "0:00:11.575033", "seconds": 11.575033}, "exception": null, "extra": {}, "file": {"name": "main.py", "path": "C:\\Users\\melni\\PycharmProjects\\1xbet_parser\\main.py"}, "function": "get_league", "level": {"icon": "☠️", "name": "CRITICAL", "no": 50}, "line": 156, "message": "'NoneType' object has no attribute 'split'", "module": "main", "name": "__main__", "process": {"id": 9752, "name": "MainProcess"}, "thread": {"id": 7160, "name": "MainThread"}, "time": {"repr": "2024-08-29 02:59:04.873442+05:00", "timestamp": 1724882344.873442}}}
{"text": "2024-08-29T02:59:04.874956+0500 CRITICAL url doesnt written\n", "record": {"elapsed": {"repr": "0:00:11.576547", "seconds": 11.576547}, "exception": null, "extra": {}, "file": {"name": "main.py", "path": "C:\\Users\\melni\\PycharmProjects\\1xbet_parser\\main.py"}, "function": "get_league", "level": {"icon": "☠️", "name": "CRITICAL", "no": 50}, "line": 155, "message": "url doesnt written", "module": "main", "name": "__main__", "process": {"id": 9752, "name": "MainProcess"}, "thread": {"id": 7160, "name": "MainThread"}, "time": {"repr": "2024-08-29 02:59:04.874956+05:00", "timestamp": 1724882344.874956}}}
{"text": "2024-08-29T02:59:04.875968+0500 CRITICAL 'NoneType' object has no attribute 'split'\n", "record": {"elapsed": {"repr": "0:00:11.577559", "seconds": 11.577559}, "exception": null, "extra": {}, "file": {"name": "main.py", "path": "C:\\Users\\melni\\PycharmProjects\\1xbet_parser\\main.py"}, "function": "get_league", "level": {"icon": "☠️", "name": "CRITICAL", "no": 50}, "line": 156, "message": "'NoneType' object has no attribute 'split'", "module": "main", "name": "__main__", "process": {"id": 9752, "name": "MainProcess"}, "thread": {"id": 7160, "name": "MainThread"}, "time": {"repr": "2024-08-29 02:59:04.875968+05:00", "timestamp": 1724882344.875968}}}
{"text": "2024-08-29T02:59:04.876968+0500 CRITICAL url doesnt written\n", "record": {"elapsed": {"repr": "0:00:11.578559", "seconds": 11.578559}, "exception": null, "extra": {}, "file": {"name": "main.py", "path": "C:\\Users\\melni\\PycharmProjects\\1xbet_parser\\main.py"}, "function": "get_league", "level": {"icon": "☠️", "name": "CRITICAL", "no": 50}, "line": 155, "message": "url doesnt written", "module": "main", "name": "__main__", "process": {"id": 9752, "name": "MainProcess"}, "thread": {"id": 7160, "name": "MainThread"}, "time": {"repr": "2024-08-29 02:59:04.876968+05:00", "timestamp": 1724882344.876968}}}
{"text": "2024-08-29T02:59:04.877967+0500 CRITICAL 'NoneType' object has no attribute 'split'\n", "record": {"elapsed": {"repr": "0:00:11.579558", "seconds": 11.579558}, "exception": null, "extra": {}, "file": {"name": "main.py", "path": "C:\\Users\\melni\\PycharmProjects\\1xbet_parser\\main.py"}, "function": "get_league", "level": {"icon": "☠️", "name": "CRITICAL", "no": 50}, "line": 156, "message": "'NoneType' object has no attribute 'split'", "module": "main", "name": "__main__", "process": {"id": 9752, "name": "MainProcess"}, "thread": {"id": 7160, "name": "MainThread"}, "time": {"repr": "2024-08-29 02:59:04.877967+05:00", "timestamp": 1724882344.877967}}}
{"text": "2024-08-29T02:59:04.877967+0500 CRITICAL url doesnt written\n", "record": {"elapsed": {"repr": "0:00:11.579558", "seconds": 11.579558}, "exception": null, "extra": {}, "file": {"name": "main.py", "path": "C:\\Users\\melni\\PycharmProjects\\1xbet_parser\\main.py"}, "function": "get_league", "level": {"icon": "☠️", "name": "CRITICAL", "no": 50}, "line": 155, "message": "url doesnt written", "module": "main", "name": "__main__", "process": {"id": 9752, "name": "MainProcess"}, "thread": {"id": 7160, "name": "MainThread"}, "time": {"repr": "2024-08-29 02:59:04.877967+05:00", "timestamp": 1724882344.877967}}}
{"text": "2024-08-29T02:59:04.878968+0500 CRITICAL 'NoneType' object has no attribute 'split'\n", "record": {"elapsed": {"repr": "0:00:11.580559", "seconds": 11.580559}, "exception": null, "extra": {}, "file": {"name": "main.py", "path": "C:\\Users\\melni\\PycharmProjects\\1xbet_parser\\main.py"}, "function": "get_league", "level": {"icon": "☠️", "name": "CRITICAL", "no": 50}, "line": 156, "message": "'NoneType' object has no attribute 'split'", "module": "main", "name": "__main__", "process": {"id": 9752, "name": "MainProcess"}, "thread": {"id": 7160, "name": "MainThread"}, "time": {"repr": "2024-08-29 02:59:04.878968+05:00", "timestamp": 1724882344.878968}}}
{"text": "2024-08-29T02:59:04.879969+0500 CRITICAL url doesnt written\n", "record": {"elapsed": {"repr": "0:00:11.581560", "seconds": 11.58156}, "exception": null, "extra": {}, "file": {"name": "main.py", "path": "C:\\Users\\melni\\PycharmProjects\\1xbet_parser\\main.py"}, "function": "get_league", "level": {"icon": "☠️", "name": "CRITICAL", "no": 50}, "line": 155, "message": "url doesnt written", "module": "main", "name": "__main__", "process": {"id": 9752, "name": "MainProcess"}, "thread": {"id": 7160, "name": "MainThread"}, "time": {"repr": "2024-08-29 02:59:04.879969+05:00", "timestamp": 1724882344.879969}}}
{"text": "2024-08-29T02:59:04.879969+0500 CRITICAL 'NoneType' object has no attribute 'split'\n", "record": {"elapsed": {"repr": "0:00:11.581560", "seconds": 11.58156}, "exception": null, "extra": {}, "file": {"name": "main.py", "path": "C:\\Users\\melni\\PycharmProjects\\1xbet_parser\\main.py"}, "function": "get_league", "level": {"icon": "☠️", "name": "CRITICAL", "no": 50}, "line": 156, "message": "'NoneType' object has no attribute 'split'", "module": "main", "name": "__main__", "process": {"id": 9752, "name": "MainProcess"}, "thread": {"id": 7160, "name": "MainThread"}, "time": {"repr": "2024-08-29 02:59:04.879969+05:00", "timestamp": 1724882344.879969}}}
{"text": "2024-08-29T02:59:04.882968+0500 CRITICAL url doesnt written\n", "record": {"elapsed": {"repr": "0:00:11.584559", "seconds": 11.584559}, "exception": null, "extra": {}, "file": {"name": "main.py", "path": "C:\\Users\\melni\\PycharmProjects\\1xbet_parser\\main.py"}, "function": "get_league", "level": {"icon": "☠️", "name": "CRITICAL", "no": 50}, "line": 155, "message": "url doesnt written", "module": "main", "name": "__main__", "process": {"id": 9752, "name": "MainProcess"}, "thread": {"id": 7160, "name": "MainThread"}, "time": {"repr": "2024-08-29 02:59:04.882968+05:00", "timestamp": 1724882344.882968}}}
{"text": "2024-08-29T02:59:04.883972+0500 CRITICAL 'NoneType' object has no attribute 'split'\n", "record": {"elapsed": {"repr": "0:00:11.585563", "seconds": 11.585563}, "exception": null, "extra": {}, "file": {"name": "main.py", "path": "C:\\Users\\melni\\PycharmProjects\\1xbet_parser\\main.py"}, "function": "get_league", "level": {"icon": "☠️", "name": "CRITICAL", "no": 50}, "line": 156, "message": "'NoneType' object has no attribute 'split'", "module": "main", "name": "__main__", "process": {"id": 9752, "name": "MainProcess"}, "thread": {"id": 7160, "name": "MainThread"}, "time": {"repr": "2024-08-29 02:59:04.883972+05:00", "timestamp": 1724882344.883972}}}
{"text": "2024-08-29T02:59:04.884971+0500 CRITICAL url doesnt written\n", "record": {"elapsed": {"repr": "0:00:11.586562", "seconds": 11.586562}, "exception": null, "extra": {}, "file": {"name": "main.py", "path": "C:\\Users\\melni\\PycharmProjects\\1xbet_parser\\main.py"}, "function": "get_league", "level": {"icon": "☠️", "name": "CRITICAL", "no": 50}, "line": 155, "message": "url doesnt written", "module": "main", "name": "__main__", "process": {"id": 9752, "name": "MainProcess"}, "thread": {"id": 7160, "name": "MainThread"}, "time": {"repr": "2024-08-29 02:59:04.884971+05:00", "timestamp": 1724882344.884971}}}
{"text": "2024-08-29T02:59:04.884971+0500 CRITICAL 'NoneType' object has no attribute 'split'\n", "record": {"elapsed": {"repr": "0:00:11.586562", "seconds": 11.586562}, "exception": null, "extra": {}, "file": {"name": "main.py", "path": "C:\\Users\\melni\\PycharmProjects\\1xbet_parser\\main.py"}, "function": "get_league", "level": {"icon": "☠️", "name": "CRITICAL", "no": 50}, "line": 156, "message": "'NoneType' object has no attribute 'split'", "module": "main", "name": "__main__", "process": {"id": 9752, "name": "MainProcess"}, "thread": {"id": 7160, "name": "MainThread"}, "time": {"repr": "2024-08-29 02:59:04.884971+05:00", "timestamp": 1724882344.884971}}}
{"text": "2024-08-29T02:59:04.885971+0500 CRITICAL url doesnt written\n", "record": {"elapsed": {"repr": "0:00:11.587562", "seconds": 11.587562}, "exception": null, "extra": {}, "file": {"name": "main.py", "path": "C:\\Users\\melni\\PycharmProjects\\1xbet_parser\\main.py"}, "function": "get_league", "level": {"icon": "☠️", "name": "CRITICAL", "no": 50}, "line": 155, "message": "url doesnt written", "module": "main", "name": "__main__", "process": {"id": 9752, "name": "MainProcess"}, "thread": {"id": 7160, "name": "MainThread"}, "time": {"repr": "2024-08-29 02:59:04.885971+05:00", "timestamp": 1724882344.885971}}}
{"text": "2024-08-29T02:59:04.886971+0500 CRITICAL 'NoneType' object has no attribute 'split'\n", "record": {"elapsed": {"repr": "0:00:11.588562", "seconds": 11.588562}, "exception": null, "extra": {}, "file": {"name": "main.py", "path": "C:\\Users\\melni\\PycharmProjects\\1xbet_parser\\main.py"}, "function": "get_league", "level": {"icon": "☠️", "name": "CRITICAL", "no": 50}, "line": 156, "message": "'NoneType' object has no attribute 'split'", "module": "main", "name": "__main__", "process": {"id": 9752, "name": "MainProcess"}, "thread": {"id": 7160, "name": "MainThread"}, "time": {"repr": "2024-08-29 02:59:04.886971+05:00", "timestamp": 1724882344.886971}}}
{"text": "2024-08-29T02:59:04.887971+0500 CRITICAL url doesnt written\n", "record": {"elapsed": {"repr": "0:00:11.589562", "seconds": 11.589562}, "exception": null, "extra": {}, "file": {"name": "main.py", "path": "C:\\Users\\melni\\PycharmProjects\\1xbet_parser\\main.py"}, "function": "get_league", "level": {"icon": "☠️", "name": "CRITICAL", "no": 50}, "line": 155, "message": "url doesnt written", "module": "main", "name": "__main__", "process": {"id": 9752, "name": "MainProcess"}, "thread": {"id": 7160, "name": "MainThread"}, "time": {"repr": "2024-08-29 02:59:04.887971+05:00", "timestamp": 1724882344.887971}}}
{"text": "2024-08-29T02:59:04.887971+0500 CRITICAL 'NoneType' object has no attribute 'split'\n", "record": {"elapsed": {"repr": "0:00:11.589562", "seconds": 11.589562}, "exception": null, "extra": {}, "file": {"name": "main.py", "path": "C:\\Users\\melni\\PycharmProjects\\1xbet_parser\\main.py"}, "function": "get_league", "level": {"icon": "☠️", "name": "CRITICAL", "no": 50}, "line": 156, "message": "'NoneType' object has no attribute 'split'", "module": "main", "name": "__main__", "process": {"id": 9752, "name": "MainProcess"}, "thread": {"id": 7160, "name": "MainThread"}, "time": {"repr": "2024-08-29 02:59:04.887971+05:00", "timestamp": 1724882344.887971}}}
{"text": "2024-08-29T02:59:04.888973+0500 CRITICAL url doesnt written\n", "record": {"elapsed": {"repr": "0:00:11.590564", "seconds": 11.590564}, "exception": null, "extra": {}, "file": {"name": "main.py", "path": "C:\\Users\\melni\\PycharmProjects\\1xbet_parser\\main.py"}, "function": "get_league", "level": {"icon": "☠️", "name": "CRITICAL", "no": 50}, "line": 155, "message": "url doesnt written", "module": "main", "name": "__main__", "process": {"id": 9752, "name": "MainProcess"}, "thread": {"id": 7160, "name": "MainThread"}, "time": {"repr": "2024-08-29 02:59:04.888973+05:00", "timestamp": 1724882344.888973}}}
{"text": "2024-08-29T02:59:04.889973+0500 CRITICAL 'NoneType' object has no attribute 'split'\n", "record": {"elapsed": {"repr": "0:00:11.591564", "seconds": 11.591564}, "exception": null, "extra": {}, "file": {"name": "main.py", "path": "C:\\Users\\melni\\PycharmProjects\\1xbet_parser\\main.py"}, "function": "get_league", "level": {"icon": "☠️", "name": "CRITICAL", "no": 50}, "line": 156, "message": "'NoneType' object has no attribute 'split'", "module": "main", "name": "__main__", "process": {"id": 9752, "name": "MainProcess"}, "thread": {"id": 7160, "name": "MainThread"}, "time": {"repr": "2024-08-29 02:59:04.889973+05:00", "timestamp": 1724882344.889973}}}
{"text": "2024-08-29T02:59:04.890972+0500 CRITICAL url doesnt written\n", "record": {"elapsed": {"repr": "0:00:11.592563", "seconds": 11.592563}, "exception": null, "extra": {}, "file": {"name": "main.py", "path": "C:\\Users\\melni\\PycharmProjects\\1xbet_parser\\main.py"}, "function": "get_league", "level": {"icon": "☠️", "name": "CRITICAL", "no": 50}, "line": 155, "message": "url doesnt written", "module": "main", "name": "__main__", "process": {"id": 9752, "name": "MainProcess"}, "thread": {"id": 7160, "name": "MainThread"}, "time": {"repr": "2024-08-29 02:59:04.890972+05:00", "timestamp": 1724882344.890972}}}
{"text": "2024-08-29T02:59:04.890972+0500 CRITICAL 'NoneType' object has no attribute 'split'\n", "record": {"elapsed": {"repr": "0:00:11.592563", "seconds": 11.592563}, "exception": null, "extra": {}, "file": {"name": "main.py", "path": "C:\\Users\\melni\\PycharmProjects\\1xbet_parser\\main.py"}, "function": "get_league", "level": {"icon": "☠️", "name": "CRITICAL", "no": 50}, "line": 156, "message": "'NoneType' object has no attribute 'split'", "module": "main", "name": "__main__", "process": {"id": 9752, "name": "MainProcess"}, "thread": {"id": 7160, "name": "MainThread"}, "time": {"repr": "2024-08-29 02:59:04.890972+05:00", "timestamp": 1724882344.890972}}}
{"text": "2024-08-29T02:59:04.891972+0500 CRITICAL url doesnt written\n", "record": {"elapsed": {"repr": "0:00:11.593563", "seconds": 11.593563}, "exception": null, "extra": {}, "file": {"name": "main.py", "path": "C:\\Users\\melni\\PycharmProjects\\1xbet_parser\\main.py"}, "function": "get_league", "level": {"icon": "☠️", "name": "CRITICAL", "no": 50}, "line": 155, "message": "url doesnt written", "module": "main", "name": "__main__", "process": {"id": 9752, "name": "MainProcess"}, "thread": {"id": 7160, "name": "MainThread"}, "time": {"repr": "2024-08-29 02:59:04.891972+05:00", "timestamp": 1724882344.891972}}}
{"text": "2024-08-29T02:59:04.892973+0500 CRITICAL 'NoneType' object has no attribute 'split'\n", "record": {"elapsed": {"repr": "0:00:11.594564", "seconds": 11.594564}, "exception": null, "extra": {}, "file": {"name": "main.py", "path": "C:\\Users\\melni\\PycharmProjects\\1xbet_parser\\main.py"}, "function": "get_league", "level": {"icon": "☠️", "name": "CRITICAL", "no": 50}, "line": 156, "message": "'NoneType' object has no attribute 'split'", "module": "main", "name": "__main__", "process": {"id": 9752, "name": "MainProcess"}, "thread": {"id": 7160, "name": "MainThread"}, "time": {"repr": "2024-08-29 02:59:04.892973+05:00", "timestamp": 1724882344.892973}}}
{"text": "2024-08-29T02:59:04.893974+0500 CRITICAL url doesnt written\n", "record": {"elapsed": {"repr": "0:00:11.595565", "seconds": 11.595565}, "exception": null, "extra": {}, "file": {"name": "main.py", "path": "C:\\Users\\melni\\PycharmProjects\\1xbet_parser\\main.py"}, "function": "get_league", "level": {"icon": "☠️", "name": "CRITICAL", "no": 50}, "line": 155, "message": "url doesnt written", "module": "main", "name": "__main__", "process": {"id": 9752, "name": "MainProcess"}, "thread": {"id": 7160, "name": "MainThread"}, "time": {"repr": "2024-08-29 02:59:04.893974+05:00", "timestamp": 1724882344.893974}}}
{"text": "2024-08-29T02:59:04.894974+0500 CRITICAL 'NoneType' object has no attribute 'split'\n", "record": {"elapsed": {"repr": "0:00:11.596565", "seconds": 11.596565}, "exception": null, "extra": {}, "file": {"name": "main.py", "path": "C:\\Users\\melni\\PycharmProjects\\1xbet_parser\\main.py"}, "function": "get_league", "level": {"icon": "☠️", "name": "CRITICAL", "no": 50}, "line": 156, "message": "'NoneType' object has no attribute 'split'", "module": "main", "name": "__main__", "process": {"id": 9752, "name": "MainProcess"}, "thread": {"id": 7160, "name": "MainThread"}, "time": {"repr": "2024-08-29 02:59:04.894974+05:00", "timestamp": 1724882344.894974}}}
{"text": "2024-08-29T02:59:04.895974+0500 CRITICAL url doesnt written\n", "record": {"elapsed": {"repr": "0:00:11.597565", "seconds": 11.597565}, "exception": null, "extra": {}, "file": {"name": "main.py", "path": "C:\\Users\\melni\\PycharmProjects\\1xbet_parser\\main.py"}, "function": "get_league", "level": {"icon": "☠️", "name": "CRITICAL", "no": 50}, "line": 155, "message": "url doesnt written", "module": "main", "name": "__main__", "process": {"id": 9752, "name": "MainProcess"}, "thread": {"id": 7160, "name": "MainThread"}, "time": {"repr": "2024-08-29 02:59:04.895974+05:00", "timestamp": 1724882344.895974}}}
{"text": "2024-08-29T02:59:04.896974+0500 CRITICAL 'NoneType' object has no attribute 'split'\n", "record": {"elapsed": {"repr": "0:00:11.598565", "seconds": 11.598565}, "exception": null, "extra": {}, "file": {"name": "main.py", "path": "C:\\Users\\melni\\PycharmProjects\\1xbet_parser\\main.py"}, "function": "get_league", "level": {"icon": "☠️", "name": "CRITICAL", "no": 50}, "line": 156, "message": "'NoneType' object has no attribute 'split'", "module": "main", "name": "__main__", "process": {"id": 9752, "name": "MainProcess"}, "thread": {"id": 7160, "name": "MainThread"}, "time": {"repr": "2024-08-29 02:59:04.896974+05:00", "timestamp": 1724882344.896974}}}
{"text": "2024-08-29T02:59:04.897975+0500 CRITICAL url doesnt written\n", "record": {"elapsed": {"repr": "0:00:11.599566", "seconds": 11.599566}, "exception": null, "extra": {}, "file": {"name": "main.py", "path": "C:\\Users\\melni\\PycharmProjects\\1xbet_parser\\main.py"}, "function": "get_league", "level": {"icon": "☠️", "name": "CRITICAL", "no": 50}, "line": 155, "message": "url doesnt written", "module": "main", "name": "__main__", "process": {"id": 9752, "name": "MainProcess"}, "thread": {"id": 7160, "name": "MainThread"}, "time": {"repr": "2024-08-29 02:59:04.897975+05:00", "timestamp": 1724882344.897975}}}
{"text": "2024-08-29T02:59:04.898973+0500 CRITICAL 'NoneType' object has no attribute 'split'\n", "record": {"elapsed": {"repr": "0:00:11.600564", "seconds": 11.600564}, "exception": null, "extra": {}, "file": {"name": "main.py", "path": "C:\\Users\\melni\\PycharmProjects\\1xbet_parser\\main.py"}, "function": "get_league", "level": {"icon": "☠️", "name": "CRITICAL", "no": 50}, "line": 156, "message": "'NoneType' object has no attribute 'split'", "module": "main", "name": "__main__", "process": {"id": 9752, "name": "MainProcess"}, "thread": {"id": 7160, "name": "MainThread"}, "time": {"repr": "2024-08-29 02:59:04.898973+05:00", "timestamp": 1724882344.898973}}}
{"text": "2024-08-29T02:59:04.938985+0500 CRITICAL url doesnt written\n", "record": {"elapsed": {"repr": "0:00:11.640576", "seconds": 11.640576}, "exception": null, "extra": {}, "file": {"name": "main.py", "path": "C:\\Users\\melni\\PycharmProjects\\1xbet_parser\\main.py"}, "function": "get_league", "level": {"icon": "☠️", "name": "CRITICAL", "no": 50}, "line": 155, "message": "url doesnt written", "module": "main", "name": "__main__", "process": {"id": 9752, "name": "MainProcess"}, "thread": {"id": 7160, "name": "MainThread"}, "time": {"repr": "2024-08-29 02:59:04.938985+05:00", "timestamp": 1724882344.938985}}}
{"text": "2024-08-29T02:59:05.065719+0500 CRITICAL 'NoneType' object has no attribute 'split'\n", "record": {"elapsed": {"repr": "0:00:11.767310", "seconds": 11.76731}, "exception": null, "extra": {}, "file": {"name": "main.py", "path": "C:\\Users\\melni\\PycharmProjects\\1xbet_parser\\main.py"}, "function": "get_league", "level": {"icon": "☠️", "name": "CRITICAL", "no": 50}, "line": 156, "message": "'NoneType' object has no attribute 'split'", "module": "main", "name": "__main__", "process": {"id": 9752, "name": "MainProcess"}, "thread": {"id": 7160, "name": "MainThread"}, "time": {"repr": "2024-08-29 02:59:05.065719+05:00", "timestamp": 1724882345.065719}}}
{"text": "2024-08-29T02:59:05.068719+0500 CRITICAL url doesnt written\n", "record": {"elapsed": {"repr": "0:00:11.770310", "seconds": 11.77031}, "exception": null, "extra": {}, "file": {"name": "main.py", "path": "C:\\Users\\melni\\PycharmProjects\\1xbet_parser\\main.py"}, "function": "get_league", "level": {"icon": "☠️", "name": "CRITICAL", "no": 50}, "line": 155, "message": "url doesnt written", "module": "main", "name": "__main__", "process": {"id": 9752, "name": "MainProcess"}, "thread": {"id": 7160, "name": "MainThread"}, "time": {"repr": "2024-08-29 02:59:05.068719+05:00", "timestamp": 1724882345.068719}}}
{"text": "2024-08-29T02:59:05.073735+0500 CRITICAL 'NoneType' object has no attribute 'split'\n", "record": {"elapsed": {"repr": "0:00:11.775326", "seconds": 11.775326}, "exception": null, "extra": {}, "file": {"name": "main.py", "path": "C:\\Users\\melni\\PycharmProjects\\1xbet_parser\\main.py"}, "function": "get_league", "level": {"icon": "☠️", "name": "CRITICAL", "no": 50}, "line": 156, "message": "'NoneType' object has no attribute 'split'", "module": "main", "name": "__main__", "process": {"id": 9752, "name": "MainProcess"}, "thread": {"id": 7160, "name": "MainThread"}, "time": {"repr": "2024-08-29 02:59:05.073735+05:00", "timestamp": 1724882345.073735}}}
{"text": "2024-08-29T02:59:05.076262+0500 CRITICAL url doesnt written\n", "record": {"elapsed": {"repr": "0:00:11.777853", "seconds": 11.777853}, "exception": null, "extra": {}, "file": {"name": "main.py", "path": "C:\\Users\\melni\\PycharmProjects\\1xbet_parser\\main.py"}, "function": "get_league", "level": {"icon": "☠️", "name": "CRITICAL", "no": 50}, "line": 155, "message": "url doesnt written", "module": "main", "name": "__main__", "process": {"id": 9752, "name": "MainProcess"}, "thread": {"id": 7160, "name": "MainThread"}, "time": {"repr": "2024-08-29 02:59:05.076262+05:00", "timestamp": 1724882345.076262}}}
{"text": "2024-08-29T02:59:05.077278+0500 CRITICAL 'NoneType' object has no attribute 'split'\n", "record": {"elapsed": {"repr": "0:00:11.778869", "seconds": 11.778869}, "exception": null, "extra": {}, "file": {"name": "main.py", "path": "C:\\Users\\melni\\PycharmProjects\\1xbet_parser\\main.py"}, "function": "get_league", "level": {"icon": "☠️", "name": "CRITICAL", "no": 50}, "line": 156, "message": "'NoneType' object has no attribute 'split'", "module": "main", "name": "__main__", "process": {"id": 9752, "name": "MainProcess"}, "thread": {"id": 7160, "name": "MainThread"}, "time": {"repr": "2024-08-29 02:59:05.077278+05:00", "timestamp": 1724882345.077278}}}
{"text": "2024-08-29T02:59:05.078284+0500 CRITICAL url doesnt written\n", "record": {"elapsed": {"repr": "0:00:11.779875", "seconds": 11.779875}, "exception": null, "extra": {}, "file": {"name": "main.py", "path": "C:\\Users\\melni\\PycharmProjects\\1xbet_parser\\main.py"}, "function": "get_league", "level": {"icon": "☠️", "name": "CRITICAL", "no": 50}, "line": 155, "message": "url doesnt written", "module": "main", "name": "__main__", "process": {"id": 9752, "name": "MainProcess"}, "thread": {"id": 7160, "name": "MainThread"}, "time": {"repr": "2024-08-29 02:59:05.078284+05:00", "timestamp": 1724882345.078284}}}
{"text": "2024-08-29T02:59:05.080263+0500 CRITICAL 'NoneType' object has no attribute 'split'\n", "record": {"elapsed": {"repr": "0:00:11.781854", "seconds": 11.781854}, "exception": null, "extra": {}, "file": {"name": "main.py", "path": "C:\\Users\\melni\\PycharmProjects\\1xbet_parser\\main.py"}, "function": "get_league", "level": {"icon": "☠️", "name": "CRITICAL", "no": 50}, "line": 156, "message": "'NoneType' object has no attribute 'split'", "module": "main", "name": "__main__", "process": {"id": 9752, "name": "MainProcess"}, "thread": {"id": 7160, "name": "MainThread"}, "time": {"repr": "2024-08-29 02:59:05.080263+05:00", "timestamp": 1724882345.080263}}}
{"text": "2024-08-29T02:59:05.084262+0500 CRITICAL url doesnt written\n", "record": {"elapsed": {"repr": "0:00:11.785853", "seconds": 11.785853}, "exception": null, "extra": {}, "file": {"name": "main.py", "path": "C:\\Users\\melni\\PycharmProjects\\1xbet_parser\\main.py"}, "function": "get_league", "level": {"icon": "☠️", "name": "CRITICAL", "no": 50}, "line": 155, "message": "url doesnt written", "module": "main", "name": "__main__", "process": {"id": 9752, "name": "MainProcess"}, "thread": {"id": 7160, "name": "MainThread"}, "time": {"repr": "2024-08-29 02:59:05.084262+05:00", "timestamp": 1724882345.084262}}}
{"text": "2024-08-29T02:59:05.086423+0500 CRITICAL 'NoneType' object has no attribute 'split'\n", "record": {"elapsed": {"repr": "0:00:11.788014", "seconds": 11.788014}, "exception": null, "extra": {}, "file": {"name": "main.py", "path": "C:\\Users\\melni\\PycharmProjects\\1xbet_parser\\main.py"}, "function": "get_league", "level": {"icon": "☠️", "name": "CRITICAL", "no": 50}, "line": 156, "message": "'NoneType' object has no attribute 'split'", "module": "main", "name": "__main__", "process": {"id": 9752, "name": "MainProcess"}, "thread": {"id": 7160, "name": "MainThread"}, "time": {"repr": "2024-08-29 02:59:05.086423+05:00", "timestamp": 1724882345.086423}}}
{"text": "2024-08-29T02:59:05.087428+0500 CRITICAL url doesnt written\n", "record": {"elapsed": {"repr": "0:00:11.789019", "seconds": 11.789019}, "exception": null, "extra": {}, "file": {"name": "main.py", "path": "C:\\Users\\melni\\PycharmProjects\\1xbet_parser\\main.py"}, "function": "get_league", "level": {"icon": "☠️", "name": "CRITICAL", "no": 50}, "line": 155, "message": "url doesnt written", "module": "main", "name": "__main__", "process": {"id": 9752, "name": "MainProcess"}, "thread": {"id": 7160, "name": "MainThread"}, "time": {"repr": "2024-08-29 02:59:05.087428+05:00", "timestamp": 1724882345.087428}}}
{"text": "2024-08-29T02:59:05.088428+0500 CRITICAL 'NoneType' object has no attribute 'split'\n", "record": {"elapsed": {"repr": "0:00:11.790019", "seconds": 11.790019}, "exception": null, "extra": {}, "file": {"name": "main.py", "path": "C:\\Users\\melni\\PycharmProjects\\1xbet_parser\\main.py"}, "function": "get_league", "level": {"icon": "☠️", "name": "CRITICAL", "no": 50}, "line": 156, "message": "'NoneType' object has no attribute 'split'", "module": "main", "name": "__main__", "process": {"id": 9752, "name": "MainProcess"}, "thread": {"id": 7160, "name": "MainThread"}, "time": {"repr": "2024-08-29 02:59:05.088428+05:00", "timestamp": 1724882345.088428}}}
{"text": "2024-08-29T02:59:05.089428+0500 CRITICAL url doesnt written\n", "record": {"elapsed": {"repr": "0:00:11.791019", "seconds": 11.791019}, "exception": null, "extra": {}, "file": {"name": "main.py", "path": "C:\\Users\\melni\\PycharmProjects\\1xbet_parser\\main.py"}, "function": "get_league", "level": {"icon": "☠️", "name": "CRITICAL", "no": 50}, "line": 155, "message": "url doesnt written", "module": "main", "name": "__main__", "process": {"id": 9752, "name": "MainProcess"}, "thread": {"id": 7160, "name": "MainThread"}, "time": {"repr": "2024-08-29 02:59:05.089428+05:00", "timestamp": 1724882345.089428}}}
{"text": "2024-08-29T02:59:05.089428+0500 CRITICAL 'NoneType' object has no attribute 'split'\n", "record": {"elapsed": {"repr": "0:00:11.791019", "seconds": 11.791019}, "exception": null, "extra": {}, "file": {"name": "main.py", "path": "C:\\Users\\melni\\PycharmProjects\\1xbet_parser\\main.py"}, "function": "get_league", "level": {"icon": "☠️", "name": "CRITICAL", "no": 50}, "line": 156, "message": "'NoneType' object has no attribute 'split'", "module": "main", "name": "__main__", "process": {"id": 9752, "name": "MainProcess"}, "thread": {"id": 7160, "name": "MainThread"}, "time": {"repr": "2024-08-29 02:59:05.089428+05:00", "timestamp": 1724882345.089428}}}
