{"text": "2024-08-28T23:20:06.628049+0500 CRITICAL url doesnt written\n", "record": {"elapsed": {"repr": "0:00:02.223314", "seconds": 2.223314}, "exception": null, "extra": {}, "file": {"name": "main.py", "path": "C:\\Users\\melni\\PycharmProjects\\1xbet_parser\\main.py"}, "function": "get_league", "level": {"icon": "☠️", "name": "CRITICAL", "no": 50}, "line": 151, "message": "url doesnt written", "module": "main", "name": "__main__", "process": {"id": 4280, "name": "MainProcess"}, "thread": {"id": 9920, "name": "MainThread"}, "time": {"repr": "2024-08-28 23:20:06.628049+05:00", "timestamp": 1724869206.628049}}}
{"text": "2024-08-28T23:20:06.671836+0500 INFO sleeping...\n", "record": {"elapsed": {"repr": "0:00:02.267101", "seconds": 2.267101}, "exception": null, "extra": {}, "file": {"name": "main.py", "path": "C:\\Users\\melni\\PycharmProjects\\1xbet_parser\\main.py"}, "function": "<module>", "level": {"icon": "ℹ️", "name": "INFO", "no": 20}, "line": 158, "message": "sleeping...", "module": "main", "name": "__main__", "process": {"id": 4280, "name": "MainProcess"}, "thread": {"id": 9920, "name": "MainThread"}, "time": {"repr": "2024-08-28 23:20:06.671836+05:00", "timestamp": 1724869206.671836}}}
{"text": "2024-08-28T23:22:23.720363+0500 DEBUG reading db\n", "record": {"elapsed": {"repr": "0:00:17.448093", "seconds": 17.448093}, "exception": null, "extra": {}, "file": {"name": "main.py", "path": "C:\\Users\\melni\\PycharmProjects\\1xbet_parser\\main.py"}, "function": "find_game", "level": {"icon": "🐞", "name": "DEBUG", "no": 10}, "line": 60, "message": "reading db", "module": "main", "name": "__main__", "process": {"id": 672, "name": "MainProcess"}, "thread": {"id": 10044, "name": "MainThread"}, "time": {"repr": "2024-08-28 23:22:23.720363+05:00", "timestamp": 1724869343.720363}}}
{"text": "2024-08-28T23:22:24.190383+0500 INFO CS 2. ESEA Advanced. Europe (29.08 21:00)\ntutel - Lemondogs\n\n1-я карта -> 1.36 & 2.954\n", "record": {"elapsed": {"repr": "0:00:17.918113", "seconds": 17.918113}, "exception": null, "extra": {}, "file": {"name": "main.py", "path": "C:\\Users\\melni\\PycharmProjects\\1xbet_parser\\main.py"}, "function": "get_message", "level": {"icon": "ℹ️", "name": "INFO", "no": 20}, "line": 30, "message": "CS 2. ESEA Advanced. Europe (29.08 21:00)\ntutel - Lemondogs\n\n1-я карта -> 1.36 & 2.954", "module": "main", "name": "__main__", "process": {"id": 672, "name": "MainProcess"}, "thread": {"id": 10044, "name": "MainThread"}, "time": {"repr": "2024-08-28 23:22:24.190383+05:00", "timestamp": 1724869344.190383}}}
{"text": "2024-08-28T23:22:24.191382+0500 INFO message sent\n", "record": {"elapsed": {"repr": "0:00:17.919112", "seconds": 17.919112}, "exception": null, "extra": {}, "file": {"name": "main.py", "path": "C:\\Users\\melni\\PycharmProjects\\1xbet_parser\\main.py"}, "function": "get_message", "level": {"icon": "ℹ️", "name": "INFO", "no": 20}, "line": 31, "message": "message sent", "module": "main", "name": "__main__", "process": {"id": 672, "name": "MainProcess"}, "thread": {"id": 10044, "name": "MainThread"}, "time": {"repr": "2024-08-28 23:22:24.191382+05:00", "timestamp": 1724869344.191382}}}
{"text": "2024-08-28T23:22:24.192383+0500 DEBUG writing bet to db\n", "record": {"elapsed": {"repr": "0:00:17.920113", "seconds": 17.920113}, "exception": null, "extra": {}, "file": {"name": "main.py", "path": "C:\\Users\\melni\\PycharmProjects\\1xbet_parser\\main.py"}, "function": "find_game", "level": {"icon": "🐞", "name": "DEBUG", "no": 10}, "line": 74, "message": "writing bet to db", "module": "main", "name": "__main__", "process": {"id": 672, "name": "MainProcess"}, "thread": {"id": 10044, "name": "MainThread"}, "time": {"repr": "2024-08-28 23:22:24.192383+05:00", "timestamp": 1724869344.192383}}}
{"text": "2024-08-28T23:22:24.193383+0500 DEBUG finding coefficients\n", "record": {"elapsed": {"repr": "0:00:17.921113", "seconds": 17.921113}, "exception": null, "extra": {}, "file": {"name": "main.py", "path": "C:\\Users\\melni\\PycharmProjects\\1xbet_parser\\main.py"}, "function": "get_bet", "level": {"icon": "🐞", "name": "DEBUG", "no": 10}, "line": 100, "message": "finding coefficients", "module": "main", "name": "__main__", "process": {"id": 672, "name": "MainProcess"}, "thread": {"id": 10044, "name": "MainThread"}, "time": {"repr": "2024-08-28 23:22:24.193383+05:00", "timestamp": 1724869344.193383}}}
{"text": "2024-08-28T23:22:24.194384+0500 DEBUG getting info about match...\n", "record": {"elapsed": {"repr": "0:00:17.922114", "seconds": 17.922114}, "exception": null, "extra": {}, "file": {"name": "main.py", "path": "C:\\Users\\melni\\PycharmProjects\\1xbet_parser\\main.py"}, "function": "get_match", "level": {"icon": "🐞", "name": "DEBUG", "no": 10}, "line": 125, "message": "getting info about match...", "module": "main", "name": "__main__", "process": {"id": 672, "name": "MainProcess"}, "thread": {"id": 10044, "name": "MainThread"}, "time": {"repr": "2024-08-28 23:22:24.194384+05:00", "timestamp": 1724869344.194384}}}
{"text": "2024-08-28T23:22:24.474366+0500 DEBUG reading db\n", "record": {"elapsed": {"repr": "0:00:18.202096", "seconds": 18.202096}, "exception": null, "extra": {}, "file": {"name": "main.py", "path": "C:\\Users\\melni\\PycharmProjects\\1xbet_parser\\main.py"}, "function": "find_game", "level": {"icon": "🐞", "name": "DEBUG", "no": 10}, "line": 60, "message": "reading db", "module": "main", "name": "__main__", "process": {"id": 672, "name": "MainProcess"}, "thread": {"id": 10044, "name": "MainThread"}, "time": {"repr": "2024-08-28 23:22:24.474366+05:00", "timestamp": 1724869344.474366}}}
{"text": "2024-08-28T23:22:24.898549+0500 INFO CS 2. ESEA Advanced. Europe (30.08 19:00)\nALTERNATE aTTaX - kONO.ECF\n\n1-я карта -> 1.93 & 1.77\n", "record": {"elapsed": {"repr": "0:00:18.626279", "seconds": 18.626279}, "exception": null, "extra": {}, "file": {"name": "main.py", "path": "C:\\Users\\melni\\PycharmProjects\\1xbet_parser\\main.py"}, "function": "get_message", "level": {"icon": "ℹ️", "name": "INFO", "no": 20}, "line": 30, "message": "CS 2. ESEA Advanced. Europe (30.08 19:00)\nALTERNATE aTTaX - kONO.ECF\n\n1-я карта -> 1.93 & 1.77", "module": "main", "name": "__main__", "process": {"id": 672, "name": "MainProcess"}, "thread": {"id": 10044, "name": "MainThread"}, "time": {"repr": "2024-08-28 23:22:24.898549+05:00", "timestamp": 1724869344.898549}}}
{"text": "2024-08-28T23:22:24.899545+0500 INFO message sent\n", "record": {"elapsed": {"repr": "0:00:18.627275", "seconds": 18.627275}, "exception": null, "extra": {}, "file": {"name": "main.py", "path": "C:\\Users\\melni\\PycharmProjects\\1xbet_parser\\main.py"}, "function": "get_message", "level": {"icon": "ℹ️", "name": "INFO", "no": 20}, "line": 31, "message": "message sent", "module": "main", "name": "__main__", "process": {"id": 672, "name": "MainProcess"}, "thread": {"id": 10044, "name": "MainThread"}, "time": {"repr": "2024-08-28 23:22:24.899545+05:00", "timestamp": 1724869344.899545}}}
{"text": "2024-08-28T23:22:24.900546+0500 DEBUG writing bet to db\n", "record": {"elapsed": {"repr": "0:00:18.628276", "seconds": 18.628276}, "exception": null, "extra": {}, "file": {"name": "main.py", "path": "C:\\Users\\melni\\PycharmProjects\\1xbet_parser\\main.py"}, "function": "find_game", "level": {"icon": "🐞", "name": "DEBUG", "no": 10}, "line": 74, "message": "writing bet to db", "module": "main", "name": "__main__", "process": {"id": 672, "name": "MainProcess"}, "thread": {"id": 10044, "name": "MainThread"}, "time": {"repr": "2024-08-28 23:22:24.900546+05:00", "timestamp": 1724869344.900546}}}
{"text": "2024-08-28T23:22:24.901547+0500 DEBUG finding coefficients\n", "record": {"elapsed": {"repr": "0:00:18.629277", "seconds": 18.629277}, "exception": null, "extra": {}, "file": {"name": "main.py", "path": "C:\\Users\\melni\\PycharmProjects\\1xbet_parser\\main.py"}, "function": "get_bet", "level": {"icon": "🐞", "name": "DEBUG", "no": 10}, "line": 100, "message": "finding coefficients", "module": "main", "name": "__main__", "process": {"id": 672, "name": "MainProcess"}, "thread": {"id": 10044, "name": "MainThread"}, "time": {"repr": "2024-08-28 23:22:24.901547+05:00", "timestamp": 1724869344.901547}}}
{"text": "2024-08-28T23:22:24.902545+0500 DEBUG getting info about match...\n", "record": {"elapsed": {"repr": "0:00:18.630275", "seconds": 18.630275}, "exception": null, "extra": {}, "file": {"name": "main.py", "path": "C:\\Users\\melni\\PycharmProjects\\1xbet_parser\\main.py"}, "function": "get_match", "level": {"icon": "🐞", "name": "DEBUG", "no": 10}, "line": 125, "message": "getting info about match...", "module": "main", "name": "__main__", "process": {"id": 672, "name": "MainProcess"}, "thread": {"id": 10044, "name": "MainThread"}, "time": {"repr": "2024-08-28 23:22:24.902545+05:00", "timestamp": 1724869344.902545}}}
{"text": "2024-08-28T23:22:25.230005+0500 DEBUG reading db\n", "record": {"elapsed": {"repr": "0:00:18.957735", "seconds": 18.957735}, "exception": null, "extra": {}, "file": {"name": "main.py", "path": "C:\\Users\\melni\\PycharmProjects\\1xbet_parser\\main.py"}, "function": "find_game", "level": {"icon": "🐞", "name": "DEBUG", "no": 10}, "line": 60, "message": "reading db", "module": "main", "name": "__main__", "process": {"id": 672, "name": "MainProcess"}, "thread": {"id": 10044, "name": "MainThread"}, "time": {"repr": "2024-08-28 23:22:25.230005+05:00", "timestamp": 1724869345.230005}}}
{"text": "2024-08-28T23:22:25.841300+0500 INFO CS 2. ESEA Advanced. Europe (30.08 22:00)\nLoading - Young Ninjas\n\n1-я карта -> 3.695 & 1.24\n", "record": {"elapsed": {"repr": "0:00:19.569030", "seconds": 19.56903}, "exception": null, "extra": {}, "file": {"name": "main.py", "path": "C:\\Users\\melni\\PycharmProjects\\1xbet_parser\\main.py"}, "function": "get_message", "level": {"icon": "ℹ️", "name": "INFO", "no": 20}, "line": 30, "message": "CS 2. ESEA Advanced. Europe (30.08 22:00)\nLoading - Young Ninjas\n\n1-я карта -> 3.695 & 1.24", "module": "main", "name": "__main__", "process": {"id": 672, "name": "MainProcess"}, "thread": {"id": 10044, "name": "MainThread"}, "time": {"repr": "2024-08-28 23:22:25.841300+05:00", "timestamp": 1724869345.8413}}}
{"text": "2024-08-28T23:22:25.842296+0500 INFO message sent\n", "record": {"elapsed": {"repr": "0:00:19.570026", "seconds": 19.570026}, "exception": null, "extra": {}, "file": {"name": "main.py", "path": "C:\\Users\\melni\\PycharmProjects\\1xbet_parser\\main.py"}, "function": "get_message", "level": {"icon": "ℹ️", "name": "INFO", "no": 20}, "line": 31, "message": "message sent", "module": "main", "name": "__main__", "process": {"id": 672, "name": "MainProcess"}, "thread": {"id": 10044, "name": "MainThread"}, "time": {"repr": "2024-08-28 23:22:25.842296+05:00", "timestamp": 1724869345.842296}}}
{"text": "2024-08-28T23:22:25.843300+0500 DEBUG writing bet to db\n", "record": {"elapsed": {"repr": "0:00:19.571030", "seconds": 19.57103}, "exception": null, "extra": {}, "file": {"name": "main.py", "path": "C:\\Users\\melni\\PycharmProjects\\1xbet_parser\\main.py"}, "function": "find_game", "level": {"icon": "🐞", "name": "DEBUG", "no": 10}, "line": 74, "message": "writing bet to db", "module": "main", "name": "__main__", "process": {"id": 672, "name": "MainProcess"}, "thread": {"id": 10044, "name": "MainThread"}, "time": {"repr": "2024-08-28 23:22:25.843300+05:00", "timestamp": 1724869345.8433}}}
{"text": "2024-08-28T23:22:25.844301+0500 DEBUG finding coefficients\n", "record": {"elapsed": {"repr": "0:00:19.572031", "seconds": 19.572031}, "exception": null, "extra": {}, "file": {"name": "main.py", "path": "C:\\Users\\melni\\PycharmProjects\\1xbet_parser\\main.py"}, "function": "get_bet", "level": {"icon": "🐞", "name": "DEBUG", "no": 10}, "line": 100, "message": "finding coefficients", "module": "main", "name": "__main__", "process": {"id": 672, "name": "MainProcess"}, "thread": {"id": 10044, "name": "MainThread"}, "time": {"repr": "2024-08-28 23:22:25.844301+05:00", "timestamp": 1724869345.844301}}}
{"text": "2024-08-28T23:22:25.845300+0500 DEBUG getting info about match...\n", "record": {"elapsed": {"repr": "0:00:19.573030", "seconds": 19.57303}, "exception": null, "extra": {}, "file": {"name": "main.py", "path": "C:\\Users\\melni\\PycharmProjects\\1xbet_parser\\main.py"}, "function": "get_match", "level": {"icon": "🐞", "name": "DEBUG", "no": 10}, "line": 125, "message": "getting info about match...", "module": "main", "name": "__main__", "process": {"id": 672, "name": "MainProcess"}, "thread": {"id": 10044, "name": "MainThread"}, "time": {"repr": "2024-08-28 23:22:25.845300+05:00", "timestamp": 1724869345.8453}}}
{"text": "2024-08-28T23:22:26.114453+0500 DEBUG reading db\n", "record": {"elapsed": {"repr": "0:00:19.842183", "seconds": 19.842183}, "exception": null, "extra": {}, "file": {"name": "main.py", "path": "C:\\Users\\melni\\PycharmProjects\\1xbet_parser\\main.py"}, "function": "find_game", "level": {"icon": "🐞", "name": "DEBUG", "no": 10}, "line": 60, "message": "reading db", "module": "main", "name": "__main__", "process": {"id": 672, "name": "MainProcess"}, "thread": {"id": 10044, "name": "MainThread"}, "time": {"repr": "2024-08-28 23:22:26.114453+05:00", "timestamp": 1724869346.114453}}}
{"text": "2024-08-28T23:22:26.891915+0500 INFO CS 2. ESEA Advanced. Europe (31.08 15:00)\nLeoGaming - FB\n\n1-я карта -> 2.954 & 1.36\n", "record": {"elapsed": {"repr": "0:00:20.619645", "seconds": 20.619645}, "exception": null, "extra": {}, "file": {"name": "main.py", "path": "C:\\Users\\melni\\PycharmProjects\\1xbet_parser\\main.py"}, "function": "get_message", "level": {"icon": "ℹ️", "name": "INFO", "no": 20}, "line": 30, "message": "CS 2. ESEA Advanced. Europe (31.08 15:00)\nLeoGaming - FB\n\n1-я карта -> 2.954 & 1.36", "module": "main", "name": "__main__", "process": {"id": 672, "name": "MainProcess"}, "thread": {"id": 10044, "name": "MainThread"}, "time": {"repr": "2024-08-28 23:22:26.891915+05:00", "timestamp": 1724869346.891915}}}
{"text": "2024-08-28T23:22:26.892911+0500 INFO message sent\n", "record": {"elapsed": {"repr": "0:00:20.620641", "seconds": 20.620641}, "exception": null, "extra": {}, "file": {"name": "main.py", "path": "C:\\Users\\melni\\PycharmProjects\\1xbet_parser\\main.py"}, "function": "get_message", "level": {"icon": "ℹ️", "name": "INFO", "no": 20}, "line": 31, "message": "message sent", "module": "main", "name": "__main__", "process": {"id": 672, "name": "MainProcess"}, "thread": {"id": 10044, "name": "MainThread"}, "time": {"repr": "2024-08-28 23:22:26.892911+05:00", "timestamp": 1724869346.892911}}}
{"text": "2024-08-28T23:22:26.893915+0500 DEBUG writing bet to db\n", "record": {"elapsed": {"repr": "0:00:20.621645", "seconds": 20.621645}, "exception": null, "extra": {}, "file": {"name": "main.py", "path": "C:\\Users\\melni\\PycharmProjects\\1xbet_parser\\main.py"}, "function": "find_game", "level": {"icon": "🐞", "name": "DEBUG", "no": 10}, "line": 74, "message": "writing bet to db", "module": "main", "name": "__main__", "process": {"id": 672, "name": "MainProcess"}, "thread": {"id": 10044, "name": "MainThread"}, "time": {"repr": "2024-08-28 23:22:26.893915+05:00", "timestamp": 1724869346.893915}}}
{"text": "2024-08-28T23:22:26.894916+0500 DEBUG finding coefficients\n", "record": {"elapsed": {"repr": "0:00:20.622646", "seconds": 20.622646}, "exception": null, "extra": {}, "file": {"name": "main.py", "path": "C:\\Users\\melni\\PycharmProjects\\1xbet_parser\\main.py"}, "function": "get_bet", "level": {"icon": "🐞", "name": "DEBUG", "no": 10}, "line": 100, "message": "finding coefficients", "module": "main", "name": "__main__", "process": {"id": 672, "name": "MainProcess"}, "thread": {"id": 10044, "name": "MainThread"}, "time": {"repr": "2024-08-28 23:22:26.894916+05:00", "timestamp": 1724869346.894916}}}
{"text": "2024-08-28T23:22:26.894916+0500 DEBUG getting info about match...\n", "record": {"elapsed": {"repr": "0:00:20.622646", "seconds": 20.622646}, "exception": null, "extra": {}, "file": {"name": "main.py", "path": "C:\\Users\\melni\\PycharmProjects\\1xbet_parser\\main.py"}, "function": "get_match", "level": {"icon": "🐞", "name": "DEBUG", "no": 10}, "line": 125, "message": "getting info about match...", "module": "main", "name": "__main__", "process": {"id": 672, "name": "MainProcess"}, "thread": {"id": 10044, "name": "MainThread"}, "time": {"repr": "2024-08-28 23:22:26.894916+05:00", "timestamp": 1724869346.894916}}}
{"text": "2024-08-28T23:22:26.895913+0500 DEBUG getting matches...\n", "record": {"elapsed": {"repr": "0:00:20.623643", "seconds": 20.623643}, "exception": null, "extra": {}, "file": {"name": "main.py", "path": "C:\\Users\\melni\\PycharmProjects\\1xbet_parser\\main.py"}, "function": "get_league", "level": {"icon": "🐞", "name": "DEBUG", "no": 10}, "line": 149, "message": "getting matches...", "module": "main", "name": "__main__", "process": {"id": 672, "name": "MainProcess"}, "thread": {"id": 10044, "name": "MainThread"}, "time": {"repr": "2024-08-28 23:22:26.895913+05:00", "timestamp": 1724869346.895913}}}
{"text": "2024-08-28T23:22:26.896914+0500 INFO sleeping...\n", "record": {"elapsed": {"repr": "0:00:20.624644", "seconds": 20.624644}, "exception": null, "extra": {}, "file": {"name": "main.py", "path": "C:\\Users\\melni\\PycharmProjects\\1xbet_parser\\main.py"}, "function": "<module>", "level": {"icon": "ℹ️", "name": "INFO", "no": 20}, "line": 158, "message": "sleeping...", "module": "main", "name": "__main__", "process": {"id": 672, "name": "MainProcess"}, "thread": {"id": 10044, "name": "MainThread"}, "time": {"repr": "2024-08-28 23:22:26.896914+05:00", "timestamp": 1724869346.896914}}}
{"text": "2024-08-29T02:59:00.770526+0500 CRITICAL url doesnt written\n", "record": {"elapsed": {"repr": "0:00:07.472117", "seconds": 7.472117}, "exception": null, "extra": {}, "file": {"name": "main.py", "path": "C:\\Users\\melni\\PycharmProjects\\1xbet_parser\\main.py"}, "function": "get_league", "level": {"icon": "☠️", "name": "CRITICAL", "no": 50}, "line": 155, "message": "url doesnt written", "module": "main", "name": "__main__", "process": {"id": 9752, "name": "MainProcess"}, "thread": {"id": 7160, "name": "MainThread"}, "time": {"repr": "2024-08-29 02:59:00.770526+05:00", "timestamp": 1724882340.770526}}}
{"text": "2024-08-29T02:59:00.896528+0500 CRITICAL 'NoneType' object has no attribute 'split'\n", "record": {"elapsed": {"repr": "0:00:07.598119", "seconds": 7.598119}, "exception": null, "extra": {}, "file": {"name": "main.py", "path": "C:\\Users\\melni\\PycharmProjects\\1xbet_parser\\main.py"}, "function": "get_league", "level": {"icon": "☠️", "name": "CRITICAL", "no": 50}, "line": 156, "message": "'NoneType' object has no attribute 'split'", "module": "main", "name": "__main__", "process": {"id": 9752, "name": "MainProcess"}, "thread": {"id": 7160, "name": "MainThread"}, "time": {"repr": "2024-08-29 02:59:00.896528+05:00", "timestamp": 1724882340.896528}}}
{"text": "2024-08-29T02:59:00.897420+0500 CRITICAL url doesnt written\n", "record": {"elapsed": {"repr": "0:00:07.599011", "seconds": 7.599011}, "exception": null, "extra": {}, "file": {"name": "main.py", "path": "C:\\Users\\melni\\PycharmProjects\\1xbet_parser\\main.py"}, "function": "get_league", "level": {"icon": "☠️", "name": "CRITICAL", "no": 50}, "line": 155, "message": "url doesnt written", "module": "main", "name": "__main__", "process": {"id": 9752, "name": "MainProcess"}, "thread": {"id": 7160, "name": "MainThread"}, "time": {"repr": "2024-08-29 02:59:00.897420+05:00", "timestamp": 1724882340.89742}}}
{"text": "2024-08-29T02:59:00.897420+0500 CRITICAL 'NoneType' object has no attribute 'split'\n", "record": {"elapsed": {"repr": "0:00:07.599011", "seconds": 7.599011}, "exception": null, "extra": {}, "file": {"name": "main.py", "path": "C:\\Users\\melni\\PycharmProjects\\1xbet_parser\\main.py"}, "function": "get_league", "level": {"icon": "☠️", "name": "CRITICAL", "no": 50}, "line": 156, "message": "'NoneType' object has no attribute 'split'", "module": "main", "name": "__main__", "process": {"id": 9752, "name": "MainProcess"}, "thread": {"id": 7160, "name": "MainThread"}, "time": {"repr": "2024-08-29 02:59:00.897420+05:00", "timestamp": 1724882340.89742}}}
{"text": "2024-08-29T02:59:00.898420+0500 CRITICAL url doesnt written\n", "record": {"elapsed": {"repr": "0:00:07.600011", "seconds": 7.600011}, "exception": null, "extra": {}, "file": {"name": "main.py", "path": "C:\\Users\\melni\\PycharmProjects\\1xbet_parser\\main.py"}, "function": "get_league", "level": {"icon": "☠️", "name": "CRITICAL", "no": 50}, "line": 155, "message": "url doesnt written", "module": "main", "name": "__main__", "process": {"id": 9752, "name": "MainProcess"}, "thread": {"id": 7160, "name": "MainThread"}, "time": {"repr": "2024-08-29 02:59:00.898420+05:00", "timestamp": 1724882340.89842}}}
{"text": "2024-08-29T02:59:00.898420+0500 CRITICAL 'NoneType' object has no attribute 'split'\n", "record": {"elapsed": {"repr": "0:00:07.600011", "seconds": 7.600011}, "exception": null, "extra": {}, "file": {"name": "main.py", "path": "C:\\Users\\melni\\PycharmProjects\\1xbet_parser\\main.py"}, "function": "get_league", "level": {"icon": "☠️", "name": "CRITICAL", "no": 50}, "line": 156, "message": "'NoneType' object has no attribute 'split'", "module": "main", "name": "__main__", "process": {"id": 9752, "name": "MainProcess"}, "thread": {"id": 7160, "name": "MainThread"}, "time": {"repr": "2024-08-29 02:59:00.898420+05:00", "timestamp": 1724882340.89842}}}
{"text": "2024-08-29T02:59:00.899420+0500 CRITICAL url doesnt written\n", "record": {"elapsed": {"repr": "0:00:07.601011", "seconds": 7.601011}, "exception": null, "extra": {}, "file": {"name": "main.py", "path": "C:\\Users\\melni\\PycharmProjects\\1xbet_parser\\main.py"}, "function": "get_league", "level": {"icon": "☠️", "name": "CRITICAL", "no": 50}, "line": 155, "message": "url doesnt written", "module": "main", "name": "__main__", "process": {"id": 9752, "name": "MainProcess"}, "thread": {"id": 7160, "name": "MainThread"}, "time": {"repr": "2024-08-29 02:59:00.899420+05:00", "timestamp": 1724882340.89942}}}
{"text": "2024-08-29T02:59:00.899420+0500 CRITICAL 'NoneType' object has no attribute 'split'\n", "record": {"elapsed": {"repr": "0:00:07.601011", "seconds": 7.601011}, "exception": null, "extra": {}, "file": {"name": "main.py", "path": "C:\\Users\\melni\\PycharmProjects\\1xbet_parser\\main.py"}, "function": "get_league", "level": {"icon": "☠️", "name": "CRITICAL", "no": 50}, "line": 156, "message": "'NoneType' object has no attribute 'split'", "module": "main", "name": "__main__", "process": {"id": 9752, "name": "MainProcess"}, "thread": {"id": 7160, "name": "MainThread"}, "time": {"repr": "2024-08-29 02:59:00.899420+05:00", "timestamp": 1724882340.89942}}}
{"text": "2024-08-29T02:59:00.899420+0500 CRITICAL url doesnt written\n", "record": {"elapsed": {"repr": "0:00:07.601011", "seconds": 7.601011}, "exception": null, "extra": {}, "file": {"name": "main.py", "path": "C:\\Users\\melni\\PycharmProjects\\1xbet_parser\\main.py"}, "function": "get_league", "level": {"icon": "☠️", "name": "CRITICAL", "no": 50}, "line": 155, "message": "url doesnt written", "module": "main", "name": "__main__", "process": {"id": 9752, "name": "MainProcess"}, "thread": {"id": 7160, "name": "MainThread"}, "time": {"repr": "2024-08-29 02:59:00.899420+05:00", "timestamp": 1724882340.89942}}}
{"text": "2024-08-29T02:59:00.899420+0500 CRITICAL 'NoneType' object has no attribute 'split'\n", "record": {"elapsed": {"repr": "0:00:07.601011", "seconds": 7.601011}, "exception": null, "extra": {}, "file": {"name": "main.py", "path": "C:\\Users\\melni\\PycharmProjects\\1xbet_parser\\main.py"}, "function": "get_league", "level": {"icon": "☠️", "name": "CRITICAL", "no": 50}, "line": 156, "message": "'NoneType' object has no attribute 'split'", "module": "main", "name": "__main__", "process": {"id": 9752, "name": "MainProcess"}, "thread": {"id": 7160, "name": "MainThread"}, "time": {"repr": "2024-08-29 02:59:00.899420+05:00", "timestamp": 1724882340.89942}}}
{"text": "2024-08-29T02:59:00.900419+0500 CRITICAL url doesnt written\n", "record": {"elapsed": {"repr": "0:00:07.602010", "seconds": 7.60201}, "exception": null, "extra": {}, "file": {"name": "main.py", "path": "C:\\Users\\melni\\PycharmProjects\\1xbet_parser\\main.py"}, "function": "get_league", "level": {"icon": "☠️", "name": "CRITICAL", "no": 50}, "line": 155, "message": "url doesnt written", "module": "main", "name": "__main__", "process": {"id": 9752, "name": "MainProcess"}, "thread": {"id": 7160, "name": "MainThread"}, "time": {"repr": "2024-08-29 02:59:00.900419+05:00", "timestamp": 1724882340.900419}}}
{"text": "2024-08-29T02:59:00.907881+0500 CRITICAL 'NoneType' object has no attribute 'split'\n", "record": {"elapsed": {"repr": "0:00:07.609472", "seconds": 7.609472}, "exception": null, "extra": {}, "file": {"name": "main.py", "path": "C:\\Users\\melni\\PycharmProjects\\1xbet_parser\\main.py"}, "function": "get_league", "level": {"icon": "☠️", "name": "CRITICAL", "no": 50}, "line": 156, "message": "'NoneType' object has no attribute 'split'", "module": "main", "name": "__main__", "process": {"id": 9752, "name": "MainProcess"}, "thread": {"id": 7160, "name": "MainThread"}, "time": {"repr": "2024-08-29 02:59:00.907881+05:00", "timestamp": 1724882340.907881}}}
{"text": "2024-08-29T02:59:00.908884+0500 CRITICAL url doesnt written\n", "record": {"elapsed": {"repr": "0:00:07.610475", "seconds": 7.610475}, "exception": null, "extra": {}, "file": {"name": "main.py", "path": "C:\\Users\\melni\\PycharmProjects\\1xbet_parser\\main.py"}, "function": "get_league", "level": {"icon": "☠️", "name": "CRITICAL", "no": 50}, "line": 155, "message": "url doesnt written", "module": "main", "name": "__main__", "process": {"id": 9752, "name": "MainProcess"}, "thread": {"id": 7160, "name": "MainThread"}, "time": {"repr": "2024-08-29 02:59:00.908884+05:00", "timestamp": 1724882340.908884}}}
{"text": "2024-08-29T02:59:00.909881+0500 CRITICAL 'NoneType' object has no attribute 'split'\n", "record": {"elapsed": {"repr": "0:00:07.611472", "seconds": 7.611472}, "exception": null, "extra": {}, "file": {"name": "main.py", "path": "C:\\Users\\melni\\PycharmProjects\\1xbet_parser\\main.py"}, "function": "get_league", "level": {"icon": "☠️", "name": "CRITICAL", "no": 50}, "line": 156, "message": "'NoneType' object has no attribute 'split'", "module": "main", "name": "__main__", "process": {"id": 9752, "name": "MainProcess"}, "thread": {"id": 7160, "name": "MainThread"}, "time": {"repr": "2024-08-29 02:59:00.909881+05:00", "timestamp": 1724882340.909881}}}
{"text": "2024-08-29T02:59:00.909881+0500 CRITICAL url doesnt written\n", "record": {"elapsed": {"repr": "0:00:07.611472", "seconds": 7.611472}, "exception": null, "extra": {}, "file": {"name": "main.py", "path": "C:\\Users\\melni\\PycharmProjects\\1xbet_parser\\main.py"}, "function": "get_league", "level": {"icon": "☠️", "name": "CRITICAL", "no": 50}, "line": 155, "message": "url doesnt written", "module": "main", "name": "__main__", "process": {"id": 9752, "name": "MainProcess"}, "thread": {"id": 7160, "name": "MainThread"}, "time": {"repr": "2024-08-29 02:59:00.909881+05:00", "timestamp": 1724882340.909881}}}
{"text": "2024-08-29T02:59:00.910884+0500 CRITICAL 'NoneType' object has no attribute 'split'\n", "record": {"elapsed": {"repr": "0:00:07.612475", "seconds": 7.612475}, "exception": null, "extra": {}, "file": {"name": "main.py", "path": "C:\\Users\\melni\\PycharmProjects\\1xbet_parser\\main.py"}, "function": "get_league", "level": {"icon": "☠️", "name": "CRITICAL", "no": 50}, "line": 156, "message": "'NoneType' object has no attribute 'split'", "module": "main", "name": "__main__", "process": {"id": 9752, "name": "MainProcess"}, "thread": {"id": 7160, "name": "MainThread"}, "time": {"repr": "2024-08-29 02:59:00.910884+05:00", "timestamp": 1724882340.910884}}}
{"text": "2024-08-29T02:59:00.911883+0500 CRITICAL url doesnt written\n", "record": {"elapsed": {"repr": "0:00:07.613474", "seconds": 7.613474}, "exception": null, "extra": {}, "file": {"name": "main.py", "path": "C:\\Users\\melni\\PycharmProjects\\1xbet_parser\\main.py"}, "function": "get_league", "level": {"icon": "☠️", "name": "CRITICAL", "no": 50}, "line": 155, "message": "url doesnt written", "module": "main", "name": "__main__", "process": {"id": 9752, "name": "MainProcess"}, "thread": {"id": 7160, "name": "MainThread"}, "time": {"repr": "2024-08-29 02:59:00.911883+05:00", "timestamp": 1724882340.911883}}}
{"text": "2024-08-29T02:59:00.911883+0500 CRITICAL 'NoneType' object has no attribute 'split'\n", "record": {"elapsed": {"repr": "0:00:07.613474", "seconds": 7.613474}, "exception": null, "extra": {}, "file": {"name": "main.py", "path": "C:\\Users\\melni\\PycharmProjects\\1xbet_parser\\main.py"}, "function": "get_league", "level": {"icon": "☠️", "name": "CRITICAL", "no": 50}, "line": 156, "message": "'NoneType' object has no attribute 'split'", "module": "main", "name": "__main__", "process": {"id": 9752, "name": "MainProcess"}, "thread": {"id": 7160, "name": "MainThread"}, "time": {"repr": "2024-08-29 02:59:00.911883+05:00", "timestamp": 1724882340.911883}}}
{"text": "2024-08-29T02:59:00.912883+0500 CRITICAL url doesnt written\n", "record": {"elapsed": {"repr": "0:00:07.614474", "seconds": 7.614474}, "exception": null, "extra": {}, "file": {"name": "main.py", "path": "C:\\Users\\melni\\PycharmProjects\\1xbet_parser\\main.py"}, "function": "get_league", "level": {"icon": "☠️", "name": "CRITICAL", "no": 50}, "line": 155, "message": "url doesnt written", "module": "main", "name": "__main__", "process": {"id": 9752, "name": "MainProcess"}, "thread": {"id": 7160, "name": "MainThread"}, "time": {"repr": "2024-08-29 02:59:00.912883+05:00", "timestamp": 1724882340.912883}}}
{"text": "2024-08-29T02:59:00.912883+0500 CRITICAL 'NoneType' object has no attribute 'split'\n", "record": {"elapsed": {"repr": "0:00:07.614474", "seconds": 7.614474}, "exception": null, "extra": {}, "file": {"name": "main.py", "path": "C:\\Users\\melni\\PycharmProjects\\1xbet_parser\\main.py"}, "function": "get_league", "level": {"icon": "☠️", "name": "CRITICAL", "no": 50}, "line": 156, "message": "'NoneType' object has no attribute 'split'", "module": "main", "name": "__main__", "process": {"id": 9752, "name": "MainProcess"}, "thread": {"id": 7160, "name": "MainThread"}, "time": {"repr": "2024-08-29 02:59:00.912883+05:00", "timestamp": 1724882340.912883}}}
{"text": "2024-08-29T02:59:00.960908+0500 CRITICAL url doesnt written\n", "record": {"elapsed": {"repr": "0:00:07.662499", "seconds": 7.662499}, "exception": null, "extra": {}, "file": {"name": "main.py", "path": "C:\\Users\\melni\\PycharmProjects\\1xbet_parser\\main.py"}, "function": "get_league", "level": {"icon": "☠️", "name": "CRITICAL", "no": 50}, "line": 155, "message": "url doesnt written", "module": "main", "name": "__main__", "process": {"id": 9752, "name": "MainProcess"}, "thread": {"id": 7160, "name": "MainThread"}, "time": {"repr": "2024-08-29 02:59:00.960908+05:00", "timestamp": 1724882340.960908}}}
{"text": "2024-08-29T02:59:00.961908+0500 CRITICAL 'NoneType' object has no attribute 'split'\n", "record": {"elapsed": {"repr": "0:00:07.663499", "seconds": 7.663499}, "exception": null, "extra": {}, "file": {"name": "main.py", "path": "C:\\Users\\melni\\PycharmProjects\\1xbet_parser\\main.py"}, "function": "get_league", "level": {"icon": "☠️", "name": "CRITICAL", "no": 50}, "line": 156, "message": "'NoneType' object has no attribute 'split'", "module": "main", "name": "__main__", "process": {"id": 9752, "name": "MainProcess"}, "thread": {"id": 7160, "name": "MainThread"}, "time": {"repr": "2024-08-29 02:59:00.961908+05:00", "timestamp": 1724882340.961908}}}
{"text": "2024-08-29T02:59:00.961908+0500 CRITICAL url doesnt written\n", "record": {"elapsed": {"repr": "0:00:07.663499", "seconds": 7.663499}, "exception": null, "extra": {}, "file": {"name": "main.py", "path": "C:\\Users\\melni\\PycharmProjects\\1xbet_parser\\main.py"}, "function": "get_league", "level": {"icon": "☠️", "name": "CRITICAL", "no": 50}, "line": 155, "message": "url doesnt written", "module": "main", "name": "__main__", "process": {"id": 9752, "name": "MainProcess"}, "thread": {"id": 7160, "name": "MainThread"}, "time": {"repr": "2024-08-29 02:59:00.961908+05:00", "timestamp": 1724882340.961908}}}
{"text": "2024-08-29T02:59:01.039095+0500 CRITICAL 'NoneType' object has no attribute 'split'\n", "record": {"elapsed": {"repr": "0:00:07.740686", "seconds": 7.740686}, "exception": null, "extra": {}, "file": {"name": "main.py", "path": "C:\\Users\\melni\\PycharmProjects\\1xbet_parser\\main.py"}, "function": "get_league", "level": {"icon": "☠️", "name": "CRITICAL", "no": 50}, "line": 156, "message": "'NoneType' object has no attribute 'split'", "module": "main", "name": "__main__", "process": {"id": 9752, "name": "MainProcess"}, "thread": {"id": 7160, "name": "MainThread"}, "time": {"repr": "2024-08-29 02:59:01.039095+05:00", "timestamp": 1724882341.039095}}}
{"text": "2024-08-29T02:59:01.039095+0500 CRITICAL url doesnt written\n", "record": {"elapsed": {"repr": "0:00:07.740686", "seconds": 7.740686}, "exception": null, "extra": {}, "file": {"name": "main.py", "path": "C:\\Users\\melni\\PycharmProjects\\1xbet_parser\\main.py"}, "function": "get_league", "level": {"icon": "☠️", "name": "CRITICAL", "no": 50}, "line": 155, "message": "url doesnt written", "module": "main", "name": "__main__", "process": {"id": 9752, "name": "MainProcess"}, "thread": {"id": 7160, "name": "MainThread"}, "time": {"repr": "2024-08-29 02:59:01.039095+05:00", "timestamp": 1724882341.039095}}}
{"text": "2024-08-29T02:59:01.040095+0500 CRITICAL 'NoneType' object has no attribute 'split'\n", "record": {"elapsed": {"repr": "0:00:07.741686", "seconds": 7.741686}, "exception": null, "extra": {}, "file": {"name": "main.py", "path": "C:\\Users\\melni\\PycharmProjects\\1xbet_parser\\main.py"}, "function": "get_league", "level": {"icon": "☠️", "name": "CRITICAL", "no": 50}, "line": 156, "message": "'NoneType' object has no attribute 'split'", "module": "main", "name": "__main__", "process": {"id": 9752, "name": "MainProcess"}, "thread": {"id": 7160, "name": "MainThread"}, "time": {"repr": "2024-08-29 02:59:01.040095+05:00", "timestamp": 1724882341.040095}}}
{"text": "2024-08-29T02:59:01.085649+0500 CRITICAL url doesnt written\n", "record": {"elapsed": {"repr": "0:00:07.787240", "seconds": 7.78724}, "exception": null, "extra": {}, "file": {"name": "main.py", "path": "C:\\Users\\melni\\PycharmProjects\\1xbet_parser\\main.py"}, "function": "get_league", "level": {"icon": "☠️", "name": "CRITICAL", "no": 50}, "line": 155, "message": "url doesnt written", "module": "main", "name": "__main__", "process": {"id": 9752, "name": "MainProcess"}, "thread": {"id": 7160, "name": "MainThread"}, "time": {"repr": "2024-08-29 02:59:01.085649+05:00", "timestamp": 1724882341.085649}}}
{"text": "2024-08-29T02:59:01.086651+0500 CRITICAL 'NoneType' object has no attribute 'split'\n", "record": {"elapsed": {"repr": "0:00:07.788242", "seconds": 7.788242}, "exception": null, "extra": {}, "file": {"name": "main.py", "path": "C:\\Users\\melni\\PycharmProjects\\1xbet_parser\\main.py"}, "function": "get_league", "level": {"icon": "☠️", "name": "CRITICAL", "no": 50}, "line": 156, "message": "'NoneType' object has no attribute 'split'", "module": "main", "name": "__main__", "process": {"id": 9752, "name": "MainProcess"}, "thread": {"id": 7160, "name": "MainThread"}, "time": {"repr": "2024-08-29 02:59:01.086651+05:00", "timestamp": 1724882341.086651}}}
{"text": "2024-08-29T02:59:01.086651+0500 CRITICAL url doesnt written\n", "record": {"elapsed": {"repr": "0:00:07.788242", "seconds": 7.788242}, "exception": null, "extra": {}, "file": {"name": "main.py", "path": "C:\\Users\\melni\\PycharmProjects\\1xbet_parser\\main.py"}, "function": "get_league", "level": {"icon": "☠️", "name": "CRITICAL", "no": 50}, "line": 155, "message": "url doesnt written", "module": "main", "name": "__main__", "process": {"id": 9752, "name": "MainProcess"}, "thread": {"id": 7160, "name": "MainThread"}, "time": {"repr": "2024-08-29 02:59:01.086651+05:00", "timestamp": 1724882341.086651}}}
{"text": "2024-08-29T02:59:01.087652+0500 CRITICAL 'NoneType' object has no attribute 'split'\n", "record": {"elapsed": {"repr": "0:00:07.789243", "seconds": 7.789243}, "exception": null, "extra": {}, "file": {"name": "main.py", "path": "C:\\Users\\melni\\PycharmProjects\\1xbet_parser\\main.py"}, "function": "get_league", "level": {"icon": "☠️", "name": "CRITICAL", "no": 50}, "line": 156, "message": "'NoneType' object has no attribute 'split'", "module": "main", "name": "__main__", "process": {"id": 9752, "name": "MainProcess"}, "thread": {"id": 7160, "name": "MainThread"}, "time": {"repr": "2024-08-29 02:59:01.087652+05:00", "timestamp": 1724882341.087652}}}
{"text": "2024-08-29T02:59:01.087652+0500 CRITICAL url doesnt written\n", "record": {"elapsed": {"repr": "0:00:07.789243", "seconds": 7.789243}, "exception": null, "extra": {}, "file": {"name": "main.py", "path": "C:\\Users\\melni\\PycharmProjects\\1xbet_parser\\main.py"}, "function": "get_league", "level": {"icon": "☠️", "name": "CRITICAL", "no": 50}, "line": 155, "message": "url doesnt written", "module": "main", "name": "__main__", "process": {"id": 9752, "name": "MainProcess"}, "thread": {"id": 7160, "name": "MainThread"}, "time": {"repr": "2024-08-29 02:59:01.087652+05:00", "timestamp": 1724882341.087652}}}
{"text": "2024-08-29T02:59:01.088652+0500 CRITICAL 'NoneType' object has no attribute 'split'\n", "record": {"elapsed": {"repr": "0:00:07.790243", "seconds": 7.790243}, "exception": null, "extra": {}, "file": {"name": "main.py", "path": "C:\\Users\\melni\\PycharmProjects\\1xbet_parser\\main.py"}, "function": "get_league", "level": {"icon": "☠️", "name": "CRITICAL", "no": 50}, "line": 156, "message": "'NoneType' object has no attribute 'split'", "module": "main", "name": "__main__", "process": {"id": 9752, "name": "MainProcess"}, "thread": {"id": 7160, "name": "MainThread"}, "time": {"repr": "2024-08-29 02:59:01.088652+05:00", "timestamp": 1724882341.088652}}}
{"text": "2024-08-29T02:59:01.100731+0500 CRITICAL url doesnt written\n", "record": {"elapsed": {"repr": "0:00:07.802322", "seconds": 7.802322}, "exception": null, "extra": {}, "file": {"name": "main.py", "path": "C:\\Users\\melni\\PycharmProjects\\1xbet_parser\\main.py"}, "function": "get_league", "level": {"icon": "☠️", "name": "CRITICAL", "no": 50}, "line": 155, "message": "url doesnt written", "module": "main", "name": "__main__", "process": {"id": 9752, "name": "MainProcess"}, "thread": {"id": 7160, "name": "MainThread"}, "time": {"repr": "2024-08-29 02:59:01.100731+05:00", "timestamp": 1724882341.100731}}}
{"text": "2024-08-29T02:59:01.101727+0500 CRITICAL 'NoneType' object has no attribute 'split'\n", "record": {"elapsed": {"repr": "0:00:07.803318", "seconds": 7.803318}, "exception": null, "extra": {}, "file": {"name": "main.py", "path": "C:\\Users\\melni\\PycharmProjects\\1xbet_parser\\main.py"}, "function": "get_league", "level": {"icon": "☠️", "name": "CRITICAL", "no": 50}, "line": 156, "message": "'NoneType' object has no attribute 'split'", "module": "main", "name": "__main__", "process": {"id": 9752, "name": "MainProcess"}, "thread": {"id": 7160, "name": "MainThread"}, "time": {"repr": "2024-08-29 02:59:01.101727+05:00", "timestamp": 1724882341.101727}}}
{"text": "2024-08-29T02:59:01.101727+0500 CRITICAL url doesnt written\n", "record": {"elapsed": {"repr": "0:00:07.803318", "seconds": 7.803318}, "exception": null, "extra": {}, "file": {"name": "main.py", "path": "C:\\Users\\melni\\PycharmProjects\\1xbet_parser\\main.py"}, "function": "get_league", "level": {"icon": "☠️", "name": "CRITICAL", "no": 50}, "line": 155, "message": "url doesnt written", "module": "main", "name": "__main__", "process": {"id": 9752, "name": "MainProcess"}, "thread": {"id": 7160, "name": "MainThread"}, "time": {"repr": "2024-08-29 02:59:01.101727+05:00", "timestamp": 1724882341.101727}}}
{"text": "2024-08-29T02:59:01.103730+0500 CRITICAL 'NoneType' object has no attribute 'split'\n", "record": {"elapsed": {"repr": "0:00:07.805321", "seconds": 7.805321}, "exception": null, "extra": {}, "file": {"name": "main.py", "path": "C:\\Users\\melni\\PycharmProjects\\1xbet_parser\\main.py"}, "function": "get_league", "level": {"icon": "☠️", "name": "CRITICAL", "no": 50}, "line": 156, "message": "'NoneType' object has no attribute 'split'", "module": "main", "name": "__main__", "process": {"id": 9752, "name": "MainProcess"}, "thread": {"id": 7160, "name": "MainThread"}, "time": {"repr": "2024-08-29 02:59:01.103730+05:00", "timestamp": 1724882341.10373}}}
{"text": "2024-08-29T02:59:01.104729+0500 CRITICAL url doesnt written\n", "record": {"elapsed": {"repr": "0:00:07.806320", "seconds": 7.80632}, "exception": null, "extra": {}, "file": {"name": "main.py", "path": "C:\\Users\\melni\\PycharmProjects\\1xbet_parser\\main.py"}, "function": "get_league", "level": {"icon": "☠️", "name": "CRITICAL", "no": 50}, "line": 155, "message": "url doesnt written", "module": "main", "name": "__main__", "process": {"id": 9752, "name": "MainProcess"}, "thread": {"id": 7160, "name": "MainThread"}, "time": {"repr": "2024-08-29 02:59:01.104729+05:00", "timestamp": 1724882341.104729}}}
{"text": "2024-08-29T02:59:01.104729+0500 CRITICAL 'NoneType' object has no attribute 'split'\n", "record": {"elapsed": {"repr": "0:00:07.806320", "seconds": 7.80632}, "exception": null, "extra": {}, "file": {"name": "main.py", "path": "C:\\Users\\melni\\PycharmProjects\\1xbet_parser\\main.py"}, "function": "get_league", "level": {"icon": "☠️", "name": "CRITICAL", "no": 50}, "line": 156, "message": "'NoneType' object has no attribute 'split'", "module": "main", "name": "__main__", "process": {"id": 9752, "name": "MainProcess"}, "thread": {"id": 7160, "name": "MainThread"}, "time": {"repr": "2024-08-29 02:59:01.104729+05:00", "timestamp": 1724882341.104729}}}
{"text": "2024-08-29T02:59:01.134740+0500 CRITICAL url doesnt written\n", "record": {"elapsed": {"repr": "0:00:07.836331", "seconds": 7.836331}, "exception": null, "extra": {}, "file": {"name": "main.py", "path": "C:\\Users\\melni\\PycharmProjects\\1xbet_parser\\main.py"}, "function": "get_league", "level": {"icon": "☠️", "name": "CRITICAL", "no": 50}, "line": 155, "message": "url doesnt written", "module": "main", "name": "__main__", "process": {"id": 9752, "name": "MainProcess"}, "thread": {"id": 7160, "name": "MainThread"}, "time": {"repr": "2024-08-29 02:59:01.134740+05:00", "timestamp": 1724882341.13474}}}
{"text": "2024-08-29T02:59:01.135742+0500 CRITICAL 'NoneType' object has no attribute 'split'\n", "record": {"elapsed": {"repr": "0:00:07.837333", "seconds": 7.837333}, "exception": null, "extra": {}, "file": {"name": "main.py", "path": "C:\\Users\\melni\\PycharmProjects\\1xbet_parser\\main.py"}, "function": "get_league", "level": {"icon": "☠️", "name": "CRITICAL", "no": 50}, "line": 156, "message": "'NoneType' object has no attribute 'split'", "module": "main", "name": "__main__", "process": {"id": 9752, "name": "MainProcess"}, "thread": {"id": 7160, "name": "MainThread"}, "time": {"repr": "2024-08-29 02:59:01.135742+05:00", "timestamp": 1724882341.135742}}}
{"text": "2024-08-29T02:59:01.135742+0500 CRITICAL url doesnt written\n", "record": {"elapsed": {"repr": "0:00:07.837333", "seconds": 7.837333}, "exception": null, "extra": {}, "file": {"name": "main.py", "path": "C:\\Users\\melni\\PycharmProjects\\1xbet_parser\\main.py"}, "function": "get_league", "level": {"icon": "☠️", "name": "CRITICAL", "no": 50}, "line": 155, "message": "url doesnt written", "module": "main", "name": "__main__", "process": {"id": 9752, "name": "MainProcess"}, "thread": {"id": 7160, "name": "MainThread"}, "time": {"repr": "2024-08-29 02:59:01.135742+05:00", "timestamp": 1724882341.135742}}}
{"text": "2024-08-29T02:59:01.136741+0500 CRITICAL 'NoneType' object has no attribute 'split'\n", "record": {"elapsed": {"repr": "0:00:07.838332", "seconds": 7.838332}, "exception": null, "extra": {}, "file": {"name": "main.py", "path": "C:\\Users\\melni\\PycharmProjects\\1xbet_parser\\main.py"}, "function": "get_league", "level": {"icon": "☠️", "name": "CRITICAL", "no": 50}, "line": 156, "message": "'NoneType' object has no attribute 'split'", "module": "main", "name": "__main__", "process": {"id": 9752, "name": "MainProcess"}, "thread": {"id": 7160, "name": "MainThread"}, "time": {"repr": "2024-08-29 02:59:01.136741+05:00", "timestamp": 1724882341.136741}}}
{"text": "2024-08-29T02:59:01.137742+0500 CRITICAL url doesnt written\n", "record": {"elapsed": {"repr": "0:00:07.839333", "seconds": 7.839333}, "exception": null, "extra": {}, "file": {"name": "main.py", "path": "C:\\Users\\melni\\PycharmProjects\\1xbet_parser\\main.py"}, "function": "get_league", "level": {"icon": "☠️", "name": "CRITICAL", "no": 50}, "line": 155, "message": "url doesnt written", "module": "main", "name": "__main__", "process": {"id": 9752, "name": "MainProcess"}, "thread": {"id": 7160, "name": "MainThread"}, "time": {"repr": "2024-08-29 02:59:01.137742+05:00", "timestamp": 1724882341.137742}}}
{"text": "2024-08-29T02:59:01.137742+0500 CRITICAL 'NoneType' object has no attribute 'split'\n", "record": {"elapsed": {"repr": "0:00:07.839333", "seconds": 7.839333}, "exception": null, "extra": {}, "file": {"name": "main.py", "path": "C:\\Users\\melni\\PycharmProjects\\1xbet_parser\\main.py"}, "function": "get_league", "level": {"icon": "☠️", "name": "CRITICAL", "no": 50}, "line": 156, "message": "'NoneType' object has no attribute 'split'", "module": "main", "name": "__main__", "process": {"id": 9752, "name": "MainProcess"}, "thread": {"id": 7160, "name": "MainThread"}, "time": {"repr": "2024-08-29 02:59:01.137742+05:00", "timestamp": 1724882341.137742}}}
{"text": "2024-08-29T02:59:01.138741+0500 CRITICAL url doesnt written\n", "record": {"elapsed": {"repr": "0:00:07.840332", "seconds": 7.840332}, "exception": null, "extra": {}, "file": {"name": "main.py", "path": "C:\\Users\\melni\\PycharmProjects\\1xbet_parser\\main.py"}, "function": "get_league", "level": {"icon": "☠️", "name": "CRITICAL", "no": 50}, "line": 155, "message": "url doesnt written", "module": "main", "name": "__main__", "process": {"id": 9752, "name": "MainProcess"}, "thread": {"id": 7160, "name": "MainThread"}, "time": {"repr": "2024-08-29 02:59:01.138741+05:00", "timestamp": 1724882341.138741}}}
{"text": "2024-08-29T02:59:01.138741+0500 CRITICAL 'NoneType' object has no attribute 'split'\n", "record": {"elapsed": {"repr": "0:00:07.840332", "seconds": 7.840332}, "exception": null, "extra": {}, "file": {"name": "main.py", "path": "C:\\Users\\melni\\PycharmProjects\\1xbet_parser\\main.py"}, "function": "get_league", "level": {"icon": "☠️", "name": "CRITICAL", "no": 50}, "line": 156, "message": "'NoneType' object has no attribute 'split'", "module": "main", "name": "__main__", "process": {"id": 9752, "name": "MainProcess"}, "thread": {"id": 7160, "name": "MainThread"}, "time": {"repr": "2024-08-29 02:59:01.138741+05:00", "timestamp": 1724882341.138741}}}
{"text": "2024-08-29T02:59:01.325885+0500 CRITICAL url doesnt written\n", "record": {"elapsed": {"repr": "0:00:08.027476", "seconds": 8.027476}, "exception": null, "extra": {}, "file": {"name": "main.py", "path": "C:\\Users\\melni\\PycharmProjects\\1xbet_parser\\main.py"}, "function": "get_league", "level": {"icon": "☠️", "name": "CRITICAL", "no": 50}, "line": 155, "message": "url doesnt written", "module": "main", "name": "__main__", "process": {"id": 9752, "name": "MainProcess"}, "thread": {"id": 7160, "name": "MainThread"}, "time": {"repr": "2024-08-29 02:59:01.325885+05:00", "timestamp": 1724882341.325885}}}
{"text": "2024-08-29T02:59:01.337892+0500 CRITICAL 'NoneType' object has no attribute 'split'\n", "record": {"elapsed": {"repr": "0:00:08.039483", "seconds": 8.039483}, "exception": null, "extra": {}, "file": {"name": "main.py", "path": "C:\\Users\\melni\\PycharmProjects\\1xbet_parser\\main.py"}, "function": "get_league", "level": {"icon": "☠️", "name": "CRITICAL", "no": 50}, "line": 156, "message": "'NoneType' object has no attribute 'split'", "module": "main", "name": "__main__", "process": {"id": 9752, "name": "MainProcess"}, "thread": {"id": 7160, "name": "MainThread"}, "time": {"repr": "2024-08-29 02:59:01.337892+05:00", "timestamp": 1724882341.337892}}}
{"text": "2024-08-29T02:59:01.337892+0500 CRITICAL url doesnt written\n", "record": {"elapsed": {"repr": "0:00:08.039483", "seconds": 8.039483}, "exception": null, "extra": {}, "file": {"name": "main.py", "path": "C:\\Users\\melni\\PycharmProjects\\1xbet_parser\\main.py"}, "function": "get_league", "level": {"icon": "☠️", "name": "CRITICAL", "no": 50}, "line": 155, "message": "url doesnt written", "module": "main", "name": "__main__", "process": {"id": 9752, "name": "MainProcess"}, "thread": {"id": 7160, "name": "MainThread"}, "time": {"repr": "2024-08-29 02:59:01.337892+05:00", "timestamp": 1724882341.337892}}}
{"text": "2024-08-29T02:59:01.338892+0500 CRITICAL 'NoneType' object has no attribute 'split'\n", "record": {"elapsed": {"repr": "0:00:08.040483", "seconds": 8.040483}, "exception": null, "extra": {}, "file": {"name": "main.py", "path": "C:\\Users\\melni\\PycharmProjects\\1xbet_parser\\main.py"}, "function": "get_league", "level": {"icon": "☠️", "name": "CRITICAL", "no": 50}, "line": 156, "message": "'NoneType' object has no attribute 'split'", "module": "main", "name": "__main__", "process": {"id": 9752, "name": "MainProcess"}, "thread": {"id": 7160, "name": "MainThread"}, "time": {"repr": "2024-08-29 02:59:01.338892+05:00", "timestamp": 1724882341.338892}}}
{"text": "2024-08-29T02:59:01.338892+0500 CRITICAL url doesnt written\n", "record": {"elapsed": {"repr": "0:00:08.040483", "seconds": 8.040483}, "exception": null, "extra": {}, "file": {"name": "main.py", "path": "C:\\Users\\melni\\PycharmProjects\\1xbet_parser\\main.py"}, "function": "get_league", "level": {"icon": "☠️", "name": "CRITICAL", "no": 50}, "line": 155, "message": "url doesnt written", "module": "main", "name": "__main__", "process": {"id": 9752, "name": "MainProcess"}, "thread": {"id": 7160, "name": "MainThread"}, "time": {"repr": "2024-08-29 02:59:01.338892+05:00", "timestamp": 1724882341.338892}}}
{"text": "2024-08-29T02:59:01.339891+0500 CRITICAL 'NoneType' object has no attribute 'split'\n", "record": {"elapsed": {"repr": "0:00:08.041482", "seconds": 8.041482}, "exception": null, "extra": {}, "file": {"name": "main.py", "path": "C:\\Users\\melni\\PycharmProjects\\1xbet_parser\\main.py"}, "function": "get_league", "level": {"icon": "☠️", "name": "CRITICAL", "no": 50}, "line": 156, "message": "'NoneType' object has no attribute 'split'", "module": "main", "name": "__main__", "process": {"id": 9752, "name": "MainProcess"}, "thread": {"id": 7160, "name": "MainThread"}, "time": {"repr": "2024-08-29 02:59:01.339891+05:00", "timestamp": 1724882341.339891}}}
{"text": "2024-08-29T02:59:01.339891+0500 CRITICAL url doesnt written\n", "record": {"elapsed": {"repr": "0:00:08.041482", "seconds": 8.041482}, "exception": null, "extra": {}, "file": {"name": "main.py", "path": "C:\\Users\\melni\\PycharmProjects\\1xbet_parser\\main.py"}, "function": "get_league", "level": {"icon": "☠️", "name": "CRITICAL", "no": 50}, "line": 155, "message": "url doesnt written", "module": "main", "name": "__main__", "process": {"id": 9752, "name": "MainProcess"}, "thread": {"id": 7160, "name": "MainThread"}, "time": {"repr": "2024-08-29 02:59:01.339891+05:00", "timestamp": 1724882341.339891}}}
{"text": "2024-08-29T02:59:01.340891+0500 CRITICAL 'NoneType' object has no attribute 'split'\n", "record": {"elapsed": {"repr": "0:00:08.042482", "seconds": 8.042482}, "exception": null, "extra": {}, "file": {"name": "main.py", "path": "C:\\Users\\melni\\PycharmProjects\\1xbet_parser\\main.py"}, "function": "get_league", "level": {"icon": "☠️", "name": "CRITICAL", "no": 50}, "line": 156, "message": "'NoneType' object has no attribute 'split'", "module": "main", "name": "__main__", "process": {"id": 9752, "name": "MainProcess"}, "thread": {"id": 7160, "name": "MainThread"}, "time": {"repr": "2024-08-29 02:59:01.340891+05:00", "timestamp": 1724882341.340891}}}
{"text": "2024-08-29T02:59:01.341889+0500 CRITICAL url doesnt written\n", "record": {"elapsed": {"repr": "0:00:08.043480", "seconds": 8.04348}, "exception": null, "extra": {}, "file": {"name": "main.py", "path": "C:\\Users\\melni\\PycharmProjects\\1xbet_parser\\main.py"}, "function": "get_league", "level": {"icon": "☠️", "name": "CRITICAL", "no": 50}, "line": 155, "message": "url doesnt written", "module": "main", "name": "__main__", "process": {"id": 9752, "name": "MainProcess"}, "thread": {"id": 7160, "name": "MainThread"}, "time": {"repr": "2024-08-29 02:59:01.341889+05:00", "timestamp": 1724882341.341889}}}
{"text": "2024-08-29T02:59:01.341889+0500 CRITICAL 'NoneType' object has no attribute 'split'\n", "record": {"elapsed": {"repr": "0:00:08.043480", "seconds": 8.04348}, "exception": null, "extra": {}, "file": {"name": "main.py", "path": "C:\\Users\\melni\\PycharmProjects\\1xbet_parser\\main.py"}, "function": "get_league", "level": {"icon": "☠️", "name": "CRITICAL", "no": 50}, "line": 156, "message": "'NoneType' object has no attribute 'split'", "module": "main", "name": "__main__", "process": {"id": 9752, "name": "MainProcess"}, "thread": {"id": 7160, "name": "MainThread"}, "time": {"repr": "2024-08-29 02:59:01.341889+05:00", "timestamp": 1724882341.341889}}}
{"text": "2024-08-29T02:59:01.342891+0500 CRITICAL url doesnt written\n", "record": {"elapsed": {"repr": "0:00:08.044482", "seconds": 8.044482}, "exception": null, "extra": {}, "file": {"name": "main.py", "path": "C:\\Users\\melni\\PycharmProjects\\1xbet_parser\\main.py"}, "function": "get_league", "level": {"icon": "☠️", "name": "CRITICAL", "no": 50}, "line": 155, "message": "url doesnt written", "module": "main", "name": "__main__", "process": {"id": 9752, "name": "MainProcess"}, "thread": {"id": 7160, "name": "MainThread"}, "time": {"repr": "2024-08-29 02:59:01.342891+05:00", "timestamp": 1724882341.342891}}}
{"text": "2024-08-29T02:59:01.342891+0500 CRITICAL 'NoneType' object has no attribute 'split'\n", "record": {"elapsed": {"repr": "0:00:08.044482", "seconds": 8.044482}, "exception": null, "extra": {}, "file": {"name": "main.py", "path": "C:\\Users\\melni\\PycharmProjects\\1xbet_parser\\main.py"}, "function": "get_league", "level": {"icon": "☠️", "name": "CRITICAL", "no": 50}, "line": 156, "message": "'NoneType' object has no attribute 'split'", "module": "main", "name": "__main__", "process": {"id": 9752, "name": "MainProcess"}, "thread": {"id": 7160, "name": "MainThread"}, "time": {"repr": "2024-08-29 02:59:01.342891+05:00", "timestamp": 1724882341.342891}}}
{"text": "2024-08-29T02:59:01.343891+0500 CRITICAL url doesnt written\n", "record": {"elapsed": {"repr": "0:00:08.045482", "seconds": 8.045482}, "exception": null, "extra": {}, "file": {"name": "main.py", "path": "C:\\Users\\melni\\PycharmProjects\\1xbet_parser\\main.py"}, "function": "get_league", "level": {"icon": "☠️", "name": "CRITICAL", "no": 50}, "line": 155, "message": "url doesnt written", "module": "main", "name": "__main__", "process": {"id": 9752, "name": "MainProcess"}, "thread": {"id": 7160, "name": "MainThread"}, "time": {"repr": "2024-08-29 02:59:01.343891+05:00", "timestamp": 1724882341.343891}}}
{"text": "2024-08-29T02:59:01.343891+0500 CRITICAL 'NoneType' object has no attribute 'split'\n", "record": {"elapsed": {"repr": "0:00:08.045482", "seconds": 8.045482}, "exception": null, "extra": {}, "file": {"name": "main.py", "path": "C:\\Users\\melni\\PycharmProjects\\1xbet_parser\\main.py"}, "function": "get_league", "level": {"icon": "☠️", "name": "CRITICAL", "no": 50}, "line": 156, "message": "'NoneType' object has no attribute 'split'", "module": "main", "name": "__main__", "process": {"id": 9752, "name": "MainProcess"}, "thread": {"id": 7160, "name": "MainThread"}, "time": {"repr": "2024-08-29 02:59:01.343891+05:00", "timestamp": 1724882341.343891}}}
{"text": "2024-08-29T02:59:01.344890+0500 CRITICAL url doesnt written\n", "record": {"elapsed": {"repr": "0:00:08.046481", "seconds": 8.046481}, "exception": null, "extra": {}, "file": {"name": "main.py", "path": "C:\\Users\\melni\\PycharmProjects\\1xbet_parser\\main.py"}, "function": "get_league", "level": {"icon": "☠️", "name": "CRITICAL", "no": 50}, "line": 155, "message": "url doesnt written", "module": "main", "name": "__main__", "process": {"id": 9752, "name": "MainProcess"}, "thread": {"id": 7160, "name": "MainThread"}, "time": {"repr": "2024-08-29 02:59:01.344890+05:00", "timestamp": 1724882341.34489}}}
{"text": "2024-08-29T02:59:01.344890+0500 CRITICAL 'NoneType' object has no attribute 'split'\n", "record": {"elapsed": {"repr": "0:00:08.046481", "seconds": 8.046481}, "exception": null, "extra": {}, "file": {"name": "main.py", "path": "C:\\Users\\melni\\PycharmProjects\\1xbet_parser\\main.py"}, "function": "get_league", "level": {"icon": "☠️", "name": "CRITICAL", "no": 50}, "line": 156, "message": "'NoneType' object has no attribute 'split'", "module": "main", "name": "__main__", "process": {"id": 9752, "name": "MainProcess"}, "thread": {"id": 7160, "name": "MainThread"}, "time": {"repr": "2024-08-29 02:59:01.344890+05:00", "timestamp": 1724882341.34489}}}
{"text": "2024-08-29T02:59:01.345892+0500 CRITICAL url doesnt written\n", "record": {"elapsed": {"repr": "0:00:08.047483", "seconds": 8.047483}, "exception": null, "extra": {}, "file": {"name": "main.py", "path": "C:\\Users\\melni\\PycharmProjects\\1xbet_parser\\main.py"}, "function": "get_league", "level": {"icon": "☠️", "name": "CRITICAL", "no": 50}, "line": 155, "message": "url doesnt written", "module": "main", "name": "__main__", "process": {"id": 9752, "name": "MainProcess"}, "thread": {"id": 7160, "name": "MainThread"}, "time": {"repr": "2024-08-29 02:59:01.345892+05:00", "timestamp": 1724882341.345892}}}
{"text": "2024-08-29T02:59:01.346893+0500 CRITICAL 'NoneType' object has no attribute 'split'\n", "record": {"elapsed": {"repr": "0:00:08.048484", "seconds": 8.048484}, "exception": null, "extra": {}, "file": {"name": "main.py", "path": "C:\\Users\\melni\\PycharmProjects\\1xbet_parser\\main.py"}, "function": "get_league", "level": {"icon": "☠️", "name": "CRITICAL", "no": 50}, "line": 156, "message": "'NoneType' object has no attribute 'split'", "module": "main", "name": "__main__", "process": {"id": 9752, "name": "MainProcess"}, "thread": {"id": 7160, "name": "MainThread"}, "time": {"repr": "2024-08-29 02:59:01.346893+05:00", "timestamp": 1724882341.346893}}}
{"text": "2024-08-29T02:59:01.346893+0500 CRITICAL url doesnt written\n", "record": {"elapsed": {"repr": "0:00:08.048484", "seconds": 8.048484}, "exception": null, "extra": {}, "file": {"name": "main.py", "path": "C:\\Users\\melni\\PycharmProjects\\1xbet_parser\\main.py"}, "function": "get_league", "level": {"icon": "☠️", "name": "CRITICAL", "no": 50}, "line": 155, "message": "url doesnt written", "module": "main", "name": "__main__", "process": {"id": 9752, "name": "MainProcess"}, "thread": {"id": 7160, "name": "MainThread"}, "time": {"repr": "2024-08-29 02:59:01.346893+05:00", "timestamp": 1724882341.346893}}}
{"text": "2024-08-29T02:59:01.347895+0500 CRITICAL 'NoneType' object has no attribute 'split'\n", "record": {"elapsed": {"repr": "0:00:08.049486", "seconds": 8.049486}, "exception": null, "extra": {}, "file": {"name": "main.py", "path": "C:\\Users\\melni\\PycharmProjects\\1xbet_parser\\main.py"}, "function": "get_league", "level": {"icon": "☠️", "name": "CRITICAL", "no": 50}, "line": 156, "message": "'NoneType' object has no attribute 'split'", "module": "main", "name": "__main__", "process": {"id": 9752, "name": "MainProcess"}, "thread": {"id": 7160, "name": "MainThread"}, "time": {"repr": "2024-08-29 02:59:01.347895+05:00", "timestamp": 1724882341.347895}}}
{"text": "2024-08-29T02:59:01.347895+0500 CRITICAL url doesnt written\n", "record": {"elapsed": {"repr": "0:00:08.049486", "seconds": 8.049486}, "exception": null, "extra": {}, "file": {"name": "main.py", "path": "C:\\Users\\melni\\PycharmProjects\\1xbet_parser\\main.py"}, "function": "get_league", "level": {"icon": "☠️", "name": "CRITICAL", "no": 50}, "line": 155, "message": "url doesnt written", "module": "main", "name": "__main__", "process": {"id": 9752, "name": "MainProcess"}, "thread": {"id": 7160, "name": "MainThread"}, "time": {"repr": "2024-08-29 02:59:01.347895+05:00", "timestamp": 1724882341.347895}}}
{"text": "2024-08-29T02:59:01.348908+0500 CRITICAL 'NoneType' object has no attribute 'split'\n", "record": {"elapsed": {"repr": "0:00:08.050499", "seconds": 8.050499}, "exception": null, "extra": {}, "file": {"name": "main.py", "path": "C:\\Users\\melni\\PycharmProjects\\1xbet_parser\\main.py"}, "function": "get_league", "level": {"icon": "☠️", "name": "CRITICAL", "no": 50}, "line": 156, "message": "'NoneType' object has no attribute 'split'", "module": "main", "name": "__main__", "process": {"id": 9752, "name": "MainProcess"}, "thread": {"id": 7160, "name": "MainThread"}, "time": {"repr": "2024-08-29 02:59:01.348908+05:00", "timestamp": 1724882341.348908}}}
{"text": "2024-08-29T02:59:01.349895+0500 CRITICAL url doesnt written\n", "record": {"elapsed": {"repr": "0:00:08.051486", "seconds": 8.051486}, "exception": null, "extra": {}, "file": {"name": "main.py", "path": "C:\\Users\\melni\\PycharmProjects\\1xbet_parser\\main.py"}, "function": "get_league", "level": {"icon": "☠️", "name": "CRITICAL", "no": 50}, "line": 155, "message": "url doesnt written", "module": "main", "name": "__main__", "process": {"id": 9752, "name": "MainProcess"}, "thread": {"id": 7160, "name": "MainThread"}, "time": {"repr": "2024-08-29 02:59:01.349895+05:00", "timestamp": 1724882341.349895}}}
{"text": "2024-08-29T02:59:01.349895+0500 CRITICAL 'NoneType' object has no attribute 'split'\n", "record": {"elapsed": {"repr": "0:00:08.051486", "seconds": 8.051486}, "exception": null, "extra": {}, "file": {"name": "main.py", "path": "C:\\Users\\melni\\PycharmProjects\\1xbet_parser\\main.py"}, "function": "get_league", "level": {"icon": "☠️", "name": "CRITICAL", "no": 50}, "line": 156, "message": "'NoneType' object has no attribute 'split'", "module": "main", "name": "__main__", "process": {"id": 9752, "name": "MainProcess"}, "thread": {"id": 7160, "name": "MainThread"}, "time": {"repr": "2024-08-29 02:59:01.349895+05:00", "timestamp": 1724882341.349895}}}
{"text": "2024-08-29T02:59:01.350896+0500 CRITICAL url doesnt written\n", "record": {"elapsed": {"repr": "0:00:08.052487", "seconds": 8.052487}, "exception": null, "extra": {}, "file": {"name": "main.py", "path": "C:\\Users\\melni\\PycharmProjects\\1xbet_parser\\main.py"}, "function": "get_league", "level": {"icon": "☠️", "name": "CRITICAL", "no": 50}, "line": 155, "message": "url doesnt written", "module": "main", "name": "__main__", "process": {"id": 9752, "name": "MainProcess"}, "thread": {"id": 7160, "name": "MainThread"}, "time": {"repr": "2024-08-29 02:59:01.350896+05:00", "timestamp": 1724882341.350896}}}
{"text": "2024-08-29T02:59:01.350896+0500 CRITICAL 'NoneType' object has no attribute 'split'\n", "record": {"elapsed": {"repr": "0:00:08.052487", "seconds": 8.052487}, "exception": null, "extra": {}, "file": {"name": "main.py", "path": "C:\\Users\\melni\\PycharmProjects\\1xbet_parser\\main.py"}, "function": "get_league", "level": {"icon": "☠️", "name": "CRITICAL", "no": 50}, "line": 156, "message": "'NoneType' object has no attribute 'split'", "module": "main", "name": "__main__", "process": {"id": 9752, "name": "MainProcess"}, "thread": {"id": 7160, "name": "MainThread"}, "time": {"repr": "2024-08-29 02:59:01.350896+05:00", "timestamp": 1724882341.350896}}}
{"text": "2024-08-29T02:59:01.351894+0500 CRITICAL url doesnt written\n", "record": {"elapsed": {"repr": "0:00:08.053485", "seconds": 8.053485}, "exception": null, "extra": {}, "file": {"name": "main.py", "path": "C:\\Users\\melni\\PycharmProjects\\1xbet_parser\\main.py"}, "function": "get_league", "level": {"icon": "☠️", "name": "CRITICAL", "no": 50}, "line": 155, "message": "url doesnt written", "module": "main", "name": "__main__", "process": {"id": 9752, "name": "MainProcess"}, "thread": {"id": 7160, "name": "MainThread"}, "time": {"repr": "2024-08-29 02:59:01.351894+05:00", "timestamp": 1724882341.351894}}}
{"text": "2024-08-29T02:59:01.351894+0500 CRITICAL 'NoneType' object has no attribute 'split'\n", "record": {"elapsed": {"repr": "0:00:08.053485", "seconds": 8.053485}, "exception": null, "extra": {}, "file": {"name": "main.py", "path": "C:\\Users\\melni\\PycharmProjects\\1xbet_parser\\main.py"}, "function": "get_league", "level": {"icon": "☠️", "name": "CRITICAL", "no": 50}, "line": 156, "message": "'NoneType' object has no attribute 'split'", "module": "main", "name": "__main__", "process": {"id": 9752, "name": "MainProcess"}, "thread": {"id": 7160, "name": "MainThread"}, "time": {"repr": "2024-08-29 02:59:01.351894+05:00", "timestamp": 1724882341.351894}}}
{"text": "2024-08-29T02:59:01.352895+0500 CRITICAL url doesnt written\n", "record": {"elapsed": {"repr": "0:00:08.054486", "seconds": 8.054486}, "exception": null, "extra": {}, "file": {"name": "main.py", "path": "C:\\Users\\melni\\PycharmProjects\\1xbet_parser\\main.py"}, "function": "get_league", "level": {"icon": "☠️", "name": "CRITICAL", "no": 50}, "line": 155, "message": "url doesnt written", "module": "main", "name": "__main__", "process": {"id": 9752, "name": "MainProcess"}, "thread": {"id": 7160, "name": "MainThread"}, "time": {"repr": "2024-08-29 02:59:01.352895+05:00", "timestamp": 1724882341.352895}}}
{"text": "2024-08-29T02:59:01.353896+0500 CRITICAL 'NoneType' object has no attribute 'split'\n", "record": {"elapsed": {"repr": "0:00:08.055487", "seconds": 8.055487}, "exception": null, "extra": {}, "file": {"name": "main.py", "path": "C:\\Users\\melni\\PycharmProjects\\1xbet_parser\\main.py"}, "function": "get_league", "level": {"icon": "☠️", "name": "CRITICAL", "no": 50}, "line": 156, "message": "'NoneType' object has no attribute 'split'", "module": "main", "name": "__main__", "process": {"id": 9752, "name": "MainProcess"}, "thread": {"id": 7160, "name": "MainThread"}, "time": {"repr": "2024-08-29 02:59:01.353896+05:00", "timestamp": 1724882341.353896}}}
{"text": "2024-08-29T02:59:01.353896+0500 CRITICAL url doesnt written\n", "record": {"elapsed": {"repr": "0:00:08.055487", "seconds": 8.055487}, "exception": null, "extra": {}, "file": {"name": "main.py", "path": "C:\\Users\\melni\\PycharmProjects\\1xbet_parser\\main.py"}, "function": "get_league", "level": {"icon": "☠️", "name": "CRITICAL", "no": 50}, "line": 155, "message": "url doesnt written", "module": "main", "name": "__main__", "process": {"id": 9752, "name": "MainProcess"}, "thread": {"id": 7160, "name": "MainThread"}, "time": {"repr": "2024-08-29 02:59:01.353896+05:00", "timestamp": 1724882341.353896}}}
{"text": "2024-08-29T02:59:01.354897+0500 CRITICAL 'NoneType' object has no attribute 'split'\n", "record": {"elapsed": {"repr": "0:00:08.056488", "seconds": 8.056488}, "exception": null, "extra": {}, "file": {"name": "main.py", "path": "C:\\Users\\melni\\PycharmProjects\\1xbet_parser\\main.py"}, "function": "get_league", "level": {"icon": "☠️", "name": "CRITICAL", "no": 50}, "line": 156, "message": "'NoneType' object has no attribute 'split'", "module": "main", "name": "__main__", "process": {"id": 9752, "name": "MainProcess"}, "thread": {"id": 7160, "name": "MainThread"}, "time": {"repr": "2024-08-29 02:59:01.354897+05:00", "timestamp": 1724882341.354897}}}
{"text": "2024-08-29T02:59:01.355897+0500 CRITICAL url doesnt written\n", "record": {"elapsed": {"repr": "0:00:08.057488", "seconds": 8.057488}, "exception": null, "extra": {}, "file": {"name": "main.py", "path": "C:\\Users\\melni\\PycharmProjects\\1xbet_parser\\main.py"}, "function": "get_league", "level": {"icon": "☠️", "name": "CRITICAL", "no": 50}, "line": 155, "message": "url doesnt written", "module": "main", "name": "__main__", "process": {"id": 9752, "name": "MainProcess"}, "thread": {"id": 7160, "name": "MainThread"}, "time": {"repr": "2024-08-29 02:59:01.355897+05:00", "timestamp": 1724882341.355897}}}
{"text": "2024-08-29T02:59:01.355897+0500 CRITICAL 'NoneType' object has no attribute 'split'\n", "record": {"elapsed": {"repr": "0:00:08.057488", "seconds": 8.057488}, "exception": null, "extra": {}, "file": {"name": "main.py", "path": "C:\\Users\\melni\\PycharmProjects\\1xbet_parser\\main.py"}, "function": "get_league", "level": {"icon": "☠️", "name": "CRITICAL", "no": 50}, "line": 156, "message": "'NoneType' object has no attribute 'split'", "module": "main", "name": "__main__", "process": {"id": 9752, "name": "MainProcess"}, "thread": {"id": 7160, "name": "MainThread"}, "time": {"repr": "2024-08-29 02:59:01.355897+05:00", "timestamp": 1724882341.355897}}}
{"text": "2024-08-29T02:59:01.356910+0500 CRITICAL url doesnt written\n", "record": {"elapsed": {"repr": "0:00:08.058501", "seconds": 8.058501}, "exception": null, "extra": {}, "file": {"name": "main.py", "path": "C:\\Users\\melni\\PycharmProjects\\1xbet_parser\\main.py"}, "function": "get_league", "level": {"icon": "☠️", "name": "CRITICAL", "no": 50}, "line": 155, "message": "url doesnt written", "module": "main", "name": "__main__", "process": {"id": 9752, "name": "MainProcess"}, "thread": {"id": 7160, "name": "MainThread"}, "time": {"repr": "2024-08-29 02:59:01.356910+05:00", "timestamp": 1724882341.35691}}}
{"text": "2024-08-29T02:59:01.456477+0500 CRITICAL 'NoneType' object has no attribute 'split'\n", "record": {"elapsed": {"repr": "0:00:08.158068", "seconds": 8.158068}, "exception": null, "extra": {}, "file": {"name": "main.py", "path": "C:\\Users\\melni\\PycharmProjects\\1xbet_parser\\main.py"}, "function": "get_league", "level": {"icon": "☠️", "name": "CRITICAL", "no": 50}, "line": 156, "message": "'NoneType' object has no attribute 'split'", "module": "main", "name": "__main__", "process": {"id": 9752, "name": "MainProcess"}, "thread": {"id": 7160, "name": "MainThread"}, "time": {"repr": "2024-08-29 02:59:01.456477+05:00", "timestamp": 1724882341.456477}}}
{"text": "2024-08-29T02:59:01.457487+0500 CRITICAL url doesnt written\n", "record": {"elapsed": {"repr": "0:00:08.159078", "seconds": 8.159078}, "exception": null, "extra": {}, "file": {"name": "main.py", "path": "C:\\Users\\melni\\PycharmProjects\\1xbet_parser\\main.py"}, "function": "get_league", "level": {"icon": "☠️", "name": "CRITICAL", "no": 50}, "line": 155, "message": "url doesnt written", "module": "main", "name": "__main__", "process": {"id": 9752, "name": "MainProcess"}, "thread": {"id": 7160, "name": "MainThread"}, "time": {"repr": "2024-08-29 02:59:01.457487+05:00", "timestamp": 1724882341.457487}}}
{"text": "2024-08-29T02:59:01.458492+0500 CRITICAL 'NoneType' object has no attribute 'split'\n", "record": {"elapsed": {"repr": "0:00:08.160083", "seconds": 8.160083}, "exception": null, "extra": {}, "file": {"name": "main.py", "path": "C:\\Users\\melni\\PycharmProjects\\1xbet_parser\\main.py"}, "function": "get_league", "level": {"icon": "☠️", "name": "CRITICAL", "no": 50}, "line": 156, "message": "'NoneType' object has no attribute 'split'", "module": "main", "name": "__main__", "process": {"id": 9752, "name": "MainProcess"}, "thread": {"id": 7160, "name": "MainThread"}, "time": {"repr": "2024-08-29 02:59:01.458492+05:00", "timestamp": 1724882341.458492}}}
{"text": "2024-08-29T02:59:01.458492+0500 CRITICAL url doesnt written\n", "record": {"elapsed": {"repr": "0:00:08.160083", "seconds": 8.160083}, "exception": null, "extra": {}, "file": {"name": "main.py", "path": "C:\\Users\\melni\\PycharmProjects\\1xbet_parser\\main.py"}, "function": "get_league", "level": {"icon": "☠️", "name": "CRITICAL", "no": 50}, "line": 155, "message": "url doesnt written", "module": "main", "name": "__main__", "process": {"id": 9752, "name": "MainProcess"}, "thread": {"id": 7160, "name": "MainThread"}, "time": {"repr": "2024-08-29 02:59:01.458492+05:00", "timestamp": 1724882341.458492}}}
{"text": "2024-08-29T02:59:01.459491+0500 CRITICAL 'NoneType' object has no attribute 'split'\n", "record": {"elapsed": {"repr": "0:00:08.161082", "seconds": 8.161082}, "exception": null, "extra": {}, "file": {"name": "main.py", "path": "C:\\Users\\melni\\PycharmProjects\\1xbet_parser\\main.py"}, "function": "get_league", "level": {"icon": "☠️", "name": "CRITICAL", "no": 50}, "line": 156, "message": "'NoneType' object has no attribute 'split'", "module": "main", "name": "__main__", "process": {"id": 9752, "name": "MainProcess"}, "thread": {"id": 7160, "name": "MainThread"}, "time": {"repr": "2024-08-29 02:59:01.459491+05:00", "timestamp": 1724882341.459491}}}
{"text": "2024-08-29T02:59:01.459491+0500 CRITICAL url doesnt written\n", "record": {"elapsed": {"repr": "0:00:08.161082", "seconds": 8.161082}, "exception": null, "extra": {}, "file": {"name": "main.py", "path": "C:\\Users\\melni\\PycharmProjects\\1xbet_parser\\main.py"}, "function": "get_league", "level": {"icon": "☠️", "name": "CRITICAL", "no": 50}, "line": 155, "message": "url doesnt written", "module": "main", "name": "__main__", "process": {"id": 9752, "name": "MainProcess"}, "thread": {"id": 7160, "name": "MainThread"}, "time": {"repr": "2024-08-29 02:59:01.459491+05:00", "timestamp": 1724882341.459491}}}
{"text": "2024-08-29T02:59:01.468490+0500 CRITICAL 'NoneType' object has no attribute 'split'\n", "record": {"elapsed": {"repr": "0:00:08.170081", "seconds": 8.170081}, "exception": null, "extra": {}, "file": {"name": "main.py", "path": "C:\\Users\\melni\\PycharmProjects\\1xbet_parser\\main.py"}, "function": "get_league", "level": {"icon": "☠️", "name": "CRITICAL", "no": 50}, "line": 156, "message": "'NoneType' object has no attribute 'split'", "module": "main", "name": "__main__", "process": {"id": 9752, "name": "MainProcess"}, "thread": {"id": 7160, "name": "MainThread"}, "time": {"repr": "2024-08-29 02:59:01.468490+05:00", "timestamp": 1724882341.46849}}}
{"text": "2024-08-29T02:59:01.469491+0500 CRITICAL url doesnt written\n", "record": {"elapsed": {"repr": "0:00:08.171082", "seconds": 8.171082}, "exception": null, "extra": {}, "file": {"name": "main.py", "path": "C:\\Users\\melni\\PycharmProjects\\1xbet_parser\\main.py"}, "function": "get_league", "level": {"icon": "☠️", "name": "CRITICAL", "no": 50}, "line": 155, "message": "url doesnt written", "module": "main", "name": "__main__", "process": {"id": 9752, "name": "MainProcess"}, "thread": {"id": 7160, "name": "MainThread"}, "time": {"repr": "2024-08-29 02:59:01.469491+05:00", "timestamp": 1724882341.469491}}}
{"text": "2024-08-29T02:59:01.470495+0500 CRITICAL 'NoneType' object has no attribute 'split'\n", "record": {"elapsed": {"repr": "0:00:08.172086", "seconds": 8.172086}, "exception": null, "extra": {}, "file": {"name": "main.py", "path": "C:\\Users\\melni\\PycharmProjects\\1xbet_parser\\main.py"}, "function": "get_league", "level": {"icon": "☠️", "name": "CRITICAL", "no": 50}, "line": 156, "message": "'NoneType' object has no attribute 'split'", "module": "main", "name": "__main__", "process": {"id": 9752, "name": "MainProcess"}, "thread": {"id": 7160, "name": "MainThread"}, "time": {"repr": "2024-08-29 02:59:01.470495+05:00", "timestamp": 1724882341.470495}}}
{"text": "2024-08-29T02:59:01.470495+0500 CRITICAL url doesnt written\n", "record": {"elapsed": {"repr": "0:00:08.172086", "seconds": 8.172086}, "exception": null, "extra": {}, "file": {"name": "main.py", "path": "C:\\Users\\melni\\PycharmProjects\\1xbet_parser\\main.py"}, "function": "get_league", "level": {"icon": "☠️", "name": "CRITICAL", "no": 50}, "line": 155, "message": "url doesnt written", "module": "main", "name": "__main__", "process": {"id": 9752, "name": "MainProcess"}, "thread": {"id": 7160, "name": "MainThread"}, "time": {"repr": "2024-08-29 02:59:01.470495+05:00", "timestamp": 1724882341.470495}}}
{"text": "2024-08-29T02:59:01.472010+0500 CRITICAL 'NoneType' object has no attribute 'split'\n", "record": {"elapsed": {"repr": "0:00:08.173601", "seconds": 8.173601}, "exception": null, "extra": {}, "file": {"name": "main.py", "path": "C:\\Users\\melni\\PycharmProjects\\1xbet_parser\\main.py"}, "function": "get_league", "level": {"icon": "☠️", "name": "CRITICAL", "no": 50}, "line": 156, "message": "'NoneType' object has no attribute 'split'", "module": "main", "name": "__main__", "process": {"id": 9752, "name": "MainProcess"}, "thread": {"id": 7160, "name": "MainThread"}, "time": {"repr": "2024-08-29 02:59:01.472010+05:00", "timestamp": 1724882341.47201}}}
{"text": "2024-08-29T02:59:01.472010+0500 CRITICAL url doesnt written\n", "record": {"elapsed": {"repr": "0:00:08.173601", "seconds": 8.173601}, "exception": null, "extra": {}, "file": {"name": "main.py", "path": "C:\\Users\\melni\\PycharmProjects\\1xbet_parser\\main.py"}, "function": "get_league", "level": {"icon": "☠️", "name": "CRITICAL", "no": 50}, "line": 155, "message": "url doesnt written", "module": "main", "name": "__main__", "process": {"id": 9752, "name": "MainProcess"}, "thread": {"id": 7160, "name": "MainThread"}, "time": {"repr": "2024-08-29 02:59:01.472010+05:00", "timestamp": 1724882341.47201}}}
{"text": "2024-08-29T02:59:01.473021+0500 CRITICAL 'NoneType' object has no attribute 'split'\n", "record": {"elapsed": {"repr": "0:00:08.174612", "seconds": 8.174612}, "exception": null, "extra": {}, "file": {"name": "main.py", "path": "C:\\Users\\melni\\PycharmProjects\\1xbet_parser\\main.py"}, "function": "get_league", "level": {"icon": "☠️", "name": "CRITICAL", "no": 50}, "line": 156, "message": "'NoneType' object has no attribute 'split'", "module": "main", "name": "__main__", "process": {"id": 9752, "name": "MainProcess"}, "thread": {"id": 7160, "name": "MainThread"}, "time": {"repr": "2024-08-29 02:59:01.473021+05:00", "timestamp": 1724882341.473021}}}
{"text": "2024-08-29T02:59:01.475021+0500 CRITICAL url doesnt written\n", "record": {"elapsed": {"repr": "0:00:08.176612", "seconds": 8.176612}, "exception": null, "extra": {}, "file": {"name": "main.py", "path": "C:\\Users\\melni\\PycharmProjects\\1xbet_parser\\main.py"}, "function": "get_league", "level": {"icon": "☠️", "name": "CRITICAL", "no": 50}, "line": 155, "message": "url doesnt written", "module": "main", "name": "__main__", "process": {"id": 9752, "name": "MainProcess"}, "thread": {"id": 7160, "name": "MainThread"}, "time": {"repr": "2024-08-29 02:59:01.475021+05:00", "timestamp": 1724882341.475021}}}
{"text": "2024-08-29T02:59:01.476149+0500 CRITICAL 'NoneType' object has no attribute 'split'\n", "record": {"elapsed": {"repr": "0:00:08.177740", "seconds": 8.17774}, "exception": null, "extra": {}, "file": {"name": "main.py", "path": "C:\\Users\\melni\\PycharmProjects\\1xbet_parser\\main.py"}, "function": "get_league", "level": {"icon": "☠️", "name": "CRITICAL", "no": 50}, "line": 156, "message": "'NoneType' object has no attribute 'split'", "module": "main", "name": "__main__", "process": {"id": 9752, "name": "MainProcess"}, "thread": {"id": 7160, "name": "MainThread"}, "time": {"repr": "2024-08-29 02:59:01.476149+05:00", "timestamp": 1724882341.476149}}}
{"text": "2024-08-29T02:59:01.477151+0500 CRITICAL url doesnt written\n", "record": {"elapsed": {"repr": "0:00:08.178742", "seconds": 8.178742}, "exception": null, "extra": {}, "file": {"name": "main.py", "path": "C:\\Users\\melni\\PycharmProjects\\1xbet_parser\\main.py"}, "function": "get_league", "level": {"icon": "☠️", "name": "CRITICAL", "no": 50}, "line": 155, "message": "url doesnt written", "module": "main", "name": "__main__", "process": {"id": 9752, "name": "MainProcess"}, "thread": {"id": 7160, "name": "MainThread"}, "time": {"repr": "2024-08-29 02:59:01.477151+05:00", "timestamp": 1724882341.477151}}}
{"text": "2024-08-29T02:59:01.478152+0500 CRITICAL 'NoneType' object has no attribute 'split'\n", "record": {"elapsed": {"repr": "0:00:08.179743", "seconds": 8.179743}, "exception": null, "extra": {}, "file": {"name": "main.py", "path": "C:\\Users\\melni\\PycharmProjects\\1xbet_parser\\main.py"}, "function": "get_league", "level": {"icon": "☠️", "name": "CRITICAL", "no": 50}, "line": 156, "message": "'NoneType' object has no attribute 'split'", "module": "main", "name": "__main__", "process": {"id": 9752, "name": "MainProcess"}, "thread": {"id": 7160, "name": "MainThread"}, "time": {"repr": "2024-08-29 02:59:01.478152+05:00", "timestamp": 1724882341.478152}}}
{"text": "2024-08-29T02:59:01.478152+0500 CRITICAL url doesnt written\n", "record": {"elapsed": {"repr": "0:00:08.179743", "seconds": 8.179743}, "exception": null, "extra": {}, "file": {"name": "main.py", "path": "C:\\Users\\melni\\PycharmProjects\\1xbet_parser\\main.py"}, "function": "get_league", "level": {"icon": "☠️", "name": "CRITICAL", "no": 50}, "line": 155, "message": "url doesnt written", "module": "main", "name": "__main__", "process": {"id": 9752, "name": "MainProcess"}, "thread": {"id": 7160, "name": "MainThread"}, "time": {"repr": "2024-08-29 02:59:01.478152+05:00", "timestamp": 1724882341.478152}}}
{"text": "2024-08-29T02:59:01.480154+0500 CRITICAL 'NoneType' object has no attribute 'split'\n", "record": {"elapsed": {"repr": "0:00:08.181745", "seconds": 8.181745}, "exception": null, "extra": {}, "file": {"name": "main.py", "path": "C:\\Users\\melni\\PycharmProjects\\1xbet_parser\\main.py"}, "function": "get_league", "level": {"icon": "☠️", "name": "CRITICAL", "no": 50}, "line": 156, "message": "'NoneType' object has no attribute 'split'", "module": "main", "name": "__main__", "process": {"id": 9752, "name": "MainProcess"}, "thread": {"id": 7160, "name": "MainThread"}, "time": {"repr": "2024-08-29 02:59:01.480154+05:00", "timestamp": 1724882341.480154}}}
{"text": "2024-08-29T02:59:01.493284+0500 CRITICAL url doesnt written\n", "record": {"elapsed": {"repr": "0:00:08.194875", "seconds": 8.194875}, "exception": null, "extra": {}, "file": {"name": "main.py", "path": "C:\\Users\\melni\\PycharmProjects\\1xbet_parser\\main.py"}, "function": "get_league", "level": {"icon": "☠️", "name": "CRITICAL", "no": 50}, "line": 155, "message": "url doesnt written", "module": "main", "name": "__main__", "process": {"id": 9752, "name": "MainProcess"}, "thread": {"id": 7160, "name": "MainThread"}, "time": {"repr": "2024-08-29 02:59:01.493284+05:00", "timestamp": 1724882341.493284}}}
{"text": "2024-08-29T02:59:01.493284+0500 CRITICAL 'NoneType' object has no attribute 'split'\n", "record": {"elapsed": {"repr": "0:00:08.194875", "seconds": 8.194875}, "exception": null, "extra": {}, "file": {"name": "main.py", "path": "C:\\Users\\melni\\PycharmProjects\\1xbet_parser\\main.py"}, "function": "get_league", "level": {"icon": "☠️", "name": "CRITICAL", "no": 50}, "line": 156, "message": "'NoneType' object has no attribute 'split'", "module": "main", "name": "__main__", "process": {"id": 9752, "name": "MainProcess"}, "thread": {"id": 7160, "name": "MainThread"}, "time": {"repr": "2024-08-29 02:59:01.493284+05:00", "timestamp": 1724882341.493284}}}
{"text": "2024-08-29T02:59:01.494283+0500 CRITICAL url doesnt written\n", "record": {"elapsed": {"repr": "0:00:08.195874", "seconds": 8.195874}, "exception": null, "extra": {}, "file": {"name": "main.py", "path": "C:\\Users\\melni\\PycharmProjects\\1xbet_parser\\main.py"}, "function": "get_league", "level": {"icon": "☠️", "name": "CRITICAL", "no": 50}, "line": 155, "message": "url doesnt written", "module": "main", "name": "__main__", "process": {"id": 9752, "name": "MainProcess"}, "thread": {"id": 7160, "name": "MainThread"}, "time": {"repr": "2024-08-29 02:59:01.494283+05:00", "timestamp": 1724882341.494283}}}
{"text": "2024-08-29T02:59:01.495282+0500 CRITICAL 'NoneType' object has no attribute 'split'\n", "record": {"elapsed": {"repr": "0:00:08.196873", "seconds": 8.196873}, "exception": null, "extra": {}, "file": {"name": "main.py", "path": "C:\\Users\\melni\\PycharmProjects\\1xbet_parser\\main.py"}, "function": "get_league", "level": {"icon": "☠️", "name": "CRITICAL", "no": 50}, "line": 156, "message": "'NoneType' object has no attribute 'split'", "module": "main", "name": "__main__", "process": {"id": 9752, "name": "MainProcess"}, "thread": {"id": 7160, "name": "MainThread"}, "time": {"repr": "2024-08-29 02:59:01.495282+05:00", "timestamp": 1724882341.495282}}}
{"text": "2024-08-29T02:59:01.495282+0500 CRITICAL url doesnt written\n", "record": {"elapsed": {"repr": "0:00:08.196873", "seconds": 8.196873}, "exception": null, "extra": {}, "file": {"name": "main.py", "path": "C:\\Users\\melni\\PycharmProjects\\1xbet_parser\\main.py"}, "function": "get_league", "level": {"icon": "☠️", "name": "CRITICAL", "no": 50}, "line": 155, "message": "url doesnt written", "module": "main", "name": "__main__", "process": {"id": 9752, "name": "MainProcess"}, "thread": {"id": 7160, "name": "MainThread"}, "time": {"repr": "2024-08-29 02:59:01.495282+05:00", "timestamp": 1724882341.495282}}}
{"text": "2024-08-29T02:59:01.500286+0500 CRITICAL 'NoneType' object has no attribute 'split'\n", "record": {"elapsed": {"repr": "0:00:08.201877", "seconds": 8.201877}, "exception": null, "extra": {}, "file": {"name": "main.py", "path": "C:\\Users\\melni\\PycharmProjects\\1xbet_parser\\main.py"}, "function": "get_league", "level": {"icon": "☠️", "name": "CRITICAL", "no": 50}, "line": 156, "message": "'NoneType' object has no attribute 'split'", "module": "main", "name": "__main__", "process": {"id": 9752, "name": "MainProcess"}, "thread": {"id": 7160, "name": "MainThread"}, "time": {"repr": "2024-08-29 02:59:01.500286+05:00", "timestamp": 1724882341.500286}}}
{"text": "2024-08-29T02:59:01.500286+0500 CRITICAL url doesnt written\n", "record": {"elapsed": {"repr": "0:00:08.201877", "seconds": 8.201877}, "exception": null, "extra": {}, "file": {"name": "main.py", "path": "C:\\Users\\melni\\PycharmProjects\\1xbet_parser\\main.py"}, "function": "get_league", "level": {"icon": "☠️", "name": "CRITICAL", "no": 50}, "line": 155, "message": "url doesnt written", "module": "main", "name": "__main__", "process": {"id": 9752, "name": "MainProcess"}, "thread": {"id": 7160, "name": "MainThread"}, "time": {"repr": "2024-08-29 02:59:01.500286+05:00", "timestamp": 1724882341.500286}}}
{"text": "2024-08-29T02:59:01.502283+0500 CRITICAL 'NoneType' object has no attribute 'split'\n", "record": {"elapsed": {"repr": "0:00:08.203874", "seconds": 8.203874}, "exception": null, "extra": {}, "file": {"name": "main.py", "path": "C:\\Users\\melni\\PycharmProjects\\1xbet_parser\\main.py"}, "function": "get_league", "level": {"icon": "☠️", "name": "CRITICAL", "no": 50}, "line": 156, "message": "'NoneType' object has no attribute 'split'", "module": "main", "name": "__main__", "process": {"id": 9752, "name": "MainProcess"}, "thread": {"id": 7160, "name": "MainThread"}, "time": {"repr": "2024-08-29 02:59:01.502283+05:00", "timestamp": 1724882341.502283}}}
{"text": "2024-08-29T02:59:01.503289+0500 CRITICAL url doesnt written\n", "record": {"elapsed": {"repr": "0:00:08.204880", "seconds": 8.20488}, "exception": null, "extra": {}, "file": {"name": "main.py", "path": "C:\\Users\\melni\\PycharmProjects\\1xbet_parser\\main.py"}, "function": "get_league", "level": {"icon": "☠️", "name": "CRITICAL", "no": 50}, "line": 155, "message": "url doesnt written", "module": "main", "name": "__main__", "process": {"id": 9752, "name": "MainProcess"}, "thread": {"id": 7160, "name": "MainThread"}, "time": {"repr": "2024-08-29 02:59:01.503289+05:00", "timestamp": 1724882341.503289}}}
{"text": "2024-08-29T02:59:01.504288+0500 CRITICAL 'NoneType' object has no attribute 'split'\n", "record": {"elapsed": {"repr": "0:00:08.205879", "seconds": 8.205879}, "exception": null, "extra": {}, "file": {"name": "main.py", "path": "C:\\Users\\melni\\PycharmProjects\\1xbet_parser\\main.py"}, "function": "get_league", "level": {"icon": "☠️", "name": "CRITICAL", "no": 50}, "line": 156, "message": "'NoneType' object has no attribute 'split'", "module": "main", "name": "__main__", "process": {"id": 9752, "name": "MainProcess"}, "thread": {"id": 7160, "name": "MainThread"}, "time": {"repr": "2024-08-29 02:59:01.504288+05:00", "timestamp": 1724882341.504288}}}
{"text": "2024-08-29T02:59:01.505287+0500 CRITICAL url doesnt written\n", "record": {"elapsed": {"repr": "0:00:08.206878", "seconds": 8.206878}, "exception": null, "extra": {}, "file": {"name": "main.py", "path": "C:\\Users\\melni\\PycharmProjects\\1xbet_parser\\main.py"}, "function": "get_league", "level": {"icon": "☠️", "name": "CRITICAL", "no": 50}, "line": 155, "message": "url doesnt written", "module": "main", "name": "__main__", "process": {"id": 9752, "name": "MainProcess"}, "thread": {"id": 7160, "name": "MainThread"}, "time": {"repr": "2024-08-29 02:59:01.505287+05:00", "timestamp": 1724882341.505287}}}
{"text": "2024-08-29T02:59:01.507288+0500 CRITICAL 'NoneType' object has no attribute 'split'\n", "record": {"elapsed": {"repr": "0:00:08.208879", "seconds": 8.208879}, "exception": null, "extra": {}, "file": {"name": "main.py", "path": "C:\\Users\\melni\\PycharmProjects\\1xbet_parser\\main.py"}, "function": "get_league", "level": {"icon": "☠️", "name": "CRITICAL", "no": 50}, "line": 156, "message": "'NoneType' object has no attribute 'split'", "module": "main", "name": "__main__", "process": {"id": 9752, "name": "MainProcess"}, "thread": {"id": 7160, "name": "MainThread"}, "time": {"repr": "2024-08-29 02:59:01.507288+05:00", "timestamp": 1724882341.507288}}}
{"text": "2024-08-29T02:59:01.508288+0500 CRITICAL url doesnt written\n", "record": {"elapsed": {"repr": "0:00:08.209879", "seconds": 8.209879}, "exception": null, "extra": {}, "file": {"name": "main.py", "path": "C:\\Users\\melni\\PycharmProjects\\1xbet_parser\\main.py"}, "function": "get_league", "level": {"icon": "☠️", "name": "CRITICAL", "no": 50}, "line": 155, "message": "url doesnt written", "module": "main", "name": "__main__", "process": {"id": 9752, "name": "MainProcess"}, "thread": {"id": 7160, "name": "MainThread"}, "time": {"repr": "2024-08-29 02:59:01.508288+05:00", "timestamp": 1724882341.508288}}}
{"text": "2024-08-29T02:59:01.509289+0500 CRITICAL 'NoneType' object has no attribute 'split'\n", "record": {"elapsed": {"repr": "0:00:08.210880", "seconds": 8.21088}, "exception": null, "extra": {}, "file": {"name": "main.py", "path": "C:\\Users\\melni\\PycharmProjects\\1xbet_parser\\main.py"}, "function": "get_league", "level": {"icon": "☠️", "name": "CRITICAL", "no": 50}, "line": 156, "message": "'NoneType' object has no attribute 'split'", "module": "main", "name": "__main__", "process": {"id": 9752, "name": "MainProcess"}, "thread": {"id": 7160, "name": "MainThread"}, "time": {"repr": "2024-08-29 02:59:01.509289+05:00", "timestamp": 1724882341.509289}}}
{"text": "2024-08-29T02:59:01.510289+0500 CRITICAL url doesnt written\n", "record": {"elapsed": {"repr": "0:00:08.211880", "seconds": 8.21188}, "exception": null, "extra": {}, "file": {"name": "main.py", "path": "C:\\Users\\melni\\PycharmProjects\\1xbet_parser\\main.py"}, "function": "get_league", "level": {"icon": "☠️", "name": "CRITICAL", "no": 50}, "line": 155, "message": "url doesnt written", "module": "main", "name": "__main__", "process": {"id": 9752, "name": "MainProcess"}, "thread": {"id": 7160, "name": "MainThread"}, "time": {"repr": "2024-08-29 02:59:01.510289+05:00", "timestamp": 1724882341.510289}}}
{"text": "2024-08-29T02:59:01.510289+0500 CRITICAL 'NoneType' object has no attribute 'split'\n", "record": {"elapsed": {"repr": "0:00:08.211880", "seconds": 8.21188}, "exception": null, "extra": {}, "file": {"name": "main.py", "path": "C:\\Users\\melni\\PycharmProjects\\1xbet_parser\\main.py"}, "function": "get_league", "level": {"icon": "☠️", "name": "CRITICAL", "no": 50}, "line": 156, "message": "'NoneType' object has no attribute 'split'", "module": "main", "name": "__main__", "process": {"id": 9752, "name": "MainProcess"}, "thread": {"id": 7160, "name": "MainThread"}, "time": {"repr": "2024-08-29 02:59:01.510289+05:00", "timestamp": 1724882341.510289}}}
{"text": "2024-08-29T02:59:01.511288+0500 CRITICAL url doesnt written\n", "record": {"elapsed": {"repr": "0:00:08.212879", "seconds": 8.212879}, "exception": null, "extra": {}, "file": {"name": "main.py", "path": "C:\\Users\\melni\\PycharmProjects\\1xbet_parser\\main.py"}, "function": "get_league", "level": {"icon": "☠️", "name": "CRITICAL", "no": 50}, "line": 155, "message": "url doesnt written", "module": "main", "name": "__main__", "process": {"id": 9752, "name": "MainProcess"}, "thread": {"id": 7160, "name": "MainThread"}, "time": {"repr": "2024-08-29 02:59:01.511288+05:00", "timestamp": 1724882341.511288}}}
{"text": "2024-08-29T02:59:01.511288+0500 CRITICAL 'NoneType' object has no attribute 'split'\n", "record": {"elapsed": {"repr": "0:00:08.212879", "seconds": 8.212879}, "exception": null, "extra": {}, "file": {"name": "main.py", "path": "C:\\Users\\melni\\PycharmProjects\\1xbet_parser\\main.py"}, "function": "get_league", "level": {"icon": "☠️", "name": "CRITICAL", "no": 50}, "line": 156, "message": "'NoneType' object has no attribute 'split'", "module": "main", "name": "__main__", "process": {"id": 9752, "name": "MainProcess"}, "thread": {"id": 7160, "name": "MainThread"}, "time": {"repr": "2024-08-29 02:59:01.511288+05:00", "timestamp": 1724882341.511288}}}
{"text": "2024-08-29T02:59:01.512289+0500 CRITICAL url doesnt written\n", "record": {"elapsed": {"repr": "0:00:08.213880", "seconds": 8.21388}, "exception": null, "extra": {}, "file": {"name": "main.py", "path": "C:\\Users\\melni\\PycharmProjects\\1xbet_parser\\main.py"}, "function": "get_league", "level": {"icon": "☠️", "name": "CRITICAL", "no": 50}, "line": 155, "message": "url doesnt written", "module": "main", "name": "__main__", "process": {"id": 9752, "name": "MainProcess"}, "thread": {"id": 7160, "name": "MainThread"}, "time": {"repr": "2024-08-29 02:59:01.512289+05:00", "timestamp": 1724882341.512289}}}
{"text": "2024-08-29T02:59:01.522292+0500 CRITICAL 'NoneType' object has no attribute 'split'\n", "record": {"elapsed": {"repr": "0:00:08.223883", "seconds": 8.223883}, "exception": null, "extra": {}, "file": {"name": "main.py", "path": "C:\\Users\\melni\\PycharmProjects\\1xbet_parser\\main.py"}, "function": "get_league", "level": {"icon": "☠️", "name": "CRITICAL", "no": 50}, "line": 156, "message": "'NoneType' object has no attribute 'split'", "module": "main", "name": "__main__", "process": {"id": 9752, "name": "MainProcess"}, "thread": {"id": 7160, "name": "MainThread"}, "time": {"repr": "2024-08-29 02:59:01.522292+05:00", "timestamp": 1724882341.522292}}}
{"text": "2024-08-29T02:59:01.523292+0500 CRITICAL url doesnt written\n", "record": {"elapsed": {"repr": "0:00:08.224883", "seconds": 8.224883}, "exception": null, "extra": {}, "file": {"name": "main.py", "path": "C:\\Users\\melni\\PycharmProjects\\1xbet_parser\\main.py"}, "function": "get_league", "level": {"icon": "☠️", "name": "CRITICAL", "no": 50}, "line": 155, "message": "url doesnt written", "module": "main", "name": "__main__", "process": {"id": 9752, "name": "MainProcess"}, "thread": {"id": 7160, "name": "MainThread"}, "time": {"repr": "2024-08-29 02:59:01.523292+05:00", "timestamp": 1724882341.523292}}}
{"text": "2024-08-29T02:59:01.524291+0500 CRITICAL 'NoneType' object has no attribute 'split'\n", "record": {"elapsed": {"repr": "0:00:08.225882", "seconds": 8.225882}, "exception": null, "extra": {}, "file": {"name": "main.py", "path": "C:\\Users\\melni\\PycharmProjects\\1xbet_parser\\main.py"}, "function": "get_league", "level": {"icon": "☠️", "name": "CRITICAL", "no": 50}, "line": 156, "message": "'NoneType' object has no attribute 'split'", "module": "main", "name": "__main__", "process": {"id": 9752, "name": "MainProcess"}, "thread": {"id": 7160, "name": "MainThread"}, "time": {"repr": "2024-08-29 02:59:01.524291+05:00", "timestamp": 1724882341.524291}}}
{"text": "2024-08-29T02:59:01.524291+0500 CRITICAL url doesnt written\n", "record": {"elapsed": {"repr": "0:00:08.225882", "seconds": 8.225882}, "exception": null, "extra": {}, "file": {"name": "main.py", "path": "C:\\Users\\melni\\PycharmProjects\\1xbet_parser\\main.py"}, "function": "get_league", "level": {"icon": "☠️", "name": "CRITICAL", "no": 50}, "line": 155, "message": "url doesnt written", "module": "main", "name": "__main__", "process": {"id": 9752, "name": "MainProcess"}, "thread": {"id": 7160, "name": "MainThread"}, "time": {"repr": "2024-08-29 02:59:01.524291+05:00", "timestamp": 1724882341.524291}}}
{"text": "2024-08-29T02:59:01.525292+0500 CRITICAL 'NoneType' object has no attribute 'split'\n", "record": {"elapsed": {"repr": "0:00:08.226883", "seconds": 8.226883}, "exception": null, "extra": {}, "file": {"name": "main.py", "path": "C:\\Users\\melni\\PycharmProjects\\1xbet_parser\\main.py"}, "function": "get_league", "level": {"icon": "☠️", "name": "CRITICAL", "no": 50}, "line": 156, "message": "'NoneType' object has no attribute 'split'", "module": "main", "name": "__main__", "process": {"id": 9752, "name": "MainProcess"}, "thread": {"id": 7160, "name": "MainThread"}, "time": {"repr": "2024-08-29 02:59:01.525292+05:00", "timestamp": 1724882341.525292}}}
{"text": "2024-08-29T02:59:01.525292+0500 CRITICAL url doesnt written\n", "record": {"elapsed": {"repr": "0:00:08.226883", "seconds": 8.226883}, "exception": null, "extra": {}, "file": {"name": "main.py", "path": "C:\\Users\\melni\\PycharmProjects\\1xbet_parser\\main.py"}, "function": "get_league", "level": {"icon": "☠️", "name": "CRITICAL", "no": 50}, "line": 155, "message": "url doesnt written", "module": "main", "name": "__main__", "process": {"id": 9752, "name": "MainProcess"}, "thread": {"id": 7160, "name": "MainThread"}, "time": {"repr": "2024-08-29 02:59:01.525292+05:00", "timestamp": 1724882341.525292}}}
{"text": "2024-08-29T02:59:01.526293+0500 CRITICAL 'NoneType' object has no attribute 'split'\n", "record": {"elapsed": {"repr": "0:00:08.227884", "seconds": 8.227884}, "exception": null, "extra": {}, "file": {"name": "main.py", "path": "C:\\Users\\melni\\PycharmProjects\\1xbet_parser\\main.py"}, "function": "get_league", "level": {"icon": "☠️", "name": "CRITICAL", "no": 50}, "line": 156, "message": "'NoneType' object has no attribute 'split'", "module": "main", "name": "__main__", "process": {"id": 9752, "name": "MainProcess"}, "thread": {"id": 7160, "name": "MainThread"}, "time": {"repr": "2024-08-29 02:59:01.526293+05:00", "timestamp": 1724882341.526293}}}
