{"text": "2024-08-25T01:31:44.712415+0500 INFO CS 2. CCT South America (25.08 04:30)\nSensei Team - Yawara Esports\n\n2-я карта -> 1.63 & 2.206\n", "record": {"elapsed": {"repr": "0:00:02.112518", "seconds": 2.112518}, "exception": null, "extra": {}, "file": {"name": "messages.py", "path": "C:\\Users\\melni\\PycharmProjects\\betboom_parser\\messages.py"}, "function": "get_message", "level": {"icon": "ℹ️", "name": "INFO", "no": 20}, "line": 19, "message": "CS 2. CCT South America (25.08 04:30)\nSensei Team - Yawara Esports\n\n2-я карта -> 1.63 & 2.206", "module": "messages", "name": "messages", "process": {"id": 6328, "name": "MainProcess"}, "thread": {"id": 416, "name": "MainThread"}, "time": {"repr": "2024-08-25 01:31:44.712415+05:00", "timestamp": 1724531504.712415}}}
{"text": "2024-08-25T01:31:44.836895+0500 INFO message sent\n", "record": {"elapsed": {"repr": "0:00:02.236998", "seconds": 2.236998}, "exception": null, "extra": {}, "file": {"name": "messages.py", "path": "C:\\Users\\melni\\PycharmProjects\\betboom_parser\\messages.py"}, "function": "get_message", "level": {"icon": "ℹ️", "name": "INFO", "no": 20}, "line": 20, "message": "message sent", "module": "messages", "name": "messages", "process": {"id": 6328, "name": "MainProcess"}, "thread": {"id": 416, "name": "MainThread"}, "time": {"repr": "2024-08-25 01:31:44.836895+05:00", "timestamp": 1724531504.836895}}}
{"text": "2024-08-25T01:31:44.837901+0500 DEBUG writing bet to db\n", "record": {"elapsed": {"repr": "0:00:02.238004", "seconds": 2.238004}, "exception": null, "extra": {}, "file": {"name": "main.py", "path": "C:\\Users\\melni\\PycharmProjects\\betboom_parser\\main.py"}, "function": "find_game", "level": {"icon": "🐞", "name": "DEBUG", "no": 10}, "line": 37, "message": "writing bet to db", "module": "main", "name": "__main__", "process": {"id": 6328, "name": "MainProcess"}, "thread": {"id": 416, "name": "MainThread"}, "time": {"repr": "2024-08-25 01:31:44.837901+05:00", "timestamp": 1724531504.837901}}}
{"text": "2024-08-25T01:31:44.838881+0500 DEBUG finding coefficients\n", "record": {"elapsed": {"repr": "0:00:02.238984", "seconds": 2.238984}, "exception": null, "extra": {}, "file": {"name": "main.py", "path": "C:\\Users\\melni\\PycharmProjects\\betboom_parser\\main.py"}, "function": "get_bet", "level": {"icon": "🐞", "name": "DEBUG", "no": 10}, "line": 63, "message": "finding coefficients", "module": "main", "name": "__main__", "process": {"id": 6328, "name": "MainProcess"}, "thread": {"id": 416, "name": "MainThread"}, "time": {"repr": "2024-08-25 01:31:44.838881+05:00", "timestamp": 1724531504.838881}}}
{"text": "2024-08-25T01:31:44.844464+0500 DEBUG reading db\n", "record": {"elapsed": {"repr": "0:00:02.244567", "seconds": 2.244567}, "exception": null, "extra": {}, "file": {"name": "main.py", "path": "C:\\Users\\melni\\PycharmProjects\\betboom_parser\\main.py"}, "function": "find_game", "level": {"icon": "🐞", "name": "DEBUG", "no": 10}, "line": 23, "message": "reading db", "module": "main", "name": "__main__", "process": {"id": 6328, "name": "MainProcess"}, "thread": {"id": 416, "name": "MainThread"}, "time": {"repr": "2024-08-25 01:31:44.844464+05:00", "timestamp": 1724531504.844464}}}
{"text": "2024-08-25T01:31:45.184206+0500 INFO CS 2. CCT South America (25.08 04:30)\nSensei Team - Yawara Esports\n\n3-я карта -> 1.67 & 2.138\n", "record": {"elapsed": {"repr": "0:00:02.584309", "seconds": 2.584309}, "exception": null, "extra": {}, "file": {"name": "messages.py", "path": "C:\\Users\\melni\\PycharmProjects\\betboom_parser\\messages.py"}, "function": "get_message", "level": {"icon": "ℹ️", "name": "INFO", "no": 20}, "line": 19, "message": "CS 2. CCT South America (25.08 04:30)\nSensei Team - Yawara Esports\n\n3-я карта -> 1.67 & 2.138", "module": "messages", "name": "messages", "process": {"id": 6328, "name": "MainProcess"}, "thread": {"id": 416, "name": "MainThread"}, "time": {"repr": "2024-08-25 01:31:45.184206+05:00", "timestamp": 1724531505.184206}}}
{"text": "2024-08-25T01:31:45.184206+0500 INFO message sent\n", "record": {"elapsed": {"repr": "0:00:02.584309", "seconds": 2.584309}, "exception": null, "extra": {}, "file": {"name": "messages.py", "path": "C:\\Users\\melni\\PycharmProjects\\betboom_parser\\messages.py"}, "function": "get_message", "level": {"icon": "ℹ️", "name": "INFO", "no": 20}, "line": 20, "message": "message sent", "module": "messages", "name": "messages", "process": {"id": 6328, "name": "MainProcess"}, "thread": {"id": 416, "name": "MainThread"}, "time": {"repr": "2024-08-25 01:31:45.184206+05:00", "timestamp": 1724531505.184206}}}
{"text": "2024-08-25T01:31:45.501455+0500 INFO CS 2. CCT South America (25.08 04:30)\nSensei Team - Yawara Esports\n\nold odds: 3-я карта -> 1.63\nnew odds: 3-я карта -> 1.67\n", "record": {"elapsed": {"repr": "0:00:02.901558", "seconds": 2.901558}, "exception": null, "extra": {}, "file": {"name": "messages.py", "path": "C:\\Users\\melni\\PycharmProjects\\betboom_parser\\messages.py"}, "function": "get_alter_message", "level": {"icon": "ℹ️", "name": "INFO", "no": 20}, "line": 36, "message": "CS 2. CCT South America (25.08 04:30)\nSensei Team - Yawara Esports\n\nold odds: 3-я карта -> 1.63\nnew odds: 3-я карта -> 1.67", "module": "messages", "name": "messages", "process": {"id": 6328, "name": "MainProcess"}, "thread": {"id": 416, "name": "MainThread"}, "time": {"repr": "2024-08-25 01:31:45.501455+05:00", "timestamp": 1724531505.501455}}}
{"text": "2024-08-25T01:31:45.502500+0500 INFO message sent\n", "record": {"elapsed": {"repr": "0:00:02.902603", "seconds": 2.902603}, "exception": null, "extra": {}, "file": {"name": "messages.py", "path": "C:\\Users\\melni\\PycharmProjects\\betboom_parser\\messages.py"}, "function": "get_alter_message", "level": {"icon": "ℹ️", "name": "INFO", "no": 20}, "line": 37, "message": "message sent", "module": "messages", "name": "messages", "process": {"id": 6328, "name": "MainProcess"}, "thread": {"id": 416, "name": "MainThread"}, "time": {"repr": "2024-08-25 01:31:45.502500+05:00", "timestamp": 1724531505.5025}}}
{"text": "2024-08-25T01:31:45.505501+0500 DEBUG writing bet to db\n", "record": {"elapsed": {"repr": "0:00:02.905604", "seconds": 2.905604}, "exception": null, "extra": {}, "file": {"name": "main.py", "path": "C:\\Users\\melni\\PycharmProjects\\betboom_parser\\main.py"}, "function": "find_game", "level": {"icon": "🐞", "name": "DEBUG", "no": 10}, "line": 37, "message": "writing bet to db", "module": "main", "name": "__main__", "process": {"id": 6328, "name": "MainProcess"}, "thread": {"id": 416, "name": "MainThread"}, "time": {"repr": "2024-08-25 01:31:45.505501+05:00", "timestamp": 1724531505.505501}}}
{"text": "2024-08-25T01:31:45.506498+0500 DEBUG finding coefficients\n", "record": {"elapsed": {"repr": "0:00:02.906601", "seconds": 2.906601}, "exception": null, "extra": {}, "file": {"name": "main.py", "path": "C:\\Users\\melni\\PycharmProjects\\betboom_parser\\main.py"}, "function": "get_bet", "level": {"icon": "🐞", "name": "DEBUG", "no": 10}, "line": 63, "message": "finding coefficients", "module": "main", "name": "__main__", "process": {"id": 6328, "name": "MainProcess"}, "thread": {"id": 416, "name": "MainThread"}, "time": {"repr": "2024-08-25 01:31:45.506498+05:00", "timestamp": 1724531505.506498}}}
{"text": "2024-08-25T01:31:45.507495+0500 DEBUG getting info about match...\n", "record": {"elapsed": {"repr": "0:00:02.907598", "seconds": 2.907598}, "exception": null, "extra": {}, "file": {"name": "main.py", "path": "C:\\Users\\melni\\PycharmProjects\\betboom_parser\\main.py"}, "function": "get_match", "level": {"icon": "🐞", "name": "DEBUG", "no": 10}, "line": 88, "message": "getting info about match...", "module": "main", "name": "__main__", "process": {"id": 6328, "name": "MainProcess"}, "thread": {"id": 416, "name": "MainThread"}, "time": {"repr": "2024-08-25 01:31:45.507495+05:00", "timestamp": 1724531505.507495}}}
{"text": "2024-08-25T01:31:45.707845+0500 DEBUG reading db\n", "record": {"elapsed": {"repr": "0:00:03.107948", "seconds": 3.107948}, "exception": null, "extra": {}, "file": {"name": "main.py", "path": "C:\\Users\\melni\\PycharmProjects\\betboom_parser\\main.py"}, "function": "find_game", "level": {"icon": "🐞", "name": "DEBUG", "no": 10}, "line": 23, "message": "reading db", "module": "main", "name": "__main__", "process": {"id": 6328, "name": "MainProcess"}, "thread": {"id": 416, "name": "MainThread"}, "time": {"repr": "2024-08-25 01:31:45.707845+05:00", "timestamp": 1724531505.707845}}}
{"text": "2024-08-25T01:31:46.142482+0500 INFO CS 2. European Pro League (25.08 13:00)\nVerdant - Anonymo\n\n1-я карта -> 1.77 & 1.93\n", "record": {"elapsed": {"repr": "0:00:03.542585", "seconds": 3.542585}, "exception": null, "extra": {}, "file": {"name": "messages.py", "path": "C:\\Users\\melni\\PycharmProjects\\betboom_parser\\messages.py"}, "function": "get_message", "level": {"icon": "ℹ️", "name": "INFO", "no": 20}, "line": 19, "message": "CS 2. European Pro League (25.08 13:00)\nVerdant - Anonymo\n\n1-я карта -> 1.77 & 1.93", "module": "messages", "name": "messages", "process": {"id": 6328, "name": "MainProcess"}, "thread": {"id": 416, "name": "MainThread"}, "time": {"repr": "2024-08-25 01:31:46.142482+05:00", "timestamp": 1724531506.142482}}}
{"text": "2024-08-25T01:31:46.143528+0500 INFO message sent\n", "record": {"elapsed": {"repr": "0:00:03.543631", "seconds": 3.543631}, "exception": null, "extra": {}, "file": {"name": "messages.py", "path": "C:\\Users\\melni\\PycharmProjects\\betboom_parser\\messages.py"}, "function": "get_message", "level": {"icon": "ℹ️", "name": "INFO", "no": 20}, "line": 20, "message": "message sent", "module": "messages", "name": "messages", "process": {"id": 6328, "name": "MainProcess"}, "thread": {"id": 416, "name": "MainThread"}, "time": {"repr": "2024-08-25 01:31:46.143528+05:00", "timestamp": 1724531506.143528}}}
{"text": "2024-08-25T01:31:46.150060+0500 DEBUG writing bet to db\n", "record": {"elapsed": {"repr": "0:00:03.550163", "seconds": 3.550163}, "exception": null, "extra": {}, "file": {"name": "main.py", "path": "C:\\Users\\melni\\PycharmProjects\\betboom_parser\\main.py"}, "function": "find_game", "level": {"icon": "🐞", "name": "DEBUG", "no": 10}, "line": 37, "message": "writing bet to db", "module": "main", "name": "__main__", "process": {"id": 6328, "name": "MainProcess"}, "thread": {"id": 416, "name": "MainThread"}, "time": {"repr": "2024-08-25 01:31:46.150060+05:00", "timestamp": 1724531506.15006}}}
{"text": "2024-08-25T01:31:46.152098+0500 DEBUG finding coefficients\n", "record": {"elapsed": {"repr": "0:00:03.552201", "seconds": 3.552201}, "exception": null, "extra": {}, "file": {"name": "main.py", "path": "C:\\Users\\melni\\PycharmProjects\\betboom_parser\\main.py"}, "function": "get_bet", "level": {"icon": "🐞", "name": "DEBUG", "no": 10}, "line": 63, "message": "finding coefficients", "module": "main", "name": "__main__", "process": {"id": 6328, "name": "MainProcess"}, "thread": {"id": 416, "name": "MainThread"}, "time": {"repr": "2024-08-25 01:31:46.152098+05:00", "timestamp": 1724531506.152098}}}
{"text": "2024-08-25T01:31:46.153134+0500 DEBUG reading db\n", "record": {"elapsed": {"repr": "0:00:03.553237", "seconds": 3.553237}, "exception": null, "extra": {}, "file": {"name": "main.py", "path": "C:\\Users\\melni\\PycharmProjects\\betboom_parser\\main.py"}, "function": "find_game", "level": {"icon": "🐞", "name": "DEBUG", "no": 10}, "line": 23, "message": "reading db", "module": "main", "name": "__main__", "process": {"id": 6328, "name": "MainProcess"}, "thread": {"id": 416, "name": "MainThread"}, "time": {"repr": "2024-08-25 01:31:46.153134+05:00", "timestamp": 1724531506.153134}}}
{"text": "2024-08-25T01:31:49.696979+0500 INFO CS 2. European Pro League (25.08 13:00)\nVerdant - Anonymo\n\n2-я карта -> 1.77 & 1.93\n", "record": {"elapsed": {"repr": "0:00:07.097082", "seconds": 7.097082}, "exception": null, "extra": {}, "file": {"name": "messages.py", "path": "C:\\Users\\melni\\PycharmProjects\\betboom_parser\\messages.py"}, "function": "get_message", "level": {"icon": "ℹ️", "name": "INFO", "no": 20}, "line": 19, "message": "CS 2. European Pro League (25.08 13:00)\nVerdant - Anonymo\n\n2-я карта -> 1.77 & 1.93", "module": "messages", "name": "messages", "process": {"id": 6328, "name": "MainProcess"}, "thread": {"id": 416, "name": "MainThread"}, "time": {"repr": "2024-08-25 01:31:49.696979+05:00", "timestamp": 1724531509.696979}}}
{"text": "2024-08-25T01:31:49.697972+0500 INFO message sent\n", "record": {"elapsed": {"repr": "0:00:07.098075", "seconds": 7.098075}, "exception": null, "extra": {}, "file": {"name": "messages.py", "path": "C:\\Users\\melni\\PycharmProjects\\betboom_parser\\messages.py"}, "function": "get_message", "level": {"icon": "ℹ️", "name": "INFO", "no": 20}, "line": 20, "message": "message sent", "module": "messages", "name": "messages", "process": {"id": 6328, "name": "MainProcess"}, "thread": {"id": 416, "name": "MainThread"}, "time": {"repr": "2024-08-25 01:31:49.697972+05:00", "timestamp": 1724531509.697972}}}
{"text": "2024-08-25T01:31:49.697972+0500 DEBUG writing bet to db\n", "record": {"elapsed": {"repr": "0:00:07.098075", "seconds": 7.098075}, "exception": null, "extra": {}, "file": {"name": "main.py", "path": "C:\\Users\\melni\\PycharmProjects\\betboom_parser\\main.py"}, "function": "find_game", "level": {"icon": "🐞", "name": "DEBUG", "no": 10}, "line": 37, "message": "writing bet to db", "module": "main", "name": "__main__", "process": {"id": 6328, "name": "MainProcess"}, "thread": {"id": 416, "name": "MainThread"}, "time": {"repr": "2024-08-25 01:31:49.697972+05:00", "timestamp": 1724531509.697972}}}
{"text": "2024-08-25T01:31:49.699571+0500 DEBUG finding coefficients\n", "record": {"elapsed": {"repr": "0:00:07.099674", "seconds": 7.099674}, "exception": null, "extra": {}, "file": {"name": "main.py", "path": "C:\\Users\\melni\\PycharmProjects\\betboom_parser\\main.py"}, "function": "get_bet", "level": {"icon": "🐞", "name": "DEBUG", "no": 10}, "line": 63, "message": "finding coefficients", "module": "main", "name": "__main__", "process": {"id": 6328, "name": "MainProcess"}, "thread": {"id": 416, "name": "MainThread"}, "time": {"repr": "2024-08-25 01:31:49.699571+05:00", "timestamp": 1724531509.699571}}}
{"text": "2024-08-25T01:31:49.701543+0500 DEBUG reading db\n", "record": {"elapsed": {"repr": "0:00:07.101646", "seconds": 7.101646}, "exception": null, "extra": {}, "file": {"name": "main.py", "path": "C:\\Users\\melni\\PycharmProjects\\betboom_parser\\main.py"}, "function": "find_game", "level": {"icon": "🐞", "name": "DEBUG", "no": 10}, "line": 23, "message": "reading db", "module": "main", "name": "__main__", "process": {"id": 6328, "name": "MainProcess"}, "thread": {"id": 416, "name": "MainThread"}, "time": {"repr": "2024-08-25 01:31:49.701543+05:00", "timestamp": 1724531509.701543}}}
{"text": "2024-08-25T01:31:50.122042+0500 INFO CS 2. European Pro League (25.08 13:00)\nVerdant - Anonymo\n\n3-я карта -> 1.77 & 1.93\n", "record": {"elapsed": {"repr": "0:00:07.522145", "seconds": 7.522145}, "exception": null, "extra": {}, "file": {"name": "messages.py", "path": "C:\\Users\\melni\\PycharmProjects\\betboom_parser\\messages.py"}, "function": "get_message", "level": {"icon": "ℹ️", "name": "INFO", "no": 20}, "line": 19, "message": "CS 2. European Pro League (25.08 13:00)\nVerdant - Anonymo\n\n3-я карта -> 1.77 & 1.93", "module": "messages", "name": "messages", "process": {"id": 6328, "name": "MainProcess"}, "thread": {"id": 416, "name": "MainThread"}, "time": {"repr": "2024-08-25 01:31:50.122042+05:00", "timestamp": 1724531510.122042}}}
{"text": "2024-08-25T01:31:50.123043+0500 INFO message sent\n", "record": {"elapsed": {"repr": "0:00:07.523146", "seconds": 7.523146}, "exception": null, "extra": {}, "file": {"name": "messages.py", "path": "C:\\Users\\melni\\PycharmProjects\\betboom_parser\\messages.py"}, "function": "get_message", "level": {"icon": "ℹ️", "name": "INFO", "no": 20}, "line": 20, "message": "message sent", "module": "messages", "name": "messages", "process": {"id": 6328, "name": "MainProcess"}, "thread": {"id": 416, "name": "MainThread"}, "time": {"repr": "2024-08-25 01:31:50.123043+05:00", "timestamp": 1724531510.123043}}}
{"text": "2024-08-25T01:31:50.124569+0500 DEBUG writing bet to db\n", "record": {"elapsed": {"repr": "0:00:07.524672", "seconds": 7.524672}, "exception": null, "extra": {}, "file": {"name": "main.py", "path": "C:\\Users\\melni\\PycharmProjects\\betboom_parser\\main.py"}, "function": "find_game", "level": {"icon": "🐞", "name": "DEBUG", "no": 10}, "line": 37, "message": "writing bet to db", "module": "main", "name": "__main__", "process": {"id": 6328, "name": "MainProcess"}, "thread": {"id": 416, "name": "MainThread"}, "time": {"repr": "2024-08-25 01:31:50.124569+05:00", "timestamp": 1724531510.124569}}}
{"text": "2024-08-25T01:31:50.125612+0500 DEBUG finding coefficients\n", "record": {"elapsed": {"repr": "0:00:07.525715", "seconds": 7.525715}, "exception": null, "extra": {}, "file": {"name": "main.py", "path": "C:\\Users\\melni\\PycharmProjects\\betboom_parser\\main.py"}, "function": "get_bet", "level": {"icon": "🐞", "name": "DEBUG", "no": 10}, "line": 63, "message": "finding coefficients", "module": "main", "name": "__main__", "process": {"id": 6328, "name": "MainProcess"}, "thread": {"id": 416, "name": "MainThread"}, "time": {"repr": "2024-08-25 01:31:50.125612+05:00", "timestamp": 1724531510.125612}}}
{"text": "2024-08-25T01:31:50.125612+0500 DEBUG getting info about match...\n", "record": {"elapsed": {"repr": "0:00:07.525715", "seconds": 7.525715}, "exception": null, "extra": {}, "file": {"name": "main.py", "path": "C:\\Users\\melni\\PycharmProjects\\betboom_parser\\main.py"}, "function": "get_match", "level": {"icon": "🐞", "name": "DEBUG", "no": 10}, "line": 88, "message": "getting info about match...", "module": "main", "name": "__main__", "process": {"id": 6328, "name": "MainProcess"}, "thread": {"id": 416, "name": "MainThread"}, "time": {"repr": "2024-08-25 01:31:50.125612+05:00", "timestamp": 1724531510.125612}}}
{"text": "2024-08-25T01:31:50.438615+0500 DEBUG reading db\n", "record": {"elapsed": {"repr": "0:00:07.838718", "seconds": 7.838718}, "exception": null, "extra": {}, "file": {"name": "main.py", "path": "C:\\Users\\melni\\PycharmProjects\\betboom_parser\\main.py"}, "function": "find_game", "level": {"icon": "🐞", "name": "DEBUG", "no": 10}, "line": 23, "message": "reading db", "module": "main", "name": "__main__", "process": {"id": 6328, "name": "MainProcess"}, "thread": {"id": 416, "name": "MainThread"}, "time": {"repr": "2024-08-25 01:31:50.438615+05:00", "timestamp": 1724531510.438615}}}
{"text": "2024-08-25T01:31:50.844205+0500 INFO CS 2. BB Dacha (25.08 14:00)\nTeam Falcons - BETBOOM TEAM\n\n1-я карта -> 1.74 & 2.11\n", "record": {"elapsed": {"repr": "0:00:08.244308", "seconds": 8.244308}, "exception": null, "extra": {}, "file": {"name": "messages.py", "path": "C:\\Users\\melni\\PycharmProjects\\betboom_parser\\messages.py"}, "function": "get_message", "level": {"icon": "ℹ️", "name": "INFO", "no": 20}, "line": 19, "message": "CS 2. BB Dacha (25.08 14:00)\nTeam Falcons - BETBOOM TEAM\n\n1-я карта -> 1.74 & 2.11", "module": "messages", "name": "messages", "process": {"id": 6328, "name": "MainProcess"}, "thread": {"id": 416, "name": "MainThread"}, "time": {"repr": "2024-08-25 01:31:50.844205+05:00", "timestamp": 1724531510.844205}}}
{"text": "2024-08-25T01:31:50.845206+0500 INFO message sent\n", "record": {"elapsed": {"repr": "0:00:08.245309", "seconds": 8.245309}, "exception": null, "extra": {}, "file": {"name": "messages.py", "path": "C:\\Users\\melni\\PycharmProjects\\betboom_parser\\messages.py"}, "function": "get_message", "level": {"icon": "ℹ️", "name": "INFO", "no": 20}, "line": 20, "message": "message sent", "module": "messages", "name": "messages", "process": {"id": 6328, "name": "MainProcess"}, "thread": {"id": 416, "name": "MainThread"}, "time": {"repr": "2024-08-25 01:31:50.845206+05:00", "timestamp": 1724531510.845206}}}
{"text": "2024-08-25T01:31:50.846202+0500 DEBUG writing bet to db\n", "record": {"elapsed": {"repr": "0:00:08.246305", "seconds": 8.246305}, "exception": null, "extra": {}, "file": {"name": "main.py", "path": "C:\\Users\\melni\\PycharmProjects\\betboom_parser\\main.py"}, "function": "find_game", "level": {"icon": "🐞", "name": "DEBUG", "no": 10}, "line": 37, "message": "writing bet to db", "module": "main", "name": "__main__", "process": {"id": 6328, "name": "MainProcess"}, "thread": {"id": 416, "name": "MainThread"}, "time": {"repr": "2024-08-25 01:31:50.846202+05:00", "timestamp": 1724531510.846202}}}
{"text": "2024-08-25T01:31:50.847202+0500 DEBUG finding coefficients\n", "record": {"elapsed": {"repr": "0:00:08.247305", "seconds": 8.247305}, "exception": null, "extra": {}, "file": {"name": "main.py", "path": "C:\\Users\\melni\\PycharmProjects\\betboom_parser\\main.py"}, "function": "get_bet", "level": {"icon": "🐞", "name": "DEBUG", "no": 10}, "line": 63, "message": "finding coefficients", "module": "main", "name": "__main__", "process": {"id": 6328, "name": "MainProcess"}, "thread": {"id": 416, "name": "MainThread"}, "time": {"repr": "2024-08-25 01:31:50.847202+05:00", "timestamp": 1724531510.847202}}}
{"text": "2024-08-25T01:31:50.848202+0500 DEBUG reading db\n", "record": {"elapsed": {"repr": "0:00:08.248305", "seconds": 8.248305}, "exception": null, "extra": {}, "file": {"name": "main.py", "path": "C:\\Users\\melni\\PycharmProjects\\betboom_parser\\main.py"}, "function": "find_game", "level": {"icon": "🐞", "name": "DEBUG", "no": 10}, "line": 23, "message": "reading db", "module": "main", "name": "__main__", "process": {"id": 6328, "name": "MainProcess"}, "thread": {"id": 416, "name": "MainThread"}, "time": {"repr": "2024-08-25 01:31:50.848202+05:00", "timestamp": 1724531510.848202}}}
{"text": "2024-08-25T01:31:51.234366+0500 INFO CS 2. BB Dacha (25.08 14:00)\nTeam Falcons - BETBOOM TEAM\n\n2-я карта -> 1.74 & 2.11\n", "record": {"elapsed": {"repr": "0:00:08.634469", "seconds": 8.634469}, "exception": null, "extra": {}, "file": {"name": "messages.py", "path": "C:\\Users\\melni\\PycharmProjects\\betboom_parser\\messages.py"}, "function": "get_message", "level": {"icon": "ℹ️", "name": "INFO", "no": 20}, "line": 19, "message": "CS 2. BB Dacha (25.08 14:00)\nTeam Falcons - BETBOOM TEAM\n\n2-я карта -> 1.74 & 2.11", "module": "messages", "name": "messages", "process": {"id": 6328, "name": "MainProcess"}, "thread": {"id": 416, "name": "MainThread"}, "time": {"repr": "2024-08-25 01:31:51.234366+05:00", "timestamp": 1724531511.234366}}}
{"text": "2024-08-25T01:31:51.235350+0500 INFO message sent\n", "record": {"elapsed": {"repr": "0:00:08.635453", "seconds": 8.635453}, "exception": null, "extra": {}, "file": {"name": "messages.py", "path": "C:\\Users\\melni\\PycharmProjects\\betboom_parser\\messages.py"}, "function": "get_message", "level": {"icon": "ℹ️", "name": "INFO", "no": 20}, "line": 20, "message": "message sent", "module": "messages", "name": "messages", "process": {"id": 6328, "name": "MainProcess"}, "thread": {"id": 416, "name": "MainThread"}, "time": {"repr": "2024-08-25 01:31:51.235350+05:00", "timestamp": 1724531511.23535}}}
{"text": "2024-08-25T01:31:51.236350+0500 DEBUG writing bet to db\n", "record": {"elapsed": {"repr": "0:00:08.636453", "seconds": 8.636453}, "exception": null, "extra": {}, "file": {"name": "main.py", "path": "C:\\Users\\melni\\PycharmProjects\\betboom_parser\\main.py"}, "function": "find_game", "level": {"icon": "🐞", "name": "DEBUG", "no": 10}, "line": 37, "message": "writing bet to db", "module": "main", "name": "__main__", "process": {"id": 6328, "name": "MainProcess"}, "thread": {"id": 416, "name": "MainThread"}, "time": {"repr": "2024-08-25 01:31:51.236350+05:00", "timestamp": 1724531511.23635}}}
{"text": "2024-08-25T01:31:51.237363+0500 DEBUG finding coefficients\n", "record": {"elapsed": {"repr": "0:00:08.637466", "seconds": 8.637466}, "exception": null, "extra": {}, "file": {"name": "main.py", "path": "C:\\Users\\melni\\PycharmProjects\\betboom_parser\\main.py"}, "function": "get_bet", "level": {"icon": "🐞", "name": "DEBUG", "no": 10}, "line": 63, "message": "finding coefficients", "module": "main", "name": "__main__", "process": {"id": 6328, "name": "MainProcess"}, "thread": {"id": 416, "name": "MainThread"}, "time": {"repr": "2024-08-25 01:31:51.237363+05:00", "timestamp": 1724531511.237363}}}
{"text": "2024-08-25T01:31:51.238363+0500 DEBUG reading db\n", "record": {"elapsed": {"repr": "0:00:08.638466", "seconds": 8.638466}, "exception": null, "extra": {}, "file": {"name": "main.py", "path": "C:\\Users\\melni\\PycharmProjects\\betboom_parser\\main.py"}, "function": "find_game", "level": {"icon": "🐞", "name": "DEBUG", "no": 10}, "line": 23, "message": "reading db", "module": "main", "name": "__main__", "process": {"id": 6328, "name": "MainProcess"}, "thread": {"id": 416, "name": "MainThread"}, "time": {"repr": "2024-08-25 01:31:51.238363+05:00", "timestamp": 1724531511.238363}}}
{"text": "2024-08-25T01:31:51.628294+0500 INFO CS 2. BB Dacha (25.08 14:00)\nTeam Falcons - BETBOOM TEAM\n\n3-я карта -> 1.74 & 2.11\n", "record": {"elapsed": {"repr": "0:00:09.028397", "seconds": 9.028397}, "exception": null, "extra": {}, "file": {"name": "messages.py", "path": "C:\\Users\\melni\\PycharmProjects\\betboom_parser\\messages.py"}, "function": "get_message", "level": {"icon": "ℹ️", "name": "INFO", "no": 20}, "line": 19, "message": "CS 2. BB Dacha (25.08 14:00)\nTeam Falcons - BETBOOM TEAM\n\n3-я карта -> 1.74 & 2.11", "module": "messages", "name": "messages", "process": {"id": 6328, "name": "MainProcess"}, "thread": {"id": 416, "name": "MainThread"}, "time": {"repr": "2024-08-25 01:31:51.628294+05:00", "timestamp": 1724531511.628294}}}
{"text": "2024-08-25T01:31:51.628294+0500 INFO message sent\n", "record": {"elapsed": {"repr": "0:00:09.028397", "seconds": 9.028397}, "exception": null, "extra": {}, "file": {"name": "messages.py", "path": "C:\\Users\\melni\\PycharmProjects\\betboom_parser\\messages.py"}, "function": "get_message", "level": {"icon": "ℹ️", "name": "INFO", "no": 20}, "line": 20, "message": "message sent", "module": "messages", "name": "messages", "process": {"id": 6328, "name": "MainProcess"}, "thread": {"id": 416, "name": "MainThread"}, "time": {"repr": "2024-08-25 01:31:51.628294+05:00", "timestamp": 1724531511.628294}}}
{"text": "2024-08-25T01:31:51.630878+0500 DEBUG writing bet to db\n", "record": {"elapsed": {"repr": "0:00:09.030981", "seconds": 9.030981}, "exception": null, "extra": {}, "file": {"name": "main.py", "path": "C:\\Users\\melni\\PycharmProjects\\betboom_parser\\main.py"}, "function": "find_game", "level": {"icon": "🐞", "name": "DEBUG", "no": 10}, "line": 37, "message": "writing bet to db", "module": "main", "name": "__main__", "process": {"id": 6328, "name": "MainProcess"}, "thread": {"id": 416, "name": "MainThread"}, "time": {"repr": "2024-08-25 01:31:51.630878+05:00", "timestamp": 1724531511.630878}}}
{"text": "2024-08-25T01:31:51.632983+0500 DEBUG finding coefficients\n", "record": {"elapsed": {"repr": "0:00:09.033086", "seconds": 9.033086}, "exception": null, "extra": {}, "file": {"name": "main.py", "path": "C:\\Users\\melni\\PycharmProjects\\betboom_parser\\main.py"}, "function": "get_bet", "level": {"icon": "🐞", "name": "DEBUG", "no": 10}, "line": 63, "message": "finding coefficients", "module": "main", "name": "__main__", "process": {"id": 6328, "name": "MainProcess"}, "thread": {"id": 416, "name": "MainThread"}, "time": {"repr": "2024-08-25 01:31:51.632983+05:00", "timestamp": 1724531511.632983}}}
{"text": "2024-08-25T01:31:51.633919+0500 DEBUG getting info about match...\n", "record": {"elapsed": {"repr": "0:00:09.034022", "seconds": 9.034022}, "exception": null, "extra": {}, "file": {"name": "main.py", "path": "C:\\Users\\melni\\PycharmProjects\\betboom_parser\\main.py"}, "function": "get_match", "level": {"icon": "🐞", "name": "DEBUG", "no": 10}, "line": 88, "message": "getting info about match...", "module": "main", "name": "__main__", "process": {"id": 6328, "name": "MainProcess"}, "thread": {"id": 416, "name": "MainThread"}, "time": {"repr": "2024-08-25 01:31:51.633919+05:00", "timestamp": 1724531511.633919}}}
{"text": "2024-08-25T01:31:51.899707+0500 DEBUG reading db\n", "record": {"elapsed": {"repr": "0:00:09.299810", "seconds": 9.29981}, "exception": null, "extra": {}, "file": {"name": "main.py", "path": "C:\\Users\\melni\\PycharmProjects\\betboom_parser\\main.py"}, "function": "find_game", "level": {"icon": "🐞", "name": "DEBUG", "no": 10}, "line": 23, "message": "reading db", "module": "main", "name": "__main__", "process": {"id": 6328, "name": "MainProcess"}, "thread": {"id": 416, "name": "MainThread"}, "time": {"repr": "2024-08-25 01:31:51.899707+05:00", "timestamp": 1724531511.899707}}}
{"text": "2024-08-25T01:31:55.530171+0500 INFO CS 2. CCT Europe Series 9 (25.08 14:30)\nZero Tenacity - Permitta Esports\n\n1-я карта -> 1.66 & 2.157\n", "record": {"elapsed": {"repr": "0:00:12.930274", "seconds": 12.930274}, "exception": null, "extra": {}, "file": {"name": "messages.py", "path": "C:\\Users\\melni\\PycharmProjects\\betboom_parser\\messages.py"}, "function": "get_message", "level": {"icon": "ℹ️", "name": "INFO", "no": 20}, "line": 19, "message": "CS 2. CCT Europe Series 9 (25.08 14:30)\nZero Tenacity - Permitta Esports\n\n1-я карта -> 1.66 & 2.157", "module": "messages", "name": "messages", "process": {"id": 6328, "name": "MainProcess"}, "thread": {"id": 416, "name": "MainThread"}, "time": {"repr": "2024-08-25 01:31:55.530171+05:00", "timestamp": 1724531515.530171}}}
{"text": "2024-08-25T01:31:55.531217+0500 INFO message sent\n", "record": {"elapsed": {"repr": "0:00:12.931320", "seconds": 12.93132}, "exception": null, "extra": {}, "file": {"name": "messages.py", "path": "C:\\Users\\melni\\PycharmProjects\\betboom_parser\\messages.py"}, "function": "get_message", "level": {"icon": "ℹ️", "name": "INFO", "no": 20}, "line": 20, "message": "message sent", "module": "messages", "name": "messages", "process": {"id": 6328, "name": "MainProcess"}, "thread": {"id": 416, "name": "MainThread"}, "time": {"repr": "2024-08-25 01:31:55.531217+05:00", "timestamp": 1724531515.531217}}}
{"text": "2024-08-25T01:31:55.533251+0500 DEBUG writing bet to db\n", "record": {"elapsed": {"repr": "0:00:12.933354", "seconds": 12.933354}, "exception": null, "extra": {}, "file": {"name": "main.py", "path": "C:\\Users\\melni\\PycharmProjects\\betboom_parser\\main.py"}, "function": "find_game", "level": {"icon": "🐞", "name": "DEBUG", "no": 10}, "line": 37, "message": "writing bet to db", "module": "main", "name": "__main__", "process": {"id": 6328, "name": "MainProcess"}, "thread": {"id": 416, "name": "MainThread"}, "time": {"repr": "2024-08-25 01:31:55.533251+05:00", "timestamp": 1724531515.533251}}}
{"text": "2024-08-25T01:31:55.534252+0500 DEBUG finding coefficients\n", "record": {"elapsed": {"repr": "0:00:12.934355", "seconds": 12.934355}, "exception": null, "extra": {}, "file": {"name": "main.py", "path": "C:\\Users\\melni\\PycharmProjects\\betboom_parser\\main.py"}, "function": "get_bet", "level": {"icon": "🐞", "name": "DEBUG", "no": 10}, "line": 63, "message": "finding coefficients", "module": "main", "name": "__main__", "process": {"id": 6328, "name": "MainProcess"}, "thread": {"id": 416, "name": "MainThread"}, "time": {"repr": "2024-08-25 01:31:55.534252+05:00", "timestamp": 1724531515.534252}}}
{"text": "2024-08-25T01:31:55.535233+0500 DEBUG reading db\n", "record": {"elapsed": {"repr": "0:00:12.935336", "seconds": 12.935336}, "exception": null, "extra": {}, "file": {"name": "main.py", "path": "C:\\Users\\melni\\PycharmProjects\\betboom_parser\\main.py"}, "function": "find_game", "level": {"icon": "🐞", "name": "DEBUG", "no": 10}, "line": 23, "message": "reading db", "module": "main", "name": "__main__", "process": {"id": 6328, "name": "MainProcess"}, "thread": {"id": 416, "name": "MainThread"}, "time": {"repr": "2024-08-25 01:31:55.535233+05:00", "timestamp": 1724531515.535233}}}
{"text": "2024-08-25T01:31:57.934546+0500 INFO CS 2. CCT Europe Series 9 (25.08 14:30)\nZero Tenacity - Permitta Esports\n\n2-я карта -> 1.66 & 2.157\n", "record": {"elapsed": {"repr": "0:00:15.334649", "seconds": 15.334649}, "exception": null, "extra": {}, "file": {"name": "messages.py", "path": "C:\\Users\\melni\\PycharmProjects\\betboom_parser\\messages.py"}, "function": "get_message", "level": {"icon": "ℹ️", "name": "INFO", "no": 20}, "line": 19, "message": "CS 2. CCT Europe Series 9 (25.08 14:30)\nZero Tenacity - Permitta Esports\n\n2-я карта -> 1.66 & 2.157", "module": "messages", "name": "messages", "process": {"id": 6328, "name": "MainProcess"}, "thread": {"id": 416, "name": "MainThread"}, "time": {"repr": "2024-08-25 01:31:57.934546+05:00", "timestamp": 1724531517.934546}}}
{"text": "2024-08-25T01:31:57.935543+0500 INFO message sent\n", "record": {"elapsed": {"repr": "0:00:15.335646", "seconds": 15.335646}, "exception": null, "extra": {}, "file": {"name": "messages.py", "path": "C:\\Users\\melni\\PycharmProjects\\betboom_parser\\messages.py"}, "function": "get_message", "level": {"icon": "ℹ️", "name": "INFO", "no": 20}, "line": 20, "message": "message sent", "module": "messages", "name": "messages", "process": {"id": 6328, "name": "MainProcess"}, "thread": {"id": 416, "name": "MainThread"}, "time": {"repr": "2024-08-25 01:31:57.935543+05:00", "timestamp": 1724531517.935543}}}
{"text": "2024-08-25T01:31:57.936539+0500 DEBUG writing bet to db\n", "record": {"elapsed": {"repr": "0:00:15.336642", "seconds": 15.336642}, "exception": null, "extra": {}, "file": {"name": "main.py", "path": "C:\\Users\\melni\\PycharmProjects\\betboom_parser\\main.py"}, "function": "find_game", "level": {"icon": "🐞", "name": "DEBUG", "no": 10}, "line": 37, "message": "writing bet to db", "module": "main", "name": "__main__", "process": {"id": 6328, "name": "MainProcess"}, "thread": {"id": 416, "name": "MainThread"}, "time": {"repr": "2024-08-25 01:31:57.936539+05:00", "timestamp": 1724531517.936539}}}
{"text": "2024-08-25T01:31:57.938545+0500 DEBUG finding coefficients\n", "record": {"elapsed": {"repr": "0:00:15.338648", "seconds": 15.338648}, "exception": null, "extra": {}, "file": {"name": "main.py", "path": "C:\\Users\\melni\\PycharmProjects\\betboom_parser\\main.py"}, "function": "get_bet", "level": {"icon": "🐞", "name": "DEBUG", "no": 10}, "line": 63, "message": "finding coefficients", "module": "main", "name": "__main__", "process": {"id": 6328, "name": "MainProcess"}, "thread": {"id": 416, "name": "MainThread"}, "time": {"repr": "2024-08-25 01:31:57.938545+05:00", "timestamp": 1724531517.938545}}}
{"text": "2024-08-25T01:31:57.939547+0500 DEBUG reading db\n", "record": {"elapsed": {"repr": "0:00:15.339650", "seconds": 15.33965}, "exception": null, "extra": {}, "file": {"name": "main.py", "path": "C:\\Users\\melni\\PycharmProjects\\betboom_parser\\main.py"}, "function": "find_game", "level": {"icon": "🐞", "name": "DEBUG", "no": 10}, "line": 23, "message": "reading db", "module": "main", "name": "__main__", "process": {"id": 6328, "name": "MainProcess"}, "thread": {"id": 416, "name": "MainThread"}, "time": {"repr": "2024-08-25 01:31:57.939547+05:00", "timestamp": 1724531517.939547}}}
{"text": "2024-08-25T01:31:58.614494+0500 INFO CS 2. CCT Europe Series 9 (25.08 14:30)\nZero Tenacity - Permitta Esports\n\n3-я карта -> 1.66 & 2.157\n", "record": {"elapsed": {"repr": "0:00:16.014597", "seconds": 16.014597}, "exception": null, "extra": {}, "file": {"name": "messages.py", "path": "C:\\Users\\melni\\PycharmProjects\\betboom_parser\\messages.py"}, "function": "get_message", "level": {"icon": "ℹ️", "name": "INFO", "no": 20}, "line": 19, "message": "CS 2. CCT Europe Series 9 (25.08 14:30)\nZero Tenacity - Permitta Esports\n\n3-я карта -> 1.66 & 2.157", "module": "messages", "name": "messages", "process": {"id": 6328, "name": "MainProcess"}, "thread": {"id": 416, "name": "MainThread"}, "time": {"repr": "2024-08-25 01:31:58.614494+05:00", "timestamp": 1724531518.614494}}}
{"text": "2024-08-25T01:31:58.614494+0500 INFO message sent\n", "record": {"elapsed": {"repr": "0:00:16.014597", "seconds": 16.014597}, "exception": null, "extra": {}, "file": {"name": "messages.py", "path": "C:\\Users\\melni\\PycharmProjects\\betboom_parser\\messages.py"}, "function": "get_message", "level": {"icon": "ℹ️", "name": "INFO", "no": 20}, "line": 20, "message": "message sent", "module": "messages", "name": "messages", "process": {"id": 6328, "name": "MainProcess"}, "thread": {"id": 416, "name": "MainThread"}, "time": {"repr": "2024-08-25 01:31:58.614494+05:00", "timestamp": 1724531518.614494}}}
{"text": "2024-08-25T01:31:58.616497+0500 DEBUG writing bet to db\n", "record": {"elapsed": {"repr": "0:00:16.016600", "seconds": 16.0166}, "exception": null, "extra": {}, "file": {"name": "main.py", "path": "C:\\Users\\melni\\PycharmProjects\\betboom_parser\\main.py"}, "function": "find_game", "level": {"icon": "🐞", "name": "DEBUG", "no": 10}, "line": 37, "message": "writing bet to db", "module": "main", "name": "__main__", "process": {"id": 6328, "name": "MainProcess"}, "thread": {"id": 416, "name": "MainThread"}, "time": {"repr": "2024-08-25 01:31:58.616497+05:00", "timestamp": 1724531518.616497}}}
{"text": "2024-08-25T01:31:58.617482+0500 DEBUG finding coefficients\n", "record": {"elapsed": {"repr": "0:00:16.017585", "seconds": 16.017585}, "exception": null, "extra": {}, "file": {"name": "main.py", "path": "C:\\Users\\melni\\PycharmProjects\\betboom_parser\\main.py"}, "function": "get_bet", "level": {"icon": "🐞", "name": "DEBUG", "no": 10}, "line": 63, "message": "finding coefficients", "module": "main", "name": "__main__", "process": {"id": 6328, "name": "MainProcess"}, "thread": {"id": 416, "name": "MainThread"}, "time": {"repr": "2024-08-25 01:31:58.617482+05:00", "timestamp": 1724531518.617482}}}
{"text": "2024-08-25T01:31:58.617482+0500 DEBUG getting info about match...\n", "record": {"elapsed": {"repr": "0:00:16.017585", "seconds": 16.017585}, "exception": null, "extra": {}, "file": {"name": "main.py", "path": "C:\\Users\\melni\\PycharmProjects\\betboom_parser\\main.py"}, "function": "get_match", "level": {"icon": "🐞", "name": "DEBUG", "no": 10}, "line": 88, "message": "getting info about match...", "module": "main", "name": "__main__", "process": {"id": 6328, "name": "MainProcess"}, "thread": {"id": 416, "name": "MainThread"}, "time": {"repr": "2024-08-25 01:31:58.617482+05:00", "timestamp": 1724531518.617482}}}
{"text": "2024-08-25T01:31:58.853762+0500 DEBUG reading db\n", "record": {"elapsed": {"repr": "0:00:16.253865", "seconds": 16.253865}, "exception": null, "extra": {}, "file": {"name": "main.py", "path": "C:\\Users\\melni\\PycharmProjects\\betboom_parser\\main.py"}, "function": "find_game", "level": {"icon": "🐞", "name": "DEBUG", "no": 10}, "line": 23, "message": "reading db", "module": "main", "name": "__main__", "process": {"id": 6328, "name": "MainProcess"}, "thread": {"id": 416, "name": "MainThread"}, "time": {"repr": "2024-08-25 01:31:58.853762+05:00", "timestamp": 1724531518.853762}}}
{"text": "2024-08-25T01:31:59.358156+0500 INFO CS 2. European Pro League (25.08 15:30)\nECSTATIC - Dynamo Eclot\n\n1-я карта -> 2.05 & 1.7\n", "record": {"elapsed": {"repr": "0:00:16.758259", "seconds": 16.758259}, "exception": null, "extra": {}, "file": {"name": "messages.py", "path": "C:\\Users\\melni\\PycharmProjects\\betboom_parser\\messages.py"}, "function": "get_message", "level": {"icon": "ℹ️", "name": "INFO", "no": 20}, "line": 19, "message": "CS 2. European Pro League (25.08 15:30)\nECSTATIC - Dynamo Eclot\n\n1-я карта -> 2.05 & 1.7", "module": "messages", "name": "messages", "process": {"id": 6328, "name": "MainProcess"}, "thread": {"id": 416, "name": "MainThread"}, "time": {"repr": "2024-08-25 01:31:59.358156+05:00", "timestamp": 1724531519.358156}}}
{"text": "2024-08-25T01:31:59.359765+0500 INFO message sent\n", "record": {"elapsed": {"repr": "0:00:16.759868", "seconds": 16.759868}, "exception": null, "extra": {}, "file": {"name": "messages.py", "path": "C:\\Users\\melni\\PycharmProjects\\betboom_parser\\messages.py"}, "function": "get_message", "level": {"icon": "ℹ️", "name": "INFO", "no": 20}, "line": 20, "message": "message sent", "module": "messages", "name": "messages", "process": {"id": 6328, "name": "MainProcess"}, "thread": {"id": 416, "name": "MainThread"}, "time": {"repr": "2024-08-25 01:31:59.359765+05:00", "timestamp": 1724531519.359765}}}
{"text": "2024-08-25T01:31:59.385942+0500 DEBUG writing bet to db\n", "record": {"elapsed": {"repr": "0:00:16.786045", "seconds": 16.786045}, "exception": null, "extra": {}, "file": {"name": "main.py", "path": "C:\\Users\\melni\\PycharmProjects\\betboom_parser\\main.py"}, "function": "find_game", "level": {"icon": "🐞", "name": "DEBUG", "no": 10}, "line": 37, "message": "writing bet to db", "module": "main", "name": "__main__", "process": {"id": 6328, "name": "MainProcess"}, "thread": {"id": 416, "name": "MainThread"}, "time": {"repr": "2024-08-25 01:31:59.385942+05:00", "timestamp": 1724531519.385942}}}
{"text": "2024-08-25T01:31:59.386962+0500 DEBUG finding coefficients\n", "record": {"elapsed": {"repr": "0:00:16.787065", "seconds": 16.787065}, "exception": null, "extra": {}, "file": {"name": "main.py", "path": "C:\\Users\\melni\\PycharmProjects\\betboom_parser\\main.py"}, "function": "get_bet", "level": {"icon": "🐞", "name": "DEBUG", "no": 10}, "line": 63, "message": "finding coefficients", "module": "main", "name": "__main__", "process": {"id": 6328, "name": "MainProcess"}, "thread": {"id": 416, "name": "MainThread"}, "time": {"repr": "2024-08-25 01:31:59.386962+05:00", "timestamp": 1724531519.386962}}}
{"text": "2024-08-25T01:31:59.387960+0500 DEBUG reading db\n", "record": {"elapsed": {"repr": "0:00:16.788063", "seconds": 16.788063}, "exception": null, "extra": {}, "file": {"name": "main.py", "path": "C:\\Users\\melni\\PycharmProjects\\betboom_parser\\main.py"}, "function": "find_game", "level": {"icon": "🐞", "name": "DEBUG", "no": 10}, "line": 23, "message": "reading db", "module": "main", "name": "__main__", "process": {"id": 6328, "name": "MainProcess"}, "thread": {"id": 416, "name": "MainThread"}, "time": {"repr": "2024-08-25 01:31:59.387960+05:00", "timestamp": 1724531519.38796}}}
{"text": "2024-08-25T01:32:00.161699+0500 INFO CS 2. European Pro League (25.08 15:30)\nECSTATIC - Dynamo Eclot\n\n2-я карта -> 2.05 & 1.7\n", "record": {"elapsed": {"repr": "0:00:17.561802", "seconds": 17.561802}, "exception": null, "extra": {}, "file": {"name": "messages.py", "path": "C:\\Users\\melni\\PycharmProjects\\betboom_parser\\messages.py"}, "function": "get_message", "level": {"icon": "ℹ️", "name": "INFO", "no": 20}, "line": 19, "message": "CS 2. European Pro League (25.08 15:30)\nECSTATIC - Dynamo Eclot\n\n2-я карта -> 2.05 & 1.7", "module": "messages", "name": "messages", "process": {"id": 6328, "name": "MainProcess"}, "thread": {"id": 416, "name": "MainThread"}, "time": {"repr": "2024-08-25 01:32:00.161699+05:00", "timestamp": 1724531520.161699}}}
{"text": "2024-08-25T01:32:00.162748+0500 INFO message sent\n", "record": {"elapsed": {"repr": "0:00:17.562851", "seconds": 17.562851}, "exception": null, "extra": {}, "file": {"name": "messages.py", "path": "C:\\Users\\melni\\PycharmProjects\\betboom_parser\\messages.py"}, "function": "get_message", "level": {"icon": "ℹ️", "name": "INFO", "no": 20}, "line": 20, "message": "message sent", "module": "messages", "name": "messages", "process": {"id": 6328, "name": "MainProcess"}, "thread": {"id": 416, "name": "MainThread"}, "time": {"repr": "2024-08-25 01:32:00.162748+05:00", "timestamp": 1724531520.162748}}}
{"text": "2024-08-25T01:32:00.163739+0500 DEBUG writing bet to db\n", "record": {"elapsed": {"repr": "0:00:17.563842", "seconds": 17.563842}, "exception": null, "extra": {}, "file": {"name": "main.py", "path": "C:\\Users\\melni\\PycharmProjects\\betboom_parser\\main.py"}, "function": "find_game", "level": {"icon": "🐞", "name": "DEBUG", "no": 10}, "line": 37, "message": "writing bet to db", "module": "main", "name": "__main__", "process": {"id": 6328, "name": "MainProcess"}, "thread": {"id": 416, "name": "MainThread"}, "time": {"repr": "2024-08-25 01:32:00.163739+05:00", "timestamp": 1724531520.163739}}}
{"text": "2024-08-25T01:32:00.164739+0500 DEBUG finding coefficients\n", "record": {"elapsed": {"repr": "0:00:17.564842", "seconds": 17.564842}, "exception": null, "extra": {}, "file": {"name": "main.py", "path": "C:\\Users\\melni\\PycharmProjects\\betboom_parser\\main.py"}, "function": "get_bet", "level": {"icon": "🐞", "name": "DEBUG", "no": 10}, "line": 63, "message": "finding coefficients", "module": "main", "name": "__main__", "process": {"id": 6328, "name": "MainProcess"}, "thread": {"id": 416, "name": "MainThread"}, "time": {"repr": "2024-08-25 01:32:00.164739+05:00", "timestamp": 1724531520.164739}}}
{"text": "2024-08-25T01:32:00.165732+0500 DEBUG reading db\n", "record": {"elapsed": {"repr": "0:00:17.565835", "seconds": 17.565835}, "exception": null, "extra": {}, "file": {"name": "main.py", "path": "C:\\Users\\melni\\PycharmProjects\\betboom_parser\\main.py"}, "function": "find_game", "level": {"icon": "🐞", "name": "DEBUG", "no": 10}, "line": 23, "message": "reading db", "module": "main", "name": "__main__", "process": {"id": 6328, "name": "MainProcess"}, "thread": {"id": 416, "name": "MainThread"}, "time": {"repr": "2024-08-25 01:32:00.165732+05:00", "timestamp": 1724531520.165732}}}
{"text": "2024-08-25T01:32:00.565673+0500 INFO CS 2. European Pro League (25.08 15:30)\nECSTATIC - Dynamo Eclot\n\n3-я карта -> 2.05 & 1.7\n", "record": {"elapsed": {"repr": "0:00:17.965776", "seconds": 17.965776}, "exception": null, "extra": {}, "file": {"name": "messages.py", "path": "C:\\Users\\melni\\PycharmProjects\\betboom_parser\\messages.py"}, "function": "get_message", "level": {"icon": "ℹ️", "name": "INFO", "no": 20}, "line": 19, "message": "CS 2. European Pro League (25.08 15:30)\nECSTATIC - Dynamo Eclot\n\n3-я карта -> 2.05 & 1.7", "module": "messages", "name": "messages", "process": {"id": 6328, "name": "MainProcess"}, "thread": {"id": 416, "name": "MainThread"}, "time": {"repr": "2024-08-25 01:32:00.565673+05:00", "timestamp": 1724531520.565673}}}
{"text": "2024-08-25T01:32:00.566676+0500 INFO message sent\n", "record": {"elapsed": {"repr": "0:00:17.966779", "seconds": 17.966779}, "exception": null, "extra": {}, "file": {"name": "messages.py", "path": "C:\\Users\\melni\\PycharmProjects\\betboom_parser\\messages.py"}, "function": "get_message", "level": {"icon": "ℹ️", "name": "INFO", "no": 20}, "line": 20, "message": "message sent", "module": "messages", "name": "messages", "process": {"id": 6328, "name": "MainProcess"}, "thread": {"id": 416, "name": "MainThread"}, "time": {"repr": "2024-08-25 01:32:00.566676+05:00", "timestamp": 1724531520.566676}}}
{"text": "2024-08-25T01:32:00.567672+0500 DEBUG writing bet to db\n", "record": {"elapsed": {"repr": "0:00:17.967775", "seconds": 17.967775}, "exception": null, "extra": {}, "file": {"name": "main.py", "path": "C:\\Users\\melni\\PycharmProjects\\betboom_parser\\main.py"}, "function": "find_game", "level": {"icon": "🐞", "name": "DEBUG", "no": 10}, "line": 37, "message": "writing bet to db", "module": "main", "name": "__main__", "process": {"id": 6328, "name": "MainProcess"}, "thread": {"id": 416, "name": "MainThread"}, "time": {"repr": "2024-08-25 01:32:00.567672+05:00", "timestamp": 1724531520.567672}}}
{"text": "2024-08-25T01:32:00.569670+0500 DEBUG finding coefficients\n", "record": {"elapsed": {"repr": "0:00:17.969773", "seconds": 17.969773}, "exception": null, "extra": {}, "file": {"name": "main.py", "path": "C:\\Users\\melni\\PycharmProjects\\betboom_parser\\main.py"}, "function": "get_bet", "level": {"icon": "🐞", "name": "DEBUG", "no": 10}, "line": 63, "message": "finding coefficients", "module": "main", "name": "__main__", "process": {"id": 6328, "name": "MainProcess"}, "thread": {"id": 416, "name": "MainThread"}, "time": {"repr": "2024-08-25 01:32:00.569670+05:00", "timestamp": 1724531520.56967}}}
{"text": "2024-08-25T01:32:00.572257+0500 DEBUG getting info about match...\n", "record": {"elapsed": {"repr": "0:00:17.972360", "seconds": 17.97236}, "exception": null, "extra": {}, "file": {"name": "main.py", "path": "C:\\Users\\melni\\PycharmProjects\\betboom_parser\\main.py"}, "function": "get_match", "level": {"icon": "🐞", "name": "DEBUG", "no": 10}, "line": 88, "message": "getting info about match...", "module": "main", "name": "__main__", "process": {"id": 6328, "name": "MainProcess"}, "thread": {"id": 416, "name": "MainThread"}, "time": {"repr": "2024-08-25 01:32:00.572257+05:00", "timestamp": 1724531520.572257}}}
{"text": "2024-08-25T01:32:00.785287+0500 DEBUG reading db\n", "record": {"elapsed": {"repr": "0:00:18.185390", "seconds": 18.18539}, "exception": null, "extra": {}, "file": {"name": "main.py", "path": "C:\\Users\\melni\\PycharmProjects\\betboom_parser\\main.py"}, "function": "find_game", "level": {"icon": "🐞", "name": "DEBUG", "no": 10}, "line": 23, "message": "reading db", "module": "main", "name": "__main__", "process": {"id": 6328, "name": "MainProcess"}, "thread": {"id": 416, "name": "MainThread"}, "time": {"repr": "2024-08-25 01:32:00.785287+05:00", "timestamp": 1724531520.785287}}}
{"text": "2024-08-25T01:32:01.535011+0500 INFO CS 2. BB Dacha (25.08 17:30)\n9z - paiN\n\n1-я карта -> 1.9 & 1.9\n", "record": {"elapsed": {"repr": "0:00:18.935114", "seconds": 18.935114}, "exception": null, "extra": {}, "file": {"name": "messages.py", "path": "C:\\Users\\melni\\PycharmProjects\\betboom_parser\\messages.py"}, "function": "get_message", "level": {"icon": "ℹ️", "name": "INFO", "no": 20}, "line": 19, "message": "CS 2. BB Dacha (25.08 17:30)\n9z - paiN\n\n1-я карта -> 1.9 & 1.9", "module": "messages", "name": "messages", "process": {"id": 6328, "name": "MainProcess"}, "thread": {"id": 416, "name": "MainThread"}, "time": {"repr": "2024-08-25 01:32:01.535011+05:00", "timestamp": 1724531521.535011}}}
{"text": "2024-08-25T01:32:01.536000+0500 INFO message sent\n", "record": {"elapsed": {"repr": "0:00:18.936103", "seconds": 18.936103}, "exception": null, "extra": {}, "file": {"name": "messages.py", "path": "C:\\Users\\melni\\PycharmProjects\\betboom_parser\\messages.py"}, "function": "get_message", "level": {"icon": "ℹ️", "name": "INFO", "no": 20}, "line": 20, "message": "message sent", "module": "messages", "name": "messages", "process": {"id": 6328, "name": "MainProcess"}, "thread": {"id": 416, "name": "MainThread"}, "time": {"repr": "2024-08-25 01:32:01.536000+05:00", "timestamp": 1724531521.536}}}
{"text": "2024-08-25T01:32:01.536000+0500 DEBUG writing bet to db\n", "record": {"elapsed": {"repr": "0:00:18.936103", "seconds": 18.936103}, "exception": null, "extra": {}, "file": {"name": "main.py", "path": "C:\\Users\\melni\\PycharmProjects\\betboom_parser\\main.py"}, "function": "find_game", "level": {"icon": "🐞", "name": "DEBUG", "no": 10}, "line": 37, "message": "writing bet to db", "module": "main", "name": "__main__", "process": {"id": 6328, "name": "MainProcess"}, "thread": {"id": 416, "name": "MainThread"}, "time": {"repr": "2024-08-25 01:32:01.536000+05:00", "timestamp": 1724531521.536}}}
{"text": "2024-08-25T01:32:01.537539+0500 DEBUG finding coefficients\n", "record": {"elapsed": {"repr": "0:00:18.937642", "seconds": 18.937642}, "exception": null, "extra": {}, "file": {"name": "main.py", "path": "C:\\Users\\melni\\PycharmProjects\\betboom_parser\\main.py"}, "function": "get_bet", "level": {"icon": "🐞", "name": "DEBUG", "no": 10}, "line": 63, "message": "finding coefficients", "module": "main", "name": "__main__", "process": {"id": 6328, "name": "MainProcess"}, "thread": {"id": 416, "name": "MainThread"}, "time": {"repr": "2024-08-25 01:32:01.537539+05:00", "timestamp": 1724531521.537539}}}
{"text": "2024-08-25T01:32:01.538578+0500 DEBUG reading db\n", "record": {"elapsed": {"repr": "0:00:18.938681", "seconds": 18.938681}, "exception": null, "extra": {}, "file": {"name": "main.py", "path": "C:\\Users\\melni\\PycharmProjects\\betboom_parser\\main.py"}, "function": "find_game", "level": {"icon": "🐞", "name": "DEBUG", "no": 10}, "line": 23, "message": "reading db", "module": "main", "name": "__main__", "process": {"id": 6328, "name": "MainProcess"}, "thread": {"id": 416, "name": "MainThread"}, "time": {"repr": "2024-08-25 01:32:01.538578+05:00", "timestamp": 1724531521.538578}}}
{"text": "2024-08-25T01:32:01.852995+0500 INFO CS 2. BB Dacha (25.08 17:30)\n9z - paiN\n\n2-я карта -> 1.9 & 1.9\n", "record": {"elapsed": {"repr": "0:00:19.253098", "seconds": 19.253098}, "exception": null, "extra": {}, "file": {"name": "messages.py", "path": "C:\\Users\\melni\\PycharmProjects\\betboom_parser\\messages.py"}, "function": "get_message", "level": {"icon": "ℹ️", "name": "INFO", "no": 20}, "line": 19, "message": "CS 2. BB Dacha (25.08 17:30)\n9z - paiN\n\n2-я карта -> 1.9 & 1.9", "module": "messages", "name": "messages", "process": {"id": 6328, "name": "MainProcess"}, "thread": {"id": 416, "name": "MainThread"}, "time": {"repr": "2024-08-25 01:32:01.852995+05:00", "timestamp": 1724531521.852995}}}
{"text": "2024-08-25T01:32:01.853988+0500 INFO message sent\n", "record": {"elapsed": {"repr": "0:00:19.254091", "seconds": 19.254091}, "exception": null, "extra": {}, "file": {"name": "messages.py", "path": "C:\\Users\\melni\\PycharmProjects\\betboom_parser\\messages.py"}, "function": "get_message", "level": {"icon": "ℹ️", "name": "INFO", "no": 20}, "line": 20, "message": "message sent", "module": "messages", "name": "messages", "process": {"id": 6328, "name": "MainProcess"}, "thread": {"id": 416, "name": "MainThread"}, "time": {"repr": "2024-08-25 01:32:01.853988+05:00", "timestamp": 1724531521.853988}}}
{"text": "2024-08-25T01:32:01.854978+0500 DEBUG writing bet to db\n", "record": {"elapsed": {"repr": "0:00:19.255081", "seconds": 19.255081}, "exception": null, "extra": {}, "file": {"name": "main.py", "path": "C:\\Users\\melni\\PycharmProjects\\betboom_parser\\main.py"}, "function": "find_game", "level": {"icon": "🐞", "name": "DEBUG", "no": 10}, "line": 37, "message": "writing bet to db", "module": "main", "name": "__main__", "process": {"id": 6328, "name": "MainProcess"}, "thread": {"id": 416, "name": "MainThread"}, "time": {"repr": "2024-08-25 01:32:01.854978+05:00", "timestamp": 1724531521.854978}}}
{"text": "2024-08-25T01:32:01.857986+0500 DEBUG finding coefficients\n", "record": {"elapsed": {"repr": "0:00:19.258089", "seconds": 19.258089}, "exception": null, "extra": {}, "file": {"name": "main.py", "path": "C:\\Users\\melni\\PycharmProjects\\betboom_parser\\main.py"}, "function": "get_bet", "level": {"icon": "🐞", "name": "DEBUG", "no": 10}, "line": 63, "message": "finding coefficients", "module": "main", "name": "__main__", "process": {"id": 6328, "name": "MainProcess"}, "thread": {"id": 416, "name": "MainThread"}, "time": {"repr": "2024-08-25 01:32:01.857986+05:00", "timestamp": 1724531521.857986}}}
{"text": "2024-08-25T01:32:01.862621+0500 DEBUG reading db\n", "record": {"elapsed": {"repr": "0:00:19.262724", "seconds": 19.262724}, "exception": null, "extra": {}, "file": {"name": "main.py", "path": "C:\\Users\\melni\\PycharmProjects\\betboom_parser\\main.py"}, "function": "find_game", "level": {"icon": "🐞", "name": "DEBUG", "no": 10}, "line": 23, "message": "reading db", "module": "main", "name": "__main__", "process": {"id": 6328, "name": "MainProcess"}, "thread": {"id": 416, "name": "MainThread"}, "time": {"repr": "2024-08-25 01:32:01.862621+05:00", "timestamp": 1724531521.862621}}}
{"text": "2024-08-25T01:32:02.842612+0500 INFO CS 2. BB Dacha (25.08 17:30)\n9z - paiN\n\n3-я карта -> 1.9 & 1.9\n", "record": {"elapsed": {"repr": "0:00:20.242715", "seconds": 20.242715}, "exception": null, "extra": {}, "file": {"name": "messages.py", "path": "C:\\Users\\melni\\PycharmProjects\\betboom_parser\\messages.py"}, "function": "get_message", "level": {"icon": "ℹ️", "name": "INFO", "no": 20}, "line": 19, "message": "CS 2. BB Dacha (25.08 17:30)\n9z - paiN\n\n3-я карта -> 1.9 & 1.9", "module": "messages", "name": "messages", "process": {"id": 6328, "name": "MainProcess"}, "thread": {"id": 416, "name": "MainThread"}, "time": {"repr": "2024-08-25 01:32:02.842612+05:00", "timestamp": 1724531522.842612}}}
{"text": "2024-08-25T01:32:02.843629+0500 INFO message sent\n", "record": {"elapsed": {"repr": "0:00:20.243732", "seconds": 20.243732}, "exception": null, "extra": {}, "file": {"name": "messages.py", "path": "C:\\Users\\melni\\PycharmProjects\\betboom_parser\\messages.py"}, "function": "get_message", "level": {"icon": "ℹ️", "name": "INFO", "no": 20}, "line": 20, "message": "message sent", "module": "messages", "name": "messages", "process": {"id": 6328, "name": "MainProcess"}, "thread": {"id": 416, "name": "MainThread"}, "time": {"repr": "2024-08-25 01:32:02.843629+05:00", "timestamp": 1724531522.843629}}}
{"text": "2024-08-25T01:32:02.844628+0500 DEBUG writing bet to db\n", "record": {"elapsed": {"repr": "0:00:20.244731", "seconds": 20.244731}, "exception": null, "extra": {}, "file": {"name": "main.py", "path": "C:\\Users\\melni\\PycharmProjects\\betboom_parser\\main.py"}, "function": "find_game", "level": {"icon": "🐞", "name": "DEBUG", "no": 10}, "line": 37, "message": "writing bet to db", "module": "main", "name": "__main__", "process": {"id": 6328, "name": "MainProcess"}, "thread": {"id": 416, "name": "MainThread"}, "time": {"repr": "2024-08-25 01:32:02.844628+05:00", "timestamp": 1724531522.844628}}}
{"text": "2024-08-25T01:32:02.845629+0500 DEBUG finding coefficients\n", "record": {"elapsed": {"repr": "0:00:20.245732", "seconds": 20.245732}, "exception": null, "extra": {}, "file": {"name": "main.py", "path": "C:\\Users\\melni\\PycharmProjects\\betboom_parser\\main.py"}, "function": "get_bet", "level": {"icon": "🐞", "name": "DEBUG", "no": 10}, "line": 63, "message": "finding coefficients", "module": "main", "name": "__main__", "process": {"id": 6328, "name": "MainProcess"}, "thread": {"id": 416, "name": "MainThread"}, "time": {"repr": "2024-08-25 01:32:02.845629+05:00", "timestamp": 1724531522.845629}}}
{"text": "2024-08-25T01:32:02.846628+0500 DEBUG getting info about match...\n", "record": {"elapsed": {"repr": "0:00:20.246731", "seconds": 20.246731}, "exception": null, "extra": {}, "file": {"name": "main.py", "path": "C:\\Users\\melni\\PycharmProjects\\betboom_parser\\main.py"}, "function": "get_match", "level": {"icon": "🐞", "name": "DEBUG", "no": 10}, "line": 88, "message": "getting info about match...", "module": "main", "name": "__main__", "process": {"id": 6328, "name": "MainProcess"}, "thread": {"id": 416, "name": "MainThread"}, "time": {"repr": "2024-08-25 01:32:02.846628+05:00", "timestamp": 1724531522.846628}}}
{"text": "2024-08-25T01:32:03.133806+0500 DEBUG reading db\n", "record": {"elapsed": {"repr": "0:00:20.533909", "seconds": 20.533909}, "exception": null, "extra": {}, "file": {"name": "main.py", "path": "C:\\Users\\melni\\PycharmProjects\\betboom_parser\\main.py"}, "function": "find_game", "level": {"icon": "🐞", "name": "DEBUG", "no": 10}, "line": 23, "message": "reading db", "module": "main", "name": "__main__", "process": {"id": 6328, "name": "MainProcess"}, "thread": {"id": 416, "name": "MainThread"}, "time": {"repr": "2024-08-25 01:32:03.133806+05:00", "timestamp": 1724531523.133806}}}
{"text": "2024-08-25T01:32:03.586888+0500 INFO CS 2. CCT Europe Series 9 (25.08 17:30)\nB8 - Revenant Esports\n\n1-я карта -> 1.46 & 2.629\n", "record": {"elapsed": {"repr": "0:00:20.986991", "seconds": 20.986991}, "exception": null, "extra": {}, "file": {"name": "messages.py", "path": "C:\\Users\\melni\\PycharmProjects\\betboom_parser\\messages.py"}, "function": "get_message", "level": {"icon": "ℹ️", "name": "INFO", "no": 20}, "line": 19, "message": "CS 2. CCT Europe Series 9 (25.08 17:30)\nB8 - Revenant Esports\n\n1-я карта -> 1.46 & 2.629", "module": "messages", "name": "messages", "process": {"id": 6328, "name": "MainProcess"}, "thread": {"id": 416, "name": "MainThread"}, "time": {"repr": "2024-08-25 01:32:03.586888+05:00", "timestamp": 1724531523.586888}}}
{"text": "2024-08-25T01:32:03.586888+0500 INFO message sent\n", "record": {"elapsed": {"repr": "0:00:20.986991", "seconds": 20.986991}, "exception": null, "extra": {}, "file": {"name": "messages.py", "path": "C:\\Users\\melni\\PycharmProjects\\betboom_parser\\messages.py"}, "function": "get_message", "level": {"icon": "ℹ️", "name": "INFO", "no": 20}, "line": 20, "message": "message sent", "module": "messages", "name": "messages", "process": {"id": 6328, "name": "MainProcess"}, "thread": {"id": 416, "name": "MainThread"}, "time": {"repr": "2024-08-25 01:32:03.586888+05:00", "timestamp": 1724531523.586888}}}
{"text": "2024-08-25T01:32:03.587889+0500 DEBUG writing bet to db\n", "record": {"elapsed": {"repr": "0:00:20.987992", "seconds": 20.987992}, "exception": null, "extra": {}, "file": {"name": "main.py", "path": "C:\\Users\\melni\\PycharmProjects\\betboom_parser\\main.py"}, "function": "find_game", "level": {"icon": "🐞", "name": "DEBUG", "no": 10}, "line": 37, "message": "writing bet to db", "module": "main", "name": "__main__", "process": {"id": 6328, "name": "MainProcess"}, "thread": {"id": 416, "name": "MainThread"}, "time": {"repr": "2024-08-25 01:32:03.587889+05:00", "timestamp": 1724531523.587889}}}
{"text": "2024-08-25T01:32:03.589492+0500 DEBUG finding coefficients\n", "record": {"elapsed": {"repr": "0:00:20.989595", "seconds": 20.989595}, "exception": null, "extra": {}, "file": {"name": "main.py", "path": "C:\\Users\\melni\\PycharmProjects\\betboom_parser\\main.py"}, "function": "get_bet", "level": {"icon": "🐞", "name": "DEBUG", "no": 10}, "line": 63, "message": "finding coefficients", "module": "main", "name": "__main__", "process": {"id": 6328, "name": "MainProcess"}, "thread": {"id": 416, "name": "MainThread"}, "time": {"repr": "2024-08-25 01:32:03.589492+05:00", "timestamp": 1724531523.589492}}}
{"text": "2024-08-25T01:32:03.592489+0500 DEBUG reading db\n", "record": {"elapsed": {"repr": "0:00:20.992592", "seconds": 20.992592}, "exception": null, "extra": {}, "file": {"name": "main.py", "path": "C:\\Users\\melni\\PycharmProjects\\betboom_parser\\main.py"}, "function": "find_game", "level": {"icon": "🐞", "name": "DEBUG", "no": 10}, "line": 23, "message": "reading db", "module": "main", "name": "__main__", "process": {"id": 6328, "name": "MainProcess"}, "thread": {"id": 416, "name": "MainThread"}, "time": {"repr": "2024-08-25 01:32:03.592489+05:00", "timestamp": 1724531523.592489}}}
{"text": "2024-08-25T01:33:11.572430+0500 DEBUG reading db\n", "record": {"elapsed": {"repr": "0:00:00.462411", "seconds": 0.462411}, "exception": null, "extra": {}, "file": {"name": "main.py", "path": "C:\\Users\\melni\\PycharmProjects\\betboom_parser\\main.py"}, "function": "find_game", "level": {"icon": "🐞", "name": "DEBUG", "no": 10}, "line": 52, "message": "reading db", "module": "main", "name": "__main__", "process": {"id": 6992, "name": "MainProcess"}, "thread": {"id": 1136, "name": "MainThread"}, "time": {"repr": "2024-08-25 01:33:11.572430+05:00", "timestamp": 1724531591.57243}}}
{"text": "2024-08-25T01:33:11.573997+0500 DEBUG writing bet to db\n", "record": {"elapsed": {"repr": "0:00:00.463978", "seconds": 0.463978}, "exception": null, "extra": {}, "file": {"name": "main.py", "path": "C:\\Users\\melni\\PycharmProjects\\betboom_parser\\main.py"}, "function": "find_game", "level": {"icon": "🐞", "name": "DEBUG", "no": 10}, "line": 66, "message": "writing bet to db", "module": "main", "name": "__main__", "process": {"id": 6992, "name": "MainProcess"}, "thread": {"id": 1136, "name": "MainThread"}, "time": {"repr": "2024-08-25 01:33:11.573997+05:00", "timestamp": 1724531591.573997}}}
{"text": "2024-08-25T01:33:11.575003+0500 DEBUG finding coefficients\n", "record": {"elapsed": {"repr": "0:00:00.464984", "seconds": 0.464984}, "exception": null, "extra": {}, "file": {"name": "main.py", "path": "C:\\Users\\melni\\PycharmProjects\\betboom_parser\\main.py"}, "function": "get_bet", "level": {"icon": "🐞", "name": "DEBUG", "no": 10}, "line": 92, "message": "finding coefficients", "module": "main", "name": "__main__", "process": {"id": 6992, "name": "MainProcess"}, "thread": {"id": 1136, "name": "MainThread"}, "time": {"repr": "2024-08-25 01:33:11.575003+05:00", "timestamp": 1724531591.575003}}}
{"text": "2024-08-25T01:33:11.575993+0500 DEBUG reading db\n", "record": {"elapsed": {"repr": "0:00:00.465974", "seconds": 0.465974}, "exception": null, "extra": {}, "file": {"name": "main.py", "path": "C:\\Users\\melni\\PycharmProjects\\betboom_parser\\main.py"}, "function": "find_game", "level": {"icon": "🐞", "name": "DEBUG", "no": 10}, "line": 52, "message": "reading db", "module": "main", "name": "__main__", "process": {"id": 6992, "name": "MainProcess"}, "thread": {"id": 1136, "name": "MainThread"}, "time": {"repr": "2024-08-25 01:33:11.575993+05:00", "timestamp": 1724531591.575993}}}
{"text": "2024-08-25T01:33:11.576997+0500 DEBUG writing bet to db\n", "record": {"elapsed": {"repr": "0:00:00.466978", "seconds": 0.466978}, "exception": null, "extra": {}, "file": {"name": "main.py", "path": "C:\\Users\\melni\\PycharmProjects\\betboom_parser\\main.py"}, "function": "find_game", "level": {"icon": "🐞", "name": "DEBUG", "no": 10}, "line": 66, "message": "writing bet to db", "module": "main", "name": "__main__", "process": {"id": 6992, "name": "MainProcess"}, "thread": {"id": 1136, "name": "MainThread"}, "time": {"repr": "2024-08-25 01:33:11.576997+05:00", "timestamp": 1724531591.576997}}}
{"text": "2024-08-25T01:33:11.576997+0500 DEBUG finding coefficients\n", "record": {"elapsed": {"repr": "0:00:00.466978", "seconds": 0.466978}, "exception": null, "extra": {}, "file": {"name": "main.py", "path": "C:\\Users\\melni\\PycharmProjects\\betboom_parser\\main.py"}, "function": "get_bet", "level": {"icon": "🐞", "name": "DEBUG", "no": 10}, "line": 92, "message": "finding coefficients", "module": "main", "name": "__main__", "process": {"id": 6992, "name": "MainProcess"}, "thread": {"id": 1136, "name": "MainThread"}, "time": {"repr": "2024-08-25 01:33:11.576997+05:00", "timestamp": 1724531591.576997}}}
{"text": "2024-08-25T01:33:11.577989+0500 DEBUG reading db\n", "record": {"elapsed": {"repr": "0:00:00.467970", "seconds": 0.46797}, "exception": null, "extra": {}, "file": {"name": "main.py", "path": "C:\\Users\\melni\\PycharmProjects\\betboom_parser\\main.py"}, "function": "find_game", "level": {"icon": "🐞", "name": "DEBUG", "no": 10}, "line": 52, "message": "reading db", "module": "main", "name": "__main__", "process": {"id": 6992, "name": "MainProcess"}, "thread": {"id": 1136, "name": "MainThread"}, "time": {"repr": "2024-08-25 01:33:11.577989+05:00", "timestamp": 1724531591.577989}}}
{"text": "2024-08-25T01:33:11.978300+0500 INFO CS 2. CCT South America (25.08 04:30)\nSensei Team - Yawara Esports\n\nold odds: 3-я карта -> 1.63\nnew odds: 3-я карта -> 1.67\n", "record": {"elapsed": {"repr": "0:00:00.868281", "seconds": 0.868281}, "exception": null, "extra": {}, "file": {"name": "main.py", "path": "C:\\Users\\melni\\PycharmProjects\\betboom_parser\\main.py"}, "function": "get_alter_message", "level": {"icon": "ℹ️", "name": "INFO", "no": 20}, "line": 44, "message": "CS 2. CCT South America (25.08 04:30)\nSensei Team - Yawara Esports\n\nold odds: 3-я карта -> 1.63\nnew odds: 3-я карта -> 1.67", "module": "main", "name": "__main__", "process": {"id": 6992, "name": "MainProcess"}, "thread": {"id": 1136, "name": "MainThread"}, "time": {"repr": "2024-08-25 01:33:11.978300+05:00", "timestamp": 1724531591.9783}}}
{"text": "2024-08-25T01:33:11.979311+0500 INFO message sent\n", "record": {"elapsed": {"repr": "0:00:00.869292", "seconds": 0.869292}, "exception": null, "extra": {}, "file": {"name": "main.py", "path": "C:\\Users\\melni\\PycharmProjects\\betboom_parser\\main.py"}, "function": "get_alter_message", "level": {"icon": "ℹ️", "name": "INFO", "no": 20}, "line": 45, "message": "message sent", "module": "main", "name": "__main__", "process": {"id": 6992, "name": "MainProcess"}, "thread": {"id": 1136, "name": "MainThread"}, "time": {"repr": "2024-08-25 01:33:11.979311+05:00", "timestamp": 1724531591.979311}}}
{"text": "2024-08-25T01:33:11.980318+0500 DEBUG writing bet to db\n", "record": {"elapsed": {"repr": "0:00:00.870299", "seconds": 0.870299}, "exception": null, "extra": {}, "file": {"name": "main.py", "path": "C:\\Users\\melni\\PycharmProjects\\betboom_parser\\main.py"}, "function": "find_game", "level": {"icon": "🐞", "name": "DEBUG", "no": 10}, "line": 66, "message": "writing bet to db", "module": "main", "name": "__main__", "process": {"id": 6992, "name": "MainProcess"}, "thread": {"id": 1136, "name": "MainThread"}, "time": {"repr": "2024-08-25 01:33:11.980318+05:00", "timestamp": 1724531591.980318}}}
{"text": "2024-08-25T01:33:11.981319+0500 DEBUG finding coefficients\n", "record": {"elapsed": {"repr": "0:00:00.871300", "seconds": 0.8713}, "exception": null, "extra": {}, "file": {"name": "main.py", "path": "C:\\Users\\melni\\PycharmProjects\\betboom_parser\\main.py"}, "function": "get_bet", "level": {"icon": "🐞", "name": "DEBUG", "no": 10}, "line": 92, "message": "finding coefficients", "module": "main", "name": "__main__", "process": {"id": 6992, "name": "MainProcess"}, "thread": {"id": 1136, "name": "MainThread"}, "time": {"repr": "2024-08-25 01:33:11.981319+05:00", "timestamp": 1724531591.981319}}}
{"text": "2024-08-25T01:33:11.981319+0500 DEBUG getting info about match...\n", "record": {"elapsed": {"repr": "0:00:00.871300", "seconds": 0.8713}, "exception": null, "extra": {}, "file": {"name": "main.py", "path": "C:\\Users\\melni\\PycharmProjects\\betboom_parser\\main.py"}, "function": "get_match", "level": {"icon": "🐞", "name": "DEBUG", "no": 10}, "line": 117, "message": "getting info about match...", "module": "main", "name": "__main__", "process": {"id": 6992, "name": "MainProcess"}, "thread": {"id": 1136, "name": "MainThread"}, "time": {"repr": "2024-08-25 01:33:11.981319+05:00", "timestamp": 1724531591.981319}}}
{"text": "2024-08-25T01:33:12.177160+0500 DEBUG reading db\n", "record": {"elapsed": {"repr": "0:00:01.067141", "seconds": 1.067141}, "exception": null, "extra": {}, "file": {"name": "main.py", "path": "C:\\Users\\melni\\PycharmProjects\\betboom_parser\\main.py"}, "function": "find_game", "level": {"icon": "🐞", "name": "DEBUG", "no": 10}, "line": 52, "message": "reading db", "module": "main", "name": "__main__", "process": {"id": 6992, "name": "MainProcess"}, "thread": {"id": 1136, "name": "MainThread"}, "time": {"repr": "2024-08-25 01:33:12.177160+05:00", "timestamp": 1724531592.17716}}}
{"text": "2024-08-25T01:33:12.178177+0500 DEBUG writing bet to db\n", "record": {"elapsed": {"repr": "0:00:01.068158", "seconds": 1.068158}, "exception": null, "extra": {}, "file": {"name": "main.py", "path": "C:\\Users\\melni\\PycharmProjects\\betboom_parser\\main.py"}, "function": "find_game", "level": {"icon": "🐞", "name": "DEBUG", "no": 10}, "line": 66, "message": "writing bet to db", "module": "main", "name": "__main__", "process": {"id": 6992, "name": "MainProcess"}, "thread": {"id": 1136, "name": "MainThread"}, "time": {"repr": "2024-08-25 01:33:12.178177+05:00", "timestamp": 1724531592.178177}}}
{"text": "2024-08-25T01:33:12.179180+0500 DEBUG finding coefficients\n", "record": {"elapsed": {"repr": "0:00:01.069161", "seconds": 1.069161}, "exception": null, "extra": {}, "file": {"name": "main.py", "path": "C:\\Users\\melni\\PycharmProjects\\betboom_parser\\main.py"}, "function": "get_bet", "level": {"icon": "🐞", "name": "DEBUG", "no": 10}, "line": 92, "message": "finding coefficients", "module": "main", "name": "__main__", "process": {"id": 6992, "name": "MainProcess"}, "thread": {"id": 1136, "name": "MainThread"}, "time": {"repr": "2024-08-25 01:33:12.179180+05:00", "timestamp": 1724531592.17918}}}
{"text": "2024-08-25T01:33:12.180180+0500 DEBUG reading db\n", "record": {"elapsed": {"repr": "0:00:01.070161", "seconds": 1.070161}, "exception": null, "extra": {}, "file": {"name": "main.py", "path": "C:\\Users\\melni\\PycharmProjects\\betboom_parser\\main.py"}, "function": "find_game", "level": {"icon": "🐞", "name": "DEBUG", "no": 10}, "line": 52, "message": "reading db", "module": "main", "name": "__main__", "process": {"id": 6992, "name": "MainProcess"}, "thread": {"id": 1136, "name": "MainThread"}, "time": {"repr": "2024-08-25 01:33:12.180180+05:00", "timestamp": 1724531592.18018}}}
{"text": "2024-08-25T01:33:12.181179+0500 DEBUG writing bet to db\n", "record": {"elapsed": {"repr": "0:00:01.071160", "seconds": 1.07116}, "exception": null, "extra": {}, "file": {"name": "main.py", "path": "C:\\Users\\melni\\PycharmProjects\\betboom_parser\\main.py"}, "function": "find_game", "level": {"icon": "🐞", "name": "DEBUG", "no": 10}, "line": 66, "message": "writing bet to db", "module": "main", "name": "__main__", "process": {"id": 6992, "name": "MainProcess"}, "thread": {"id": 1136, "name": "MainThread"}, "time": {"repr": "2024-08-25 01:33:12.181179+05:00", "timestamp": 1724531592.181179}}}
{"text": "2024-08-25T01:33:12.184763+0500 DEBUG finding coefficients\n", "record": {"elapsed": {"repr": "0:00:01.074744", "seconds": 1.074744}, "exception": null, "extra": {}, "file": {"name": "main.py", "path": "C:\\Users\\melni\\PycharmProjects\\betboom_parser\\main.py"}, "function": "get_bet", "level": {"icon": "🐞", "name": "DEBUG", "no": 10}, "line": 92, "message": "finding coefficients", "module": "main", "name": "__main__", "process": {"id": 6992, "name": "MainProcess"}, "thread": {"id": 1136, "name": "MainThread"}, "time": {"repr": "2024-08-25 01:33:12.184763+05:00", "timestamp": 1724531592.184763}}}
{"text": "2024-08-25T01:33:12.185798+0500 DEBUG reading db\n", "record": {"elapsed": {"repr": "0:00:01.075779", "seconds": 1.075779}, "exception": null, "extra": {}, "file": {"name": "main.py", "path": "C:\\Users\\melni\\PycharmProjects\\betboom_parser\\main.py"}, "function": "find_game", "level": {"icon": "🐞", "name": "DEBUG", "no": 10}, "line": 52, "message": "reading db", "module": "main", "name": "__main__", "process": {"id": 6992, "name": "MainProcess"}, "thread": {"id": 1136, "name": "MainThread"}, "time": {"repr": "2024-08-25 01:33:12.185798+05:00", "timestamp": 1724531592.185798}}}
{"text": "2024-08-25T01:33:12.191785+0500 DEBUG writing bet to db\n", "record": {"elapsed": {"repr": "0:00:01.081766", "seconds": 1.081766}, "exception": null, "extra": {}, "file": {"name": "main.py", "path": "C:\\Users\\melni\\PycharmProjects\\betboom_parser\\main.py"}, "function": "find_game", "level": {"icon": "🐞", "name": "DEBUG", "no": 10}, "line": 66, "message": "writing bet to db", "module": "main", "name": "__main__", "process": {"id": 6992, "name": "MainProcess"}, "thread": {"id": 1136, "name": "MainThread"}, "time": {"repr": "2024-08-25 01:33:12.191785+05:00", "timestamp": 1724531592.191785}}}
{"text": "2024-08-25T01:33:12.194348+0500 DEBUG finding coefficients\n", "record": {"elapsed": {"repr": "0:00:01.084329", "seconds": 1.084329}, "exception": null, "extra": {}, "file": {"name": "main.py", "path": "C:\\Users\\melni\\PycharmProjects\\betboom_parser\\main.py"}, "function": "get_bet", "level": {"icon": "🐞", "name": "DEBUG", "no": 10}, "line": 92, "message": "finding coefficients", "module": "main", "name": "__main__", "process": {"id": 6992, "name": "MainProcess"}, "thread": {"id": 1136, "name": "MainThread"}, "time": {"repr": "2024-08-25 01:33:12.194348+05:00", "timestamp": 1724531592.194348}}}
{"text": "2024-08-25T01:33:12.195388+0500 DEBUG getting info about match...\n", "record": {"elapsed": {"repr": "0:00:01.085369", "seconds": 1.085369}, "exception": null, "extra": {}, "file": {"name": "main.py", "path": "C:\\Users\\melni\\PycharmProjects\\betboom_parser\\main.py"}, "function": "get_match", "level": {"icon": "🐞", "name": "DEBUG", "no": 10}, "line": 117, "message": "getting info about match...", "module": "main", "name": "__main__", "process": {"id": 6992, "name": "MainProcess"}, "thread": {"id": 1136, "name": "MainThread"}, "time": {"repr": "2024-08-25 01:33:12.195388+05:00", "timestamp": 1724531592.195388}}}
{"text": "2024-08-25T01:33:12.402665+0500 DEBUG reading db\n", "record": {"elapsed": {"repr": "0:00:01.292646", "seconds": 1.292646}, "exception": null, "extra": {}, "file": {"name": "main.py", "path": "C:\\Users\\melni\\PycharmProjects\\betboom_parser\\main.py"}, "function": "find_game", "level": {"icon": "🐞", "name": "DEBUG", "no": 10}, "line": 52, "message": "reading db", "module": "main", "name": "__main__", "process": {"id": 6992, "name": "MainProcess"}, "thread": {"id": 1136, "name": "MainThread"}, "time": {"repr": "2024-08-25 01:33:12.402665+05:00", "timestamp": 1724531592.402665}}}
{"text": "2024-08-25T01:33:12.405617+0500 DEBUG writing bet to db\n", "record": {"elapsed": {"repr": "0:00:01.295598", "seconds": 1.295598}, "exception": null, "extra": {}, "file": {"name": "main.py", "path": "C:\\Users\\melni\\PycharmProjects\\betboom_parser\\main.py"}, "function": "find_game", "level": {"icon": "🐞", "name": "DEBUG", "no": 10}, "line": 66, "message": "writing bet to db", "module": "main", "name": "__main__", "process": {"id": 6992, "name": "MainProcess"}, "thread": {"id": 1136, "name": "MainThread"}, "time": {"repr": "2024-08-25 01:33:12.405617+05:00", "timestamp": 1724531592.405617}}}
{"text": "2024-08-25T01:33:12.409641+0500 DEBUG finding coefficients\n", "record": {"elapsed": {"repr": "0:00:01.299622", "seconds": 1.299622}, "exception": null, "extra": {}, "file": {"name": "main.py", "path": "C:\\Users\\melni\\PycharmProjects\\betboom_parser\\main.py"}, "function": "get_bet", "level": {"icon": "🐞", "name": "DEBUG", "no": 10}, "line": 92, "message": "finding coefficients", "module": "main", "name": "__main__", "process": {"id": 6992, "name": "MainProcess"}, "thread": {"id": 1136, "name": "MainThread"}, "time": {"repr": "2024-08-25 01:33:12.409641+05:00", "timestamp": 1724531592.409641}}}
{"text": "2024-08-25T01:33:12.410637+0500 DEBUG reading db\n", "record": {"elapsed": {"repr": "0:00:01.300618", "seconds": 1.300618}, "exception": null, "extra": {}, "file": {"name": "main.py", "path": "C:\\Users\\melni\\PycharmProjects\\betboom_parser\\main.py"}, "function": "find_game", "level": {"icon": "🐞", "name": "DEBUG", "no": 10}, "line": 52, "message": "reading db", "module": "main", "name": "__main__", "process": {"id": 6992, "name": "MainProcess"}, "thread": {"id": 1136, "name": "MainThread"}, "time": {"repr": "2024-08-25 01:33:12.410637+05:00", "timestamp": 1724531592.410637}}}
{"text": "2024-08-25T01:33:12.411636+0500 DEBUG writing bet to db\n", "record": {"elapsed": {"repr": "0:00:01.301617", "seconds": 1.301617}, "exception": null, "extra": {}, "file": {"name": "main.py", "path": "C:\\Users\\melni\\PycharmProjects\\betboom_parser\\main.py"}, "function": "find_game", "level": {"icon": "🐞", "name": "DEBUG", "no": 10}, "line": 66, "message": "writing bet to db", "module": "main", "name": "__main__", "process": {"id": 6992, "name": "MainProcess"}, "thread": {"id": 1136, "name": "MainThread"}, "time": {"repr": "2024-08-25 01:33:12.411636+05:00", "timestamp": 1724531592.411636}}}
{"text": "2024-08-25T01:33:12.413156+0500 DEBUG finding coefficients\n", "record": {"elapsed": {"repr": "0:00:01.303137", "seconds": 1.303137}, "exception": null, "extra": {}, "file": {"name": "main.py", "path": "C:\\Users\\melni\\PycharmProjects\\betboom_parser\\main.py"}, "function": "get_bet", "level": {"icon": "🐞", "name": "DEBUG", "no": 10}, "line": 92, "message": "finding coefficients", "module": "main", "name": "__main__", "process": {"id": 6992, "name": "MainProcess"}, "thread": {"id": 1136, "name": "MainThread"}, "time": {"repr": "2024-08-25 01:33:12.413156+05:00", "timestamp": 1724531592.413156}}}
{"text": "2024-08-25T01:33:12.415230+0500 DEBUG reading db\n", "record": {"elapsed": {"repr": "0:00:01.305211", "seconds": 1.305211}, "exception": null, "extra": {}, "file": {"name": "main.py", "path": "C:\\Users\\melni\\PycharmProjects\\betboom_parser\\main.py"}, "function": "find_game", "level": {"icon": "🐞", "name": "DEBUG", "no": 10}, "line": 52, "message": "reading db", "module": "main", "name": "__main__", "process": {"id": 6992, "name": "MainProcess"}, "thread": {"id": 1136, "name": "MainThread"}, "time": {"repr": "2024-08-25 01:33:12.415230+05:00", "timestamp": 1724531592.41523}}}
{"text": "2024-08-25T01:33:12.416223+0500 DEBUG writing bet to db\n", "record": {"elapsed": {"repr": "0:00:01.306204", "seconds": 1.306204}, "exception": null, "extra": {}, "file": {"name": "main.py", "path": "C:\\Users\\melni\\PycharmProjects\\betboom_parser\\main.py"}, "function": "find_game", "level": {"icon": "🐞", "name": "DEBUG", "no": 10}, "line": 66, "message": "writing bet to db", "module": "main", "name": "__main__", "process": {"id": 6992, "name": "MainProcess"}, "thread": {"id": 1136, "name": "MainThread"}, "time": {"repr": "2024-08-25 01:33:12.416223+05:00", "timestamp": 1724531592.416223}}}
{"text": "2024-08-25T01:33:12.417224+0500 DEBUG finding coefficients\n", "record": {"elapsed": {"repr": "0:00:01.307205", "seconds": 1.307205}, "exception": null, "extra": {}, "file": {"name": "main.py", "path": "C:\\Users\\melni\\PycharmProjects\\betboom_parser\\main.py"}, "function": "get_bet", "level": {"icon": "🐞", "name": "DEBUG", "no": 10}, "line": 92, "message": "finding coefficients", "module": "main", "name": "__main__", "process": {"id": 6992, "name": "MainProcess"}, "thread": {"id": 1136, "name": "MainThread"}, "time": {"repr": "2024-08-25 01:33:12.417224+05:00", "timestamp": 1724531592.417224}}}
{"text": "2024-08-25T01:33:12.418224+0500 DEBUG getting info about match...\n", "record": {"elapsed": {"repr": "0:00:01.308205", "seconds": 1.308205}, "exception": null, "extra": {}, "file": {"name": "main.py", "path": "C:\\Users\\melni\\PycharmProjects\\betboom_parser\\main.py"}, "function": "get_match", "level": {"icon": "🐞", "name": "DEBUG", "no": 10}, "line": 117, "message": "getting info about match...", "module": "main", "name": "__main__", "process": {"id": 6992, "name": "MainProcess"}, "thread": {"id": 1136, "name": "MainThread"}, "time": {"repr": "2024-08-25 01:33:12.418224+05:00", "timestamp": 1724531592.418224}}}
{"text": "2024-08-25T01:33:12.751450+0500 DEBUG reading db\n", "record": {"elapsed": {"repr": "0:00:01.641431", "seconds": 1.641431}, "exception": null, "extra": {}, "file": {"name": "main.py", "path": "C:\\Users\\melni\\PycharmProjects\\betboom_parser\\main.py"}, "function": "find_game", "level": {"icon": "🐞", "name": "DEBUG", "no": 10}, "line": 52, "message": "reading db", "module": "main", "name": "__main__", "process": {"id": 6992, "name": "MainProcess"}, "thread": {"id": 1136, "name": "MainThread"}, "time": {"repr": "2024-08-25 01:33:12.751450+05:00", "timestamp": 1724531592.75145}}}
{"text": "2024-08-25T01:33:12.754025+0500 DEBUG writing bet to db\n", "record": {"elapsed": {"repr": "0:00:01.644006", "seconds": 1.644006}, "exception": null, "extra": {}, "file": {"name": "main.py", "path": "C:\\Users\\melni\\PycharmProjects\\betboom_parser\\main.py"}, "function": "find_game", "level": {"icon": "🐞", "name": "DEBUG", "no": 10}, "line": 66, "message": "writing bet to db", "module": "main", "name": "__main__", "process": {"id": 6992, "name": "MainProcess"}, "thread": {"id": 1136, "name": "MainThread"}, "time": {"repr": "2024-08-25 01:33:12.754025+05:00", "timestamp": 1724531592.754025}}}
{"text": "2024-08-25T01:33:12.755030+0500 DEBUG finding coefficients\n", "record": {"elapsed": {"repr": "0:00:01.645011", "seconds": 1.645011}, "exception": null, "extra": {}, "file": {"name": "main.py", "path": "C:\\Users\\melni\\PycharmProjects\\betboom_parser\\main.py"}, "function": "get_bet", "level": {"icon": "🐞", "name": "DEBUG", "no": 10}, "line": 92, "message": "finding coefficients", "module": "main", "name": "__main__", "process": {"id": 6992, "name": "MainProcess"}, "thread": {"id": 1136, "name": "MainThread"}, "time": {"repr": "2024-08-25 01:33:12.755030+05:00", "timestamp": 1724531592.75503}}}
{"text": "2024-08-25T01:33:12.756073+0500 DEBUG reading db\n", "record": {"elapsed": {"repr": "0:00:01.646054", "seconds": 1.646054}, "exception": null, "extra": {}, "file": {"name": "main.py", "path": "C:\\Users\\melni\\PycharmProjects\\betboom_parser\\main.py"}, "function": "find_game", "level": {"icon": "🐞", "name": "DEBUG", "no": 10}, "line": 52, "message": "reading db", "module": "main", "name": "__main__", "process": {"id": 6992, "name": "MainProcess"}, "thread": {"id": 1136, "name": "MainThread"}, "time": {"repr": "2024-08-25 01:33:12.756073+05:00", "timestamp": 1724531592.756073}}}
{"text": "2024-08-25T01:33:12.759100+0500 DEBUG writing bet to db\n", "record": {"elapsed": {"repr": "0:00:01.649081", "seconds": 1.649081}, "exception": null, "extra": {}, "file": {"name": "main.py", "path": "C:\\Users\\melni\\PycharmProjects\\betboom_parser\\main.py"}, "function": "find_game", "level": {"icon": "🐞", "name": "DEBUG", "no": 10}, "line": 66, "message": "writing bet to db", "module": "main", "name": "__main__", "process": {"id": 6992, "name": "MainProcess"}, "thread": {"id": 1136, "name": "MainThread"}, "time": {"repr": "2024-08-25 01:33:12.759100+05:00", "timestamp": 1724531592.7591}}}
{"text": "2024-08-25T01:33:12.760077+0500 DEBUG finding coefficients\n", "record": {"elapsed": {"repr": "0:00:01.650058", "seconds": 1.650058}, "exception": null, "extra": {}, "file": {"name": "main.py", "path": "C:\\Users\\melni\\PycharmProjects\\betboom_parser\\main.py"}, "function": "get_bet", "level": {"icon": "🐞", "name": "DEBUG", "no": 10}, "line": 92, "message": "finding coefficients", "module": "main", "name": "__main__", "process": {"id": 6992, "name": "MainProcess"}, "thread": {"id": 1136, "name": "MainThread"}, "time": {"repr": "2024-08-25 01:33:12.760077+05:00", "timestamp": 1724531592.760077}}}
{"text": "2024-08-25T01:33:12.761068+0500 DEBUG reading db\n", "record": {"elapsed": {"repr": "0:00:01.651049", "seconds": 1.651049}, "exception": null, "extra": {}, "file": {"name": "main.py", "path": "C:\\Users\\melni\\PycharmProjects\\betboom_parser\\main.py"}, "function": "find_game", "level": {"icon": "🐞", "name": "DEBUG", "no": 10}, "line": 52, "message": "reading db", "module": "main", "name": "__main__", "process": {"id": 6992, "name": "MainProcess"}, "thread": {"id": 1136, "name": "MainThread"}, "time": {"repr": "2024-08-25 01:33:12.761068+05:00", "timestamp": 1724531592.761068}}}
{"text": "2024-08-25T01:33:12.762672+0500 DEBUG writing bet to db\n", "record": {"elapsed": {"repr": "0:00:01.652653", "seconds": 1.652653}, "exception": null, "extra": {}, "file": {"name": "main.py", "path": "C:\\Users\\melni\\PycharmProjects\\betboom_parser\\main.py"}, "function": "find_game", "level": {"icon": "🐞", "name": "DEBUG", "no": 10}, "line": 66, "message": "writing bet to db", "module": "main", "name": "__main__", "process": {"id": 6992, "name": "MainProcess"}, "thread": {"id": 1136, "name": "MainThread"}, "time": {"repr": "2024-08-25 01:33:12.762672+05:00", "timestamp": 1724531592.762672}}}
{"text": "2024-08-25T01:33:12.763637+0500 DEBUG finding coefficients\n", "record": {"elapsed": {"repr": "0:00:01.653618", "seconds": 1.653618}, "exception": null, "extra": {}, "file": {"name": "main.py", "path": "C:\\Users\\melni\\PycharmProjects\\betboom_parser\\main.py"}, "function": "get_bet", "level": {"icon": "🐞", "name": "DEBUG", "no": 10}, "line": 92, "message": "finding coefficients", "module": "main", "name": "__main__", "process": {"id": 6992, "name": "MainProcess"}, "thread": {"id": 1136, "name": "MainThread"}, "time": {"repr": "2024-08-25 01:33:12.763637+05:00", "timestamp": 1724531592.763637}}}
{"text": "2024-08-25T01:33:12.764654+0500 DEBUG getting info about match...\n", "record": {"elapsed": {"repr": "0:00:01.654635", "seconds": 1.654635}, "exception": null, "extra": {}, "file": {"name": "main.py", "path": "C:\\Users\\melni\\PycharmProjects\\betboom_parser\\main.py"}, "function": "get_match", "level": {"icon": "🐞", "name": "DEBUG", "no": 10}, "line": 117, "message": "getting info about match...", "module": "main", "name": "__main__", "process": {"id": 6992, "name": "MainProcess"}, "thread": {"id": 1136, "name": "MainThread"}, "time": {"repr": "2024-08-25 01:33:12.764654+05:00", "timestamp": 1724531592.764654}}}
{"text": "2024-08-25T01:33:13.049266+0500 DEBUG reading db\n", "record": {"elapsed": {"repr": "0:00:01.939247", "seconds": 1.939247}, "exception": null, "extra": {}, "file": {"name": "main.py", "path": "C:\\Users\\melni\\PycharmProjects\\betboom_parser\\main.py"}, "function": "find_game", "level": {"icon": "🐞", "name": "DEBUG", "no": 10}, "line": 52, "message": "reading db", "module": "main", "name": "__main__", "process": {"id": 6992, "name": "MainProcess"}, "thread": {"id": 1136, "name": "MainThread"}, "time": {"repr": "2024-08-25 01:33:13.049266+05:00", "timestamp": 1724531593.049266}}}
{"text": "2024-08-25T01:33:13.051269+0500 DEBUG writing bet to db\n", "record": {"elapsed": {"repr": "0:00:01.941250", "seconds": 1.94125}, "exception": null, "extra": {}, "file": {"name": "main.py", "path": "C:\\Users\\melni\\PycharmProjects\\betboom_parser\\main.py"}, "function": "find_game", "level": {"icon": "🐞", "name": "DEBUG", "no": 10}, "line": 66, "message": "writing bet to db", "module": "main", "name": "__main__", "process": {"id": 6992, "name": "MainProcess"}, "thread": {"id": 1136, "name": "MainThread"}, "time": {"repr": "2024-08-25 01:33:13.051269+05:00", "timestamp": 1724531593.051269}}}
{"text": "2024-08-25T01:33:13.054820+0500 DEBUG finding coefficients\n", "record": {"elapsed": {"repr": "0:00:01.944801", "seconds": 1.944801}, "exception": null, "extra": {}, "file": {"name": "main.py", "path": "C:\\Users\\melni\\PycharmProjects\\betboom_parser\\main.py"}, "function": "get_bet", "level": {"icon": "🐞", "name": "DEBUG", "no": 10}, "line": 92, "message": "finding coefficients", "module": "main", "name": "__main__", "process": {"id": 6992, "name": "MainProcess"}, "thread": {"id": 1136, "name": "MainThread"}, "time": {"repr": "2024-08-25 01:33:13.054820+05:00", "timestamp": 1724531593.05482}}}
{"text": "2024-08-25T01:33:13.054820+0500 DEBUG reading db\n", "record": {"elapsed": {"repr": "0:00:01.944801", "seconds": 1.944801}, "exception": null, "extra": {}, "file": {"name": "main.py", "path": "C:\\Users\\melni\\PycharmProjects\\betboom_parser\\main.py"}, "function": "find_game", "level": {"icon": "🐞", "name": "DEBUG", "no": 10}, "line": 52, "message": "reading db", "module": "main", "name": "__main__", "process": {"id": 6992, "name": "MainProcess"}, "thread": {"id": 1136, "name": "MainThread"}, "time": {"repr": "2024-08-25 01:33:13.054820+05:00", "timestamp": 1724531593.05482}}}
{"text": "2024-08-25T01:33:13.055861+0500 DEBUG writing bet to db\n", "record": {"elapsed": {"repr": "0:00:01.945842", "seconds": 1.945842}, "exception": null, "extra": {}, "file": {"name": "main.py", "path": "C:\\Users\\melni\\PycharmProjects\\betboom_parser\\main.py"}, "function": "find_game", "level": {"icon": "🐞", "name": "DEBUG", "no": 10}, "line": 66, "message": "writing bet to db", "module": "main", "name": "__main__", "process": {"id": 6992, "name": "MainProcess"}, "thread": {"id": 1136, "name": "MainThread"}, "time": {"repr": "2024-08-25 01:33:13.055861+05:00", "timestamp": 1724531593.055861}}}
{"text": "2024-08-25T01:33:13.060857+0500 DEBUG finding coefficients\n", "record": {"elapsed": {"repr": "0:00:01.950838", "seconds": 1.950838}, "exception": null, "extra": {}, "file": {"name": "main.py", "path": "C:\\Users\\melni\\PycharmProjects\\betboom_parser\\main.py"}, "function": "get_bet", "level": {"icon": "🐞", "name": "DEBUG", "no": 10}, "line": 92, "message": "finding coefficients", "module": "main", "name": "__main__", "process": {"id": 6992, "name": "MainProcess"}, "thread": {"id": 1136, "name": "MainThread"}, "time": {"repr": "2024-08-25 01:33:13.060857+05:00", "timestamp": 1724531593.060857}}}
{"text": "2024-08-25T01:33:13.062454+0500 DEBUG reading db\n", "record": {"elapsed": {"repr": "0:00:01.952435", "seconds": 1.952435}, "exception": null, "extra": {}, "file": {"name": "main.py", "path": "C:\\Users\\melni\\PycharmProjects\\betboom_parser\\main.py"}, "function": "find_game", "level": {"icon": "🐞", "name": "DEBUG", "no": 10}, "line": 52, "message": "reading db", "module": "main", "name": "__main__", "process": {"id": 6992, "name": "MainProcess"}, "thread": {"id": 1136, "name": "MainThread"}, "time": {"repr": "2024-08-25 01:33:13.062454+05:00", "timestamp": 1724531593.062454}}}
{"text": "2024-08-25T01:33:13.065460+0500 DEBUG writing bet to db\n", "record": {"elapsed": {"repr": "0:00:01.955441", "seconds": 1.955441}, "exception": null, "extra": {}, "file": {"name": "main.py", "path": "C:\\Users\\melni\\PycharmProjects\\betboom_parser\\main.py"}, "function": "find_game", "level": {"icon": "🐞", "name": "DEBUG", "no": 10}, "line": 66, "message": "writing bet to db", "module": "main", "name": "__main__", "process": {"id": 6992, "name": "MainProcess"}, "thread": {"id": 1136, "name": "MainThread"}, "time": {"repr": "2024-08-25 01:33:13.065460+05:00", "timestamp": 1724531593.06546}}}
{"text": "2024-08-25T01:33:13.067476+0500 DEBUG finding coefficients\n", "record": {"elapsed": {"repr": "0:00:01.957457", "seconds": 1.957457}, "exception": null, "extra": {}, "file": {"name": "main.py", "path": "C:\\Users\\melni\\PycharmProjects\\betboom_parser\\main.py"}, "function": "get_bet", "level": {"icon": "🐞", "name": "DEBUG", "no": 10}, "line": 92, "message": "finding coefficients", "module": "main", "name": "__main__", "process": {"id": 6992, "name": "MainProcess"}, "thread": {"id": 1136, "name": "MainThread"}, "time": {"repr": "2024-08-25 01:33:13.067476+05:00", "timestamp": 1724531593.067476}}}
{"text": "2024-08-25T01:33:13.068469+0500 DEBUG getting info about match...\n", "record": {"elapsed": {"repr": "0:00:01.958450", "seconds": 1.95845}, "exception": null, "extra": {}, "file": {"name": "main.py", "path": "C:\\Users\\melni\\PycharmProjects\\betboom_parser\\main.py"}, "function": "get_match", "level": {"icon": "🐞", "name": "DEBUG", "no": 10}, "line": 117, "message": "getting info about match...", "module": "main", "name": "__main__", "process": {"id": 6992, "name": "MainProcess"}, "thread": {"id": 1136, "name": "MainThread"}, "time": {"repr": "2024-08-25 01:33:13.068469+05:00", "timestamp": 1724531593.068469}}}
{"text": "2024-08-25T01:33:13.296405+0500 DEBUG reading db\n", "record": {"elapsed": {"repr": "0:00:02.186386", "seconds": 2.186386}, "exception": null, "extra": {}, "file": {"name": "main.py", "path": "C:\\Users\\melni\\PycharmProjects\\betboom_parser\\main.py"}, "function": "find_game", "level": {"icon": "🐞", "name": "DEBUG", "no": 10}, "line": 52, "message": "reading db", "module": "main", "name": "__main__", "process": {"id": 6992, "name": "MainProcess"}, "thread": {"id": 1136, "name": "MainThread"}, "time": {"repr": "2024-08-25 01:33:13.296405+05:00", "timestamp": 1724531593.296405}}}
{"text": "2024-08-25T01:33:13.298423+0500 DEBUG writing bet to db\n", "record": {"elapsed": {"repr": "0:00:02.188404", "seconds": 2.188404}, "exception": null, "extra": {}, "file": {"name": "main.py", "path": "C:\\Users\\melni\\PycharmProjects\\betboom_parser\\main.py"}, "function": "find_game", "level": {"icon": "🐞", "name": "DEBUG", "no": 10}, "line": 66, "message": "writing bet to db", "module": "main", "name": "__main__", "process": {"id": 6992, "name": "MainProcess"}, "thread": {"id": 1136, "name": "MainThread"}, "time": {"repr": "2024-08-25 01:33:13.298423+05:00", "timestamp": 1724531593.298423}}}
{"text": "2024-08-25T01:33:13.299423+0500 DEBUG finding coefficients\n", "record": {"elapsed": {"repr": "0:00:02.189404", "seconds": 2.189404}, "exception": null, "extra": {}, "file": {"name": "main.py", "path": "C:\\Users\\melni\\PycharmProjects\\betboom_parser\\main.py"}, "function": "get_bet", "level": {"icon": "🐞", "name": "DEBUG", "no": 10}, "line": 92, "message": "finding coefficients", "module": "main", "name": "__main__", "process": {"id": 6992, "name": "MainProcess"}, "thread": {"id": 1136, "name": "MainThread"}, "time": {"repr": "2024-08-25 01:33:13.299423+05:00", "timestamp": 1724531593.299423}}}
{"text": "2024-08-25T01:33:13.300426+0500 DEBUG reading db\n", "record": {"elapsed": {"repr": "0:00:02.190407", "seconds": 2.190407}, "exception": null, "extra": {}, "file": {"name": "main.py", "path": "C:\\Users\\melni\\PycharmProjects\\betboom_parser\\main.py"}, "function": "find_game", "level": {"icon": "🐞", "name": "DEBUG", "no": 10}, "line": 52, "message": "reading db", "module": "main", "name": "__main__", "process": {"id": 6992, "name": "MainProcess"}, "thread": {"id": 1136, "name": "MainThread"}, "time": {"repr": "2024-08-25 01:33:13.300426+05:00", "timestamp": 1724531593.300426}}}
{"text": "2024-08-25T01:33:13.301413+0500 DEBUG writing bet to db\n", "record": {"elapsed": {"repr": "0:00:02.191394", "seconds": 2.191394}, "exception": null, "extra": {}, "file": {"name": "main.py", "path": "C:\\Users\\melni\\PycharmProjects\\betboom_parser\\main.py"}, "function": "find_game", "level": {"icon": "🐞", "name": "DEBUG", "no": 10}, "line": 66, "message": "writing bet to db", "module": "main", "name": "__main__", "process": {"id": 6992, "name": "MainProcess"}, "thread": {"id": 1136, "name": "MainThread"}, "time": {"repr": "2024-08-25 01:33:13.301413+05:00", "timestamp": 1724531593.301413}}}
{"text": "2024-08-25T01:33:13.304996+0500 DEBUG finding coefficients\n", "record": {"elapsed": {"repr": "0:00:02.194977", "seconds": 2.194977}, "exception": null, "extra": {}, "file": {"name": "main.py", "path": "C:\\Users\\melni\\PycharmProjects\\betboom_parser\\main.py"}, "function": "get_bet", "level": {"icon": "🐞", "name": "DEBUG", "no": 10}, "line": 92, "message": "finding coefficients", "module": "main", "name": "__main__", "process": {"id": 6992, "name": "MainProcess"}, "thread": {"id": 1136, "name": "MainThread"}, "time": {"repr": "2024-08-25 01:33:13.304996+05:00", "timestamp": 1724531593.304996}}}
{"text": "2024-08-25T01:33:13.304996+0500 DEBUG reading db\n", "record": {"elapsed": {"repr": "0:00:02.194977", "seconds": 2.194977}, "exception": null, "extra": {}, "file": {"name": "main.py", "path": "C:\\Users\\melni\\PycharmProjects\\betboom_parser\\main.py"}, "function": "find_game", "level": {"icon": "🐞", "name": "DEBUG", "no": 10}, "line": 52, "message": "reading db", "module": "main", "name": "__main__", "process": {"id": 6992, "name": "MainProcess"}, "thread": {"id": 1136, "name": "MainThread"}, "time": {"repr": "2024-08-25 01:33:13.304996+05:00", "timestamp": 1724531593.304996}}}
