{"text": "2024-08-25T13:58:31.249314+0500 DEBUG writing bet to db\n", "record": {"elapsed": {"repr": "0:00:12.995485", "seconds": 12.995485}, "exception": null, "extra": {}, "file": {"name": "main.py", "path": "C:\\Users\\melni\\PycharmProjects\\betboom_parser\\main.py"}, "function": "find_game", "level": {"icon": "🐞", "name": "DEBUG", "no": 10}, "line": 75, "message": "writing bet to db", "module": "main", "name": "__main__", "process": {"id": 6912, "name": "MainProcess"}, "thread": {"id": 1864, "name": "MainThread"}, "time": {"repr": "2024-08-25 13:58:31.249314+05:00", "timestamp": 1724576311.249314}}}
{"text": "2024-08-25T13:58:31.301025+0500 DEBUG finding coefficients\n", "record": {"elapsed": {"repr": "0:00:13.047196", "seconds": 13.047196}, "exception": null, "extra": {}, "file": {"name": "main.py", "path": "C:\\Users\\melni\\PycharmProjects\\betboom_parser\\main.py"}, "function": "get_bet", "level": {"icon": "🐞", "name": "DEBUG", "no": 10}, "line": 101, "message": "finding coefficients", "module": "main", "name": "__main__", "process": {"id": 6912, "name": "MainProcess"}, "thread": {"id": 1864, "name": "MainThread"}, "time": {"repr": "2024-08-25 13:58:31.301025+05:00", "timestamp": 1724576311.301025}}}
{"text": "2024-08-25T13:58:31.302038+0500 DEBUG reading db\n", "record": {"elapsed": {"repr": "0:00:13.048209", "seconds": 13.048209}, "exception": null, "extra": {}, "file": {"name": "main.py", "path": "C:\\Users\\melni\\PycharmProjects\\betboom_parser\\main.py"}, "function": "find_game", "level": {"icon": "🐞", "name": "DEBUG", "no": 10}, "line": 61, "message": "reading db", "module": "main", "name": "__main__", "process": {"id": 6912, "name": "MainProcess"}, "thread": {"id": 1864, "name": "MainThread"}, "time": {"repr": "2024-08-25 13:58:31.302038+05:00", "timestamp": 1724576311.302038}}}
{"text": "2024-08-25T13:58:31.303029+0500 DEBUG writing bet to db\n", "record": {"elapsed": {"repr": "0:00:13.049200", "seconds": 13.0492}, "exception": null, "extra": {}, "file": {"name": "main.py", "path": "C:\\Users\\melni\\PycharmProjects\\betboom_parser\\main.py"}, "function": "find_game", "level": {"icon": "🐞", "name": "DEBUG", "no": 10}, "line": 75, "message": "writing bet to db", "module": "main", "name": "__main__", "process": {"id": 6912, "name": "MainProcess"}, "thread": {"id": 1864, "name": "MainThread"}, "time": {"repr": "2024-08-25 13:58:31.303029+05:00", "timestamp": 1724576311.303029}}}
{"text": "2024-08-25T13:58:31.304027+0500 DEBUG finding coefficients\n", "record": {"elapsed": {"repr": "0:00:13.050198", "seconds": 13.050198}, "exception": null, "extra": {}, "file": {"name": "main.py", "path": "C:\\Users\\melni\\PycharmProjects\\betboom_parser\\main.py"}, "function": "get_bet", "level": {"icon": "🐞", "name": "DEBUG", "no": 10}, "line": 101, "message": "finding coefficients", "module": "main", "name": "__main__", "process": {"id": 6912, "name": "MainProcess"}, "thread": {"id": 1864, "name": "MainThread"}, "time": {"repr": "2024-08-25 13:58:31.304027+05:00", "timestamp": 1724576311.304027}}}
{"text": "2024-08-25T13:58:31.305032+0500 DEBUG reading db\n", "record": {"elapsed": {"repr": "0:00:13.051203", "seconds": 13.051203}, "exception": null, "extra": {}, "file": {"name": "main.py", "path": "C:\\Users\\melni\\PycharmProjects\\betboom_parser\\main.py"}, "function": "find_game", "level": {"icon": "🐞", "name": "DEBUG", "no": 10}, "line": 61, "message": "reading db", "module": "main", "name": "__main__", "process": {"id": 6912, "name": "MainProcess"}, "thread": {"id": 1864, "name": "MainThread"}, "time": {"repr": "2024-08-25 13:58:31.305032+05:00", "timestamp": 1724576311.305032}}}
{"text": "2024-08-25T13:58:31.306042+0500 DEBUG writing bet to db\n", "record": {"elapsed": {"repr": "0:00:13.052213", "seconds": 13.052213}, "exception": null, "extra": {}, "file": {"name": "main.py", "path": "C:\\Users\\melni\\PycharmProjects\\betboom_parser\\main.py"}, "function": "find_game", "level": {"icon": "🐞", "name": "DEBUG", "no": 10}, "line": 75, "message": "writing bet to db", "module": "main", "name": "__main__", "process": {"id": 6912, "name": "MainProcess"}, "thread": {"id": 1864, "name": "MainThread"}, "time": {"repr": "2024-08-25 13:58:31.306042+05:00", "timestamp": 1724576311.306042}}}
{"text": "2024-08-25T13:58:31.307041+0500 DEBUG finding coefficients\n", "record": {"elapsed": {"repr": "0:00:13.053212", "seconds": 13.053212}, "exception": null, "extra": {}, "file": {"name": "main.py", "path": "C:\\Users\\melni\\PycharmProjects\\betboom_parser\\main.py"}, "function": "get_bet", "level": {"icon": "🐞", "name": "DEBUG", "no": 10}, "line": 101, "message": "finding coefficients", "module": "main", "name": "__main__", "process": {"id": 6912, "name": "MainProcess"}, "thread": {"id": 1864, "name": "MainThread"}, "time": {"repr": "2024-08-25 13:58:31.307041+05:00", "timestamp": 1724576311.307041}}}
{"text": "2024-08-25T13:58:31.307041+0500 DEBUG getting info about match...\n", "record": {"elapsed": {"repr": "0:00:13.053212", "seconds": 13.053212}, "exception": null, "extra": {}, "file": {"name": "main.py", "path": "C:\\Users\\melni\\PycharmProjects\\betboom_parser\\main.py"}, "function": "get_match", "level": {"icon": "🐞", "name": "DEBUG", "no": 10}, "line": 126, "message": "getting info about match...", "module": "main", "name": "__main__", "process": {"id": 6912, "name": "MainProcess"}, "thread": {"id": 1864, "name": "MainThread"}, "time": {"repr": "2024-08-25 13:58:31.307041+05:00", "timestamp": 1724576311.307041}}}
{"text": "2024-08-25T13:58:31.506666+0500 DEBUG reading db\n", "record": {"elapsed": {"repr": "0:00:13.252837", "seconds": 13.252837}, "exception": null, "extra": {}, "file": {"name": "main.py", "path": "C:\\Users\\melni\\PycharmProjects\\betboom_parser\\main.py"}, "function": "find_game", "level": {"icon": "🐞", "name": "DEBUG", "no": 10}, "line": 61, "message": "reading db", "module": "main", "name": "__main__", "process": {"id": 6912, "name": "MainProcess"}, "thread": {"id": 1864, "name": "MainThread"}, "time": {"repr": "2024-08-25 13:58:31.506666+05:00", "timestamp": 1724576311.506666}}}
{"text": "2024-08-25T13:58:31.842836+0500 INFO CS 2. CCT Europe Series 9 (25.08 17:30)\nB8 - Revenant Esports\n\n1-я карта -> 1.46 & 2.629\n", "record": {"elapsed": {"repr": "0:00:13.589007", "seconds": 13.589007}, "exception": null, "extra": {}, "file": {"name": "main.py", "path": "C:\\Users\\melni\\PycharmProjects\\betboom_parser\\main.py"}, "function": "get_message", "level": {"icon": "ℹ️", "name": "INFO", "no": 20}, "line": 31, "message": "CS 2. CCT Europe Series 9 (25.08 17:30)\nB8 - Revenant Esports\n\n1-я карта -> 1.46 & 2.629", "module": "main", "name": "__main__", "process": {"id": 6912, "name": "MainProcess"}, "thread": {"id": 1864, "name": "MainThread"}, "time": {"repr": "2024-08-25 13:58:31.842836+05:00", "timestamp": 1724576311.842836}}}
{"text": "2024-08-25T13:58:31.842836+0500 INFO message sent\n", "record": {"elapsed": {"repr": "0:00:13.589007", "seconds": 13.589007}, "exception": null, "extra": {}, "file": {"name": "main.py", "path": "C:\\Users\\melni\\PycharmProjects\\betboom_parser\\main.py"}, "function": "get_message", "level": {"icon": "ℹ️", "name": "INFO", "no": 20}, "line": 32, "message": "message sent", "module": "main", "name": "__main__", "process": {"id": 6912, "name": "MainProcess"}, "thread": {"id": 1864, "name": "MainThread"}, "time": {"repr": "2024-08-25 13:58:31.842836+05:00", "timestamp": 1724576311.842836}}}
{"text": "2024-08-25T13:58:31.843845+0500 DEBUG writing bet to db\n", "record": {"elapsed": {"repr": "0:00:13.590016", "seconds": 13.590016}, "exception": null, "extra": {}, "file": {"name": "main.py", "path": "C:\\Users\\melni\\PycharmProjects\\betboom_parser\\main.py"}, "function": "find_game", "level": {"icon": "🐞", "name": "DEBUG", "no": 10}, "line": 75, "message": "writing bet to db", "module": "main", "name": "__main__", "process": {"id": 6912, "name": "MainProcess"}, "thread": {"id": 1864, "name": "MainThread"}, "time": {"repr": "2024-08-25 13:58:31.843845+05:00", "timestamp": 1724576311.843845}}}
{"text": "2024-08-25T13:58:31.844869+0500 DEBUG finding coefficients\n", "record": {"elapsed": {"repr": "0:00:13.591040", "seconds": 13.59104}, "exception": null, "extra": {}, "file": {"name": "main.py", "path": "C:\\Users\\melni\\PycharmProjects\\betboom_parser\\main.py"}, "function": "get_bet", "level": {"icon": "🐞", "name": "DEBUG", "no": 10}, "line": 101, "message": "finding coefficients", "module": "main", "name": "__main__", "process": {"id": 6912, "name": "MainProcess"}, "thread": {"id": 1864, "name": "MainThread"}, "time": {"repr": "2024-08-25 13:58:31.844869+05:00", "timestamp": 1724576311.844869}}}
{"text": "2024-08-25T13:58:31.845862+0500 DEBUG reading db\n", "record": {"elapsed": {"repr": "0:00:13.592033", "seconds": 13.592033}, "exception": null, "extra": {}, "file": {"name": "main.py", "path": "C:\\Users\\melni\\PycharmProjects\\betboom_parser\\main.py"}, "function": "find_game", "level": {"icon": "🐞", "name": "DEBUG", "no": 10}, "line": 61, "message": "reading db", "module": "main", "name": "__main__", "process": {"id": 6912, "name": "MainProcess"}, "thread": {"id": 1864, "name": "MainThread"}, "time": {"repr": "2024-08-25 13:58:31.845862+05:00", "timestamp": 1724576311.845862}}}
{"text": "2024-08-25T13:58:32.187352+0500 INFO CS 2. CCT Europe Series 9 (25.08 17:30)\nB8 - Revenant Esports\n\n2-я карта -> 1.46 & 2.629\n", "record": {"elapsed": {"repr": "0:00:13.933523", "seconds": 13.933523}, "exception": null, "extra": {}, "file": {"name": "main.py", "path": "C:\\Users\\melni\\PycharmProjects\\betboom_parser\\main.py"}, "function": "get_message", "level": {"icon": "ℹ️", "name": "INFO", "no": 20}, "line": 31, "message": "CS 2. CCT Europe Series 9 (25.08 17:30)\nB8 - Revenant Esports\n\n2-я карта -> 1.46 & 2.629", "module": "main", "name": "__main__", "process": {"id": 6912, "name": "MainProcess"}, "thread": {"id": 1864, "name": "MainThread"}, "time": {"repr": "2024-08-25 13:58:32.187352+05:00", "timestamp": 1724576312.187352}}}
{"text": "2024-08-25T13:58:32.188328+0500 INFO message sent\n", "record": {"elapsed": {"repr": "0:00:13.934499", "seconds": 13.934499}, "exception": null, "extra": {}, "file": {"name": "main.py", "path": "C:\\Users\\melni\\PycharmProjects\\betboom_parser\\main.py"}, "function": "get_message", "level": {"icon": "ℹ️", "name": "INFO", "no": 20}, "line": 32, "message": "message sent", "module": "main", "name": "__main__", "process": {"id": 6912, "name": "MainProcess"}, "thread": {"id": 1864, "name": "MainThread"}, "time": {"repr": "2024-08-25 13:58:32.188328+05:00", "timestamp": 1724576312.188328}}}
{"text": "2024-08-25T13:58:32.189346+0500 DEBUG writing bet to db\n", "record": {"elapsed": {"repr": "0:00:13.935517", "seconds": 13.935517}, "exception": null, "extra": {}, "file": {"name": "main.py", "path": "C:\\Users\\melni\\PycharmProjects\\betboom_parser\\main.py"}, "function": "find_game", "level": {"icon": "🐞", "name": "DEBUG", "no": 10}, "line": 75, "message": "writing bet to db", "module": "main", "name": "__main__", "process": {"id": 6912, "name": "MainProcess"}, "thread": {"id": 1864, "name": "MainThread"}, "time": {"repr": "2024-08-25 13:58:32.189346+05:00", "timestamp": 1724576312.189346}}}
{"text": "2024-08-25T13:58:32.190361+0500 DEBUG finding coefficients\n", "record": {"elapsed": {"repr": "0:00:13.936532", "seconds": 13.936532}, "exception": null, "extra": {}, "file": {"name": "main.py", "path": "C:\\Users\\melni\\PycharmProjects\\betboom_parser\\main.py"}, "function": "get_bet", "level": {"icon": "🐞", "name": "DEBUG", "no": 10}, "line": 101, "message": "finding coefficients", "module": "main", "name": "__main__", "process": {"id": 6912, "name": "MainProcess"}, "thread": {"id": 1864, "name": "MainThread"}, "time": {"repr": "2024-08-25 13:58:32.190361+05:00", "timestamp": 1724576312.190361}}}
{"text": "2024-08-25T13:58:32.190361+0500 DEBUG reading db\n", "record": {"elapsed": {"repr": "0:00:13.936532", "seconds": 13.936532}, "exception": null, "extra": {}, "file": {"name": "main.py", "path": "C:\\Users\\melni\\PycharmProjects\\betboom_parser\\main.py"}, "function": "find_game", "level": {"icon": "🐞", "name": "DEBUG", "no": 10}, "line": 61, "message": "reading db", "module": "main", "name": "__main__", "process": {"id": 6912, "name": "MainProcess"}, "thread": {"id": 1864, "name": "MainThread"}, "time": {"repr": "2024-08-25 13:58:32.190361+05:00", "timestamp": 1724576312.190361}}}
{"text": "2024-08-25T13:58:32.574357+0500 INFO CS 2. CCT Europe Series 9 (25.08 17:30)\nB8 - Revenant Esports\n\n3-я карта -> 1.46 & 2.629\n", "record": {"elapsed": {"repr": "0:00:14.320528", "seconds": 14.320528}, "exception": null, "extra": {}, "file": {"name": "main.py", "path": "C:\\Users\\melni\\PycharmProjects\\betboom_parser\\main.py"}, "function": "get_message", "level": {"icon": "ℹ️", "name": "INFO", "no": 20}, "line": 31, "message": "CS 2. CCT Europe Series 9 (25.08 17:30)\nB8 - Revenant Esports\n\n3-я карта -> 1.46 & 2.629", "module": "main", "name": "__main__", "process": {"id": 6912, "name": "MainProcess"}, "thread": {"id": 1864, "name": "MainThread"}, "time": {"repr": "2024-08-25 13:58:32.574357+05:00", "timestamp": 1724576312.574357}}}
{"text": "2024-08-25T13:58:32.575366+0500 INFO message sent\n", "record": {"elapsed": {"repr": "0:00:14.321537", "seconds": 14.321537}, "exception": null, "extra": {}, "file": {"name": "main.py", "path": "C:\\Users\\melni\\PycharmProjects\\betboom_parser\\main.py"}, "function": "get_message", "level": {"icon": "ℹ️", "name": "INFO", "no": 20}, "line": 32, "message": "message sent", "module": "main", "name": "__main__", "process": {"id": 6912, "name": "MainProcess"}, "thread": {"id": 1864, "name": "MainThread"}, "time": {"repr": "2024-08-25 13:58:32.575366+05:00", "timestamp": 1724576312.575366}}}
{"text": "2024-08-25T13:58:32.576385+0500 DEBUG writing bet to db\n", "record": {"elapsed": {"repr": "0:00:14.322556", "seconds": 14.322556}, "exception": null, "extra": {}, "file": {"name": "main.py", "path": "C:\\Users\\melni\\PycharmProjects\\betboom_parser\\main.py"}, "function": "find_game", "level": {"icon": "🐞", "name": "DEBUG", "no": 10}, "line": 75, "message": "writing bet to db", "module": "main", "name": "__main__", "process": {"id": 6912, "name": "MainProcess"}, "thread": {"id": 1864, "name": "MainThread"}, "time": {"repr": "2024-08-25 13:58:32.576385+05:00", "timestamp": 1724576312.576385}}}
{"text": "2024-08-25T13:58:32.577355+0500 DEBUG finding coefficients\n", "record": {"elapsed": {"repr": "0:00:14.323526", "seconds": 14.323526}, "exception": null, "extra": {}, "file": {"name": "main.py", "path": "C:\\Users\\melni\\PycharmProjects\\betboom_parser\\main.py"}, "function": "get_bet", "level": {"icon": "🐞", "name": "DEBUG", "no": 10}, "line": 101, "message": "finding coefficients", "module": "main", "name": "__main__", "process": {"id": 6912, "name": "MainProcess"}, "thread": {"id": 1864, "name": "MainThread"}, "time": {"repr": "2024-08-25 13:58:32.577355+05:00", "timestamp": 1724576312.577355}}}
{"text": "2024-08-25T13:58:32.577355+0500 DEBUG getting info about match...\n", "record": {"elapsed": {"repr": "0:00:14.323526", "seconds": 14.323526}, "exception": null, "extra": {}, "file": {"name": "main.py", "path": "C:\\Users\\melni\\PycharmProjects\\betboom_parser\\main.py"}, "function": "get_match", "level": {"icon": "🐞", "name": "DEBUG", "no": 10}, "line": 126, "message": "getting info about match...", "module": "main", "name": "__main__", "process": {"id": 6912, "name": "MainProcess"}, "thread": {"id": 1864, "name": "MainThread"}, "time": {"repr": "2024-08-25 13:58:32.577355+05:00", "timestamp": 1724576312.577355}}}
{"text": "2024-08-25T13:58:32.818173+0500 DEBUG reading db\n", "record": {"elapsed": {"repr": "0:00:14.564344", "seconds": 14.564344}, "exception": null, "extra": {}, "file": {"name": "main.py", "path": "C:\\Users\\melni\\PycharmProjects\\betboom_parser\\main.py"}, "function": "find_game", "level": {"icon": "🐞", "name": "DEBUG", "no": 10}, "line": 61, "message": "reading db", "module": "main", "name": "__main__", "process": {"id": 6912, "name": "MainProcess"}, "thread": {"id": 1864, "name": "MainThread"}, "time": {"repr": "2024-08-25 13:58:32.818173+05:00", "timestamp": 1724576312.818173}}}
{"text": "2024-08-25T13:58:33.270451+0500 INFO CS 2. CCT Europe Series 9 (25.08 20:30)\nSinners - Young Ninjas\n\n1-я карта -> 1.54 & 2.406\n", "record": {"elapsed": {"repr": "0:00:15.016622", "seconds": 15.016622}, "exception": null, "extra": {}, "file": {"name": "main.py", "path": "C:\\Users\\melni\\PycharmProjects\\betboom_parser\\main.py"}, "function": "get_message", "level": {"icon": "ℹ️", "name": "INFO", "no": 20}, "line": 31, "message": "CS 2. CCT Europe Series 9 (25.08 20:30)\nSinners - Young Ninjas\n\n1-я карта -> 1.54 & 2.406", "module": "main", "name": "__main__", "process": {"id": 6912, "name": "MainProcess"}, "thread": {"id": 1864, "name": "MainThread"}, "time": {"repr": "2024-08-25 13:58:33.270451+05:00", "timestamp": 1724576313.270451}}}
{"text": "2024-08-25T13:58:33.271454+0500 INFO message sent\n", "record": {"elapsed": {"repr": "0:00:15.017625", "seconds": 15.017625}, "exception": null, "extra": {}, "file": {"name": "main.py", "path": "C:\\Users\\melni\\PycharmProjects\\betboom_parser\\main.py"}, "function": "get_message", "level": {"icon": "ℹ️", "name": "INFO", "no": 20}, "line": 32, "message": "message sent", "module": "main", "name": "__main__", "process": {"id": 6912, "name": "MainProcess"}, "thread": {"id": 1864, "name": "MainThread"}, "time": {"repr": "2024-08-25 13:58:33.271454+05:00", "timestamp": 1724576313.271454}}}
{"text": "2024-08-25T13:58:33.272455+0500 DEBUG writing bet to db\n", "record": {"elapsed": {"repr": "0:00:15.018626", "seconds": 15.018626}, "exception": null, "extra": {}, "file": {"name": "main.py", "path": "C:\\Users\\melni\\PycharmProjects\\betboom_parser\\main.py"}, "function": "find_game", "level": {"icon": "🐞", "name": "DEBUG", "no": 10}, "line": 75, "message": "writing bet to db", "module": "main", "name": "__main__", "process": {"id": 6912, "name": "MainProcess"}, "thread": {"id": 1864, "name": "MainThread"}, "time": {"repr": "2024-08-25 13:58:33.272455+05:00", "timestamp": 1724576313.272455}}}
{"text": "2024-08-25T13:58:33.272455+0500 DEBUG finding coefficients\n", "record": {"elapsed": {"repr": "0:00:15.018626", "seconds": 15.018626}, "exception": null, "extra": {}, "file": {"name": "main.py", "path": "C:\\Users\\melni\\PycharmProjects\\betboom_parser\\main.py"}, "function": "get_bet", "level": {"icon": "🐞", "name": "DEBUG", "no": 10}, "line": 101, "message": "finding coefficients", "module": "main", "name": "__main__", "process": {"id": 6912, "name": "MainProcess"}, "thread": {"id": 1864, "name": "MainThread"}, "time": {"repr": "2024-08-25 13:58:33.272455+05:00", "timestamp": 1724576313.272455}}}
{"text": "2024-08-25T13:58:33.273454+0500 DEBUG reading db\n", "record": {"elapsed": {"repr": "0:00:15.019625", "seconds": 15.019625}, "exception": null, "extra": {}, "file": {"name": "main.py", "path": "C:\\Users\\melni\\PycharmProjects\\betboom_parser\\main.py"}, "function": "find_game", "level": {"icon": "🐞", "name": "DEBUG", "no": 10}, "line": 61, "message": "reading db", "module": "main", "name": "__main__", "process": {"id": 6912, "name": "MainProcess"}, "thread": {"id": 1864, "name": "MainThread"}, "time": {"repr": "2024-08-25 13:58:33.273454+05:00", "timestamp": 1724576313.273454}}}
{"text": "2024-08-25T13:58:33.623591+0500 INFO CS 2. CCT Europe Series 9 (25.08 20:30)\nSinners - Young Ninjas\n\n2-я карта -> 1.54 & 2.406\n", "record": {"elapsed": {"repr": "0:00:15.369762", "seconds": 15.369762}, "exception": null, "extra": {}, "file": {"name": "main.py", "path": "C:\\Users\\melni\\PycharmProjects\\betboom_parser\\main.py"}, "function": "get_message", "level": {"icon": "ℹ️", "name": "INFO", "no": 20}, "line": 31, "message": "CS 2. CCT Europe Series 9 (25.08 20:30)\nSinners - Young Ninjas\n\n2-я карта -> 1.54 & 2.406", "module": "main", "name": "__main__", "process": {"id": 6912, "name": "MainProcess"}, "thread": {"id": 1864, "name": "MainThread"}, "time": {"repr": "2024-08-25 13:58:33.623591+05:00", "timestamp": 1724576313.623591}}}
{"text": "2024-08-25T13:58:33.624568+0500 INFO message sent\n", "record": {"elapsed": {"repr": "0:00:15.370739", "seconds": 15.370739}, "exception": null, "extra": {}, "file": {"name": "main.py", "path": "C:\\Users\\melni\\PycharmProjects\\betboom_parser\\main.py"}, "function": "get_message", "level": {"icon": "ℹ️", "name": "INFO", "no": 20}, "line": 32, "message": "message sent", "module": "main", "name": "__main__", "process": {"id": 6912, "name": "MainProcess"}, "thread": {"id": 1864, "name": "MainThread"}, "time": {"repr": "2024-08-25 13:58:33.624568+05:00", "timestamp": 1724576313.624568}}}
{"text": "2024-08-25T13:58:33.624568+0500 DEBUG writing bet to db\n", "record": {"elapsed": {"repr": "0:00:15.370739", "seconds": 15.370739}, "exception": null, "extra": {}, "file": {"name": "main.py", "path": "C:\\Users\\melni\\PycharmProjects\\betboom_parser\\main.py"}, "function": "find_game", "level": {"icon": "🐞", "name": "DEBUG", "no": 10}, "line": 75, "message": "writing bet to db", "module": "main", "name": "__main__", "process": {"id": 6912, "name": "MainProcess"}, "thread": {"id": 1864, "name": "MainThread"}, "time": {"repr": "2024-08-25 13:58:33.624568+05:00", "timestamp": 1724576313.624568}}}
{"text": "2024-08-25T13:58:33.625585+0500 DEBUG finding coefficients\n", "record": {"elapsed": {"repr": "0:00:15.371756", "seconds": 15.371756}, "exception": null, "extra": {}, "file": {"name": "main.py", "path": "C:\\Users\\melni\\PycharmProjects\\betboom_parser\\main.py"}, "function": "get_bet", "level": {"icon": "🐞", "name": "DEBUG", "no": 10}, "line": 101, "message": "finding coefficients", "module": "main", "name": "__main__", "process": {"id": 6912, "name": "MainProcess"}, "thread": {"id": 1864, "name": "MainThread"}, "time": {"repr": "2024-08-25 13:58:33.625585+05:00", "timestamp": 1724576313.625585}}}
{"text": "2024-08-25T13:58:33.626584+0500 DEBUG reading db\n", "record": {"elapsed": {"repr": "0:00:15.372755", "seconds": 15.372755}, "exception": null, "extra": {}, "file": {"name": "main.py", "path": "C:\\Users\\melni\\PycharmProjects\\betboom_parser\\main.py"}, "function": "find_game", "level": {"icon": "🐞", "name": "DEBUG", "no": 10}, "line": 61, "message": "reading db", "module": "main", "name": "__main__", "process": {"id": 6912, "name": "MainProcess"}, "thread": {"id": 1864, "name": "MainThread"}, "time": {"repr": "2024-08-25 13:58:33.626584+05:00", "timestamp": 1724576313.626584}}}
{"text": "2024-08-25T13:58:37.009629+0500 INFO CS 2. CCT Europe Series 9 (25.08 20:30)\nSinners - Young Ninjas\n\n3-я карта -> 1.57 & 2.339\n", "record": {"elapsed": {"repr": "0:00:18.755800", "seconds": 18.7558}, "exception": null, "extra": {}, "file": {"name": "main.py", "path": "C:\\Users\\melni\\PycharmProjects\\betboom_parser\\main.py"}, "function": "get_message", "level": {"icon": "ℹ️", "name": "INFO", "no": 20}, "line": 31, "message": "CS 2. CCT Europe Series 9 (25.08 20:30)\nSinners - Young Ninjas\n\n3-я карта -> 1.57 & 2.339", "module": "main", "name": "__main__", "process": {"id": 6912, "name": "MainProcess"}, "thread": {"id": 1864, "name": "MainThread"}, "time": {"repr": "2024-08-25 13:58:37.009629+05:00", "timestamp": 1724576317.009629}}}
{"text": "2024-08-25T13:58:37.010634+0500 INFO message sent\n", "record": {"elapsed": {"repr": "0:00:18.756805", "seconds": 18.756805}, "exception": null, "extra": {}, "file": {"name": "main.py", "path": "C:\\Users\\melni\\PycharmProjects\\betboom_parser\\main.py"}, "function": "get_message", "level": {"icon": "ℹ️", "name": "INFO", "no": 20}, "line": 32, "message": "message sent", "module": "main", "name": "__main__", "process": {"id": 6912, "name": "MainProcess"}, "thread": {"id": 1864, "name": "MainThread"}, "time": {"repr": "2024-08-25 13:58:37.010634+05:00", "timestamp": 1724576317.010634}}}
{"text": "2024-08-25T13:58:37.365934+0500 INFO CS 2. CCT Europe Series 9 (25.08 20:30)\nSinners - Young Ninjas\n\nold odds: 3-я карта -> 1.54\nnew odds: 3-я карта -> 1.57\n", "record": {"elapsed": {"repr": "0:00:19.112105", "seconds": 19.112105}, "exception": null, "extra": {}, "file": {"name": "main.py", "path": "C:\\Users\\melni\\PycharmProjects\\betboom_parser\\main.py"}, "function": "get_alter_message", "level": {"icon": "ℹ️", "name": "INFO", "no": 20}, "line": 48, "message": "CS 2. CCT Europe Series 9 (25.08 20:30)\nSinners - Young Ninjas\n\nold odds: 3-я карта -> 1.54\nnew odds: 3-я карта -> 1.57", "module": "main", "name": "__main__", "process": {"id": 6912, "name": "MainProcess"}, "thread": {"id": 1864, "name": "MainThread"}, "time": {"repr": "2024-08-25 13:58:37.365934+05:00", "timestamp": 1724576317.365934}}}
{"text": "2024-08-25T13:58:37.366929+0500 INFO message sent\n", "record": {"elapsed": {"repr": "0:00:19.113100", "seconds": 19.1131}, "exception": null, "extra": {}, "file": {"name": "main.py", "path": "C:\\Users\\melni\\PycharmProjects\\betboom_parser\\main.py"}, "function": "get_alter_message", "level": {"icon": "ℹ️", "name": "INFO", "no": 20}, "line": 49, "message": "message sent", "module": "main", "name": "__main__", "process": {"id": 6912, "name": "MainProcess"}, "thread": {"id": 1864, "name": "MainThread"}, "time": {"repr": "2024-08-25 13:58:37.366929+05:00", "timestamp": 1724576317.366929}}}
{"text": "2024-08-25T13:58:37.367939+0500 DEBUG writing bet to db\n", "record": {"elapsed": {"repr": "0:00:19.114110", "seconds": 19.11411}, "exception": null, "extra": {}, "file": {"name": "main.py", "path": "C:\\Users\\melni\\PycharmProjects\\betboom_parser\\main.py"}, "function": "find_game", "level": {"icon": "🐞", "name": "DEBUG", "no": 10}, "line": 75, "message": "writing bet to db", "module": "main", "name": "__main__", "process": {"id": 6912, "name": "MainProcess"}, "thread": {"id": 1864, "name": "MainThread"}, "time": {"repr": "2024-08-25 13:58:37.367939+05:00", "timestamp": 1724576317.367939}}}
{"text": "2024-08-25T13:58:37.368939+0500 DEBUG finding coefficients\n", "record": {"elapsed": {"repr": "0:00:19.115110", "seconds": 19.11511}, "exception": null, "extra": {}, "file": {"name": "main.py", "path": "C:\\Users\\melni\\PycharmProjects\\betboom_parser\\main.py"}, "function": "get_bet", "level": {"icon": "🐞", "name": "DEBUG", "no": 10}, "line": 101, "message": "finding coefficients", "module": "main", "name": "__main__", "process": {"id": 6912, "name": "MainProcess"}, "thread": {"id": 1864, "name": "MainThread"}, "time": {"repr": "2024-08-25 13:58:37.368939+05:00", "timestamp": 1724576317.368939}}}
{"text": "2024-08-25T13:58:37.369936+0500 DEBUG getting info about match...\n", "record": {"elapsed": {"repr": "0:00:19.116107", "seconds": 19.116107}, "exception": null, "extra": {}, "file": {"name": "main.py", "path": "C:\\Users\\melni\\PycharmProjects\\betboom_parser\\main.py"}, "function": "get_match", "level": {"icon": "🐞", "name": "DEBUG", "no": 10}, "line": 126, "message": "getting info about match...", "module": "main", "name": "__main__", "process": {"id": 6912, "name": "MainProcess"}, "thread": {"id": 1864, "name": "MainThread"}, "time": {"repr": "2024-08-25 13:58:37.369936+05:00", "timestamp": 1724576317.369936}}}
{"text": "2024-08-25T13:58:37.617048+0500 DEBUG reading db\n", "record": {"elapsed": {"repr": "0:00:19.363219", "seconds": 19.363219}, "exception": null, "extra": {}, "file": {"name": "main.py", "path": "C:\\Users\\melni\\PycharmProjects\\betboom_parser\\main.py"}, "function": "find_game", "level": {"icon": "🐞", "name": "DEBUG", "no": 10}, "line": 61, "message": "reading db", "module": "main", "name": "__main__", "process": {"id": 6912, "name": "MainProcess"}, "thread": {"id": 1864, "name": "MainThread"}, "time": {"repr": "2024-08-25 13:58:37.617048+05:00", "timestamp": 1724576317.617048}}}
{"text": "2024-08-25T13:58:37.960509+0500 INFO CS 2. CCT Europe Series 9 (25.08 23:30)\nPARIVISION - Monte Gen\n\n1-я карта -> 1.37 & 2.974\n", "record": {"elapsed": {"repr": "0:00:19.706680", "seconds": 19.70668}, "exception": null, "extra": {}, "file": {"name": "main.py", "path": "C:\\Users\\melni\\PycharmProjects\\betboom_parser\\main.py"}, "function": "get_message", "level": {"icon": "ℹ️", "name": "INFO", "no": 20}, "line": 31, "message": "CS 2. CCT Europe Series 9 (25.08 23:30)\nPARIVISION - Monte Gen\n\n1-я карта -> 1.37 & 2.974", "module": "main", "name": "__main__", "process": {"id": 6912, "name": "MainProcess"}, "thread": {"id": 1864, "name": "MainThread"}, "time": {"repr": "2024-08-25 13:58:37.960509+05:00", "timestamp": 1724576317.960509}}}
{"text": "2024-08-25T13:58:37.962521+0500 INFO message sent\n", "record": {"elapsed": {"repr": "0:00:19.708692", "seconds": 19.708692}, "exception": null, "extra": {}, "file": {"name": "main.py", "path": "C:\\Users\\melni\\PycharmProjects\\betboom_parser\\main.py"}, "function": "get_message", "level": {"icon": "ℹ️", "name": "INFO", "no": 20}, "line": 32, "message": "message sent", "module": "main", "name": "__main__", "process": {"id": 6912, "name": "MainProcess"}, "thread": {"id": 1864, "name": "MainThread"}, "time": {"repr": "2024-08-25 13:58:37.962521+05:00", "timestamp": 1724576317.962521}}}
{"text": "2024-08-25T13:58:37.962521+0500 DEBUG writing bet to db\n", "record": {"elapsed": {"repr": "0:00:19.708692", "seconds": 19.708692}, "exception": null, "extra": {}, "file": {"name": "main.py", "path": "C:\\Users\\melni\\PycharmProjects\\betboom_parser\\main.py"}, "function": "find_game", "level": {"icon": "🐞", "name": "DEBUG", "no": 10}, "line": 75, "message": "writing bet to db", "module": "main", "name": "__main__", "process": {"id": 6912, "name": "MainProcess"}, "thread": {"id": 1864, "name": "MainThread"}, "time": {"repr": "2024-08-25 13:58:37.962521+05:00", "timestamp": 1724576317.962521}}}
{"text": "2024-08-25T13:58:37.964052+0500 DEBUG finding coefficients\n", "record": {"elapsed": {"repr": "0:00:19.710223", "seconds": 19.710223}, "exception": null, "extra": {}, "file": {"name": "main.py", "path": "C:\\Users\\melni\\PycharmProjects\\betboom_parser\\main.py"}, "function": "get_bet", "level": {"icon": "🐞", "name": "DEBUG", "no": 10}, "line": 101, "message": "finding coefficients", "module": "main", "name": "__main__", "process": {"id": 6912, "name": "MainProcess"}, "thread": {"id": 1864, "name": "MainThread"}, "time": {"repr": "2024-08-25 13:58:37.964052+05:00", "timestamp": 1724576317.964052}}}
{"text": "2024-08-25T13:58:37.965097+0500 DEBUG reading db\n", "record": {"elapsed": {"repr": "0:00:19.711268", "seconds": 19.711268}, "exception": null, "extra": {}, "file": {"name": "main.py", "path": "C:\\Users\\melni\\PycharmProjects\\betboom_parser\\main.py"}, "function": "find_game", "level": {"icon": "🐞", "name": "DEBUG", "no": 10}, "line": 61, "message": "reading db", "module": "main", "name": "__main__", "process": {"id": 6912, "name": "MainProcess"}, "thread": {"id": 1864, "name": "MainThread"}, "time": {"repr": "2024-08-25 13:58:37.965097+05:00", "timestamp": 1724576317.965097}}}
{"text": "2024-08-25T13:58:38.317006+0500 INFO CS 2. CCT Europe Series 9 (25.08 23:30)\nPARIVISION - Monte Gen\n\n2-я карта -> 1.37 & 2.974\n", "record": {"elapsed": {"repr": "0:00:20.063177", "seconds": 20.063177}, "exception": null, "extra": {}, "file": {"name": "main.py", "path": "C:\\Users\\melni\\PycharmProjects\\betboom_parser\\main.py"}, "function": "get_message", "level": {"icon": "ℹ️", "name": "INFO", "no": 20}, "line": 31, "message": "CS 2. CCT Europe Series 9 (25.08 23:30)\nPARIVISION - Monte Gen\n\n2-я карта -> 1.37 & 2.974", "module": "main", "name": "__main__", "process": {"id": 6912, "name": "MainProcess"}, "thread": {"id": 1864, "name": "MainThread"}, "time": {"repr": "2024-08-25 13:58:38.317006+05:00", "timestamp": 1724576318.317006}}}
{"text": "2024-08-25T13:58:38.317994+0500 INFO message sent\n", "record": {"elapsed": {"repr": "0:00:20.064165", "seconds": 20.064165}, "exception": null, "extra": {}, "file": {"name": "main.py", "path": "C:\\Users\\melni\\PycharmProjects\\betboom_parser\\main.py"}, "function": "get_message", "level": {"icon": "ℹ️", "name": "INFO", "no": 20}, "line": 32, "message": "message sent", "module": "main", "name": "__main__", "process": {"id": 6912, "name": "MainProcess"}, "thread": {"id": 1864, "name": "MainThread"}, "time": {"repr": "2024-08-25 13:58:38.317994+05:00", "timestamp": 1724576318.317994}}}
{"text": "2024-08-25T13:58:38.317994+0500 DEBUG writing bet to db\n", "record": {"elapsed": {"repr": "0:00:20.064165", "seconds": 20.064165}, "exception": null, "extra": {}, "file": {"name": "main.py", "path": "C:\\Users\\melni\\PycharmProjects\\betboom_parser\\main.py"}, "function": "find_game", "level": {"icon": "🐞", "name": "DEBUG", "no": 10}, "line": 75, "message": "writing bet to db", "module": "main", "name": "__main__", "process": {"id": 6912, "name": "MainProcess"}, "thread": {"id": 1864, "name": "MainThread"}, "time": {"repr": "2024-08-25 13:58:38.317994+05:00", "timestamp": 1724576318.317994}}}
{"text": "2024-08-25T13:58:38.319012+0500 DEBUG finding coefficients\n", "record": {"elapsed": {"repr": "0:00:20.065183", "seconds": 20.065183}, "exception": null, "extra": {}, "file": {"name": "main.py", "path": "C:\\Users\\melni\\PycharmProjects\\betboom_parser\\main.py"}, "function": "get_bet", "level": {"icon": "🐞", "name": "DEBUG", "no": 10}, "line": 101, "message": "finding coefficients", "module": "main", "name": "__main__", "process": {"id": 6912, "name": "MainProcess"}, "thread": {"id": 1864, "name": "MainThread"}, "time": {"repr": "2024-08-25 13:58:38.319012+05:00", "timestamp": 1724576318.319012}}}
{"text": "2024-08-25T13:58:38.319984+0500 DEBUG reading db\n", "record": {"elapsed": {"repr": "0:00:20.066155", "seconds": 20.066155}, "exception": null, "extra": {}, "file": {"name": "main.py", "path": "C:\\Users\\melni\\PycharmProjects\\betboom_parser\\main.py"}, "function": "find_game", "level": {"icon": "🐞", "name": "DEBUG", "no": 10}, "line": 61, "message": "reading db", "module": "main", "name": "__main__", "process": {"id": 6912, "name": "MainProcess"}, "thread": {"id": 1864, "name": "MainThread"}, "time": {"repr": "2024-08-25 13:58:38.319984+05:00", "timestamp": 1724576318.319984}}}
{"text": "2024-08-25T13:58:38.681856+0500 INFO CS 2. CCT Europe Series 9 (25.08 23:30)\nPARIVISION - Monte Gen\n\n3-я карта -> 1.4 & 2.863\n", "record": {"elapsed": {"repr": "0:00:20.428027", "seconds": 20.428027}, "exception": null, "extra": {}, "file": {"name": "main.py", "path": "C:\\Users\\melni\\PycharmProjects\\betboom_parser\\main.py"}, "function": "get_message", "level": {"icon": "ℹ️", "name": "INFO", "no": 20}, "line": 31, "message": "CS 2. CCT Europe Series 9 (25.08 23:30)\nPARIVISION - Monte Gen\n\n3-я карта -> 1.4 & 2.863", "module": "main", "name": "__main__", "process": {"id": 6912, "name": "MainProcess"}, "thread": {"id": 1864, "name": "MainThread"}, "time": {"repr": "2024-08-25 13:58:38.681856+05:00", "timestamp": 1724576318.681856}}}
{"text": "2024-08-25T13:58:38.682855+0500 INFO message sent\n", "record": {"elapsed": {"repr": "0:00:20.429026", "seconds": 20.429026}, "exception": null, "extra": {}, "file": {"name": "main.py", "path": "C:\\Users\\melni\\PycharmProjects\\betboom_parser\\main.py"}, "function": "get_message", "level": {"icon": "ℹ️", "name": "INFO", "no": 20}, "line": 32, "message": "message sent", "module": "main", "name": "__main__", "process": {"id": 6912, "name": "MainProcess"}, "thread": {"id": 1864, "name": "MainThread"}, "time": {"repr": "2024-08-25 13:58:38.682855+05:00", "timestamp": 1724576318.682855}}}
{"text": "2024-08-25T13:58:42.016551+0500 INFO CS 2. CCT Europe Series 9 (25.08 23:30)\nPARIVISION - Monte Gen\n\nold odds: 3-я карта -> 1.37\nnew odds: 3-я карта -> 1.4\n", "record": {"elapsed": {"repr": "0:00:23.762722", "seconds": 23.762722}, "exception": null, "extra": {}, "file": {"name": "main.py", "path": "C:\\Users\\melni\\PycharmProjects\\betboom_parser\\main.py"}, "function": "get_alter_message", "level": {"icon": "ℹ️", "name": "INFO", "no": 20}, "line": 48, "message": "CS 2. CCT Europe Series 9 (25.08 23:30)\nPARIVISION - Monte Gen\n\nold odds: 3-я карта -> 1.37\nnew odds: 3-я карта -> 1.4", "module": "main", "name": "__main__", "process": {"id": 6912, "name": "MainProcess"}, "thread": {"id": 1864, "name": "MainThread"}, "time": {"repr": "2024-08-25 13:58:42.016551+05:00", "timestamp": 1724576322.016551}}}
{"text": "2024-08-25T13:58:42.017551+0500 INFO message sent\n", "record": {"elapsed": {"repr": "0:00:23.763722", "seconds": 23.763722}, "exception": null, "extra": {}, "file": {"name": "main.py", "path": "C:\\Users\\melni\\PycharmProjects\\betboom_parser\\main.py"}, "function": "get_alter_message", "level": {"icon": "ℹ️", "name": "INFO", "no": 20}, "line": 49, "message": "message sent", "module": "main", "name": "__main__", "process": {"id": 6912, "name": "MainProcess"}, "thread": {"id": 1864, "name": "MainThread"}, "time": {"repr": "2024-08-25 13:58:42.017551+05:00", "timestamp": 1724576322.017551}}}
{"text": "2024-08-25T13:58:42.018553+0500 DEBUG writing bet to db\n", "record": {"elapsed": {"repr": "0:00:23.764724", "seconds": 23.764724}, "exception": null, "extra": {}, "file": {"name": "main.py", "path": "C:\\Users\\melni\\PycharmProjects\\betboom_parser\\main.py"}, "function": "find_game", "level": {"icon": "🐞", "name": "DEBUG", "no": 10}, "line": 75, "message": "writing bet to db", "module": "main", "name": "__main__", "process": {"id": 6912, "name": "MainProcess"}, "thread": {"id": 1864, "name": "MainThread"}, "time": {"repr": "2024-08-25 13:58:42.018553+05:00", "timestamp": 1724576322.018553}}}
{"text": "2024-08-25T13:58:42.018553+0500 DEBUG finding coefficients\n", "record": {"elapsed": {"repr": "0:00:23.764724", "seconds": 23.764724}, "exception": null, "extra": {}, "file": {"name": "main.py", "path": "C:\\Users\\melni\\PycharmProjects\\betboom_parser\\main.py"}, "function": "get_bet", "level": {"icon": "🐞", "name": "DEBUG", "no": 10}, "line": 101, "message": "finding coefficients", "module": "main", "name": "__main__", "process": {"id": 6912, "name": "MainProcess"}, "thread": {"id": 1864, "name": "MainThread"}, "time": {"repr": "2024-08-25 13:58:42.018553+05:00", "timestamp": 1724576322.018553}}}
{"text": "2024-08-25T13:58:42.019542+0500 DEBUG getting info about match...\n", "record": {"elapsed": {"repr": "0:00:23.765713", "seconds": 23.765713}, "exception": null, "extra": {}, "file": {"name": "main.py", "path": "C:\\Users\\melni\\PycharmProjects\\betboom_parser\\main.py"}, "function": "get_match", "level": {"icon": "🐞", "name": "DEBUG", "no": 10}, "line": 126, "message": "getting info about match...", "module": "main", "name": "__main__", "process": {"id": 6912, "name": "MainProcess"}, "thread": {"id": 1864, "name": "MainThread"}, "time": {"repr": "2024-08-25 13:58:42.019542+05:00", "timestamp": 1724576322.019542}}}
{"text": "2024-08-25T13:58:42.222414+0500 DEBUG reading db\n", "record": {"elapsed": {"repr": "0:00:23.968585", "seconds": 23.968585}, "exception": null, "extra": {}, "file": {"name": "main.py", "path": "C:\\Users\\melni\\PycharmProjects\\betboom_parser\\main.py"}, "function": "find_game", "level": {"icon": "🐞", "name": "DEBUG", "no": 10}, "line": 61, "message": "reading db", "module": "main", "name": "__main__", "process": {"id": 6912, "name": "MainProcess"}, "thread": {"id": 1864, "name": "MainThread"}, "time": {"repr": "2024-08-25 13:58:42.222414+05:00", "timestamp": 1724576322.222414}}}
{"text": "2024-08-25T13:58:42.588730+0500 INFO CS 2. CCT Europe Series 9 (26.08 14:30)\nBIG - ALTERNATE aTTaX\n\n1-я карта -> 1.26 & 3.69\n", "record": {"elapsed": {"repr": "0:00:24.334901", "seconds": 24.334901}, "exception": null, "extra": {}, "file": {"name": "main.py", "path": "C:\\Users\\melni\\PycharmProjects\\betboom_parser\\main.py"}, "function": "get_message", "level": {"icon": "ℹ️", "name": "INFO", "no": 20}, "line": 31, "message": "CS 2. CCT Europe Series 9 (26.08 14:30)\nBIG - ALTERNATE aTTaX\n\n1-я карта -> 1.26 & 3.69", "module": "main", "name": "__main__", "process": {"id": 6912, "name": "MainProcess"}, "thread": {"id": 1864, "name": "MainThread"}, "time": {"repr": "2024-08-25 13:58:42.588730+05:00", "timestamp": 1724576322.58873}}}
{"text": "2024-08-25T13:58:42.588730+0500 INFO message sent\n", "record": {"elapsed": {"repr": "0:00:24.334901", "seconds": 24.334901}, "exception": null, "extra": {}, "file": {"name": "main.py", "path": "C:\\Users\\melni\\PycharmProjects\\betboom_parser\\main.py"}, "function": "get_message", "level": {"icon": "ℹ️", "name": "INFO", "no": 20}, "line": 32, "message": "message sent", "module": "main", "name": "__main__", "process": {"id": 6912, "name": "MainProcess"}, "thread": {"id": 1864, "name": "MainThread"}, "time": {"repr": "2024-08-25 13:58:42.588730+05:00", "timestamp": 1724576322.58873}}}
{"text": "2024-08-25T13:58:42.589735+0500 DEBUG writing bet to db\n", "record": {"elapsed": {"repr": "0:00:24.335906", "seconds": 24.335906}, "exception": null, "extra": {}, "file": {"name": "main.py", "path": "C:\\Users\\melni\\PycharmProjects\\betboom_parser\\main.py"}, "function": "find_game", "level": {"icon": "🐞", "name": "DEBUG", "no": 10}, "line": 75, "message": "writing bet to db", "module": "main", "name": "__main__", "process": {"id": 6912, "name": "MainProcess"}, "thread": {"id": 1864, "name": "MainThread"}, "time": {"repr": "2024-08-25 13:58:42.589735+05:00", "timestamp": 1724576322.589735}}}
{"text": "2024-08-25T13:58:42.590744+0500 DEBUG finding coefficients\n", "record": {"elapsed": {"repr": "0:00:24.336915", "seconds": 24.336915}, "exception": null, "extra": {}, "file": {"name": "main.py", "path": "C:\\Users\\melni\\PycharmProjects\\betboom_parser\\main.py"}, "function": "get_bet", "level": {"icon": "🐞", "name": "DEBUG", "no": 10}, "line": 101, "message": "finding coefficients", "module": "main", "name": "__main__", "process": {"id": 6912, "name": "MainProcess"}, "thread": {"id": 1864, "name": "MainThread"}, "time": {"repr": "2024-08-25 13:58:42.590744+05:00", "timestamp": 1724576322.590744}}}
{"text": "2024-08-25T13:58:42.591735+0500 DEBUG reading db\n", "record": {"elapsed": {"repr": "0:00:24.337906", "seconds": 24.337906}, "exception": null, "extra": {}, "file": {"name": "main.py", "path": "C:\\Users\\melni\\PycharmProjects\\betboom_parser\\main.py"}, "function": "find_game", "level": {"icon": "🐞", "name": "DEBUG", "no": 10}, "line": 61, "message": "reading db", "module": "main", "name": "__main__", "process": {"id": 6912, "name": "MainProcess"}, "thread": {"id": 1864, "name": "MainThread"}, "time": {"repr": "2024-08-25 13:58:42.591735+05:00", "timestamp": 1724576322.591735}}}
{"text": "2024-08-25T13:58:42.926278+0500 INFO CS 2. CCT Europe Series 9 (26.08 14:30)\nBIG - ALTERNATE aTTaX\n\n2-я карта -> 1.26 & 3.69\n", "record": {"elapsed": {"repr": "0:00:24.672449", "seconds": 24.672449}, "exception": null, "extra": {}, "file": {"name": "main.py", "path": "C:\\Users\\melni\\PycharmProjects\\betboom_parser\\main.py"}, "function": "get_message", "level": {"icon": "ℹ️", "name": "INFO", "no": 20}, "line": 31, "message": "CS 2. CCT Europe Series 9 (26.08 14:30)\nBIG - ALTERNATE aTTaX\n\n2-я карта -> 1.26 & 3.69", "module": "main", "name": "__main__", "process": {"id": 6912, "name": "MainProcess"}, "thread": {"id": 1864, "name": "MainThread"}, "time": {"repr": "2024-08-25 13:58:42.926278+05:00", "timestamp": 1724576322.926278}}}
{"text": "2024-08-25T13:58:42.927256+0500 INFO message sent\n", "record": {"elapsed": {"repr": "0:00:24.673427", "seconds": 24.673427}, "exception": null, "extra": {}, "file": {"name": "main.py", "path": "C:\\Users\\melni\\PycharmProjects\\betboom_parser\\main.py"}, "function": "get_message", "level": {"icon": "ℹ️", "name": "INFO", "no": 20}, "line": 32, "message": "message sent", "module": "main", "name": "__main__", "process": {"id": 6912, "name": "MainProcess"}, "thread": {"id": 1864, "name": "MainThread"}, "time": {"repr": "2024-08-25 13:58:42.927256+05:00", "timestamp": 1724576322.927256}}}
{"text": "2024-08-25T13:58:42.928272+0500 DEBUG writing bet to db\n", "record": {"elapsed": {"repr": "0:00:24.674443", "seconds": 24.674443}, "exception": null, "extra": {}, "file": {"name": "main.py", "path": "C:\\Users\\melni\\PycharmProjects\\betboom_parser\\main.py"}, "function": "find_game", "level": {"icon": "🐞", "name": "DEBUG", "no": 10}, "line": 75, "message": "writing bet to db", "module": "main", "name": "__main__", "process": {"id": 6912, "name": "MainProcess"}, "thread": {"id": 1864, "name": "MainThread"}, "time": {"repr": "2024-08-25 13:58:42.928272+05:00", "timestamp": 1724576322.928272}}}
{"text": "2024-08-25T13:58:42.929266+0500 DEBUG finding coefficients\n", "record": {"elapsed": {"repr": "0:00:24.675437", "seconds": 24.675437}, "exception": null, "extra": {}, "file": {"name": "main.py", "path": "C:\\Users\\melni\\PycharmProjects\\betboom_parser\\main.py"}, "function": "get_bet", "level": {"icon": "🐞", "name": "DEBUG", "no": 10}, "line": 101, "message": "finding coefficients", "module": "main", "name": "__main__", "process": {"id": 6912, "name": "MainProcess"}, "thread": {"id": 1864, "name": "MainThread"}, "time": {"repr": "2024-08-25 13:58:42.929266+05:00", "timestamp": 1724576322.929266}}}
{"text": "2024-08-25T13:58:42.929266+0500 DEBUG reading db\n", "record": {"elapsed": {"repr": "0:00:24.675437", "seconds": 24.675437}, "exception": null, "extra": {}, "file": {"name": "main.py", "path": "C:\\Users\\melni\\PycharmProjects\\betboom_parser\\main.py"}, "function": "find_game", "level": {"icon": "🐞", "name": "DEBUG", "no": 10}, "line": 61, "message": "reading db", "module": "main", "name": "__main__", "process": {"id": 6912, "name": "MainProcess"}, "thread": {"id": 1864, "name": "MainThread"}, "time": {"repr": "2024-08-25 13:58:42.929266+05:00", "timestamp": 1724576322.929266}}}
{"text": "2024-08-25T13:58:43.258047+0500 INFO CS 2. CCT Europe Series 9 (26.08 14:30)\nBIG - ALTERNATE aTTaX\n\n3-я карта -> 1.28 & 3.545\n", "record": {"elapsed": {"repr": "0:00:25.004218", "seconds": 25.004218}, "exception": null, "extra": {}, "file": {"name": "main.py", "path": "C:\\Users\\melni\\PycharmProjects\\betboom_parser\\main.py"}, "function": "get_message", "level": {"icon": "ℹ️", "name": "INFO", "no": 20}, "line": 31, "message": "CS 2. CCT Europe Series 9 (26.08 14:30)\nBIG - ALTERNATE aTTaX\n\n3-я карта -> 1.28 & 3.545", "module": "main", "name": "__main__", "process": {"id": 6912, "name": "MainProcess"}, "thread": {"id": 1864, "name": "MainThread"}, "time": {"repr": "2024-08-25 13:58:43.258047+05:00", "timestamp": 1724576323.258047}}}
{"text": "2024-08-25T13:58:43.259044+0500 INFO message sent\n", "record": {"elapsed": {"repr": "0:00:25.005215", "seconds": 25.005215}, "exception": null, "extra": {}, "file": {"name": "main.py", "path": "C:\\Users\\melni\\PycharmProjects\\betboom_parser\\main.py"}, "function": "get_message", "level": {"icon": "ℹ️", "name": "INFO", "no": 20}, "line": 32, "message": "message sent", "module": "main", "name": "__main__", "process": {"id": 6912, "name": "MainProcess"}, "thread": {"id": 1864, "name": "MainThread"}, "time": {"repr": "2024-08-25 13:58:43.259044+05:00", "timestamp": 1724576323.259044}}}
{"text": "2024-08-25T13:58:43.574102+0500 INFO CS 2. CCT Europe Series 9 (26.08 14:30)\nBIG - ALTERNATE aTTaX\n\nold odds: 3-я карта -> 1.26\nnew odds: 3-я карта -> 1.28\n", "record": {"elapsed": {"repr": "0:00:25.320273", "seconds": 25.320273}, "exception": null, "extra": {}, "file": {"name": "main.py", "path": "C:\\Users\\melni\\PycharmProjects\\betboom_parser\\main.py"}, "function": "get_alter_message", "level": {"icon": "ℹ️", "name": "INFO", "no": 20}, "line": 48, "message": "CS 2. CCT Europe Series 9 (26.08 14:30)\nBIG - ALTERNATE aTTaX\n\nold odds: 3-я карта -> 1.26\nnew odds: 3-я карта -> 1.28", "module": "main", "name": "__main__", "process": {"id": 6912, "name": "MainProcess"}, "thread": {"id": 1864, "name": "MainThread"}, "time": {"repr": "2024-08-25 13:58:43.574102+05:00", "timestamp": 1724576323.574102}}}
{"text": "2024-08-25T13:58:43.575095+0500 INFO message sent\n", "record": {"elapsed": {"repr": "0:00:25.321266", "seconds": 25.321266}, "exception": null, "extra": {}, "file": {"name": "main.py", "path": "C:\\Users\\melni\\PycharmProjects\\betboom_parser\\main.py"}, "function": "get_alter_message", "level": {"icon": "ℹ️", "name": "INFO", "no": 20}, "line": 49, "message": "message sent", "module": "main", "name": "__main__", "process": {"id": 6912, "name": "MainProcess"}, "thread": {"id": 1864, "name": "MainThread"}, "time": {"repr": "2024-08-25 13:58:43.575095+05:00", "timestamp": 1724576323.575095}}}
{"text": "2024-08-25T13:58:43.575613+0500 DEBUG writing bet to db\n", "record": {"elapsed": {"repr": "0:00:25.321784", "seconds": 25.321784}, "exception": null, "extra": {}, "file": {"name": "main.py", "path": "C:\\Users\\melni\\PycharmProjects\\betboom_parser\\main.py"}, "function": "find_game", "level": {"icon": "🐞", "name": "DEBUG", "no": 10}, "line": 75, "message": "writing bet to db", "module": "main", "name": "__main__", "process": {"id": 6912, "name": "MainProcess"}, "thread": {"id": 1864, "name": "MainThread"}, "time": {"repr": "2024-08-25 13:58:43.575613+05:00", "timestamp": 1724576323.575613}}}
{"text": "2024-08-25T13:58:43.576634+0500 DEBUG finding coefficients\n", "record": {"elapsed": {"repr": "0:00:25.322805", "seconds": 25.322805}, "exception": null, "extra": {}, "file": {"name": "main.py", "path": "C:\\Users\\melni\\PycharmProjects\\betboom_parser\\main.py"}, "function": "get_bet", "level": {"icon": "🐞", "name": "DEBUG", "no": 10}, "line": 101, "message": "finding coefficients", "module": "main", "name": "__main__", "process": {"id": 6912, "name": "MainProcess"}, "thread": {"id": 1864, "name": "MainThread"}, "time": {"repr": "2024-08-25 13:58:43.576634+05:00", "timestamp": 1724576323.576634}}}
{"text": "2024-08-25T13:58:43.576634+0500 DEBUG getting info about match...\n", "record": {"elapsed": {"repr": "0:00:25.322805", "seconds": 25.322805}, "exception": null, "extra": {}, "file": {"name": "main.py", "path": "C:\\Users\\melni\\PycharmProjects\\betboom_parser\\main.py"}, "function": "get_match", "level": {"icon": "🐞", "name": "DEBUG", "no": 10}, "line": 126, "message": "getting info about match...", "module": "main", "name": "__main__", "process": {"id": 6912, "name": "MainProcess"}, "thread": {"id": 1864, "name": "MainThread"}, "time": {"repr": "2024-08-25 13:58:43.576634+05:00", "timestamp": 1724576323.576634}}}
{"text": "2024-08-25T13:58:43.785386+0500 DEBUG reading db\n", "record": {"elapsed": {"repr": "0:00:25.531557", "seconds": 25.531557}, "exception": null, "extra": {}, "file": {"name": "main.py", "path": "C:\\Users\\melni\\PycharmProjects\\betboom_parser\\main.py"}, "function": "find_game", "level": {"icon": "🐞", "name": "DEBUG", "no": 10}, "line": 61, "message": "reading db", "module": "main", "name": "__main__", "process": {"id": 6912, "name": "MainProcess"}, "thread": {"id": 1864, "name": "MainThread"}, "time": {"repr": "2024-08-25 13:58:43.785386+05:00", "timestamp": 1724576323.785386}}}
{"text": "2024-08-25T13:58:47.187194+0500 INFO CS 2. CCT Europe Series 9 (26.08 17:30)\nKOI - ECSTATIC\n\n1-я карта -> 1.65 & 2.176\n", "record": {"elapsed": {"repr": "0:00:28.933365", "seconds": 28.933365}, "exception": null, "extra": {}, "file": {"name": "main.py", "path": "C:\\Users\\melni\\PycharmProjects\\betboom_parser\\main.py"}, "function": "get_message", "level": {"icon": "ℹ️", "name": "INFO", "no": 20}, "line": 31, "message": "CS 2. CCT Europe Series 9 (26.08 17:30)\nKOI - ECSTATIC\n\n1-я карта -> 1.65 & 2.176", "module": "main", "name": "__main__", "process": {"id": 6912, "name": "MainProcess"}, "thread": {"id": 1864, "name": "MainThread"}, "time": {"repr": "2024-08-25 13:58:47.187194+05:00", "timestamp": 1724576327.187194}}}
{"text": "2024-08-25T13:58:47.188201+0500 INFO message sent\n", "record": {"elapsed": {"repr": "0:00:28.934372", "seconds": 28.934372}, "exception": null, "extra": {}, "file": {"name": "main.py", "path": "C:\\Users\\melni\\PycharmProjects\\betboom_parser\\main.py"}, "function": "get_message", "level": {"icon": "ℹ️", "name": "INFO", "no": 20}, "line": 32, "message": "message sent", "module": "main", "name": "__main__", "process": {"id": 6912, "name": "MainProcess"}, "thread": {"id": 1864, "name": "MainThread"}, "time": {"repr": "2024-08-25 13:58:47.188201+05:00", "timestamp": 1724576327.188201}}}
{"text": "2024-08-25T13:58:47.189192+0500 DEBUG writing bet to db\n", "record": {"elapsed": {"repr": "0:00:28.935363", "seconds": 28.935363}, "exception": null, "extra": {}, "file": {"name": "main.py", "path": "C:\\Users\\melni\\PycharmProjects\\betboom_parser\\main.py"}, "function": "find_game", "level": {"icon": "🐞", "name": "DEBUG", "no": 10}, "line": 75, "message": "writing bet to db", "module": "main", "name": "__main__", "process": {"id": 6912, "name": "MainProcess"}, "thread": {"id": 1864, "name": "MainThread"}, "time": {"repr": "2024-08-25 13:58:47.189192+05:00", "timestamp": 1724576327.189192}}}
{"text": "2024-08-25T13:58:47.189192+0500 DEBUG finding coefficients\n", "record": {"elapsed": {"repr": "0:00:28.935363", "seconds": 28.935363}, "exception": null, "extra": {}, "file": {"name": "main.py", "path": "C:\\Users\\melni\\PycharmProjects\\betboom_parser\\main.py"}, "function": "get_bet", "level": {"icon": "🐞", "name": "DEBUG", "no": 10}, "line": 101, "message": "finding coefficients", "module": "main", "name": "__main__", "process": {"id": 6912, "name": "MainProcess"}, "thread": {"id": 1864, "name": "MainThread"}, "time": {"repr": "2024-08-25 13:58:47.189192+05:00", "timestamp": 1724576327.189192}}}
{"text": "2024-08-25T13:58:47.190195+0500 DEBUG reading db\n", "record": {"elapsed": {"repr": "0:00:28.936366", "seconds": 28.936366}, "exception": null, "extra": {}, "file": {"name": "main.py", "path": "C:\\Users\\melni\\PycharmProjects\\betboom_parser\\main.py"}, "function": "find_game", "level": {"icon": "🐞", "name": "DEBUG", "no": 10}, "line": 61, "message": "reading db", "module": "main", "name": "__main__", "process": {"id": 6912, "name": "MainProcess"}, "thread": {"id": 1864, "name": "MainThread"}, "time": {"repr": "2024-08-25 13:58:47.190195+05:00", "timestamp": 1724576327.190195}}}
{"text": "2024-08-25T13:58:47.532751+0500 INFO CS 2. CCT Europe Series 9 (26.08 17:30)\nKOI - ECSTATIC\n\n2-я карта -> 1.65 & 2.176\n", "record": {"elapsed": {"repr": "0:00:29.278922", "seconds": 29.278922}, "exception": null, "extra": {}, "file": {"name": "main.py", "path": "C:\\Users\\melni\\PycharmProjects\\betboom_parser\\main.py"}, "function": "get_message", "level": {"icon": "ℹ️", "name": "INFO", "no": 20}, "line": 31, "message": "CS 2. CCT Europe Series 9 (26.08 17:30)\nKOI - ECSTATIC\n\n2-я карта -> 1.65 & 2.176", "module": "main", "name": "__main__", "process": {"id": 6912, "name": "MainProcess"}, "thread": {"id": 1864, "name": "MainThread"}, "time": {"repr": "2024-08-25 13:58:47.532751+05:00", "timestamp": 1724576327.532751}}}
{"text": "2024-08-25T13:58:47.532751+0500 INFO message sent\n", "record": {"elapsed": {"repr": "0:00:29.278922", "seconds": 29.278922}, "exception": null, "extra": {}, "file": {"name": "main.py", "path": "C:\\Users\\melni\\PycharmProjects\\betboom_parser\\main.py"}, "function": "get_message", "level": {"icon": "ℹ️", "name": "INFO", "no": 20}, "line": 32, "message": "message sent", "module": "main", "name": "__main__", "process": {"id": 6912, "name": "MainProcess"}, "thread": {"id": 1864, "name": "MainThread"}, "time": {"repr": "2024-08-25 13:58:47.532751+05:00", "timestamp": 1724576327.532751}}}
{"text": "2024-08-25T13:58:47.533745+0500 DEBUG writing bet to db\n", "record": {"elapsed": {"repr": "0:00:29.279916", "seconds": 29.279916}, "exception": null, "extra": {}, "file": {"name": "main.py", "path": "C:\\Users\\melni\\PycharmProjects\\betboom_parser\\main.py"}, "function": "find_game", "level": {"icon": "🐞", "name": "DEBUG", "no": 10}, "line": 75, "message": "writing bet to db", "module": "main", "name": "__main__", "process": {"id": 6912, "name": "MainProcess"}, "thread": {"id": 1864, "name": "MainThread"}, "time": {"repr": "2024-08-25 13:58:47.533745+05:00", "timestamp": 1724576327.533745}}}
{"text": "2024-08-25T13:58:47.534755+0500 DEBUG finding coefficients\n", "record": {"elapsed": {"repr": "0:00:29.280926", "seconds": 29.280926}, "exception": null, "extra": {}, "file": {"name": "main.py", "path": "C:\\Users\\melni\\PycharmProjects\\betboom_parser\\main.py"}, "function": "get_bet", "level": {"icon": "🐞", "name": "DEBUG", "no": 10}, "line": 101, "message": "finding coefficients", "module": "main", "name": "__main__", "process": {"id": 6912, "name": "MainProcess"}, "thread": {"id": 1864, "name": "MainThread"}, "time": {"repr": "2024-08-25 13:58:47.534755+05:00", "timestamp": 1724576327.534755}}}
{"text": "2024-08-25T13:58:47.534755+0500 DEBUG reading db\n", "record": {"elapsed": {"repr": "0:00:29.280926", "seconds": 29.280926}, "exception": null, "extra": {}, "file": {"name": "main.py", "path": "C:\\Users\\melni\\PycharmProjects\\betboom_parser\\main.py"}, "function": "find_game", "level": {"icon": "🐞", "name": "DEBUG", "no": 10}, "line": 61, "message": "reading db", "module": "main", "name": "__main__", "process": {"id": 6912, "name": "MainProcess"}, "thread": {"id": 1864, "name": "MainThread"}, "time": {"repr": "2024-08-25 13:58:47.534755+05:00", "timestamp": 1724576327.534755}}}
{"text": "2024-08-25T13:58:47.896477+0500 INFO CS 2. CCT Europe Series 9 (26.08 17:30)\nKOI - ECSTATIC\n\n3-я карта -> 1.65 & 2.176\n", "record": {"elapsed": {"repr": "0:00:29.642648", "seconds": 29.642648}, "exception": null, "extra": {}, "file": {"name": "main.py", "path": "C:\\Users\\melni\\PycharmProjects\\betboom_parser\\main.py"}, "function": "get_message", "level": {"icon": "ℹ️", "name": "INFO", "no": 20}, "line": 31, "message": "CS 2. CCT Europe Series 9 (26.08 17:30)\nKOI - ECSTATIC\n\n3-я карта -> 1.65 & 2.176", "module": "main", "name": "__main__", "process": {"id": 6912, "name": "MainProcess"}, "thread": {"id": 1864, "name": "MainThread"}, "time": {"repr": "2024-08-25 13:58:47.896477+05:00", "timestamp": 1724576327.896477}}}
{"text": "2024-08-25T13:58:47.897464+0500 INFO message sent\n", "record": {"elapsed": {"repr": "0:00:29.643635", "seconds": 29.643635}, "exception": null, "extra": {}, "file": {"name": "main.py", "path": "C:\\Users\\melni\\PycharmProjects\\betboom_parser\\main.py"}, "function": "get_message", "level": {"icon": "ℹ️", "name": "INFO", "no": 20}, "line": 32, "message": "message sent", "module": "main", "name": "__main__", "process": {"id": 6912, "name": "MainProcess"}, "thread": {"id": 1864, "name": "MainThread"}, "time": {"repr": "2024-08-25 13:58:47.897464+05:00", "timestamp": 1724576327.897464}}}
{"text": "2024-08-25T13:58:47.898479+0500 DEBUG writing bet to db\n", "record": {"elapsed": {"repr": "0:00:29.644650", "seconds": 29.64465}, "exception": null, "extra": {}, "file": {"name": "main.py", "path": "C:\\Users\\melni\\PycharmProjects\\betboom_parser\\main.py"}, "function": "find_game", "level": {"icon": "🐞", "name": "DEBUG", "no": 10}, "line": 75, "message": "writing bet to db", "module": "main", "name": "__main__", "process": {"id": 6912, "name": "MainProcess"}, "thread": {"id": 1864, "name": "MainThread"}, "time": {"repr": "2024-08-25 13:58:47.898479+05:00", "timestamp": 1724576327.898479}}}
{"text": "2024-08-25T13:58:47.898479+0500 DEBUG finding coefficients\n", "record": {"elapsed": {"repr": "0:00:29.644650", "seconds": 29.64465}, "exception": null, "extra": {}, "file": {"name": "main.py", "path": "C:\\Users\\melni\\PycharmProjects\\betboom_parser\\main.py"}, "function": "get_bet", "level": {"icon": "🐞", "name": "DEBUG", "no": 10}, "line": 101, "message": "finding coefficients", "module": "main", "name": "__main__", "process": {"id": 6912, "name": "MainProcess"}, "thread": {"id": 1864, "name": "MainThread"}, "time": {"repr": "2024-08-25 13:58:47.898479+05:00", "timestamp": 1724576327.898479}}}
{"text": "2024-08-25T13:58:47.899469+0500 DEBUG getting info about match...\n", "record": {"elapsed": {"repr": "0:00:29.645640", "seconds": 29.64564}, "exception": null, "extra": {}, "file": {"name": "main.py", "path": "C:\\Users\\melni\\PycharmProjects\\betboom_parser\\main.py"}, "function": "get_match", "level": {"icon": "🐞", "name": "DEBUG", "no": 10}, "line": 126, "message": "getting info about match...", "module": "main", "name": "__main__", "process": {"id": 6912, "name": "MainProcess"}, "thread": {"id": 1864, "name": "MainThread"}, "time": {"repr": "2024-08-25 13:58:47.899469+05:00", "timestamp": 1724576327.899469}}}
{"text": "2024-08-25T13:58:48.114601+0500 DEBUG reading db\n", "record": {"elapsed": {"repr": "0:00:29.860772", "seconds": 29.860772}, "exception": null, "extra": {}, "file": {"name": "main.py", "path": "C:\\Users\\melni\\PycharmProjects\\betboom_parser\\main.py"}, "function": "find_game", "level": {"icon": "🐞", "name": "DEBUG", "no": 10}, "line": 61, "message": "reading db", "module": "main", "name": "__main__", "process": {"id": 6912, "name": "MainProcess"}, "thread": {"id": 1864, "name": "MainThread"}, "time": {"repr": "2024-08-25 13:58:48.114601+05:00", "timestamp": 1724576328.114601}}}
{"text": "2024-08-25T13:58:48.447982+0500 INFO CS 2. CCT Europe Series 9 (26.08 20:30)\nPassion UA - Endpoint\n\n1-я карта -> 1.51 & 2.472\n", "record": {"elapsed": {"repr": "0:00:30.194153", "seconds": 30.194153}, "exception": null, "extra": {}, "file": {"name": "main.py", "path": "C:\\Users\\melni\\PycharmProjects\\betboom_parser\\main.py"}, "function": "get_message", "level": {"icon": "ℹ️", "name": "INFO", "no": 20}, "line": 31, "message": "CS 2. CCT Europe Series 9 (26.08 20:30)\nPassion UA - Endpoint\n\n1-я карта -> 1.51 & 2.472", "module": "main", "name": "__main__", "process": {"id": 6912, "name": "MainProcess"}, "thread": {"id": 1864, "name": "MainThread"}, "time": {"repr": "2024-08-25 13:58:48.447982+05:00", "timestamp": 1724576328.447982}}}
{"text": "2024-08-25T13:58:48.448963+0500 INFO message sent\n", "record": {"elapsed": {"repr": "0:00:30.195134", "seconds": 30.195134}, "exception": null, "extra": {}, "file": {"name": "main.py", "path": "C:\\Users\\melni\\PycharmProjects\\betboom_parser\\main.py"}, "function": "get_message", "level": {"icon": "ℹ️", "name": "INFO", "no": 20}, "line": 32, "message": "message sent", "module": "main", "name": "__main__", "process": {"id": 6912, "name": "MainProcess"}, "thread": {"id": 1864, "name": "MainThread"}, "time": {"repr": "2024-08-25 13:58:48.448963+05:00", "timestamp": 1724576328.448963}}}
{"text": "2024-08-25T13:58:48.449980+0500 DEBUG writing bet to db\n", "record": {"elapsed": {"repr": "0:00:30.196151", "seconds": 30.196151}, "exception": null, "extra": {}, "file": {"name": "main.py", "path": "C:\\Users\\melni\\PycharmProjects\\betboom_parser\\main.py"}, "function": "find_game", "level": {"icon": "🐞", "name": "DEBUG", "no": 10}, "line": 75, "message": "writing bet to db", "module": "main", "name": "__main__", "process": {"id": 6912, "name": "MainProcess"}, "thread": {"id": 1864, "name": "MainThread"}, "time": {"repr": "2024-08-25 13:58:48.449980+05:00", "timestamp": 1724576328.44998}}}
{"text": "2024-08-25T13:58:48.450985+0500 DEBUG finding coefficients\n", "record": {"elapsed": {"repr": "0:00:30.197156", "seconds": 30.197156}, "exception": null, "extra": {}, "file": {"name": "main.py", "path": "C:\\Users\\melni\\PycharmProjects\\betboom_parser\\main.py"}, "function": "get_bet", "level": {"icon": "🐞", "name": "DEBUG", "no": 10}, "line": 101, "message": "finding coefficients", "module": "main", "name": "__main__", "process": {"id": 6912, "name": "MainProcess"}, "thread": {"id": 1864, "name": "MainThread"}, "time": {"repr": "2024-08-25 13:58:48.450985+05:00", "timestamp": 1724576328.450985}}}
{"text": "2024-08-25T13:58:48.451998+0500 DEBUG reading db\n", "record": {"elapsed": {"repr": "0:00:30.198169", "seconds": 30.198169}, "exception": null, "extra": {}, "file": {"name": "main.py", "path": "C:\\Users\\melni\\PycharmProjects\\betboom_parser\\main.py"}, "function": "find_game", "level": {"icon": "🐞", "name": "DEBUG", "no": 10}, "line": 61, "message": "reading db", "module": "main", "name": "__main__", "process": {"id": 6912, "name": "MainProcess"}, "thread": {"id": 1864, "name": "MainThread"}, "time": {"repr": "2024-08-25 13:58:48.451998+05:00", "timestamp": 1724576328.451998}}}
{"text": "2024-08-25T13:58:48.761338+0500 INFO CS 2. CCT Europe Series 9 (26.08 20:30)\nPassion UA - Endpoint\n\n2-я карта -> 1.51 & 2.472\n", "record": {"elapsed": {"repr": "0:00:30.507509", "seconds": 30.507509}, "exception": null, "extra": {}, "file": {"name": "main.py", "path": "C:\\Users\\melni\\PycharmProjects\\betboom_parser\\main.py"}, "function": "get_message", "level": {"icon": "ℹ️", "name": "INFO", "no": 20}, "line": 31, "message": "CS 2. CCT Europe Series 9 (26.08 20:30)\nPassion UA - Endpoint\n\n2-я карта -> 1.51 & 2.472", "module": "main", "name": "__main__", "process": {"id": 6912, "name": "MainProcess"}, "thread": {"id": 1864, "name": "MainThread"}, "time": {"repr": "2024-08-25 13:58:48.761338+05:00", "timestamp": 1724576328.761338}}}
{"text": "2024-08-25T13:58:48.763340+0500 INFO message sent\n", "record": {"elapsed": {"repr": "0:00:30.509511", "seconds": 30.509511}, "exception": null, "extra": {}, "file": {"name": "main.py", "path": "C:\\Users\\melni\\PycharmProjects\\betboom_parser\\main.py"}, "function": "get_message", "level": {"icon": "ℹ️", "name": "INFO", "no": 20}, "line": 32, "message": "message sent", "module": "main", "name": "__main__", "process": {"id": 6912, "name": "MainProcess"}, "thread": {"id": 1864, "name": "MainThread"}, "time": {"repr": "2024-08-25 13:58:48.763340+05:00", "timestamp": 1724576328.76334}}}
{"text": "2024-08-25T13:58:48.764334+0500 DEBUG writing bet to db\n", "record": {"elapsed": {"repr": "0:00:30.510505", "seconds": 30.510505}, "exception": null, "extra": {}, "file": {"name": "main.py", "path": "C:\\Users\\melni\\PycharmProjects\\betboom_parser\\main.py"}, "function": "find_game", "level": {"icon": "🐞", "name": "DEBUG", "no": 10}, "line": 75, "message": "writing bet to db", "module": "main", "name": "__main__", "process": {"id": 6912, "name": "MainProcess"}, "thread": {"id": 1864, "name": "MainThread"}, "time": {"repr": "2024-08-25 13:58:48.764334+05:00", "timestamp": 1724576328.764334}}}
{"text": "2024-08-25T13:58:48.765346+0500 DEBUG finding coefficients\n", "record": {"elapsed": {"repr": "0:00:30.511517", "seconds": 30.511517}, "exception": null, "extra": {}, "file": {"name": "main.py", "path": "C:\\Users\\melni\\PycharmProjects\\betboom_parser\\main.py"}, "function": "get_bet", "level": {"icon": "🐞", "name": "DEBUG", "no": 10}, "line": 101, "message": "finding coefficients", "module": "main", "name": "__main__", "process": {"id": 6912, "name": "MainProcess"}, "thread": {"id": 1864, "name": "MainThread"}, "time": {"repr": "2024-08-25 13:58:48.765346+05:00", "timestamp": 1724576328.765346}}}
{"text": "2024-08-25T13:58:48.766352+0500 DEBUG reading db\n", "record": {"elapsed": {"repr": "0:00:30.512523", "seconds": 30.512523}, "exception": null, "extra": {}, "file": {"name": "main.py", "path": "C:\\Users\\melni\\PycharmProjects\\betboom_parser\\main.py"}, "function": "find_game", "level": {"icon": "🐞", "name": "DEBUG", "no": 10}, "line": 61, "message": "reading db", "module": "main", "name": "__main__", "process": {"id": 6912, "name": "MainProcess"}, "thread": {"id": 1864, "name": "MainThread"}, "time": {"repr": "2024-08-25 13:58:48.766352+05:00", "timestamp": 1724576328.766352}}}
{"text": "2024-08-25T14:02:34.191261+0500 DEBUG reading db\n", "record": {"elapsed": {"repr": "0:00:08.230461", "seconds": 8.230461}, "exception": null, "extra": {}, "file": {"name": "main.py", "path": "C:\\Users\\melni\\PycharmProjects\\betboom_parser\\main.py"}, "function": "find_game", "level": {"icon": "🐞", "name": "DEBUG", "no": 10}, "line": 61, "message": "reading db", "module": "main", "name": "__main__", "process": {"id": 6724, "name": "MainProcess"}, "thread": {"id": 2272, "name": "MainThread"}, "time": {"repr": "2024-08-25 14:02:34.191261+05:00", "timestamp": 1724576554.191261}}}
{"text": "2024-08-25T14:02:34.193269+0500 DEBUG writing bet to db\n", "record": {"elapsed": {"repr": "0:00:08.232469", "seconds": 8.232469}, "exception": null, "extra": {}, "file": {"name": "main.py", "path": "C:\\Users\\melni\\PycharmProjects\\betboom_parser\\main.py"}, "function": "find_game", "level": {"icon": "🐞", "name": "DEBUG", "no": 10}, "line": 75, "message": "writing bet to db", "module": "main", "name": "__main__", "process": {"id": 6724, "name": "MainProcess"}, "thread": {"id": 2272, "name": "MainThread"}, "time": {"repr": "2024-08-25 14:02:34.193269+05:00", "timestamp": 1724576554.193269}}}
{"text": "2024-08-25T14:02:34.194253+0500 DEBUG finding coefficients\n", "record": {"elapsed": {"repr": "0:00:08.233453", "seconds": 8.233453}, "exception": null, "extra": {}, "file": {"name": "main.py", "path": "C:\\Users\\melni\\PycharmProjects\\betboom_parser\\main.py"}, "function": "get_bet", "level": {"icon": "🐞", "name": "DEBUG", "no": 10}, "line": 101, "message": "finding coefficients", "module": "main", "name": "__main__", "process": {"id": 6724, "name": "MainProcess"}, "thread": {"id": 2272, "name": "MainThread"}, "time": {"repr": "2024-08-25 14:02:34.194253+05:00", "timestamp": 1724576554.194253}}}
{"text": "2024-08-25T14:02:34.196253+0500 DEBUG reading db\n", "record": {"elapsed": {"repr": "0:00:08.235453", "seconds": 8.235453}, "exception": null, "extra": {}, "file": {"name": "main.py", "path": "C:\\Users\\melni\\PycharmProjects\\betboom_parser\\main.py"}, "function": "find_game", "level": {"icon": "🐞", "name": "DEBUG", "no": 10}, "line": 61, "message": "reading db", "module": "main", "name": "__main__", "process": {"id": 6724, "name": "MainProcess"}, "thread": {"id": 2272, "name": "MainThread"}, "time": {"repr": "2024-08-25 14:02:34.196253+05:00", "timestamp": 1724576554.196253}}}
{"text": "2024-08-25T14:02:34.196253+0500 DEBUG writing bet to db\n", "record": {"elapsed": {"repr": "0:00:08.235453", "seconds": 8.235453}, "exception": null, "extra": {}, "file": {"name": "main.py", "path": "C:\\Users\\melni\\PycharmProjects\\betboom_parser\\main.py"}, "function": "find_game", "level": {"icon": "🐞", "name": "DEBUG", "no": 10}, "line": 75, "message": "writing bet to db", "module": "main", "name": "__main__", "process": {"id": 6724, "name": "MainProcess"}, "thread": {"id": 2272, "name": "MainThread"}, "time": {"repr": "2024-08-25 14:02:34.196253+05:00", "timestamp": 1724576554.196253}}}
{"text": "2024-08-25T14:02:34.197269+0500 DEBUG finding coefficients\n", "record": {"elapsed": {"repr": "0:00:08.236469", "seconds": 8.236469}, "exception": null, "extra": {}, "file": {"name": "main.py", "path": "C:\\Users\\melni\\PycharmProjects\\betboom_parser\\main.py"}, "function": "get_bet", "level": {"icon": "🐞", "name": "DEBUG", "no": 10}, "line": 101, "message": "finding coefficients", "module": "main", "name": "__main__", "process": {"id": 6724, "name": "MainProcess"}, "thread": {"id": 2272, "name": "MainThread"}, "time": {"repr": "2024-08-25 14:02:34.197269+05:00", "timestamp": 1724576554.197269}}}
{"text": "2024-08-25T14:02:34.198286+0500 DEBUG reading db\n", "record": {"elapsed": {"repr": "0:00:08.237486", "seconds": 8.237486}, "exception": null, "extra": {}, "file": {"name": "main.py", "path": "C:\\Users\\melni\\PycharmProjects\\betboom_parser\\main.py"}, "function": "find_game", "level": {"icon": "🐞", "name": "DEBUG", "no": 10}, "line": 61, "message": "reading db", "module": "main", "name": "__main__", "process": {"id": 6724, "name": "MainProcess"}, "thread": {"id": 2272, "name": "MainThread"}, "time": {"repr": "2024-08-25 14:02:34.198286+05:00", "timestamp": 1724576554.198286}}}
{"text": "2024-08-25T14:02:34.199277+0500 DEBUG writing bet to db\n", "record": {"elapsed": {"repr": "0:00:08.238477", "seconds": 8.238477}, "exception": null, "extra": {}, "file": {"name": "main.py", "path": "C:\\Users\\melni\\PycharmProjects\\betboom_parser\\main.py"}, "function": "find_game", "level": {"icon": "🐞", "name": "DEBUG", "no": 10}, "line": 75, "message": "writing bet to db", "module": "main", "name": "__main__", "process": {"id": 6724, "name": "MainProcess"}, "thread": {"id": 2272, "name": "MainThread"}, "time": {"repr": "2024-08-25 14:02:34.199277+05:00", "timestamp": 1724576554.199277}}}
{"text": "2024-08-25T14:02:34.199277+0500 DEBUG finding coefficients\n", "record": {"elapsed": {"repr": "0:00:08.238477", "seconds": 8.238477}, "exception": null, "extra": {}, "file": {"name": "main.py", "path": "C:\\Users\\melni\\PycharmProjects\\betboom_parser\\main.py"}, "function": "get_bet", "level": {"icon": "🐞", "name": "DEBUG", "no": 10}, "line": 101, "message": "finding coefficients", "module": "main", "name": "__main__", "process": {"id": 6724, "name": "MainProcess"}, "thread": {"id": 2272, "name": "MainThread"}, "time": {"repr": "2024-08-25 14:02:34.199277+05:00", "timestamp": 1724576554.199277}}}
{"text": "2024-08-25T14:02:34.200256+0500 DEBUG getting info about match...\n", "record": {"elapsed": {"repr": "0:00:08.239456", "seconds": 8.239456}, "exception": null, "extra": {}, "file": {"name": "main.py", "path": "C:\\Users\\melni\\PycharmProjects\\betboom_parser\\main.py"}, "function": "get_match", "level": {"icon": "🐞", "name": "DEBUG", "no": 10}, "line": 126, "message": "getting info about match...", "module": "main", "name": "__main__", "process": {"id": 6724, "name": "MainProcess"}, "thread": {"id": 2272, "name": "MainThread"}, "time": {"repr": "2024-08-25 14:02:34.200256+05:00", "timestamp": 1724576554.200256}}}
{"text": "2024-08-25T14:02:34.404586+0500 DEBUG reading db\n", "record": {"elapsed": {"repr": "0:00:08.443786", "seconds": 8.443786}, "exception": null, "extra": {}, "file": {"name": "main.py", "path": "C:\\Users\\melni\\PycharmProjects\\betboom_parser\\main.py"}, "function": "find_game", "level": {"icon": "🐞", "name": "DEBUG", "no": 10}, "line": 61, "message": "reading db", "module": "main", "name": "__main__", "process": {"id": 6724, "name": "MainProcess"}, "thread": {"id": 2272, "name": "MainThread"}, "time": {"repr": "2024-08-25 14:02:34.404586+05:00", "timestamp": 1724576554.404586}}}
{"text": "2024-08-25T14:02:34.409575+0500 DEBUG writing bet to db\n", "record": {"elapsed": {"repr": "0:00:08.448775", "seconds": 8.448775}, "exception": null, "extra": {}, "file": {"name": "main.py", "path": "C:\\Users\\melni\\PycharmProjects\\betboom_parser\\main.py"}, "function": "find_game", "level": {"icon": "🐞", "name": "DEBUG", "no": 10}, "line": 75, "message": "writing bet to db", "module": "main", "name": "__main__", "process": {"id": 6724, "name": "MainProcess"}, "thread": {"id": 2272, "name": "MainThread"}, "time": {"repr": "2024-08-25 14:02:34.409575+05:00", "timestamp": 1724576554.409575}}}
{"text": "2024-08-25T14:02:34.411599+0500 DEBUG finding coefficients\n", "record": {"elapsed": {"repr": "0:00:08.450799", "seconds": 8.450799}, "exception": null, "extra": {}, "file": {"name": "main.py", "path": "C:\\Users\\melni\\PycharmProjects\\betboom_parser\\main.py"}, "function": "get_bet", "level": {"icon": "🐞", "name": "DEBUG", "no": 10}, "line": 101, "message": "finding coefficients", "module": "main", "name": "__main__", "process": {"id": 6724, "name": "MainProcess"}, "thread": {"id": 2272, "name": "MainThread"}, "time": {"repr": "2024-08-25 14:02:34.411599+05:00", "timestamp": 1724576554.411599}}}
{"text": "2024-08-25T14:02:34.413593+0500 DEBUG reading db\n", "record": {"elapsed": {"repr": "0:00:08.452793", "seconds": 8.452793}, "exception": null, "extra": {}, "file": {"name": "main.py", "path": "C:\\Users\\melni\\PycharmProjects\\betboom_parser\\main.py"}, "function": "find_game", "level": {"icon": "🐞", "name": "DEBUG", "no": 10}, "line": 61, "message": "reading db", "module": "main", "name": "__main__", "process": {"id": 6724, "name": "MainProcess"}, "thread": {"id": 2272, "name": "MainThread"}, "time": {"repr": "2024-08-25 14:02:34.413593+05:00", "timestamp": 1724576554.413593}}}
{"text": "2024-08-25T14:02:34.414658+0500 DEBUG writing bet to db\n", "record": {"elapsed": {"repr": "0:00:08.453858", "seconds": 8.453858}, "exception": null, "extra": {}, "file": {"name": "main.py", "path": "C:\\Users\\melni\\PycharmProjects\\betboom_parser\\main.py"}, "function": "find_game", "level": {"icon": "🐞", "name": "DEBUG", "no": 10}, "line": 75, "message": "writing bet to db", "module": "main", "name": "__main__", "process": {"id": 6724, "name": "MainProcess"}, "thread": {"id": 2272, "name": "MainThread"}, "time": {"repr": "2024-08-25 14:02:34.414658+05:00", "timestamp": 1724576554.414658}}}
{"text": "2024-08-25T14:02:34.416658+0500 DEBUG finding coefficients\n", "record": {"elapsed": {"repr": "0:00:08.455858", "seconds": 8.455858}, "exception": null, "extra": {}, "file": {"name": "main.py", "path": "C:\\Users\\melni\\PycharmProjects\\betboom_parser\\main.py"}, "function": "get_bet", "level": {"icon": "🐞", "name": "DEBUG", "no": 10}, "line": 101, "message": "finding coefficients", "module": "main", "name": "__main__", "process": {"id": 6724, "name": "MainProcess"}, "thread": {"id": 2272, "name": "MainThread"}, "time": {"repr": "2024-08-25 14:02:34.416658+05:00", "timestamp": 1724576554.416658}}}
{"text": "2024-08-25T14:02:34.417674+0500 DEBUG reading db\n", "record": {"elapsed": {"repr": "0:00:08.456874", "seconds": 8.456874}, "exception": null, "extra": {}, "file": {"name": "main.py", "path": "C:\\Users\\melni\\PycharmProjects\\betboom_parser\\main.py"}, "function": "find_game", "level": {"icon": "🐞", "name": "DEBUG", "no": 10}, "line": 61, "message": "reading db", "module": "main", "name": "__main__", "process": {"id": 6724, "name": "MainProcess"}, "thread": {"id": 2272, "name": "MainThread"}, "time": {"repr": "2024-08-25 14:02:34.417674+05:00", "timestamp": 1724576554.417674}}}
{"text": "2024-08-25T14:02:34.418673+0500 DEBUG writing bet to db\n", "record": {"elapsed": {"repr": "0:00:08.457873", "seconds": 8.457873}, "exception": null, "extra": {}, "file": {"name": "main.py", "path": "C:\\Users\\melni\\PycharmProjects\\betboom_parser\\main.py"}, "function": "find_game", "level": {"icon": "🐞", "name": "DEBUG", "no": 10}, "line": 75, "message": "writing bet to db", "module": "main", "name": "__main__", "process": {"id": 6724, "name": "MainProcess"}, "thread": {"id": 2272, "name": "MainThread"}, "time": {"repr": "2024-08-25 14:02:34.418673+05:00", "timestamp": 1724576554.418673}}}
{"text": "2024-08-25T14:02:34.419671+0500 DEBUG finding coefficients\n", "record": {"elapsed": {"repr": "0:00:08.458871", "seconds": 8.458871}, "exception": null, "extra": {}, "file": {"name": "main.py", "path": "C:\\Users\\melni\\PycharmProjects\\betboom_parser\\main.py"}, "function": "get_bet", "level": {"icon": "🐞", "name": "DEBUG", "no": 10}, "line": 101, "message": "finding coefficients", "module": "main", "name": "__main__", "process": {"id": 6724, "name": "MainProcess"}, "thread": {"id": 2272, "name": "MainThread"}, "time": {"repr": "2024-08-25 14:02:34.419671+05:00", "timestamp": 1724576554.419671}}}
{"text": "2024-08-25T14:02:34.420660+0500 DEBUG getting info about match...\n", "record": {"elapsed": {"repr": "0:00:08.459860", "seconds": 8.45986}, "exception": null, "extra": {}, "file": {"name": "main.py", "path": "C:\\Users\\melni\\PycharmProjects\\betboom_parser\\main.py"}, "function": "get_match", "level": {"icon": "🐞", "name": "DEBUG", "no": 10}, "line": 126, "message": "getting info about match...", "module": "main", "name": "__main__", "process": {"id": 6724, "name": "MainProcess"}, "thread": {"id": 2272, "name": "MainThread"}, "time": {"repr": "2024-08-25 14:02:34.420660+05:00", "timestamp": 1724576554.42066}}}
{"text": "2024-08-25T14:02:34.797927+0500 DEBUG reading db\n", "record": {"elapsed": {"repr": "0:00:08.837127", "seconds": 8.837127}, "exception": null, "extra": {}, "file": {"name": "main.py", "path": "C:\\Users\\melni\\PycharmProjects\\betboom_parser\\main.py"}, "function": "find_game", "level": {"icon": "🐞", "name": "DEBUG", "no": 10}, "line": 61, "message": "reading db", "module": "main", "name": "__main__", "process": {"id": 6724, "name": "MainProcess"}, "thread": {"id": 2272, "name": "MainThread"}, "time": {"repr": "2024-08-25 14:02:34.797927+05:00", "timestamp": 1724576554.797927}}}
{"text": "2024-08-25T14:02:34.797927+0500 DEBUG writing bet to db\n", "record": {"elapsed": {"repr": "0:00:08.837127", "seconds": 8.837127}, "exception": null, "extra": {}, "file": {"name": "main.py", "path": "C:\\Users\\melni\\PycharmProjects\\betboom_parser\\main.py"}, "function": "find_game", "level": {"icon": "🐞", "name": "DEBUG", "no": 10}, "line": 75, "message": "writing bet to db", "module": "main", "name": "__main__", "process": {"id": 6724, "name": "MainProcess"}, "thread": {"id": 2272, "name": "MainThread"}, "time": {"repr": "2024-08-25 14:02:34.797927+05:00", "timestamp": 1724576554.797927}}}
{"text": "2024-08-25T14:02:34.798943+0500 DEBUG finding coefficients\n", "record": {"elapsed": {"repr": "0:00:08.838143", "seconds": 8.838143}, "exception": null, "extra": {}, "file": {"name": "main.py", "path": "C:\\Users\\melni\\PycharmProjects\\betboom_parser\\main.py"}, "function": "get_bet", "level": {"icon": "🐞", "name": "DEBUG", "no": 10}, "line": 101, "message": "finding coefficients", "module": "main", "name": "__main__", "process": {"id": 6724, "name": "MainProcess"}, "thread": {"id": 2272, "name": "MainThread"}, "time": {"repr": "2024-08-25 14:02:34.798943+05:00", "timestamp": 1724576554.798943}}}
{"text": "2024-08-25T14:02:34.799928+0500 DEBUG reading db\n", "record": {"elapsed": {"repr": "0:00:08.839128", "seconds": 8.839128}, "exception": null, "extra": {}, "file": {"name": "main.py", "path": "C:\\Users\\melni\\PycharmProjects\\betboom_parser\\main.py"}, "function": "find_game", "level": {"icon": "🐞", "name": "DEBUG", "no": 10}, "line": 61, "message": "reading db", "module": "main", "name": "__main__", "process": {"id": 6724, "name": "MainProcess"}, "thread": {"id": 2272, "name": "MainThread"}, "time": {"repr": "2024-08-25 14:02:34.799928+05:00", "timestamp": 1724576554.799928}}}
{"text": "2024-08-25T14:02:34.800955+0500 DEBUG writing bet to db\n", "record": {"elapsed": {"repr": "0:00:08.840155", "seconds": 8.840155}, "exception": null, "extra": {}, "file": {"name": "main.py", "path": "C:\\Users\\melni\\PycharmProjects\\betboom_parser\\main.py"}, "function": "find_game", "level": {"icon": "🐞", "name": "DEBUG", "no": 10}, "line": 75, "message": "writing bet to db", "module": "main", "name": "__main__", "process": {"id": 6724, "name": "MainProcess"}, "thread": {"id": 2272, "name": "MainThread"}, "time": {"repr": "2024-08-25 14:02:34.800955+05:00", "timestamp": 1724576554.800955}}}
{"text": "2024-08-25T14:02:34.801954+0500 DEBUG finding coefficients\n", "record": {"elapsed": {"repr": "0:00:08.841154", "seconds": 8.841154}, "exception": null, "extra": {}, "file": {"name": "main.py", "path": "C:\\Users\\melni\\PycharmProjects\\betboom_parser\\main.py"}, "function": "get_bet", "level": {"icon": "🐞", "name": "DEBUG", "no": 10}, "line": 101, "message": "finding coefficients", "module": "main", "name": "__main__", "process": {"id": 6724, "name": "MainProcess"}, "thread": {"id": 2272, "name": "MainThread"}, "time": {"repr": "2024-08-25 14:02:34.801954+05:00", "timestamp": 1724576554.801954}}}
{"text": "2024-08-25T14:02:34.801954+0500 DEBUG reading db\n", "record": {"elapsed": {"repr": "0:00:08.841154", "seconds": 8.841154}, "exception": null, "extra": {}, "file": {"name": "main.py", "path": "C:\\Users\\melni\\PycharmProjects\\betboom_parser\\main.py"}, "function": "find_game", "level": {"icon": "🐞", "name": "DEBUG", "no": 10}, "line": 61, "message": "reading db", "module": "main", "name": "__main__", "process": {"id": 6724, "name": "MainProcess"}, "thread": {"id": 2272, "name": "MainThread"}, "time": {"repr": "2024-08-25 14:02:34.801954+05:00", "timestamp": 1724576554.801954}}}
{"text": "2024-08-25T14:02:35.252782+0500 INFO CS 2. CCT Europe Series 9 (25.08 20:30)\nSinners - Young Ninjas\n\nold odds: 3-я карта -> 1.54\nnew odds: 3-я карта -> 1.57\n", "record": {"elapsed": {"repr": "0:00:09.291982", "seconds": 9.291982}, "exception": null, "extra": {}, "file": {"name": "main.py", "path": "C:\\Users\\melni\\PycharmProjects\\betboom_parser\\main.py"}, "function": "get_alter_message", "level": {"icon": "ℹ️", "name": "INFO", "no": 20}, "line": 48, "message": "CS 2. CCT Europe Series 9 (25.08 20:30)\nSinners - Young Ninjas\n\nold odds: 3-я карта -> 1.54\nnew odds: 3-я карта -> 1.57", "module": "main", "name": "__main__", "process": {"id": 6724, "name": "MainProcess"}, "thread": {"id": 2272, "name": "MainThread"}, "time": {"repr": "2024-08-25 14:02:35.252782+05:00", "timestamp": 1724576555.252782}}}
{"text": "2024-08-25T14:02:35.252782+0500 INFO message sent\n", "record": {"elapsed": {"repr": "0:00:09.291982", "seconds": 9.291982}, "exception": null, "extra": {}, "file": {"name": "main.py", "path": "C:\\Users\\melni\\PycharmProjects\\betboom_parser\\main.py"}, "function": "get_alter_message", "level": {"icon": "ℹ️", "name": "INFO", "no": 20}, "line": 49, "message": "message sent", "module": "main", "name": "__main__", "process": {"id": 6724, "name": "MainProcess"}, "thread": {"id": 2272, "name": "MainThread"}, "time": {"repr": "2024-08-25 14:02:35.252782+05:00", "timestamp": 1724576555.252782}}}
{"text": "2024-08-25T14:02:35.253790+0500 DEBUG writing bet to db\n", "record": {"elapsed": {"repr": "0:00:09.292990", "seconds": 9.29299}, "exception": null, "extra": {}, "file": {"name": "main.py", "path": "C:\\Users\\melni\\PycharmProjects\\betboom_parser\\main.py"}, "function": "find_game", "level": {"icon": "🐞", "name": "DEBUG", "no": 10}, "line": 75, "message": "writing bet to db", "module": "main", "name": "__main__", "process": {"id": 6724, "name": "MainProcess"}, "thread": {"id": 2272, "name": "MainThread"}, "time": {"repr": "2024-08-25 14:02:35.253790+05:00", "timestamp": 1724576555.25379}}}
{"text": "2024-08-25T14:02:35.254807+0500 DEBUG finding coefficients\n", "record": {"elapsed": {"repr": "0:00:09.294007", "seconds": 9.294007}, "exception": null, "extra": {}, "file": {"name": "main.py", "path": "C:\\Users\\melni\\PycharmProjects\\betboom_parser\\main.py"}, "function": "get_bet", "level": {"icon": "🐞", "name": "DEBUG", "no": 10}, "line": 101, "message": "finding coefficients", "module": "main", "name": "__main__", "process": {"id": 6724, "name": "MainProcess"}, "thread": {"id": 2272, "name": "MainThread"}, "time": {"repr": "2024-08-25 14:02:35.254807+05:00", "timestamp": 1724576555.254807}}}
{"text": "2024-08-25T14:02:35.254807+0500 DEBUG getting info about match...\n", "record": {"elapsed": {"repr": "0:00:09.294007", "seconds": 9.294007}, "exception": null, "extra": {}, "file": {"name": "main.py", "path": "C:\\Users\\melni\\PycharmProjects\\betboom_parser\\main.py"}, "function": "get_match", "level": {"icon": "🐞", "name": "DEBUG", "no": 10}, "line": 126, "message": "getting info about match...", "module": "main", "name": "__main__", "process": {"id": 6724, "name": "MainProcess"}, "thread": {"id": 2272, "name": "MainThread"}, "time": {"repr": "2024-08-25 14:02:35.254807+05:00", "timestamp": 1724576555.254807}}}
{"text": "2024-08-25T14:02:35.525178+0500 DEBUG reading db\n", "record": {"elapsed": {"repr": "0:00:09.564378", "seconds": 9.564378}, "exception": null, "extra": {}, "file": {"name": "main.py", "path": "C:\\Users\\melni\\PycharmProjects\\betboom_parser\\main.py"}, "function": "find_game", "level": {"icon": "🐞", "name": "DEBUG", "no": 10}, "line": 61, "message": "reading db", "module": "main", "name": "__main__", "process": {"id": 6724, "name": "MainProcess"}, "thread": {"id": 2272, "name": "MainThread"}, "time": {"repr": "2024-08-25 14:02:35.525178+05:00", "timestamp": 1724576555.525178}}}
{"text": "2024-08-25T14:02:35.530157+0500 DEBUG writing bet to db\n", "record": {"elapsed": {"repr": "0:00:09.569357", "seconds": 9.569357}, "exception": null, "extra": {}, "file": {"name": "main.py", "path": "C:\\Users\\melni\\PycharmProjects\\betboom_parser\\main.py"}, "function": "find_game", "level": {"icon": "🐞", "name": "DEBUG", "no": 10}, "line": 75, "message": "writing bet to db", "module": "main", "name": "__main__", "process": {"id": 6724, "name": "MainProcess"}, "thread": {"id": 2272, "name": "MainThread"}, "time": {"repr": "2024-08-25 14:02:35.530157+05:00", "timestamp": 1724576555.530157}}}
{"text": "2024-08-25T14:02:35.531145+0500 DEBUG finding coefficients\n", "record": {"elapsed": {"repr": "0:00:09.570345", "seconds": 9.570345}, "exception": null, "extra": {}, "file": {"name": "main.py", "path": "C:\\Users\\melni\\PycharmProjects\\betboom_parser\\main.py"}, "function": "get_bet", "level": {"icon": "🐞", "name": "DEBUG", "no": 10}, "line": 101, "message": "finding coefficients", "module": "main", "name": "__main__", "process": {"id": 6724, "name": "MainProcess"}, "thread": {"id": 2272, "name": "MainThread"}, "time": {"repr": "2024-08-25 14:02:35.531145+05:00", "timestamp": 1724576555.531145}}}
{"text": "2024-08-25T14:02:35.532691+0500 DEBUG reading db\n", "record": {"elapsed": {"repr": "0:00:09.571891", "seconds": 9.571891}, "exception": null, "extra": {}, "file": {"name": "main.py", "path": "C:\\Users\\melni\\PycharmProjects\\betboom_parser\\main.py"}, "function": "find_game", "level": {"icon": "🐞", "name": "DEBUG", "no": 10}, "line": 61, "message": "reading db", "module": "main", "name": "__main__", "process": {"id": 6724, "name": "MainProcess"}, "thread": {"id": 2272, "name": "MainThread"}, "time": {"repr": "2024-08-25 14:02:35.532691+05:00", "timestamp": 1724576555.532691}}}
{"text": "2024-08-25T14:02:35.534714+0500 DEBUG writing bet to db\n", "record": {"elapsed": {"repr": "0:00:09.573914", "seconds": 9.573914}, "exception": null, "extra": {}, "file": {"name": "main.py", "path": "C:\\Users\\melni\\PycharmProjects\\betboom_parser\\main.py"}, "function": "find_game", "level": {"icon": "🐞", "name": "DEBUG", "no": 10}, "line": 75, "message": "writing bet to db", "module": "main", "name": "__main__", "process": {"id": 6724, "name": "MainProcess"}, "thread": {"id": 2272, "name": "MainThread"}, "time": {"repr": "2024-08-25 14:02:35.534714+05:00", "timestamp": 1724576555.534714}}}
{"text": "2024-08-25T14:02:35.535712+0500 DEBUG finding coefficients\n", "record": {"elapsed": {"repr": "0:00:09.574912", "seconds": 9.574912}, "exception": null, "extra": {}, "file": {"name": "main.py", "path": "C:\\Users\\melni\\PycharmProjects\\betboom_parser\\main.py"}, "function": "get_bet", "level": {"icon": "🐞", "name": "DEBUG", "no": 10}, "line": 101, "message": "finding coefficients", "module": "main", "name": "__main__", "process": {"id": 6724, "name": "MainProcess"}, "thread": {"id": 2272, "name": "MainThread"}, "time": {"repr": "2024-08-25 14:02:35.535712+05:00", "timestamp": 1724576555.535712}}}
{"text": "2024-08-25T14:02:35.536700+0500 DEBUG reading db\n", "record": {"elapsed": {"repr": "0:00:09.575900", "seconds": 9.5759}, "exception": null, "extra": {}, "file": {"name": "main.py", "path": "C:\\Users\\melni\\PycharmProjects\\betboom_parser\\main.py"}, "function": "find_game", "level": {"icon": "🐞", "name": "DEBUG", "no": 10}, "line": 61, "message": "reading db", "module": "main", "name": "__main__", "process": {"id": 6724, "name": "MainProcess"}, "thread": {"id": 2272, "name": "MainThread"}, "time": {"repr": "2024-08-25 14:02:35.536700+05:00", "timestamp": 1724576555.5367}}}
{"text": "2024-08-25T14:02:35.895834+0500 INFO CS 2. CCT Europe Series 9 (25.08 23:30)\nPARIVISION - Monte Gen\n\nold odds: 3-я карта -> 1.37\nnew odds: 3-я карта -> 1.4\n", "record": {"elapsed": {"repr": "0:00:09.935034", "seconds": 9.935034}, "exception": null, "extra": {}, "file": {"name": "main.py", "path": "C:\\Users\\melni\\PycharmProjects\\betboom_parser\\main.py"}, "function": "get_alter_message", "level": {"icon": "ℹ️", "name": "INFO", "no": 20}, "line": 48, "message": "CS 2. CCT Europe Series 9 (25.08 23:30)\nPARIVISION - Monte Gen\n\nold odds: 3-я карта -> 1.37\nnew odds: 3-я карта -> 1.4", "module": "main", "name": "__main__", "process": {"id": 6724, "name": "MainProcess"}, "thread": {"id": 2272, "name": "MainThread"}, "time": {"repr": "2024-08-25 14:02:35.895834+05:00", "timestamp": 1724576555.895834}}}
{"text": "2024-08-25T14:02:35.896818+0500 INFO message sent\n", "record": {"elapsed": {"repr": "0:00:09.936018", "seconds": 9.936018}, "exception": null, "extra": {}, "file": {"name": "main.py", "path": "C:\\Users\\melni\\PycharmProjects\\betboom_parser\\main.py"}, "function": "get_alter_message", "level": {"icon": "ℹ️", "name": "INFO", "no": 20}, "line": 49, "message": "message sent", "module": "main", "name": "__main__", "process": {"id": 6724, "name": "MainProcess"}, "thread": {"id": 2272, "name": "MainThread"}, "time": {"repr": "2024-08-25 14:02:35.896818+05:00", "timestamp": 1724576555.896818}}}
{"text": "2024-08-25T14:02:35.896818+0500 DEBUG writing bet to db\n", "record": {"elapsed": {"repr": "0:00:09.936018", "seconds": 9.936018}, "exception": null, "extra": {}, "file": {"name": "main.py", "path": "C:\\Users\\melni\\PycharmProjects\\betboom_parser\\main.py"}, "function": "find_game", "level": {"icon": "🐞", "name": "DEBUG", "no": 10}, "line": 75, "message": "writing bet to db", "module": "main", "name": "__main__", "process": {"id": 6724, "name": "MainProcess"}, "thread": {"id": 2272, "name": "MainThread"}, "time": {"repr": "2024-08-25 14:02:35.896818+05:00", "timestamp": 1724576555.896818}}}
{"text": "2024-08-25T14:02:35.897835+0500 DEBUG finding coefficients\n", "record": {"elapsed": {"repr": "0:00:09.937035", "seconds": 9.937035}, "exception": null, "extra": {}, "file": {"name": "main.py", "path": "C:\\Users\\melni\\PycharmProjects\\betboom_parser\\main.py"}, "function": "get_bet", "level": {"icon": "🐞", "name": "DEBUG", "no": 10}, "line": 101, "message": "finding coefficients", "module": "main", "name": "__main__", "process": {"id": 6724, "name": "MainProcess"}, "thread": {"id": 2272, "name": "MainThread"}, "time": {"repr": "2024-08-25 14:02:35.897835+05:00", "timestamp": 1724576555.897835}}}
{"text": "2024-08-25T14:02:35.898829+0500 DEBUG getting info about match...\n", "record": {"elapsed": {"repr": "0:00:09.938029", "seconds": 9.938029}, "exception": null, "extra": {}, "file": {"name": "main.py", "path": "C:\\Users\\melni\\PycharmProjects\\betboom_parser\\main.py"}, "function": "get_match", "level": {"icon": "🐞", "name": "DEBUG", "no": 10}, "line": 126, "message": "getting info about match...", "module": "main", "name": "__main__", "process": {"id": 6724, "name": "MainProcess"}, "thread": {"id": 2272, "name": "MainThread"}, "time": {"repr": "2024-08-25 14:02:35.898829+05:00", "timestamp": 1724576555.898829}}}
{"text": "2024-08-25T14:02:36.096154+0500 DEBUG reading db\n", "record": {"elapsed": {"repr": "0:00:10.135354", "seconds": 10.135354}, "exception": null, "extra": {}, "file": {"name": "main.py", "path": "C:\\Users\\melni\\PycharmProjects\\betboom_parser\\main.py"}, "function": "find_game", "level": {"icon": "🐞", "name": "DEBUG", "no": 10}, "line": 61, "message": "reading db", "module": "main", "name": "__main__", "process": {"id": 6724, "name": "MainProcess"}, "thread": {"id": 2272, "name": "MainThread"}, "time": {"repr": "2024-08-25 14:02:36.096154+05:00", "timestamp": 1724576556.096154}}}
{"text": "2024-08-25T14:02:36.097167+0500 DEBUG writing bet to db\n", "record": {"elapsed": {"repr": "0:00:10.136367", "seconds": 10.136367}, "exception": null, "extra": {}, "file": {"name": "main.py", "path": "C:\\Users\\melni\\PycharmProjects\\betboom_parser\\main.py"}, "function": "find_game", "level": {"icon": "🐞", "name": "DEBUG", "no": 10}, "line": 75, "message": "writing bet to db", "module": "main", "name": "__main__", "process": {"id": 6724, "name": "MainProcess"}, "thread": {"id": 2272, "name": "MainThread"}, "time": {"repr": "2024-08-25 14:02:36.097167+05:00", "timestamp": 1724576556.097167}}}
{"text": "2024-08-25T14:02:36.100180+0500 DEBUG finding coefficients\n", "record": {"elapsed": {"repr": "0:00:10.139380", "seconds": 10.13938}, "exception": null, "extra": {}, "file": {"name": "main.py", "path": "C:\\Users\\melni\\PycharmProjects\\betboom_parser\\main.py"}, "function": "get_bet", "level": {"icon": "🐞", "name": "DEBUG", "no": 10}, "line": 101, "message": "finding coefficients", "module": "main", "name": "__main__", "process": {"id": 6724, "name": "MainProcess"}, "thread": {"id": 2272, "name": "MainThread"}, "time": {"repr": "2024-08-25 14:02:36.100180+05:00", "timestamp": 1724576556.10018}}}
{"text": "2024-08-25T14:02:36.101175+0500 DEBUG reading db\n", "record": {"elapsed": {"repr": "0:00:10.140375", "seconds": 10.140375}, "exception": null, "extra": {}, "file": {"name": "main.py", "path": "C:\\Users\\melni\\PycharmProjects\\betboom_parser\\main.py"}, "function": "find_game", "level": {"icon": "🐞", "name": "DEBUG", "no": 10}, "line": 61, "message": "reading db", "module": "main", "name": "__main__", "process": {"id": 6724, "name": "MainProcess"}, "thread": {"id": 2272, "name": "MainThread"}, "time": {"repr": "2024-08-25 14:02:36.101175+05:00", "timestamp": 1724576556.101175}}}
{"text": "2024-08-25T14:02:36.103161+0500 DEBUG writing bet to db\n", "record": {"elapsed": {"repr": "0:00:10.142361", "seconds": 10.142361}, "exception": null, "extra": {}, "file": {"name": "main.py", "path": "C:\\Users\\melni\\PycharmProjects\\betboom_parser\\main.py"}, "function": "find_game", "level": {"icon": "🐞", "name": "DEBUG", "no": 10}, "line": 75, "message": "writing bet to db", "module": "main", "name": "__main__", "process": {"id": 6724, "name": "MainProcess"}, "thread": {"id": 2272, "name": "MainThread"}, "time": {"repr": "2024-08-25 14:02:36.103161+05:00", "timestamp": 1724576556.103161}}}
{"text": "2024-08-25T14:02:36.104185+0500 DEBUG finding coefficients\n", "record": {"elapsed": {"repr": "0:00:10.143385", "seconds": 10.143385}, "exception": null, "extra": {}, "file": {"name": "main.py", "path": "C:\\Users\\melni\\PycharmProjects\\betboom_parser\\main.py"}, "function": "get_bet", "level": {"icon": "🐞", "name": "DEBUG", "no": 10}, "line": 101, "message": "finding coefficients", "module": "main", "name": "__main__", "process": {"id": 6724, "name": "MainProcess"}, "thread": {"id": 2272, "name": "MainThread"}, "time": {"repr": "2024-08-25 14:02:36.104185+05:00", "timestamp": 1724576556.104185}}}
