{"text": "2024-08-25T14:02:36.105179+0500 DEBUG reading db\n", "record": {"elapsed": {"repr": "0:00:10.144379", "seconds": 10.144379}, "exception": null, "extra": {}, "file": {"name": "main.py", "path": "C:\\Users\\melni\\PycharmProjects\\betboom_parser\\main.py"}, "function": "find_game", "level": {"icon": "🐞", "name": "DEBUG", "no": 10}, "line": 61, "message": "reading db", "module": "main", "name": "__main__", "process": {"id": 6724, "name": "MainProcess"}, "thread": {"id": 2272, "name": "MainThread"}, "time": {"repr": "2024-08-25 14:02:36.105179+05:00", "timestamp": 1724576556.105179}}}
{"text": "2024-08-25T14:02:36.574826+0500 INFO CS 2. CCT Europe Series 9 (26.08 14:30)\nBIG - ALTERNATE aTTaX\n\nold odds: 3-я карта -> 1.26\nnew odds: 3-я карта -> 1.28\n", "record": {"elapsed": {"repr": "0:00:10.614026", "seconds": 10.614026}, "exception": null, "extra": {}, "file": {"name": "main.py", "path": "C:\\Users\\melni\\PycharmProjects\\betboom_parser\\main.py"}, "function": "get_alter_message", "level": {"icon": "ℹ️", "name": "INFO", "no": 20}, "line": 48, "message": "CS 2. CCT Europe Series 9 (26.08 14:30)\nBIG - ALTERNATE aTTaX\n\nold odds: 3-я карта -> 1.26\nnew odds: 3-я карта -> 1.28", "module": "main", "name": "__main__", "process": {"id": 6724, "name": "MainProcess"}, "thread": {"id": 2272, "name": "MainThread"}, "time": {"repr": "2024-08-25 14:02:36.574826+05:00", "timestamp": 1724576556.574826}}}
{"text": "2024-08-25T14:02:36.575832+0500 INFO message sent\n", "record": {"elapsed": {"repr": "0:00:10.615032", "seconds": 10.615032}, "exception": null, "extra": {}, "file": {"name": "main.py", "path": "C:\\Users\\melni\\PycharmProjects\\betboom_parser\\main.py"}, "function": "get_alter_message", "level": {"icon": "ℹ️", "name": "INFO", "no": 20}, "line": 49, "message": "message sent", "module": "main", "name": "__main__", "process": {"id": 6724, "name": "MainProcess"}, "thread": {"id": 2272, "name": "MainThread"}, "time": {"repr": "2024-08-25 14:02:36.575832+05:00", "timestamp": 1724576556.575832}}}
{"text": "2024-08-25T14:02:36.576841+0500 DEBUG writing bet to db\n", "record": {"elapsed": {"repr": "0:00:10.616041", "seconds": 10.616041}, "exception": null, "extra": {}, "file": {"name": "main.py", "path": "C:\\Users\\melni\\PycharmProjects\\betboom_parser\\main.py"}, "function": "find_game", "level": {"icon": "🐞", "name": "DEBUG", "no": 10}, "line": 75, "message": "writing bet to db", "module": "main", "name": "__main__", "process": {"id": 6724, "name": "MainProcess"}, "thread": {"id": 2272, "name": "MainThread"}, "time": {"repr": "2024-08-25 14:02:36.576841+05:00", "timestamp": 1724576556.576841}}}
{"text": "2024-08-25T14:02:36.577844+0500 DEBUG finding coefficients\n", "record": {"elapsed": {"repr": "0:00:10.617044", "seconds": 10.617044}, "exception": null, "extra": {}, "file": {"name": "main.py", "path": "C:\\Users\\melni\\PycharmProjects\\betboom_parser\\main.py"}, "function": "get_bet", "level": {"icon": "🐞", "name": "DEBUG", "no": 10}, "line": 101, "message": "finding coefficients", "module": "main", "name": "__main__", "process": {"id": 6724, "name": "MainProcess"}, "thread": {"id": 2272, "name": "MainThread"}, "time": {"repr": "2024-08-25 14:02:36.577844+05:00", "timestamp": 1724576556.577844}}}
{"text": "2024-08-25T14:02:36.577844+0500 DEBUG getting info about match...\n", "record": {"elapsed": {"repr": "0:00:10.617044", "seconds": 10.617044}, "exception": null, "extra": {}, "file": {"name": "main.py", "path": "C:\\Users\\melni\\PycharmProjects\\betboom_parser\\main.py"}, "function": "get_match", "level": {"icon": "🐞", "name": "DEBUG", "no": 10}, "line": 126, "message": "getting info about match...", "module": "main", "name": "__main__", "process": {"id": 6724, "name": "MainProcess"}, "thread": {"id": 2272, "name": "MainThread"}, "time": {"repr": "2024-08-25 14:02:36.577844+05:00", "timestamp": 1724576556.577844}}}
{"text": "2024-08-25T14:02:36.772976+0500 DEBUG reading db\n", "record": {"elapsed": {"repr": "0:00:10.812176", "seconds": 10.812176}, "exception": null, "extra": {}, "file": {"name": "main.py", "path": "C:\\Users\\melni\\PycharmProjects\\betboom_parser\\main.py"}, "function": "find_game", "level": {"icon": "🐞", "name": "DEBUG", "no": 10}, "line": 61, "message": "reading db", "module": "main", "name": "__main__", "process": {"id": 6724, "name": "MainProcess"}, "thread": {"id": 2272, "name": "MainThread"}, "time": {"repr": "2024-08-25 14:02:36.772976+05:00", "timestamp": 1724576556.772976}}}
{"text": "2024-08-25T14:02:36.773997+0500 DEBUG writing bet to db\n", "record": {"elapsed": {"repr": "0:00:10.813197", "seconds": 10.813197}, "exception": null, "extra": {}, "file": {"name": "main.py", "path": "C:\\Users\\melni\\PycharmProjects\\betboom_parser\\main.py"}, "function": "find_game", "level": {"icon": "🐞", "name": "DEBUG", "no": 10}, "line": 75, "message": "writing bet to db", "module": "main", "name": "__main__", "process": {"id": 6724, "name": "MainProcess"}, "thread": {"id": 2272, "name": "MainThread"}, "time": {"repr": "2024-08-25 14:02:36.773997+05:00", "timestamp": 1724576556.773997}}}
{"text": "2024-08-25T14:02:36.775001+0500 DEBUG finding coefficients\n", "record": {"elapsed": {"repr": "0:00:10.814201", "seconds": 10.814201}, "exception": null, "extra": {}, "file": {"name": "main.py", "path": "C:\\Users\\melni\\PycharmProjects\\betboom_parser\\main.py"}, "function": "get_bet", "level": {"icon": "🐞", "name": "DEBUG", "no": 10}, "line": 101, "message": "finding coefficients", "module": "main", "name": "__main__", "process": {"id": 6724, "name": "MainProcess"}, "thread": {"id": 2272, "name": "MainThread"}, "time": {"repr": "2024-08-25 14:02:36.775001+05:00", "timestamp": 1724576556.775001}}}
{"text": "2024-08-25T14:02:36.775980+0500 DEBUG reading db\n", "record": {"elapsed": {"repr": "0:00:10.815180", "seconds": 10.81518}, "exception": null, "extra": {}, "file": {"name": "main.py", "path": "C:\\Users\\melni\\PycharmProjects\\betboom_parser\\main.py"}, "function": "find_game", "level": {"icon": "🐞", "name": "DEBUG", "no": 10}, "line": 61, "message": "reading db", "module": "main", "name": "__main__", "process": {"id": 6724, "name": "MainProcess"}, "thread": {"id": 2272, "name": "MainThread"}, "time": {"repr": "2024-08-25 14:02:36.775980+05:00", "timestamp": 1724576556.77598}}}
{"text": "2024-08-25T14:02:36.777001+0500 DEBUG writing bet to db\n", "record": {"elapsed": {"repr": "0:00:10.816201", "seconds": 10.816201}, "exception": null, "extra": {}, "file": {"name": "main.py", "path": "C:\\Users\\melni\\PycharmProjects\\betboom_parser\\main.py"}, "function": "find_game", "level": {"icon": "🐞", "name": "DEBUG", "no": 10}, "line": 75, "message": "writing bet to db", "module": "main", "name": "__main__", "process": {"id": 6724, "name": "MainProcess"}, "thread": {"id": 2272, "name": "MainThread"}, "time": {"repr": "2024-08-25 14:02:36.777001+05:00", "timestamp": 1724576556.777001}}}
{"text": "2024-08-25T14:02:36.777995+0500 DEBUG finding coefficients\n", "record": {"elapsed": {"repr": "0:00:10.817195", "seconds": 10.817195}, "exception": null, "extra": {}, "file": {"name": "main.py", "path": "C:\\Users\\melni\\PycharmProjects\\betboom_parser\\main.py"}, "function": "get_bet", "level": {"icon": "🐞", "name": "DEBUG", "no": 10}, "line": 101, "message": "finding coefficients", "module": "main", "name": "__main__", "process": {"id": 6724, "name": "MainProcess"}, "thread": {"id": 2272, "name": "MainThread"}, "time": {"repr": "2024-08-25 14:02:36.777995+05:00", "timestamp": 1724576556.777995}}}
{"text": "2024-08-25T14:02:36.778994+0500 DEBUG reading db\n", "record": {"elapsed": {"repr": "0:00:10.818194", "seconds": 10.818194}, "exception": null, "extra": {}, "file": {"name": "main.py", "path": "C:\\Users\\melni\\PycharmProjects\\betboom_parser\\main.py"}, "function": "find_game", "level": {"icon": "🐞", "name": "DEBUG", "no": 10}, "line": 61, "message": "reading db", "module": "main", "name": "__main__", "process": {"id": 6724, "name": "MainProcess"}, "thread": {"id": 2272, "name": "MainThread"}, "time": {"repr": "2024-08-25 14:02:36.778994+05:00", "timestamp": 1724576556.778994}}}
{"text": "2024-08-25T14:02:36.779990+0500 DEBUG writing bet to db\n", "record": {"elapsed": {"repr": "0:00:10.819190", "seconds": 10.81919}, "exception": null, "extra": {}, "file": {"name": "main.py", "path": "C:\\Users\\melni\\PycharmProjects\\betboom_parser\\main.py"}, "function": "find_game", "level": {"icon": "🐞", "name": "DEBUG", "no": 10}, "line": 75, "message": "writing bet to db", "module": "main", "name": "__main__", "process": {"id": 6724, "name": "MainProcess"}, "thread": {"id": 2272, "name": "MainThread"}, "time": {"repr": "2024-08-25 14:02:36.779990+05:00", "timestamp": 1724576556.77999}}}
{"text": "2024-08-25T14:02:36.779990+0500 DEBUG finding coefficients\n", "record": {"elapsed": {"repr": "0:00:10.819190", "seconds": 10.81919}, "exception": null, "extra": {}, "file": {"name": "main.py", "path": "C:\\Users\\melni\\PycharmProjects\\betboom_parser\\main.py"}, "function": "get_bet", "level": {"icon": "🐞", "name": "DEBUG", "no": 10}, "line": 101, "message": "finding coefficients", "module": "main", "name": "__main__", "process": {"id": 6724, "name": "MainProcess"}, "thread": {"id": 2272, "name": "MainThread"}, "time": {"repr": "2024-08-25 14:02:36.779990+05:00", "timestamp": 1724576556.77999}}}
{"text": "2024-08-25T14:02:36.780982+0500 DEBUG getting info about match...\n", "record": {"elapsed": {"repr": "0:00:10.820182", "seconds": 10.820182}, "exception": null, "extra": {}, "file": {"name": "main.py", "path": "C:\\Users\\melni\\PycharmProjects\\betboom_parser\\main.py"}, "function": "get_match", "level": {"icon": "🐞", "name": "DEBUG", "no": 10}, "line": 126, "message": "getting info about match...", "module": "main", "name": "__main__", "process": {"id": 6724, "name": "MainProcess"}, "thread": {"id": 2272, "name": "MainThread"}, "time": {"repr": "2024-08-25 14:02:36.780982+05:00", "timestamp": 1724576556.780982}}}
{"text": "2024-08-25T14:02:37.015778+0500 DEBUG reading db\n", "record": {"elapsed": {"repr": "0:00:11.054978", "seconds": 11.054978}, "exception": null, "extra": {}, "file": {"name": "main.py", "path": "C:\\Users\\melni\\PycharmProjects\\betboom_parser\\main.py"}, "function": "find_game", "level": {"icon": "🐞", "name": "DEBUG", "no": 10}, "line": 61, "message": "reading db", "module": "main", "name": "__main__", "process": {"id": 6724, "name": "MainProcess"}, "thread": {"id": 2272, "name": "MainThread"}, "time": {"repr": "2024-08-25 14:02:37.015778+05:00", "timestamp": 1724576557.015778}}}
{"text": "2024-08-25T14:02:37.504077+0500 INFO CS 2. CCT Europe Series 9 (26.08 20:30)\nPassion UA - Endpoint\n\n1-я карта -> 1.51 & 2.472\n", "record": {"elapsed": {"repr": "0:00:11.543277", "seconds": 11.543277}, "exception": null, "extra": {}, "file": {"name": "main.py", "path": "C:\\Users\\melni\\PycharmProjects\\betboom_parser\\main.py"}, "function": "get_message", "level": {"icon": "ℹ️", "name": "INFO", "no": 20}, "line": 31, "message": "CS 2. CCT Europe Series 9 (26.08 20:30)\nPassion UA - Endpoint\n\n1-я карта -> 1.51 & 2.472", "module": "main", "name": "__main__", "process": {"id": 6724, "name": "MainProcess"}, "thread": {"id": 2272, "name": "MainThread"}, "time": {"repr": "2024-08-25 14:02:37.504077+05:00", "timestamp": 1724576557.504077}}}
{"text": "2024-08-25T14:02:37.505056+0500 INFO message sent\n", "record": {"elapsed": {"repr": "0:00:11.544256", "seconds": 11.544256}, "exception": null, "extra": {}, "file": {"name": "main.py", "path": "C:\\Users\\melni\\PycharmProjects\\betboom_parser\\main.py"}, "function": "get_message", "level": {"icon": "ℹ️", "name": "INFO", "no": 20}, "line": 32, "message": "message sent", "module": "main", "name": "__main__", "process": {"id": 6724, "name": "MainProcess"}, "thread": {"id": 2272, "name": "MainThread"}, "time": {"repr": "2024-08-25 14:02:37.505056+05:00", "timestamp": 1724576557.505056}}}
{"text": "2024-08-25T14:02:37.505056+0500 DEBUG writing bet to db\n", "record": {"elapsed": {"repr": "0:00:11.544256", "seconds": 11.544256}, "exception": null, "extra": {}, "file": {"name": "main.py", "path": "C:\\Users\\melni\\PycharmProjects\\betboom_parser\\main.py"}, "function": "find_game", "level": {"icon": "🐞", "name": "DEBUG", "no": 10}, "line": 75, "message": "writing bet to db", "module": "main", "name": "__main__", "process": {"id": 6724, "name": "MainProcess"}, "thread": {"id": 2272, "name": "MainThread"}, "time": {"repr": "2024-08-25 14:02:37.505056+05:00", "timestamp": 1724576557.505056}}}
{"text": "2024-08-25T14:02:37.506071+0500 DEBUG finding coefficients\n", "record": {"elapsed": {"repr": "0:00:11.545271", "seconds": 11.545271}, "exception": null, "extra": {}, "file": {"name": "main.py", "path": "C:\\Users\\melni\\PycharmProjects\\betboom_parser\\main.py"}, "function": "get_bet", "level": {"icon": "🐞", "name": "DEBUG", "no": 10}, "line": 101, "message": "finding coefficients", "module": "main", "name": "__main__", "process": {"id": 6724, "name": "MainProcess"}, "thread": {"id": 2272, "name": "MainThread"}, "time": {"repr": "2024-08-25 14:02:37.506071+05:00", "timestamp": 1724576557.506071}}}
{"text": "2024-08-25T14:02:37.507060+0500 DEBUG reading db\n", "record": {"elapsed": {"repr": "0:00:11.546260", "seconds": 11.54626}, "exception": null, "extra": {}, "file": {"name": "main.py", "path": "C:\\Users\\melni\\PycharmProjects\\betboom_parser\\main.py"}, "function": "find_game", "level": {"icon": "🐞", "name": "DEBUG", "no": 10}, "line": 61, "message": "reading db", "module": "main", "name": "__main__", "process": {"id": 6724, "name": "MainProcess"}, "thread": {"id": 2272, "name": "MainThread"}, "time": {"repr": "2024-08-25 14:02:37.507060+05:00", "timestamp": 1724576557.50706}}}
{"text": "2024-08-25T14:02:37.508083+0500 DEBUG writing bet to db\n", "record": {"elapsed": {"repr": "0:00:11.547283", "seconds": 11.547283}, "exception": null, "extra": {}, "file": {"name": "main.py", "path": "C:\\Users\\melni\\PycharmProjects\\betboom_parser\\main.py"}, "function": "find_game", "level": {"icon": "🐞", "name": "DEBUG", "no": 10}, "line": 75, "message": "writing bet to db", "module": "main", "name": "__main__", "process": {"id": 6724, "name": "MainProcess"}, "thread": {"id": 2272, "name": "MainThread"}, "time": {"repr": "2024-08-25 14:02:37.508083+05:00", "timestamp": 1724576557.508083}}}
{"text": "2024-08-25T14:02:37.508083+0500 DEBUG finding coefficients\n", "record": {"elapsed": {"repr": "0:00:11.547283", "seconds": 11.547283}, "exception": null, "extra": {}, "file": {"name": "main.py", "path": "C:\\Users\\melni\\PycharmProjects\\betboom_parser\\main.py"}, "function": "get_bet", "level": {"icon": "🐞", "name": "DEBUG", "no": 10}, "line": 101, "message": "finding coefficients", "module": "main", "name": "__main__", "process": {"id": 6724, "name": "MainProcess"}, "thread": {"id": 2272, "name": "MainThread"}, "time": {"repr": "2024-08-25 14:02:37.508083+05:00", "timestamp": 1724576557.508083}}}
{"text": "2024-08-25T14:02:37.509064+0500 DEBUG reading db\n", "record": {"elapsed": {"repr": "0:00:11.548264", "seconds": 11.548264}, "exception": null, "extra": {}, "file": {"name": "main.py", "path": "C:\\Users\\melni\\PycharmProjects\\betboom_parser\\main.py"}, "function": "find_game", "level": {"icon": "🐞", "name": "DEBUG", "no": 10}, "line": 61, "message": "reading db", "module": "main", "name": "__main__", "process": {"id": 6724, "name": "MainProcess"}, "thread": {"id": 2272, "name": "MainThread"}, "time": {"repr": "2024-08-25 14:02:37.509064+05:00", "timestamp": 1724576557.509064}}}
{"text": "2024-08-25T14:02:37.510084+0500 DEBUG writing bet to db\n", "record": {"elapsed": {"repr": "0:00:11.549284", "seconds": 11.549284}, "exception": null, "extra": {}, "file": {"name": "main.py", "path": "C:\\Users\\melni\\PycharmProjects\\betboom_parser\\main.py"}, "function": "find_game", "level": {"icon": "🐞", "name": "DEBUG", "no": 10}, "line": 75, "message": "writing bet to db", "module": "main", "name": "__main__", "process": {"id": 6724, "name": "MainProcess"}, "thread": {"id": 2272, "name": "MainThread"}, "time": {"repr": "2024-08-25 14:02:37.510084+05:00", "timestamp": 1724576557.510084}}}
{"text": "2024-08-25T14:02:37.510084+0500 DEBUG finding coefficients\n", "record": {"elapsed": {"repr": "0:00:11.549284", "seconds": 11.549284}, "exception": null, "extra": {}, "file": {"name": "main.py", "path": "C:\\Users\\melni\\PycharmProjects\\betboom_parser\\main.py"}, "function": "get_bet", "level": {"icon": "🐞", "name": "DEBUG", "no": 10}, "line": 101, "message": "finding coefficients", "module": "main", "name": "__main__", "process": {"id": 6724, "name": "MainProcess"}, "thread": {"id": 2272, "name": "MainThread"}, "time": {"repr": "2024-08-25 14:02:37.510084+05:00", "timestamp": 1724576557.510084}}}
{"text": "2024-08-25T14:02:37.511070+0500 DEBUG getting info about match...\n", "record": {"elapsed": {"repr": "0:00:11.550270", "seconds": 11.55027}, "exception": null, "extra": {}, "file": {"name": "main.py", "path": "C:\\Users\\melni\\PycharmProjects\\betboom_parser\\main.py"}, "function": "get_match", "level": {"icon": "🐞", "name": "DEBUG", "no": 10}, "line": 126, "message": "getting info about match...", "module": "main", "name": "__main__", "process": {"id": 6724, "name": "MainProcess"}, "thread": {"id": 2272, "name": "MainThread"}, "time": {"repr": "2024-08-25 14:02:37.511070+05:00", "timestamp": 1724576557.51107}}}
{"text": "2024-08-25T14:02:37.512075+0500 DEBUG getting matches...\n", "record": {"elapsed": {"repr": "0:00:11.551275", "seconds": 11.551275}, "exception": null, "extra": {}, "file": {"name": "main.py", "path": "C:\\Users\\melni\\PycharmProjects\\betboom_parser\\main.py"}, "function": "get_league", "level": {"icon": "🐞", "name": "DEBUG", "no": 10}, "line": 149, "message": "getting matches...", "module": "main", "name": "__main__", "process": {"id": 6724, "name": "MainProcess"}, "thread": {"id": 2272, "name": "MainThread"}, "time": {"repr": "2024-08-25 14:02:37.512075+05:00", "timestamp": 1724576557.512075}}}
{"text": "2024-08-25T14:02:37.513070+0500 INFO sleeping...\n", "record": {"elapsed": {"repr": "0:00:11.552270", "seconds": 11.55227}, "exception": null, "extra": {}, "file": {"name": "main.py", "path": "C:\\Users\\melni\\PycharmProjects\\betboom_parser\\main.py"}, "function": "<module>", "level": {"icon": "ℹ️", "name": "INFO", "no": 20}, "line": 156, "message": "sleeping...", "module": "main", "name": "__main__", "process": {"id": 6724, "name": "MainProcess"}, "thread": {"id": 2272, "name": "MainThread"}, "time": {"repr": "2024-08-25 14:02:37.513070+05:00", "timestamp": 1724576557.51307}}}
{"text": "2024-08-25T14:03:25.521853+0500 DEBUG reading db\n", "record": {"elapsed": {"repr": "0:00:07.207881", "seconds": 7.207881}, "exception": null, "extra": {}, "file": {"name": "main.py", "path": "C:\\Users\\melni\\PycharmProjects\\betboom_parser\\main.py"}, "function": "find_game", "level": {"icon": "🐞", "name": "DEBUG", "no": 10}, "line": 61, "message": "reading db", "module": "main", "name": "__main__", "process": {"id": 5312, "name": "MainProcess"}, "thread": {"id": 6264, "name": "MainThread"}, "time": {"repr": "2024-08-25 14:03:25.521853+05:00", "timestamp": 1724576605.521853}}}
{"text": "2024-08-25T14:03:25.522855+0500 DEBUG writing bet to db\n", "record": {"elapsed": {"repr": "0:00:07.208883", "seconds": 7.208883}, "exception": null, "extra": {}, "file": {"name": "main.py", "path": "C:\\Users\\melni\\PycharmProjects\\betboom_parser\\main.py"}, "function": "find_game", "level": {"icon": "🐞", "name": "DEBUG", "no": 10}, "line": 75, "message": "writing bet to db", "module": "main", "name": "__main__", "process": {"id": 5312, "name": "MainProcess"}, "thread": {"id": 6264, "name": "MainThread"}, "time": {"repr": "2024-08-25 14:03:25.522855+05:00", "timestamp": 1724576605.522855}}}
{"text": "2024-08-25T14:03:25.523855+0500 DEBUG finding coefficients\n", "record": {"elapsed": {"repr": "0:00:07.209883", "seconds": 7.209883}, "exception": null, "extra": {}, "file": {"name": "main.py", "path": "C:\\Users\\melni\\PycharmProjects\\betboom_parser\\main.py"}, "function": "get_bet", "level": {"icon": "🐞", "name": "DEBUG", "no": 10}, "line": 101, "message": "finding coefficients", "module": "main", "name": "__main__", "process": {"id": 5312, "name": "MainProcess"}, "thread": {"id": 6264, "name": "MainThread"}, "time": {"repr": "2024-08-25 14:03:25.523855+05:00", "timestamp": 1724576605.523855}}}
{"text": "2024-08-25T14:03:25.523855+0500 DEBUG reading db\n", "record": {"elapsed": {"repr": "0:00:07.209883", "seconds": 7.209883}, "exception": null, "extra": {}, "file": {"name": "main.py", "path": "C:\\Users\\melni\\PycharmProjects\\betboom_parser\\main.py"}, "function": "find_game", "level": {"icon": "🐞", "name": "DEBUG", "no": 10}, "line": 61, "message": "reading db", "module": "main", "name": "__main__", "process": {"id": 5312, "name": "MainProcess"}, "thread": {"id": 6264, "name": "MainThread"}, "time": {"repr": "2024-08-25 14:03:25.523855+05:00", "timestamp": 1724576605.523855}}}
{"text": "2024-08-25T14:03:25.524868+0500 DEBUG writing bet to db\n", "record": {"elapsed": {"repr": "0:00:07.210896", "seconds": 7.210896}, "exception": null, "extra": {}, "file": {"name": "main.py", "path": "C:\\Users\\melni\\PycharmProjects\\betboom_parser\\main.py"}, "function": "find_game", "level": {"icon": "🐞", "name": "DEBUG", "no": 10}, "line": 75, "message": "writing bet to db", "module": "main", "name": "__main__", "process": {"id": 5312, "name": "MainProcess"}, "thread": {"id": 6264, "name": "MainThread"}, "time": {"repr": "2024-08-25 14:03:25.524868+05:00", "timestamp": 1724576605.524868}}}
{"text": "2024-08-25T14:03:25.525869+0500 DEBUG finding coefficients\n", "record": {"elapsed": {"repr": "0:00:07.211897", "seconds": 7.211897}, "exception": null, "extra": {}, "file": {"name": "main.py", "path": "C:\\Users\\melni\\PycharmProjects\\betboom_parser\\main.py"}, "function": "get_bet", "level": {"icon": "🐞", "name": "DEBUG", "no": 10}, "line": 101, "message": "finding coefficients", "module": "main", "name": "__main__", "process": {"id": 5312, "name": "MainProcess"}, "thread": {"id": 6264, "name": "MainThread"}, "time": {"repr": "2024-08-25 14:03:25.525869+05:00", "timestamp": 1724576605.525869}}}
{"text": "2024-08-25T14:03:25.527841+0500 DEBUG reading db\n", "record": {"elapsed": {"repr": "0:00:07.213869", "seconds": 7.213869}, "exception": null, "extra": {}, "file": {"name": "main.py", "path": "C:\\Users\\melni\\PycharmProjects\\betboom_parser\\main.py"}, "function": "find_game", "level": {"icon": "🐞", "name": "DEBUG", "no": 10}, "line": 61, "message": "reading db", "module": "main", "name": "__main__", "process": {"id": 5312, "name": "MainProcess"}, "thread": {"id": 6264, "name": "MainThread"}, "time": {"repr": "2024-08-25 14:03:25.527841+05:00", "timestamp": 1724576605.527841}}}
{"text": "2024-08-25T14:03:25.528843+0500 DEBUG writing bet to db\n", "record": {"elapsed": {"repr": "0:00:07.214871", "seconds": 7.214871}, "exception": null, "extra": {}, "file": {"name": "main.py", "path": "C:\\Users\\melni\\PycharmProjects\\betboom_parser\\main.py"}, "function": "find_game", "level": {"icon": "🐞", "name": "DEBUG", "no": 10}, "line": 75, "message": "writing bet to db", "module": "main", "name": "__main__", "process": {"id": 5312, "name": "MainProcess"}, "thread": {"id": 6264, "name": "MainThread"}, "time": {"repr": "2024-08-25 14:03:25.528843+05:00", "timestamp": 1724576605.528843}}}
{"text": "2024-08-25T14:03:25.529842+0500 DEBUG finding coefficients\n", "record": {"elapsed": {"repr": "0:00:07.215870", "seconds": 7.21587}, "exception": null, "extra": {}, "file": {"name": "main.py", "path": "C:\\Users\\melni\\PycharmProjects\\betboom_parser\\main.py"}, "function": "get_bet", "level": {"icon": "🐞", "name": "DEBUG", "no": 10}, "line": 101, "message": "finding coefficients", "module": "main", "name": "__main__", "process": {"id": 5312, "name": "MainProcess"}, "thread": {"id": 6264, "name": "MainThread"}, "time": {"repr": "2024-08-25 14:03:25.529842+05:00", "timestamp": 1724576605.529842}}}
{"text": "2024-08-25T14:03:25.529842+0500 DEBUG getting info about match...\n", "record": {"elapsed": {"repr": "0:00:07.215870", "seconds": 7.21587}, "exception": null, "extra": {}, "file": {"name": "main.py", "path": "C:\\Users\\melni\\PycharmProjects\\betboom_parser\\main.py"}, "function": "get_match", "level": {"icon": "🐞", "name": "DEBUG", "no": 10}, "line": 126, "message": "getting info about match...", "module": "main", "name": "__main__", "process": {"id": 5312, "name": "MainProcess"}, "thread": {"id": 6264, "name": "MainThread"}, "time": {"repr": "2024-08-25 14:03:25.529842+05:00", "timestamp": 1724576605.529842}}}
{"text": "2024-08-25T14:03:25.741381+0500 DEBUG reading db\n", "record": {"elapsed": {"repr": "0:00:07.427409", "seconds": 7.427409}, "exception": null, "extra": {}, "file": {"name": "main.py", "path": "C:\\Users\\melni\\PycharmProjects\\betboom_parser\\main.py"}, "function": "find_game", "level": {"icon": "🐞", "name": "DEBUG", "no": 10}, "line": 61, "message": "reading db", "module": "main", "name": "__main__", "process": {"id": 5312, "name": "MainProcess"}, "thread": {"id": 6264, "name": "MainThread"}, "time": {"repr": "2024-08-25 14:03:25.741381+05:00", "timestamp": 1724576605.741381}}}
{"text": "2024-08-25T14:03:26.111442+0500 INFO CS 2. CCT Europe Series 9 (25.08 17:30)\nB8 - Revenant Esports\n\n1-я карта -> 1.46 & 2.629\n", "record": {"elapsed": {"repr": "0:00:07.797470", "seconds": 7.79747}, "exception": null, "extra": {}, "file": {"name": "main.py", "path": "C:\\Users\\melni\\PycharmProjects\\betboom_parser\\main.py"}, "function": "get_message", "level": {"icon": "ℹ️", "name": "INFO", "no": 20}, "line": 31, "message": "CS 2. CCT Europe Series 9 (25.08 17:30)\nB8 - Revenant Esports\n\n1-я карта -> 1.46 & 2.629", "module": "main", "name": "__main__", "process": {"id": 5312, "name": "MainProcess"}, "thread": {"id": 6264, "name": "MainThread"}, "time": {"repr": "2024-08-25 14:03:26.111442+05:00", "timestamp": 1724576606.111442}}}
{"text": "2024-08-25T14:03:26.112417+0500 INFO message sent\n", "record": {"elapsed": {"repr": "0:00:07.798445", "seconds": 7.798445}, "exception": null, "extra": {}, "file": {"name": "main.py", "path": "C:\\Users\\melni\\PycharmProjects\\betboom_parser\\main.py"}, "function": "get_message", "level": {"icon": "ℹ️", "name": "INFO", "no": 20}, "line": 32, "message": "message sent", "module": "main", "name": "__main__", "process": {"id": 5312, "name": "MainProcess"}, "thread": {"id": 6264, "name": "MainThread"}, "time": {"repr": "2024-08-25 14:03:26.112417+05:00", "timestamp": 1724576606.112417}}}
{"text": "2024-08-25T14:03:26.113429+0500 DEBUG writing bet to db\n", "record": {"elapsed": {"repr": "0:00:07.799457", "seconds": 7.799457}, "exception": null, "extra": {}, "file": {"name": "main.py", "path": "C:\\Users\\melni\\PycharmProjects\\betboom_parser\\main.py"}, "function": "find_game", "level": {"icon": "🐞", "name": "DEBUG", "no": 10}, "line": 75, "message": "writing bet to db", "module": "main", "name": "__main__", "process": {"id": 5312, "name": "MainProcess"}, "thread": {"id": 6264, "name": "MainThread"}, "time": {"repr": "2024-08-25 14:03:26.113429+05:00", "timestamp": 1724576606.113429}}}
{"text": "2024-08-25T14:03:26.114431+0500 DEBUG finding coefficients\n", "record": {"elapsed": {"repr": "0:00:07.800459", "seconds": 7.800459}, "exception": null, "extra": {}, "file": {"name": "main.py", "path": "C:\\Users\\melni\\PycharmProjects\\betboom_parser\\main.py"}, "function": "get_bet", "level": {"icon": "🐞", "name": "DEBUG", "no": 10}, "line": 101, "message": "finding coefficients", "module": "main", "name": "__main__", "process": {"id": 5312, "name": "MainProcess"}, "thread": {"id": 6264, "name": "MainThread"}, "time": {"repr": "2024-08-25 14:03:26.114431+05:00", "timestamp": 1724576606.114431}}}
{"text": "2024-08-25T14:03:26.114431+0500 DEBUG reading db\n", "record": {"elapsed": {"repr": "0:00:07.800459", "seconds": 7.800459}, "exception": null, "extra": {}, "file": {"name": "main.py", "path": "C:\\Users\\melni\\PycharmProjects\\betboom_parser\\main.py"}, "function": "find_game", "level": {"icon": "🐞", "name": "DEBUG", "no": 10}, "line": 61, "message": "reading db", "module": "main", "name": "__main__", "process": {"id": 5312, "name": "MainProcess"}, "thread": {"id": 6264, "name": "MainThread"}, "time": {"repr": "2024-08-25 14:03:26.114431+05:00", "timestamp": 1724576606.114431}}}
{"text": "2024-08-25T14:03:26.419706+0500 INFO CS 2. CCT Europe Series 9 (25.08 17:30)\nB8 - Revenant Esports\n\n2-я карта -> 1.46 & 2.629\n", "record": {"elapsed": {"repr": "0:00:08.105734", "seconds": 8.105734}, "exception": null, "extra": {}, "file": {"name": "main.py", "path": "C:\\Users\\melni\\PycharmProjects\\betboom_parser\\main.py"}, "function": "get_message", "level": {"icon": "ℹ️", "name": "INFO", "no": 20}, "line": 31, "message": "CS 2. CCT Europe Series 9 (25.08 17:30)\nB8 - Revenant Esports\n\n2-я карта -> 1.46 & 2.629", "module": "main", "name": "__main__", "process": {"id": 5312, "name": "MainProcess"}, "thread": {"id": 6264, "name": "MainThread"}, "time": {"repr": "2024-08-25 14:03:26.419706+05:00", "timestamp": 1724576606.419706}}}
{"text": "2024-08-25T14:03:26.420687+0500 INFO message sent\n", "record": {"elapsed": {"repr": "0:00:08.106715", "seconds": 8.106715}, "exception": null, "extra": {}, "file": {"name": "main.py", "path": "C:\\Users\\melni\\PycharmProjects\\betboom_parser\\main.py"}, "function": "get_message", "level": {"icon": "ℹ️", "name": "INFO", "no": 20}, "line": 32, "message": "message sent", "module": "main", "name": "__main__", "process": {"id": 5312, "name": "MainProcess"}, "thread": {"id": 6264, "name": "MainThread"}, "time": {"repr": "2024-08-25 14:03:26.420687+05:00", "timestamp": 1724576606.420687}}}
{"text": "2024-08-25T14:03:26.421701+0500 DEBUG writing bet to db\n", "record": {"elapsed": {"repr": "0:00:08.107729", "seconds": 8.107729}, "exception": null, "extra": {}, "file": {"name": "main.py", "path": "C:\\Users\\melni\\PycharmProjects\\betboom_parser\\main.py"}, "function": "find_game", "level": {"icon": "🐞", "name": "DEBUG", "no": 10}, "line": 75, "message": "writing bet to db", "module": "main", "name": "__main__", "process": {"id": 5312, "name": "MainProcess"}, "thread": {"id": 6264, "name": "MainThread"}, "time": {"repr": "2024-08-25 14:03:26.421701+05:00", "timestamp": 1724576606.421701}}}
{"text": "2024-08-25T14:03:26.422694+0500 DEBUG finding coefficients\n", "record": {"elapsed": {"repr": "0:00:08.108722", "seconds": 8.108722}, "exception": null, "extra": {}, "file": {"name": "main.py", "path": "C:\\Users\\melni\\PycharmProjects\\betboom_parser\\main.py"}, "function": "get_bet", "level": {"icon": "🐞", "name": "DEBUG", "no": 10}, "line": 101, "message": "finding coefficients", "module": "main", "name": "__main__", "process": {"id": 5312, "name": "MainProcess"}, "thread": {"id": 6264, "name": "MainThread"}, "time": {"repr": "2024-08-25 14:03:26.422694+05:00", "timestamp": 1724576606.422694}}}
{"text": "2024-08-25T14:03:26.422694+0500 DEBUG reading db\n", "record": {"elapsed": {"repr": "0:00:08.108722", "seconds": 8.108722}, "exception": null, "extra": {}, "file": {"name": "main.py", "path": "C:\\Users\\melni\\PycharmProjects\\betboom_parser\\main.py"}, "function": "find_game", "level": {"icon": "🐞", "name": "DEBUG", "no": 10}, "line": 61, "message": "reading db", "module": "main", "name": "__main__", "process": {"id": 5312, "name": "MainProcess"}, "thread": {"id": 6264, "name": "MainThread"}, "time": {"repr": "2024-08-25 14:03:26.422694+05:00", "timestamp": 1724576606.422694}}}
{"text": "2024-08-25T14:03:28.393657+0500 INFO CS 2. CCT Europe Series 9 (25.08 17:30)\nB8 - Revenant Esports\n\n3-я карта -> 1.46 & 2.629\n", "record": {"elapsed": {"repr": "0:00:10.079685", "seconds": 10.079685}, "exception": null, "extra": {}, "file": {"name": "main.py", "path": "C:\\Users\\melni\\PycharmProjects\\betboom_parser\\main.py"}, "function": "get_message", "level": {"icon": "ℹ️", "name": "INFO", "no": 20}, "line": 31, "message": "CS 2. CCT Europe Series 9 (25.08 17:30)\nB8 - Revenant Esports\n\n3-я карта -> 1.46 & 2.629", "module": "main", "name": "__main__", "process": {"id": 5312, "name": "MainProcess"}, "thread": {"id": 6264, "name": "MainThread"}, "time": {"repr": "2024-08-25 14:03:28.393657+05:00", "timestamp": 1724576608.393657}}}
{"text": "2024-08-25T14:03:28.394655+0500 INFO message sent\n", "record": {"elapsed": {"repr": "0:00:10.080683", "seconds": 10.080683}, "exception": null, "extra": {}, "file": {"name": "main.py", "path": "C:\\Users\\melni\\PycharmProjects\\betboom_parser\\main.py"}, "function": "get_message", "level": {"icon": "ℹ️", "name": "INFO", "no": 20}, "line": 32, "message": "message sent", "module": "main", "name": "__main__", "process": {"id": 5312, "name": "MainProcess"}, "thread": {"id": 6264, "name": "MainThread"}, "time": {"repr": "2024-08-25 14:03:28.394655+05:00", "timestamp": 1724576608.394655}}}
{"text": "2024-08-25T14:03:28.395688+0500 DEBUG writing bet to db\n", "record": {"elapsed": {"repr": "0:00:10.081716", "seconds": 10.081716}, "exception": null, "extra": {}, "file": {"name": "main.py", "path": "C:\\Users\\melni\\PycharmProjects\\betboom_parser\\main.py"}, "function": "find_game", "level": {"icon": "🐞", "name": "DEBUG", "no": 10}, "line": 75, "message": "writing bet to db", "module": "main", "name": "__main__", "process": {"id": 5312, "name": "MainProcess"}, "thread": {"id": 6264, "name": "MainThread"}, "time": {"repr": "2024-08-25 14:03:28.395688+05:00", "timestamp": 1724576608.395688}}}
{"text": "2024-08-25T14:03:28.395688+0500 DEBUG finding coefficients\n", "record": {"elapsed": {"repr": "0:00:10.081716", "seconds": 10.081716}, "exception": null, "extra": {}, "file": {"name": "main.py", "path": "C:\\Users\\melni\\PycharmProjects\\betboom_parser\\main.py"}, "function": "get_bet", "level": {"icon": "🐞", "name": "DEBUG", "no": 10}, "line": 101, "message": "finding coefficients", "module": "main", "name": "__main__", "process": {"id": 5312, "name": "MainProcess"}, "thread": {"id": 6264, "name": "MainThread"}, "time": {"repr": "2024-08-25 14:03:28.395688+05:00", "timestamp": 1724576608.395688}}}
{"text": "2024-08-25T14:03:28.396690+0500 DEBUG getting info about match...\n", "record": {"elapsed": {"repr": "0:00:10.082718", "seconds": 10.082718}, "exception": null, "extra": {}, "file": {"name": "main.py", "path": "C:\\Users\\melni\\PycharmProjects\\betboom_parser\\main.py"}, "function": "get_match", "level": {"icon": "🐞", "name": "DEBUG", "no": 10}, "line": 126, "message": "getting info about match...", "module": "main", "name": "__main__", "process": {"id": 5312, "name": "MainProcess"}, "thread": {"id": 6264, "name": "MainThread"}, "time": {"repr": "2024-08-25 14:03:28.396690+05:00", "timestamp": 1724576608.39669}}}
{"text": "2024-08-25T14:03:28.614235+0500 DEBUG reading db\n", "record": {"elapsed": {"repr": "0:00:10.300263", "seconds": 10.300263}, "exception": null, "extra": {}, "file": {"name": "main.py", "path": "C:\\Users\\melni\\PycharmProjects\\betboom_parser\\main.py"}, "function": "find_game", "level": {"icon": "🐞", "name": "DEBUG", "no": 10}, "line": 61, "message": "reading db", "module": "main", "name": "__main__", "process": {"id": 5312, "name": "MainProcess"}, "thread": {"id": 6264, "name": "MainThread"}, "time": {"repr": "2024-08-25 14:03:28.614235+05:00", "timestamp": 1724576608.614235}}}
{"text": "2024-08-25T14:03:28.946786+0500 INFO CS 2. CCT Europe Series 9 (25.08 20:30)\nSinners - Young Ninjas\n\n1-я карта -> 1.54 & 2.406\n", "record": {"elapsed": {"repr": "0:00:10.632814", "seconds": 10.632814}, "exception": null, "extra": {}, "file": {"name": "main.py", "path": "C:\\Users\\melni\\PycharmProjects\\betboom_parser\\main.py"}, "function": "get_message", "level": {"icon": "ℹ️", "name": "INFO", "no": 20}, "line": 31, "message": "CS 2. CCT Europe Series 9 (25.08 20:30)\nSinners - Young Ninjas\n\n1-я карта -> 1.54 & 2.406", "module": "main", "name": "__main__", "process": {"id": 5312, "name": "MainProcess"}, "thread": {"id": 6264, "name": "MainThread"}, "time": {"repr": "2024-08-25 14:03:28.946786+05:00", "timestamp": 1724576608.946786}}}
{"text": "2024-08-25T14:03:28.947789+0500 INFO message sent\n", "record": {"elapsed": {"repr": "0:00:10.633817", "seconds": 10.633817}, "exception": null, "extra": {}, "file": {"name": "main.py", "path": "C:\\Users\\melni\\PycharmProjects\\betboom_parser\\main.py"}, "function": "get_message", "level": {"icon": "ℹ️", "name": "INFO", "no": 20}, "line": 32, "message": "message sent", "module": "main", "name": "__main__", "process": {"id": 5312, "name": "MainProcess"}, "thread": {"id": 6264, "name": "MainThread"}, "time": {"repr": "2024-08-25 14:03:28.947789+05:00", "timestamp": 1724576608.947789}}}
{"text": "2024-08-25T14:03:28.947789+0500 DEBUG writing bet to db\n", "record": {"elapsed": {"repr": "0:00:10.633817", "seconds": 10.633817}, "exception": null, "extra": {}, "file": {"name": "main.py", "path": "C:\\Users\\melni\\PycharmProjects\\betboom_parser\\main.py"}, "function": "find_game", "level": {"icon": "🐞", "name": "DEBUG", "no": 10}, "line": 75, "message": "writing bet to db", "module": "main", "name": "__main__", "process": {"id": 5312, "name": "MainProcess"}, "thread": {"id": 6264, "name": "MainThread"}, "time": {"repr": "2024-08-25 14:03:28.947789+05:00", "timestamp": 1724576608.947789}}}
{"text": "2024-08-25T14:03:28.948787+0500 DEBUG finding coefficients\n", "record": {"elapsed": {"repr": "0:00:10.634815", "seconds": 10.634815}, "exception": null, "extra": {}, "file": {"name": "main.py", "path": "C:\\Users\\melni\\PycharmProjects\\betboom_parser\\main.py"}, "function": "get_bet", "level": {"icon": "🐞", "name": "DEBUG", "no": 10}, "line": 101, "message": "finding coefficients", "module": "main", "name": "__main__", "process": {"id": 5312, "name": "MainProcess"}, "thread": {"id": 6264, "name": "MainThread"}, "time": {"repr": "2024-08-25 14:03:28.948787+05:00", "timestamp": 1724576608.948787}}}
{"text": "2024-08-25T14:03:28.949787+0500 DEBUG reading db\n", "record": {"elapsed": {"repr": "0:00:10.635815", "seconds": 10.635815}, "exception": null, "extra": {}, "file": {"name": "main.py", "path": "C:\\Users\\melni\\PycharmProjects\\betboom_parser\\main.py"}, "function": "find_game", "level": {"icon": "🐞", "name": "DEBUG", "no": 10}, "line": 61, "message": "reading db", "module": "main", "name": "__main__", "process": {"id": 5312, "name": "MainProcess"}, "thread": {"id": 6264, "name": "MainThread"}, "time": {"repr": "2024-08-25 14:03:28.949787+05:00", "timestamp": 1724576608.949787}}}
{"text": "2024-08-25T14:03:29.315328+0500 INFO CS 2. CCT Europe Series 9 (25.08 20:30)\nSinners - Young Ninjas\n\n2-я карта -> 1.54 & 2.406\n", "record": {"elapsed": {"repr": "0:00:11.001356", "seconds": 11.001356}, "exception": null, "extra": {}, "file": {"name": "main.py", "path": "C:\\Users\\melni\\PycharmProjects\\betboom_parser\\main.py"}, "function": "get_message", "level": {"icon": "ℹ️", "name": "INFO", "no": 20}, "line": 31, "message": "CS 2. CCT Europe Series 9 (25.08 20:30)\nSinners - Young Ninjas\n\n2-я карта -> 1.54 & 2.406", "module": "main", "name": "__main__", "process": {"id": 5312, "name": "MainProcess"}, "thread": {"id": 6264, "name": "MainThread"}, "time": {"repr": "2024-08-25 14:03:29.315328+05:00", "timestamp": 1724576609.315328}}}
{"text": "2024-08-25T14:03:29.316319+0500 INFO message sent\n", "record": {"elapsed": {"repr": "0:00:11.002347", "seconds": 11.002347}, "exception": null, "extra": {}, "file": {"name": "main.py", "path": "C:\\Users\\melni\\PycharmProjects\\betboom_parser\\main.py"}, "function": "get_message", "level": {"icon": "ℹ️", "name": "INFO", "no": 20}, "line": 32, "message": "message sent", "module": "main", "name": "__main__", "process": {"id": 5312, "name": "MainProcess"}, "thread": {"id": 6264, "name": "MainThread"}, "time": {"repr": "2024-08-25 14:03:29.316319+05:00", "timestamp": 1724576609.316319}}}
{"text": "2024-08-25T14:03:29.317323+0500 DEBUG writing bet to db\n", "record": {"elapsed": {"repr": "0:00:11.003351", "seconds": 11.003351}, "exception": null, "extra": {}, "file": {"name": "main.py", "path": "C:\\Users\\melni\\PycharmProjects\\betboom_parser\\main.py"}, "function": "find_game", "level": {"icon": "🐞", "name": "DEBUG", "no": 10}, "line": 75, "message": "writing bet to db", "module": "main", "name": "__main__", "process": {"id": 5312, "name": "MainProcess"}, "thread": {"id": 6264, "name": "MainThread"}, "time": {"repr": "2024-08-25 14:03:29.317323+05:00", "timestamp": 1724576609.317323}}}
{"text": "2024-08-25T14:03:29.317323+0500 DEBUG finding coefficients\n", "record": {"elapsed": {"repr": "0:00:11.003351", "seconds": 11.003351}, "exception": null, "extra": {}, "file": {"name": "main.py", "path": "C:\\Users\\melni\\PycharmProjects\\betboom_parser\\main.py"}, "function": "get_bet", "level": {"icon": "🐞", "name": "DEBUG", "no": 10}, "line": 101, "message": "finding coefficients", "module": "main", "name": "__main__", "process": {"id": 5312, "name": "MainProcess"}, "thread": {"id": 6264, "name": "MainThread"}, "time": {"repr": "2024-08-25 14:03:29.317323+05:00", "timestamp": 1724576609.317323}}}
{"text": "2024-08-25T14:03:29.318317+0500 DEBUG reading db\n", "record": {"elapsed": {"repr": "0:00:11.004345", "seconds": 11.004345}, "exception": null, "extra": {}, "file": {"name": "main.py", "path": "C:\\Users\\melni\\PycharmProjects\\betboom_parser\\main.py"}, "function": "find_game", "level": {"icon": "🐞", "name": "DEBUG", "no": 10}, "line": 61, "message": "reading db", "module": "main", "name": "__main__", "process": {"id": 5312, "name": "MainProcess"}, "thread": {"id": 6264, "name": "MainThread"}, "time": {"repr": "2024-08-25 14:03:29.318317+05:00", "timestamp": 1724576609.318317}}}
{"text": "2024-08-25T14:03:32.759205+0500 INFO CS 2. CCT Europe Series 9 (25.08 20:30)\nSinners - Young Ninjas\n\n3-я карта -> 1.57 & 2.339\n", "record": {"elapsed": {"repr": "0:00:14.445233", "seconds": 14.445233}, "exception": null, "extra": {}, "file": {"name": "main.py", "path": "C:\\Users\\melni\\PycharmProjects\\betboom_parser\\main.py"}, "function": "get_message", "level": {"icon": "ℹ️", "name": "INFO", "no": 20}, "line": 31, "message": "CS 2. CCT Europe Series 9 (25.08 20:30)\nSinners - Young Ninjas\n\n3-я карта -> 1.57 & 2.339", "module": "main", "name": "__main__", "process": {"id": 5312, "name": "MainProcess"}, "thread": {"id": 6264, "name": "MainThread"}, "time": {"repr": "2024-08-25 14:03:32.759205+05:00", "timestamp": 1724576612.759205}}}
{"text": "2024-08-25T14:03:32.759205+0500 INFO message sent\n", "record": {"elapsed": {"repr": "0:00:14.445233", "seconds": 14.445233}, "exception": null, "extra": {}, "file": {"name": "main.py", "path": "C:\\Users\\melni\\PycharmProjects\\betboom_parser\\main.py"}, "function": "get_message", "level": {"icon": "ℹ️", "name": "INFO", "no": 20}, "line": 32, "message": "message sent", "module": "main", "name": "__main__", "process": {"id": 5312, "name": "MainProcess"}, "thread": {"id": 6264, "name": "MainThread"}, "time": {"repr": "2024-08-25 14:03:32.759205+05:00", "timestamp": 1724576612.759205}}}
{"text": "2024-08-25T14:03:33.083334+0500 INFO CS 2. CCT Europe Series 9 (25.08 20:30)\nSinners - Young Ninjas\n\nold odds: 3-я карта -> 1.54\nnew odds: 3-я карта -> 1.57\n", "record": {"elapsed": {"repr": "0:00:14.769362", "seconds": 14.769362}, "exception": null, "extra": {}, "file": {"name": "main.py", "path": "C:\\Users\\melni\\PycharmProjects\\betboom_parser\\main.py"}, "function": "get_alter_message", "level": {"icon": "ℹ️", "name": "INFO", "no": 20}, "line": 48, "message": "CS 2. CCT Europe Series 9 (25.08 20:30)\nSinners - Young Ninjas\n\nold odds: 3-я карта -> 1.54\nnew odds: 3-я карта -> 1.57", "module": "main", "name": "__main__", "process": {"id": 5312, "name": "MainProcess"}, "thread": {"id": 6264, "name": "MainThread"}, "time": {"repr": "2024-08-25 14:03:33.083334+05:00", "timestamp": 1724576613.083334}}}
{"text": "2024-08-25T14:03:33.084332+0500 INFO message sent\n", "record": {"elapsed": {"repr": "0:00:14.770360", "seconds": 14.77036}, "exception": null, "extra": {}, "file": {"name": "main.py", "path": "C:\\Users\\melni\\PycharmProjects\\betboom_parser\\main.py"}, "function": "get_alter_message", "level": {"icon": "ℹ️", "name": "INFO", "no": 20}, "line": 49, "message": "message sent", "module": "main", "name": "__main__", "process": {"id": 5312, "name": "MainProcess"}, "thread": {"id": 6264, "name": "MainThread"}, "time": {"repr": "2024-08-25 14:03:33.084332+05:00", "timestamp": 1724576613.084332}}}
{"text": "2024-08-25T14:03:33.085326+0500 DEBUG writing bet to db\n", "record": {"elapsed": {"repr": "0:00:14.771354", "seconds": 14.771354}, "exception": null, "extra": {}, "file": {"name": "main.py", "path": "C:\\Users\\melni\\PycharmProjects\\betboom_parser\\main.py"}, "function": "find_game", "level": {"icon": "🐞", "name": "DEBUG", "no": 10}, "line": 75, "message": "writing bet to db", "module": "main", "name": "__main__", "process": {"id": 5312, "name": "MainProcess"}, "thread": {"id": 6264, "name": "MainThread"}, "time": {"repr": "2024-08-25 14:03:33.085326+05:00", "timestamp": 1724576613.085326}}}
{"text": "2024-08-25T14:03:33.086336+0500 DEBUG finding coefficients\n", "record": {"elapsed": {"repr": "0:00:14.772364", "seconds": 14.772364}, "exception": null, "extra": {}, "file": {"name": "main.py", "path": "C:\\Users\\melni\\PycharmProjects\\betboom_parser\\main.py"}, "function": "get_bet", "level": {"icon": "🐞", "name": "DEBUG", "no": 10}, "line": 101, "message": "finding coefficients", "module": "main", "name": "__main__", "process": {"id": 5312, "name": "MainProcess"}, "thread": {"id": 6264, "name": "MainThread"}, "time": {"repr": "2024-08-25 14:03:33.086336+05:00", "timestamp": 1724576613.086336}}}
{"text": "2024-08-25T14:03:33.086336+0500 DEBUG getting info about match...\n", "record": {"elapsed": {"repr": "0:00:14.772364", "seconds": 14.772364}, "exception": null, "extra": {}, "file": {"name": "main.py", "path": "C:\\Users\\melni\\PycharmProjects\\betboom_parser\\main.py"}, "function": "get_match", "level": {"icon": "🐞", "name": "DEBUG", "no": 10}, "line": 126, "message": "getting info about match...", "module": "main", "name": "__main__", "process": {"id": 5312, "name": "MainProcess"}, "thread": {"id": 6264, "name": "MainThread"}, "time": {"repr": "2024-08-25 14:03:33.086336+05:00", "timestamp": 1724576613.086336}}}
{"text": "2024-08-25T14:03:33.306932+0500 DEBUG reading db\n", "record": {"elapsed": {"repr": "0:00:14.992960", "seconds": 14.99296}, "exception": null, "extra": {}, "file": {"name": "main.py", "path": "C:\\Users\\melni\\PycharmProjects\\betboom_parser\\main.py"}, "function": "find_game", "level": {"icon": "🐞", "name": "DEBUG", "no": 10}, "line": 61, "message": "reading db", "module": "main", "name": "__main__", "process": {"id": 5312, "name": "MainProcess"}, "thread": {"id": 6264, "name": "MainThread"}, "time": {"repr": "2024-08-25 14:03:33.306932+05:00", "timestamp": 1724576613.306932}}}
{"text": "2024-08-25T14:03:33.632642+0500 INFO CS 2. CCT Europe Series 9 (25.08 23:30)\nPARIVISION - Monte Gen\n\n1-я карта -> 1.37 & 2.974\n", "record": {"elapsed": {"repr": "0:00:15.318670", "seconds": 15.31867}, "exception": null, "extra": {}, "file": {"name": "main.py", "path": "C:\\Users\\melni\\PycharmProjects\\betboom_parser\\main.py"}, "function": "get_message", "level": {"icon": "ℹ️", "name": "INFO", "no": 20}, "line": 31, "message": "CS 2. CCT Europe Series 9 (25.08 23:30)\nPARIVISION - Monte Gen\n\n1-я карта -> 1.37 & 2.974", "module": "main", "name": "__main__", "process": {"id": 5312, "name": "MainProcess"}, "thread": {"id": 6264, "name": "MainThread"}, "time": {"repr": "2024-08-25 14:03:33.632642+05:00", "timestamp": 1724576613.632642}}}
{"text": "2024-08-25T14:03:33.633628+0500 INFO message sent\n", "record": {"elapsed": {"repr": "0:00:15.319656", "seconds": 15.319656}, "exception": null, "extra": {}, "file": {"name": "main.py", "path": "C:\\Users\\melni\\PycharmProjects\\betboom_parser\\main.py"}, "function": "get_message", "level": {"icon": "ℹ️", "name": "INFO", "no": 20}, "line": 32, "message": "message sent", "module": "main", "name": "__main__", "process": {"id": 5312, "name": "MainProcess"}, "thread": {"id": 6264, "name": "MainThread"}, "time": {"repr": "2024-08-25 14:03:33.633628+05:00", "timestamp": 1724576613.633628}}}
{"text": "2024-08-25T14:03:33.634641+0500 DEBUG writing bet to db\n", "record": {"elapsed": {"repr": "0:00:15.320669", "seconds": 15.320669}, "exception": null, "extra": {}, "file": {"name": "main.py", "path": "C:\\Users\\melni\\PycharmProjects\\betboom_parser\\main.py"}, "function": "find_game", "level": {"icon": "🐞", "name": "DEBUG", "no": 10}, "line": 75, "message": "writing bet to db", "module": "main", "name": "__main__", "process": {"id": 5312, "name": "MainProcess"}, "thread": {"id": 6264, "name": "MainThread"}, "time": {"repr": "2024-08-25 14:03:33.634641+05:00", "timestamp": 1724576613.634641}}}
{"text": "2024-08-25T14:03:33.635664+0500 DEBUG finding coefficients\n", "record": {"elapsed": {"repr": "0:00:15.321692", "seconds": 15.321692}, "exception": null, "extra": {}, "file": {"name": "main.py", "path": "C:\\Users\\melni\\PycharmProjects\\betboom_parser\\main.py"}, "function": "get_bet", "level": {"icon": "🐞", "name": "DEBUG", "no": 10}, "line": 101, "message": "finding coefficients", "module": "main", "name": "__main__", "process": {"id": 5312, "name": "MainProcess"}, "thread": {"id": 6264, "name": "MainThread"}, "time": {"repr": "2024-08-25 14:03:33.635664+05:00", "timestamp": 1724576613.635664}}}
{"text": "2024-08-25T14:03:33.636645+0500 DEBUG reading db\n", "record": {"elapsed": {"repr": "0:00:15.322673", "seconds": 15.322673}, "exception": null, "extra": {}, "file": {"name": "main.py", "path": "C:\\Users\\melni\\PycharmProjects\\betboom_parser\\main.py"}, "function": "find_game", "level": {"icon": "🐞", "name": "DEBUG", "no": 10}, "line": 61, "message": "reading db", "module": "main", "name": "__main__", "process": {"id": 5312, "name": "MainProcess"}, "thread": {"id": 6264, "name": "MainThread"}, "time": {"repr": "2024-08-25 14:03:33.636645+05:00", "timestamp": 1724576613.636645}}}
{"text": "2024-08-25T14:03:33.956947+0500 INFO CS 2. CCT Europe Series 9 (25.08 23:30)\nPARIVISION - Monte Gen\n\n2-я карта -> 1.37 & 2.974\n", "record": {"elapsed": {"repr": "0:00:15.642975", "seconds": 15.642975}, "exception": null, "extra": {}, "file": {"name": "main.py", "path": "C:\\Users\\melni\\PycharmProjects\\betboom_parser\\main.py"}, "function": "get_message", "level": {"icon": "ℹ️", "name": "INFO", "no": 20}, "line": 31, "message": "CS 2. CCT Europe Series 9 (25.08 23:30)\nPARIVISION - Monte Gen\n\n2-я карта -> 1.37 & 2.974", "module": "main", "name": "__main__", "process": {"id": 5312, "name": "MainProcess"}, "thread": {"id": 6264, "name": "MainThread"}, "time": {"repr": "2024-08-25 14:03:33.956947+05:00", "timestamp": 1724576613.956947}}}
{"text": "2024-08-25T14:03:33.957929+0500 INFO message sent\n", "record": {"elapsed": {"repr": "0:00:15.643957", "seconds": 15.643957}, "exception": null, "extra": {}, "file": {"name": "main.py", "path": "C:\\Users\\melni\\PycharmProjects\\betboom_parser\\main.py"}, "function": "get_message", "level": {"icon": "ℹ️", "name": "INFO", "no": 20}, "line": 32, "message": "message sent", "module": "main", "name": "__main__", "process": {"id": 5312, "name": "MainProcess"}, "thread": {"id": 6264, "name": "MainThread"}, "time": {"repr": "2024-08-25 14:03:33.957929+05:00", "timestamp": 1724576613.957929}}}
{"text": "2024-08-25T14:03:33.958929+0500 DEBUG writing bet to db\n", "record": {"elapsed": {"repr": "0:00:15.644957", "seconds": 15.644957}, "exception": null, "extra": {}, "file": {"name": "main.py", "path": "C:\\Users\\melni\\PycharmProjects\\betboom_parser\\main.py"}, "function": "find_game", "level": {"icon": "🐞", "name": "DEBUG", "no": 10}, "line": 75, "message": "writing bet to db", "module": "main", "name": "__main__", "process": {"id": 5312, "name": "MainProcess"}, "thread": {"id": 6264, "name": "MainThread"}, "time": {"repr": "2024-08-25 14:03:33.958929+05:00", "timestamp": 1724576613.958929}}}
{"text": "2024-08-25T14:03:33.958929+0500 DEBUG finding coefficients\n", "record": {"elapsed": {"repr": "0:00:15.644957", "seconds": 15.644957}, "exception": null, "extra": {}, "file": {"name": "main.py", "path": "C:\\Users\\melni\\PycharmProjects\\betboom_parser\\main.py"}, "function": "get_bet", "level": {"icon": "🐞", "name": "DEBUG", "no": 10}, "line": 101, "message": "finding coefficients", "module": "main", "name": "__main__", "process": {"id": 5312, "name": "MainProcess"}, "thread": {"id": 6264, "name": "MainThread"}, "time": {"repr": "2024-08-25 14:03:33.958929+05:00", "timestamp": 1724576613.958929}}}
{"text": "2024-08-25T14:03:33.959937+0500 DEBUG reading db\n", "record": {"elapsed": {"repr": "0:00:15.645965", "seconds": 15.645965}, "exception": null, "extra": {}, "file": {"name": "main.py", "path": "C:\\Users\\melni\\PycharmProjects\\betboom_parser\\main.py"}, "function": "find_game", "level": {"icon": "🐞", "name": "DEBUG", "no": 10}, "line": 61, "message": "reading db", "module": "main", "name": "__main__", "process": {"id": 5312, "name": "MainProcess"}, "thread": {"id": 6264, "name": "MainThread"}, "time": {"repr": "2024-08-25 14:03:33.959937+05:00", "timestamp": 1724576613.959937}}}
{"text": "2024-08-25T14:03:34.270898+0500 INFO CS 2. CCT Europe Series 9 (25.08 23:30)\nPARIVISION - Monte Gen\n\n3-я карта -> 1.4 & 2.863\n", "record": {"elapsed": {"repr": "0:00:15.956926", "seconds": 15.956926}, "exception": null, "extra": {}, "file": {"name": "main.py", "path": "C:\\Users\\melni\\PycharmProjects\\betboom_parser\\main.py"}, "function": "get_message", "level": {"icon": "ℹ️", "name": "INFO", "no": 20}, "line": 31, "message": "CS 2. CCT Europe Series 9 (25.08 23:30)\nPARIVISION - Monte Gen\n\n3-я карта -> 1.4 & 2.863", "module": "main", "name": "__main__", "process": {"id": 5312, "name": "MainProcess"}, "thread": {"id": 6264, "name": "MainThread"}, "time": {"repr": "2024-08-25 14:03:34.270898+05:00", "timestamp": 1724576614.270898}}}
{"text": "2024-08-25T14:03:34.271890+0500 INFO message sent\n", "record": {"elapsed": {"repr": "0:00:15.957918", "seconds": 15.957918}, "exception": null, "extra": {}, "file": {"name": "main.py", "path": "C:\\Users\\melni\\PycharmProjects\\betboom_parser\\main.py"}, "function": "get_message", "level": {"icon": "ℹ️", "name": "INFO", "no": 20}, "line": 32, "message": "message sent", "module": "main", "name": "__main__", "process": {"id": 5312, "name": "MainProcess"}, "thread": {"id": 6264, "name": "MainThread"}, "time": {"repr": "2024-08-25 14:03:34.271890+05:00", "timestamp": 1724576614.27189}}}
{"text": "2024-08-25T14:03:40.642132+0500 INFO CS 2. CCT Europe Series 9 (25.08 23:30)\nPARIVISION - Monte Gen\n\nold odds: 3-я карта -> 1.37\nnew odds: 3-я карта -> 1.4\n", "record": {"elapsed": {"repr": "0:00:22.328160", "seconds": 22.32816}, "exception": null, "extra": {}, "file": {"name": "main.py", "path": "C:\\Users\\melni\\PycharmProjects\\betboom_parser\\main.py"}, "function": "get_alter_message", "level": {"icon": "ℹ️", "name": "INFO", "no": 20}, "line": 48, "message": "CS 2. CCT Europe Series 9 (25.08 23:30)\nPARIVISION - Monte Gen\n\nold odds: 3-я карта -> 1.37\nnew odds: 3-я карта -> 1.4", "module": "main", "name": "__main__", "process": {"id": 5312, "name": "MainProcess"}, "thread": {"id": 6264, "name": "MainThread"}, "time": {"repr": "2024-08-25 14:03:40.642132+05:00", "timestamp": 1724576620.642132}}}
{"text": "2024-08-25T14:03:40.643103+0500 INFO message sent\n", "record": {"elapsed": {"repr": "0:00:22.329131", "seconds": 22.329131}, "exception": null, "extra": {}, "file": {"name": "main.py", "path": "C:\\Users\\melni\\PycharmProjects\\betboom_parser\\main.py"}, "function": "get_alter_message", "level": {"icon": "ℹ️", "name": "INFO", "no": 20}, "line": 49, "message": "message sent", "module": "main", "name": "__main__", "process": {"id": 5312, "name": "MainProcess"}, "thread": {"id": 6264, "name": "MainThread"}, "time": {"repr": "2024-08-25 14:03:40.643103+05:00", "timestamp": 1724576620.643103}}}
{"text": "2024-08-25T14:03:40.644106+0500 DEBUG writing bet to db\n", "record": {"elapsed": {"repr": "0:00:22.330134", "seconds": 22.330134}, "exception": null, "extra": {}, "file": {"name": "main.py", "path": "C:\\Users\\melni\\PycharmProjects\\betboom_parser\\main.py"}, "function": "find_game", "level": {"icon": "🐞", "name": "DEBUG", "no": 10}, "line": 75, "message": "writing bet to db", "module": "main", "name": "__main__", "process": {"id": 5312, "name": "MainProcess"}, "thread": {"id": 6264, "name": "MainThread"}, "time": {"repr": "2024-08-25 14:03:40.644106+05:00", "timestamp": 1724576620.644106}}}
{"text": "2024-08-25T14:03:40.646164+0500 DEBUG finding coefficients\n", "record": {"elapsed": {"repr": "0:00:22.332192", "seconds": 22.332192}, "exception": null, "extra": {}, "file": {"name": "main.py", "path": "C:\\Users\\melni\\PycharmProjects\\betboom_parser\\main.py"}, "function": "get_bet", "level": {"icon": "🐞", "name": "DEBUG", "no": 10}, "line": 101, "message": "finding coefficients", "module": "main", "name": "__main__", "process": {"id": 5312, "name": "MainProcess"}, "thread": {"id": 6264, "name": "MainThread"}, "time": {"repr": "2024-08-25 14:03:40.646164+05:00", "timestamp": 1724576620.646164}}}
{"text": "2024-08-25T14:03:40.646164+0500 DEBUG getting info about match...\n", "record": {"elapsed": {"repr": "0:00:22.332192", "seconds": 22.332192}, "exception": null, "extra": {}, "file": {"name": "main.py", "path": "C:\\Users\\melni\\PycharmProjects\\betboom_parser\\main.py"}, "function": "get_match", "level": {"icon": "🐞", "name": "DEBUG", "no": 10}, "line": 126, "message": "getting info about match...", "module": "main", "name": "__main__", "process": {"id": 5312, "name": "MainProcess"}, "thread": {"id": 6264, "name": "MainThread"}, "time": {"repr": "2024-08-25 14:03:40.646164+05:00", "timestamp": 1724576620.646164}}}
{"text": "2024-08-25T14:03:40.848304+0500 DEBUG reading db\n", "record": {"elapsed": {"repr": "0:00:22.534332", "seconds": 22.534332}, "exception": null, "extra": {}, "file": {"name": "main.py", "path": "C:\\Users\\melni\\PycharmProjects\\betboom_parser\\main.py"}, "function": "find_game", "level": {"icon": "🐞", "name": "DEBUG", "no": 10}, "line": 61, "message": "reading db", "module": "main", "name": "__main__", "process": {"id": 5312, "name": "MainProcess"}, "thread": {"id": 6264, "name": "MainThread"}, "time": {"repr": "2024-08-25 14:03:40.848304+05:00", "timestamp": 1724576620.848304}}}
{"text": "2024-08-25T14:03:41.153633+0500 INFO CS 2. CCT Europe Series 9 (26.08 14:30)\nBIG - ALTERNATE aTTaX\n\n1-я карта -> 1.26 & 3.69\n", "record": {"elapsed": {"repr": "0:00:22.839661", "seconds": 22.839661}, "exception": null, "extra": {}, "file": {"name": "main.py", "path": "C:\\Users\\melni\\PycharmProjects\\betboom_parser\\main.py"}, "function": "get_message", "level": {"icon": "ℹ️", "name": "INFO", "no": 20}, "line": 31, "message": "CS 2. CCT Europe Series 9 (26.08 14:30)\nBIG - ALTERNATE aTTaX\n\n1-я карта -> 1.26 & 3.69", "module": "main", "name": "__main__", "process": {"id": 5312, "name": "MainProcess"}, "thread": {"id": 6264, "name": "MainThread"}, "time": {"repr": "2024-08-25 14:03:41.153633+05:00", "timestamp": 1724576621.153633}}}
{"text": "2024-08-25T14:03:41.154629+0500 INFO message sent\n", "record": {"elapsed": {"repr": "0:00:22.840657", "seconds": 22.840657}, "exception": null, "extra": {}, "file": {"name": "main.py", "path": "C:\\Users\\melni\\PycharmProjects\\betboom_parser\\main.py"}, "function": "get_message", "level": {"icon": "ℹ️", "name": "INFO", "no": 20}, "line": 32, "message": "message sent", "module": "main", "name": "__main__", "process": {"id": 5312, "name": "MainProcess"}, "thread": {"id": 6264, "name": "MainThread"}, "time": {"repr": "2024-08-25 14:03:41.154629+05:00", "timestamp": 1724576621.154629}}}
{"text": "2024-08-25T14:03:41.155633+0500 DEBUG writing bet to db\n", "record": {"elapsed": {"repr": "0:00:22.841661", "seconds": 22.841661}, "exception": null, "extra": {}, "file": {"name": "main.py", "path": "C:\\Users\\melni\\PycharmProjects\\betboom_parser\\main.py"}, "function": "find_game", "level": {"icon": "🐞", "name": "DEBUG", "no": 10}, "line": 75, "message": "writing bet to db", "module": "main", "name": "__main__", "process": {"id": 5312, "name": "MainProcess"}, "thread": {"id": 6264, "name": "MainThread"}, "time": {"repr": "2024-08-25 14:03:41.155633+05:00", "timestamp": 1724576621.155633}}}
{"text": "2024-08-25T14:03:41.156636+0500 DEBUG finding coefficients\n", "record": {"elapsed": {"repr": "0:00:22.842664", "seconds": 22.842664}, "exception": null, "extra": {}, "file": {"name": "main.py", "path": "C:\\Users\\melni\\PycharmProjects\\betboom_parser\\main.py"}, "function": "get_bet", "level": {"icon": "🐞", "name": "DEBUG", "no": 10}, "line": 101, "message": "finding coefficients", "module": "main", "name": "__main__", "process": {"id": 5312, "name": "MainProcess"}, "thread": {"id": 6264, "name": "MainThread"}, "time": {"repr": "2024-08-25 14:03:41.156636+05:00", "timestamp": 1724576621.156636}}}
{"text": "2024-08-25T14:03:41.156636+0500 DEBUG reading db\n", "record": {"elapsed": {"repr": "0:00:22.842664", "seconds": 22.842664}, "exception": null, "extra": {}, "file": {"name": "main.py", "path": "C:\\Users\\melni\\PycharmProjects\\betboom_parser\\main.py"}, "function": "find_game", "level": {"icon": "🐞", "name": "DEBUG", "no": 10}, "line": 61, "message": "reading db", "module": "main", "name": "__main__", "process": {"id": 5312, "name": "MainProcess"}, "thread": {"id": 6264, "name": "MainThread"}, "time": {"repr": "2024-08-25 14:03:41.156636+05:00", "timestamp": 1724576621.156636}}}
{"text": "2024-08-25T14:03:41.494363+0500 INFO CS 2. CCT Europe Series 9 (26.08 14:30)\nBIG - ALTERNATE aTTaX\n\n2-я карта -> 1.26 & 3.69\n", "record": {"elapsed": {"repr": "0:00:23.180391", "seconds": 23.180391}, "exception": null, "extra": {}, "file": {"name": "main.py", "path": "C:\\Users\\melni\\PycharmProjects\\betboom_parser\\main.py"}, "function": "get_message", "level": {"icon": "ℹ️", "name": "INFO", "no": 20}, "line": 31, "message": "CS 2. CCT Europe Series 9 (26.08 14:30)\nBIG - ALTERNATE aTTaX\n\n2-я карта -> 1.26 & 3.69", "module": "main", "name": "__main__", "process": {"id": 5312, "name": "MainProcess"}, "thread": {"id": 6264, "name": "MainThread"}, "time": {"repr": "2024-08-25 14:03:41.494363+05:00", "timestamp": 1724576621.494363}}}
{"text": "2024-08-25T14:03:41.495366+0500 INFO message sent\n", "record": {"elapsed": {"repr": "0:00:23.181394", "seconds": 23.181394}, "exception": null, "extra": {}, "file": {"name": "main.py", "path": "C:\\Users\\melni\\PycharmProjects\\betboom_parser\\main.py"}, "function": "get_message", "level": {"icon": "ℹ️", "name": "INFO", "no": 20}, "line": 32, "message": "message sent", "module": "main", "name": "__main__", "process": {"id": 5312, "name": "MainProcess"}, "thread": {"id": 6264, "name": "MainThread"}, "time": {"repr": "2024-08-25 14:03:41.495366+05:00", "timestamp": 1724576621.495366}}}
{"text": "2024-08-25T14:03:41.496368+0500 DEBUG writing bet to db\n", "record": {"elapsed": {"repr": "0:00:23.182396", "seconds": 23.182396}, "exception": null, "extra": {}, "file": {"name": "main.py", "path": "C:\\Users\\melni\\PycharmProjects\\betboom_parser\\main.py"}, "function": "find_game", "level": {"icon": "🐞", "name": "DEBUG", "no": 10}, "line": 75, "message": "writing bet to db", "module": "main", "name": "__main__", "process": {"id": 5312, "name": "MainProcess"}, "thread": {"id": 6264, "name": "MainThread"}, "time": {"repr": "2024-08-25 14:03:41.496368+05:00", "timestamp": 1724576621.496368}}}
{"text": "2024-08-25T14:03:41.497390+0500 DEBUG finding coefficients\n", "record": {"elapsed": {"repr": "0:00:23.183418", "seconds": 23.183418}, "exception": null, "extra": {}, "file": {"name": "main.py", "path": "C:\\Users\\melni\\PycharmProjects\\betboom_parser\\main.py"}, "function": "get_bet", "level": {"icon": "🐞", "name": "DEBUG", "no": 10}, "line": 101, "message": "finding coefficients", "module": "main", "name": "__main__", "process": {"id": 5312, "name": "MainProcess"}, "thread": {"id": 6264, "name": "MainThread"}, "time": {"repr": "2024-08-25 14:03:41.497390+05:00", "timestamp": 1724576621.49739}}}
{"text": "2024-08-25T14:03:41.497390+0500 DEBUG reading db\n", "record": {"elapsed": {"repr": "0:00:23.183418", "seconds": 23.183418}, "exception": null, "extra": {}, "file": {"name": "main.py", "path": "C:\\Users\\melni\\PycharmProjects\\betboom_parser\\main.py"}, "function": "find_game", "level": {"icon": "🐞", "name": "DEBUG", "no": 10}, "line": 61, "message": "reading db", "module": "main", "name": "__main__", "process": {"id": 5312, "name": "MainProcess"}, "thread": {"id": 6264, "name": "MainThread"}, "time": {"repr": "2024-08-25 14:03:41.497390+05:00", "timestamp": 1724576621.49739}}}
{"text": "2024-08-25T14:03:41.808937+0500 INFO CS 2. CCT Europe Series 9 (26.08 14:30)\nBIG - ALTERNATE aTTaX\n\n3-я карта -> 1.28 & 3.545\n", "record": {"elapsed": {"repr": "0:00:23.494965", "seconds": 23.494965}, "exception": null, "extra": {}, "file": {"name": "main.py", "path": "C:\\Users\\melni\\PycharmProjects\\betboom_parser\\main.py"}, "function": "get_message", "level": {"icon": "ℹ️", "name": "INFO", "no": 20}, "line": 31, "message": "CS 2. CCT Europe Series 9 (26.08 14:30)\nBIG - ALTERNATE aTTaX\n\n3-я карта -> 1.28 & 3.545", "module": "main", "name": "__main__", "process": {"id": 5312, "name": "MainProcess"}, "thread": {"id": 6264, "name": "MainThread"}, "time": {"repr": "2024-08-25 14:03:41.808937+05:00", "timestamp": 1724576621.808937}}}
{"text": "2024-08-25T14:03:41.809913+0500 INFO message sent\n", "record": {"elapsed": {"repr": "0:00:23.495941", "seconds": 23.495941}, "exception": null, "extra": {}, "file": {"name": "main.py", "path": "C:\\Users\\melni\\PycharmProjects\\betboom_parser\\main.py"}, "function": "get_message", "level": {"icon": "ℹ️", "name": "INFO", "no": 20}, "line": 32, "message": "message sent", "module": "main", "name": "__main__", "process": {"id": 5312, "name": "MainProcess"}, "thread": {"id": 6264, "name": "MainThread"}, "time": {"repr": "2024-08-25 14:03:41.809913+05:00", "timestamp": 1724576621.809913}}}
{"text": "2024-08-25T14:03:42.161046+0500 INFO CS 2. CCT Europe Series 9 (26.08 14:30)\nBIG - ALTERNATE aTTaX\n\nold odds: 3-я карта -> 1.26\nnew odds: 3-я карта -> 1.28\n", "record": {"elapsed": {"repr": "0:00:23.847074", "seconds": 23.847074}, "exception": null, "extra": {}, "file": {"name": "main.py", "path": "C:\\Users\\melni\\PycharmProjects\\betboom_parser\\main.py"}, "function": "get_alter_message", "level": {"icon": "ℹ️", "name": "INFO", "no": 20}, "line": 48, "message": "CS 2. CCT Europe Series 9 (26.08 14:30)\nBIG - ALTERNATE aTTaX\n\nold odds: 3-я карта -> 1.26\nnew odds: 3-я карта -> 1.28", "module": "main", "name": "__main__", "process": {"id": 5312, "name": "MainProcess"}, "thread": {"id": 6264, "name": "MainThread"}, "time": {"repr": "2024-08-25 14:03:42.161046+05:00", "timestamp": 1724576622.161046}}}
{"text": "2024-08-25T14:03:42.161046+0500 INFO message sent\n", "record": {"elapsed": {"repr": "0:00:23.847074", "seconds": 23.847074}, "exception": null, "extra": {}, "file": {"name": "main.py", "path": "C:\\Users\\melni\\PycharmProjects\\betboom_parser\\main.py"}, "function": "get_alter_message", "level": {"icon": "ℹ️", "name": "INFO", "no": 20}, "line": 49, "message": "message sent", "module": "main", "name": "__main__", "process": {"id": 5312, "name": "MainProcess"}, "thread": {"id": 6264, "name": "MainThread"}, "time": {"repr": "2024-08-25 14:03:42.161046+05:00", "timestamp": 1724576622.161046}}}
{"text": "2024-08-25T14:03:42.162051+0500 DEBUG writing bet to db\n", "record": {"elapsed": {"repr": "0:00:23.848079", "seconds": 23.848079}, "exception": null, "extra": {}, "file": {"name": "main.py", "path": "C:\\Users\\melni\\PycharmProjects\\betboom_parser\\main.py"}, "function": "find_game", "level": {"icon": "🐞", "name": "DEBUG", "no": 10}, "line": 75, "message": "writing bet to db", "module": "main", "name": "__main__", "process": {"id": 5312, "name": "MainProcess"}, "thread": {"id": 6264, "name": "MainThread"}, "time": {"repr": "2024-08-25 14:03:42.162051+05:00", "timestamp": 1724576622.162051}}}
{"text": "2024-08-25T14:03:42.163056+0500 DEBUG finding coefficients\n", "record": {"elapsed": {"repr": "0:00:23.849084", "seconds": 23.849084}, "exception": null, "extra": {}, "file": {"name": "main.py", "path": "C:\\Users\\melni\\PycharmProjects\\betboom_parser\\main.py"}, "function": "get_bet", "level": {"icon": "🐞", "name": "DEBUG", "no": 10}, "line": 101, "message": "finding coefficients", "module": "main", "name": "__main__", "process": {"id": 5312, "name": "MainProcess"}, "thread": {"id": 6264, "name": "MainThread"}, "time": {"repr": "2024-08-25 14:03:42.163056+05:00", "timestamp": 1724576622.163056}}}
{"text": "2024-08-25T14:03:42.163056+0500 DEBUG getting info about match...\n", "record": {"elapsed": {"repr": "0:00:23.849084", "seconds": 23.849084}, "exception": null, "extra": {}, "file": {"name": "main.py", "path": "C:\\Users\\melni\\PycharmProjects\\betboom_parser\\main.py"}, "function": "get_match", "level": {"icon": "🐞", "name": "DEBUG", "no": 10}, "line": 126, "message": "getting info about match...", "module": "main", "name": "__main__", "process": {"id": 5312, "name": "MainProcess"}, "thread": {"id": 6264, "name": "MainThread"}, "time": {"repr": "2024-08-25 14:03:42.163056+05:00", "timestamp": 1724576622.163056}}}
{"text": "2024-08-25T14:03:42.369802+0500 DEBUG reading db\n", "record": {"elapsed": {"repr": "0:00:24.055830", "seconds": 24.05583}, "exception": null, "extra": {}, "file": {"name": "main.py", "path": "C:\\Users\\melni\\PycharmProjects\\betboom_parser\\main.py"}, "function": "find_game", "level": {"icon": "🐞", "name": "DEBUG", "no": 10}, "line": 61, "message": "reading db", "module": "main", "name": "__main__", "process": {"id": 5312, "name": "MainProcess"}, "thread": {"id": 6264, "name": "MainThread"}, "time": {"repr": "2024-08-25 14:03:42.369802+05:00", "timestamp": 1724576622.369802}}}
{"text": "2024-08-25T14:03:45.711574+0500 INFO CS 2. CCT Europe Series 9 (26.08 17:30)\nKOI - ECSTATIC\n\n1-я карта -> 1.65 & 2.176\n", "record": {"elapsed": {"repr": "0:00:27.397602", "seconds": 27.397602}, "exception": null, "extra": {}, "file": {"name": "main.py", "path": "C:\\Users\\melni\\PycharmProjects\\betboom_parser\\main.py"}, "function": "get_message", "level": {"icon": "ℹ️", "name": "INFO", "no": 20}, "line": 31, "message": "CS 2. CCT Europe Series 9 (26.08 17:30)\nKOI - ECSTATIC\n\n1-я карта -> 1.65 & 2.176", "module": "main", "name": "__main__", "process": {"id": 5312, "name": "MainProcess"}, "thread": {"id": 6264, "name": "MainThread"}, "time": {"repr": "2024-08-25 14:03:45.711574+05:00", "timestamp": 1724576625.711574}}}
{"text": "2024-08-25T14:03:45.711574+0500 INFO message sent\n", "record": {"elapsed": {"repr": "0:00:27.397602", "seconds": 27.397602}, "exception": null, "extra": {}, "file": {"name": "main.py", "path": "C:\\Users\\melni\\PycharmProjects\\betboom_parser\\main.py"}, "function": "get_message", "level": {"icon": "ℹ️", "name": "INFO", "no": 20}, "line": 32, "message": "message sent", "module": "main", "name": "__main__", "process": {"id": 5312, "name": "MainProcess"}, "thread": {"id": 6264, "name": "MainThread"}, "time": {"repr": "2024-08-25 14:03:45.711574+05:00", "timestamp": 1724576625.711574}}}
{"text": "2024-08-25T14:03:45.712551+0500 DEBUG writing bet to db\n", "record": {"elapsed": {"repr": "0:00:27.398579", "seconds": 27.398579}, "exception": null, "extra": {}, "file": {"name": "main.py", "path": "C:\\Users\\melni\\PycharmProjects\\betboom_parser\\main.py"}, "function": "find_game", "level": {"icon": "🐞", "name": "DEBUG", "no": 10}, "line": 75, "message": "writing bet to db", "module": "main", "name": "__main__", "process": {"id": 5312, "name": "MainProcess"}, "thread": {"id": 6264, "name": "MainThread"}, "time": {"repr": "2024-08-25 14:03:45.712551+05:00", "timestamp": 1724576625.712551}}}
{"text": "2024-08-25T14:03:45.713584+0500 DEBUG finding coefficients\n", "record": {"elapsed": {"repr": "0:00:27.399612", "seconds": 27.399612}, "exception": null, "extra": {}, "file": {"name": "main.py", "path": "C:\\Users\\melni\\PycharmProjects\\betboom_parser\\main.py"}, "function": "get_bet", "level": {"icon": "🐞", "name": "DEBUG", "no": 10}, "line": 101, "message": "finding coefficients", "module": "main", "name": "__main__", "process": {"id": 5312, "name": "MainProcess"}, "thread": {"id": 6264, "name": "MainThread"}, "time": {"repr": "2024-08-25 14:03:45.713584+05:00", "timestamp": 1724576625.713584}}}
{"text": "2024-08-25T14:03:45.714558+0500 DEBUG reading db\n", "record": {"elapsed": {"repr": "0:00:27.400586", "seconds": 27.400586}, "exception": null, "extra": {}, "file": {"name": "main.py", "path": "C:\\Users\\melni\\PycharmProjects\\betboom_parser\\main.py"}, "function": "find_game", "level": {"icon": "🐞", "name": "DEBUG", "no": 10}, "line": 61, "message": "reading db", "module": "main", "name": "__main__", "process": {"id": 5312, "name": "MainProcess"}, "thread": {"id": 6264, "name": "MainThread"}, "time": {"repr": "2024-08-25 14:03:45.714558+05:00", "timestamp": 1724576625.714558}}}
{"text": "2024-08-25T14:03:46.064666+0500 INFO CS 2. CCT Europe Series 9 (26.08 17:30)\nKOI - ECSTATIC\n\n2-я карта -> 1.65 & 2.176\n", "record": {"elapsed": {"repr": "0:00:27.750694", "seconds": 27.750694}, "exception": null, "extra": {}, "file": {"name": "main.py", "path": "C:\\Users\\melni\\PycharmProjects\\betboom_parser\\main.py"}, "function": "get_message", "level": {"icon": "ℹ️", "name": "INFO", "no": 20}, "line": 31, "message": "CS 2. CCT Europe Series 9 (26.08 17:30)\nKOI - ECSTATIC\n\n2-я карта -> 1.65 & 2.176", "module": "main", "name": "__main__", "process": {"id": 5312, "name": "MainProcess"}, "thread": {"id": 6264, "name": "MainThread"}, "time": {"repr": "2024-08-25 14:03:46.064666+05:00", "timestamp": 1724576626.064666}}}
{"text": "2024-08-25T14:03:46.065651+0500 INFO message sent\n", "record": {"elapsed": {"repr": "0:00:27.751679", "seconds": 27.751679}, "exception": null, "extra": {}, "file": {"name": "main.py", "path": "C:\\Users\\melni\\PycharmProjects\\betboom_parser\\main.py"}, "function": "get_message", "level": {"icon": "ℹ️", "name": "INFO", "no": 20}, "line": 32, "message": "message sent", "module": "main", "name": "__main__", "process": {"id": 5312, "name": "MainProcess"}, "thread": {"id": 6264, "name": "MainThread"}, "time": {"repr": "2024-08-25 14:03:46.065651+05:00", "timestamp": 1724576626.065651}}}
{"text": "2024-08-25T14:03:46.066665+0500 DEBUG writing bet to db\n", "record": {"elapsed": {"repr": "0:00:27.752693", "seconds": 27.752693}, "exception": null, "extra": {}, "file": {"name": "main.py", "path": "C:\\Users\\melni\\PycharmProjects\\betboom_parser\\main.py"}, "function": "find_game", "level": {"icon": "🐞", "name": "DEBUG", "no": 10}, "line": 75, "message": "writing bet to db", "module": "main", "name": "__main__", "process": {"id": 5312, "name": "MainProcess"}, "thread": {"id": 6264, "name": "MainThread"}, "time": {"repr": "2024-08-25 14:03:46.066665+05:00", "timestamp": 1724576626.066665}}}
{"text": "2024-08-25T14:03:46.067658+0500 DEBUG finding coefficients\n", "record": {"elapsed": {"repr": "0:00:27.753686", "seconds": 27.753686}, "exception": null, "extra": {}, "file": {"name": "main.py", "path": "C:\\Users\\melni\\PycharmProjects\\betboom_parser\\main.py"}, "function": "get_bet", "level": {"icon": "🐞", "name": "DEBUG", "no": 10}, "line": 101, "message": "finding coefficients", "module": "main", "name": "__main__", "process": {"id": 5312, "name": "MainProcess"}, "thread": {"id": 6264, "name": "MainThread"}, "time": {"repr": "2024-08-25 14:03:46.067658+05:00", "timestamp": 1724576626.067658}}}
{"text": "2024-08-25T14:03:46.067658+0500 DEBUG reading db\n", "record": {"elapsed": {"repr": "0:00:27.753686", "seconds": 27.753686}, "exception": null, "extra": {}, "file": {"name": "main.py", "path": "C:\\Users\\melni\\PycharmProjects\\betboom_parser\\main.py"}, "function": "find_game", "level": {"icon": "🐞", "name": "DEBUG", "no": 10}, "line": 61, "message": "reading db", "module": "main", "name": "__main__", "process": {"id": 5312, "name": "MainProcess"}, "thread": {"id": 6264, "name": "MainThread"}, "time": {"repr": "2024-08-25 14:03:46.067658+05:00", "timestamp": 1724576626.067658}}}
{"text": "2024-08-25T14:03:46.392015+0500 INFO CS 2. CCT Europe Series 9 (26.08 17:30)\nKOI - ECSTATIC\n\n3-я карта -> 1.65 & 2.176\n", "record": {"elapsed": {"repr": "0:00:28.078043", "seconds": 28.078043}, "exception": null, "extra": {}, "file": {"name": "main.py", "path": "C:\\Users\\melni\\PycharmProjects\\betboom_parser\\main.py"}, "function": "get_message", "level": {"icon": "ℹ️", "name": "INFO", "no": 20}, "line": 31, "message": "CS 2. CCT Europe Series 9 (26.08 17:30)\nKOI - ECSTATIC\n\n3-я карта -> 1.65 & 2.176", "module": "main", "name": "__main__", "process": {"id": 5312, "name": "MainProcess"}, "thread": {"id": 6264, "name": "MainThread"}, "time": {"repr": "2024-08-25 14:03:46.392015+05:00", "timestamp": 1724576626.392015}}}
{"text": "2024-08-25T14:03:46.393017+0500 INFO message sent\n", "record": {"elapsed": {"repr": "0:00:28.079045", "seconds": 28.079045}, "exception": null, "extra": {}, "file": {"name": "main.py", "path": "C:\\Users\\melni\\PycharmProjects\\betboom_parser\\main.py"}, "function": "get_message", "level": {"icon": "ℹ️", "name": "INFO", "no": 20}, "line": 32, "message": "message sent", "module": "main", "name": "__main__", "process": {"id": 5312, "name": "MainProcess"}, "thread": {"id": 6264, "name": "MainThread"}, "time": {"repr": "2024-08-25 14:03:46.393017+05:00", "timestamp": 1724576626.393017}}}
{"text": "2024-08-25T14:03:46.394005+0500 DEBUG writing bet to db\n", "record": {"elapsed": {"repr": "0:00:28.080033", "seconds": 28.080033}, "exception": null, "extra": {}, "file": {"name": "main.py", "path": "C:\\Users\\melni\\PycharmProjects\\betboom_parser\\main.py"}, "function": "find_game", "level": {"icon": "🐞", "name": "DEBUG", "no": 10}, "line": 75, "message": "writing bet to db", "module": "main", "name": "__main__", "process": {"id": 5312, "name": "MainProcess"}, "thread": {"id": 6264, "name": "MainThread"}, "time": {"repr": "2024-08-25 14:03:46.394005+05:00", "timestamp": 1724576626.394005}}}
{"text": "2024-08-25T14:03:46.395019+0500 DEBUG finding coefficients\n", "record": {"elapsed": {"repr": "0:00:28.081047", "seconds": 28.081047}, "exception": null, "extra": {}, "file": {"name": "main.py", "path": "C:\\Users\\melni\\PycharmProjects\\betboom_parser\\main.py"}, "function": "get_bet", "level": {"icon": "🐞", "name": "DEBUG", "no": 10}, "line": 101, "message": "finding coefficients", "module": "main", "name": "__main__", "process": {"id": 5312, "name": "MainProcess"}, "thread": {"id": 6264, "name": "MainThread"}, "time": {"repr": "2024-08-25 14:03:46.395019+05:00", "timestamp": 1724576626.395019}}}
{"text": "2024-08-25T14:03:46.396015+0500 DEBUG getting info about match...\n", "record": {"elapsed": {"repr": "0:00:28.082043", "seconds": 28.082043}, "exception": null, "extra": {}, "file": {"name": "main.py", "path": "C:\\Users\\melni\\PycharmProjects\\betboom_parser\\main.py"}, "function": "get_match", "level": {"icon": "🐞", "name": "DEBUG", "no": 10}, "line": 126, "message": "getting info about match...", "module": "main", "name": "__main__", "process": {"id": 5312, "name": "MainProcess"}, "thread": {"id": 6264, "name": "MainThread"}, "time": {"repr": "2024-08-25 14:03:46.396015+05:00", "timestamp": 1724576626.396015}}}
{"text": "2024-08-25T14:03:46.648977+0500 DEBUG reading db\n", "record": {"elapsed": {"repr": "0:00:28.335005", "seconds": 28.335005}, "exception": null, "extra": {}, "file": {"name": "main.py", "path": "C:\\Users\\melni\\PycharmProjects\\betboom_parser\\main.py"}, "function": "find_game", "level": {"icon": "🐞", "name": "DEBUG", "no": 10}, "line": 61, "message": "reading db", "module": "main", "name": "__main__", "process": {"id": 5312, "name": "MainProcess"}, "thread": {"id": 6264, "name": "MainThread"}, "time": {"repr": "2024-08-25 14:03:46.648977+05:00", "timestamp": 1724576626.648977}}}
{"text": "2024-08-25T14:03:46.947056+0500 INFO CS 2. CCT Europe Series 9 (26.08 20:30)\nPassion UA - Endpoint\n\n1-я карта -> 1.51 & 2.472\n", "record": {"elapsed": {"repr": "0:00:28.633084", "seconds": 28.633084}, "exception": null, "extra": {}, "file": {"name": "main.py", "path": "C:\\Users\\melni\\PycharmProjects\\betboom_parser\\main.py"}, "function": "get_message", "level": {"icon": "ℹ️", "name": "INFO", "no": 20}, "line": 31, "message": "CS 2. CCT Europe Series 9 (26.08 20:30)\nPassion UA - Endpoint\n\n1-я карта -> 1.51 & 2.472", "module": "main", "name": "__main__", "process": {"id": 5312, "name": "MainProcess"}, "thread": {"id": 6264, "name": "MainThread"}, "time": {"repr": "2024-08-25 14:03:46.947056+05:00", "timestamp": 1724576626.947056}}}
{"text": "2024-08-25T14:03:46.948048+0500 INFO message sent\n", "record": {"elapsed": {"repr": "0:00:28.634076", "seconds": 28.634076}, "exception": null, "extra": {}, "file": {"name": "main.py", "path": "C:\\Users\\melni\\PycharmProjects\\betboom_parser\\main.py"}, "function": "get_message", "level": {"icon": "ℹ️", "name": "INFO", "no": 20}, "line": 32, "message": "message sent", "module": "main", "name": "__main__", "process": {"id": 5312, "name": "MainProcess"}, "thread": {"id": 6264, "name": "MainThread"}, "time": {"repr": "2024-08-25 14:03:46.948048+05:00", "timestamp": 1724576626.948048}}}
{"text": "2024-08-25T14:03:46.948048+0500 DEBUG writing bet to db\n", "record": {"elapsed": {"repr": "0:00:28.634076", "seconds": 28.634076}, "exception": null, "extra": {}, "file": {"name": "main.py", "path": "C:\\Users\\melni\\PycharmProjects\\betboom_parser\\main.py"}, "function": "find_game", "level": {"icon": "🐞", "name": "DEBUG", "no": 10}, "line": 75, "message": "writing bet to db", "module": "main", "name": "__main__", "process": {"id": 5312, "name": "MainProcess"}, "thread": {"id": 6264, "name": "MainThread"}, "time": {"repr": "2024-08-25 14:03:46.948048+05:00", "timestamp": 1724576626.948048}}}
{"text": "2024-08-25T14:03:46.949060+0500 DEBUG finding coefficients\n", "record": {"elapsed": {"repr": "0:00:28.635088", "seconds": 28.635088}, "exception": null, "extra": {}, "file": {"name": "main.py", "path": "C:\\Users\\melni\\PycharmProjects\\betboom_parser\\main.py"}, "function": "get_bet", "level": {"icon": "🐞", "name": "DEBUG", "no": 10}, "line": 101, "message": "finding coefficients", "module": "main", "name": "__main__", "process": {"id": 5312, "name": "MainProcess"}, "thread": {"id": 6264, "name": "MainThread"}, "time": {"repr": "2024-08-25 14:03:46.949060+05:00", "timestamp": 1724576626.94906}}}
{"text": "2024-08-25T14:03:46.949060+0500 DEBUG reading db\n", "record": {"elapsed": {"repr": "0:00:28.635088", "seconds": 28.635088}, "exception": null, "extra": {}, "file": {"name": "main.py", "path": "C:\\Users\\melni\\PycharmProjects\\betboom_parser\\main.py"}, "function": "find_game", "level": {"icon": "🐞", "name": "DEBUG", "no": 10}, "line": 61, "message": "reading db", "module": "main", "name": "__main__", "process": {"id": 5312, "name": "MainProcess"}, "thread": {"id": 6264, "name": "MainThread"}, "time": {"repr": "2024-08-25 14:03:46.949060+05:00", "timestamp": 1724576626.94906}}}
{"text": "2024-08-25T14:03:47.257049+0500 INFO CS 2. CCT Europe Series 9 (26.08 20:30)\nPassion UA - Endpoint\n\n2-я карта -> 1.51 & 2.472\n", "record": {"elapsed": {"repr": "0:00:28.943077", "seconds": 28.943077}, "exception": null, "extra": {}, "file": {"name": "main.py", "path": "C:\\Users\\melni\\PycharmProjects\\betboom_parser\\main.py"}, "function": "get_message", "level": {"icon": "ℹ️", "name": "INFO", "no": 20}, "line": 31, "message": "CS 2. CCT Europe Series 9 (26.08 20:30)\nPassion UA - Endpoint\n\n2-я карта -> 1.51 & 2.472", "module": "main", "name": "__main__", "process": {"id": 5312, "name": "MainProcess"}, "thread": {"id": 6264, "name": "MainThread"}, "time": {"repr": "2024-08-25 14:03:47.257049+05:00", "timestamp": 1724576627.257049}}}
{"text": "2024-08-25T14:03:47.258041+0500 INFO message sent\n", "record": {"elapsed": {"repr": "0:00:28.944069", "seconds": 28.944069}, "exception": null, "extra": {}, "file": {"name": "main.py", "path": "C:\\Users\\melni\\PycharmProjects\\betboom_parser\\main.py"}, "function": "get_message", "level": {"icon": "ℹ️", "name": "INFO", "no": 20}, "line": 32, "message": "message sent", "module": "main", "name": "__main__", "process": {"id": 5312, "name": "MainProcess"}, "thread": {"id": 6264, "name": "MainThread"}, "time": {"repr": "2024-08-25 14:03:47.258041+05:00", "timestamp": 1724576627.258041}}}
{"text": "2024-08-25T14:03:47.258041+0500 DEBUG writing bet to db\n", "record": {"elapsed": {"repr": "0:00:28.944069", "seconds": 28.944069}, "exception": null, "extra": {}, "file": {"name": "main.py", "path": "C:\\Users\\melni\\PycharmProjects\\betboom_parser\\main.py"}, "function": "find_game", "level": {"icon": "🐞", "name": "DEBUG", "no": 10}, "line": 75, "message": "writing bet to db", "module": "main", "name": "__main__", "process": {"id": 5312, "name": "MainProcess"}, "thread": {"id": 6264, "name": "MainThread"}, "time": {"repr": "2024-08-25 14:03:47.258041+05:00", "timestamp": 1724576627.258041}}}
{"text": "2024-08-25T14:03:47.259059+0500 DEBUG finding coefficients\n", "record": {"elapsed": {"repr": "0:00:28.945087", "seconds": 28.945087}, "exception": null, "extra": {}, "file": {"name": "main.py", "path": "C:\\Users\\melni\\PycharmProjects\\betboom_parser\\main.py"}, "function": "get_bet", "level": {"icon": "🐞", "name": "DEBUG", "no": 10}, "line": 101, "message": "finding coefficients", "module": "main", "name": "__main__", "process": {"id": 5312, "name": "MainProcess"}, "thread": {"id": 6264, "name": "MainThread"}, "time": {"repr": "2024-08-25 14:03:47.259059+05:00", "timestamp": 1724576627.259059}}}
{"text": "2024-08-25T14:03:47.260042+0500 DEBUG reading db\n", "record": {"elapsed": {"repr": "0:00:28.946070", "seconds": 28.94607}, "exception": null, "extra": {}, "file": {"name": "main.py", "path": "C:\\Users\\melni\\PycharmProjects\\betboom_parser\\main.py"}, "function": "find_game", "level": {"icon": "🐞", "name": "DEBUG", "no": 10}, "line": 61, "message": "reading db", "module": "main", "name": "__main__", "process": {"id": 5312, "name": "MainProcess"}, "thread": {"id": 6264, "name": "MainThread"}, "time": {"repr": "2024-08-25 14:03:47.260042+05:00", "timestamp": 1724576627.260042}}}
{"text": "2024-08-25T14:03:53.742793+0500 INFO CS 2. CCT Europe Series 9 (26.08 20:30)\nPassion UA - Endpoint\n\n3-я карта -> 1.51 & 2.472\n", "record": {"elapsed": {"repr": "0:00:35.428821", "seconds": 35.428821}, "exception": null, "extra": {}, "file": {"name": "main.py", "path": "C:\\Users\\melni\\PycharmProjects\\betboom_parser\\main.py"}, "function": "get_message", "level": {"icon": "ℹ️", "name": "INFO", "no": 20}, "line": 31, "message": "CS 2. CCT Europe Series 9 (26.08 20:30)\nPassion UA - Endpoint\n\n3-я карта -> 1.51 & 2.472", "module": "main", "name": "__main__", "process": {"id": 5312, "name": "MainProcess"}, "thread": {"id": 6264, "name": "MainThread"}, "time": {"repr": "2024-08-25 14:03:53.742793+05:00", "timestamp": 1724576633.742793}}}
{"text": "2024-08-25T14:03:53.743777+0500 INFO message sent\n", "record": {"elapsed": {"repr": "0:00:35.429805", "seconds": 35.429805}, "exception": null, "extra": {}, "file": {"name": "main.py", "path": "C:\\Users\\melni\\PycharmProjects\\betboom_parser\\main.py"}, "function": "get_message", "level": {"icon": "ℹ️", "name": "INFO", "no": 20}, "line": 32, "message": "message sent", "module": "main", "name": "__main__", "process": {"id": 5312, "name": "MainProcess"}, "thread": {"id": 6264, "name": "MainThread"}, "time": {"repr": "2024-08-25 14:03:53.743777+05:00", "timestamp": 1724576633.743777}}}
{"text": "2024-08-25T14:03:53.745327+0500 DEBUG writing bet to db\n", "record": {"elapsed": {"repr": "0:00:35.431355", "seconds": 35.431355}, "exception": null, "extra": {}, "file": {"name": "main.py", "path": "C:\\Users\\melni\\PycharmProjects\\betboom_parser\\main.py"}, "function": "find_game", "level": {"icon": "🐞", "name": "DEBUG", "no": 10}, "line": 75, "message": "writing bet to db", "module": "main", "name": "__main__", "process": {"id": 5312, "name": "MainProcess"}, "thread": {"id": 6264, "name": "MainThread"}, "time": {"repr": "2024-08-25 14:03:53.745327+05:00", "timestamp": 1724576633.745327}}}
{"text": "2024-08-25T14:03:53.746369+0500 DEBUG finding coefficients\n", "record": {"elapsed": {"repr": "0:00:35.432397", "seconds": 35.432397}, "exception": null, "extra": {}, "file": {"name": "main.py", "path": "C:\\Users\\melni\\PycharmProjects\\betboom_parser\\main.py"}, "function": "get_bet", "level": {"icon": "🐞", "name": "DEBUG", "no": 10}, "line": 101, "message": "finding coefficients", "module": "main", "name": "__main__", "process": {"id": 5312, "name": "MainProcess"}, "thread": {"id": 6264, "name": "MainThread"}, "time": {"repr": "2024-08-25 14:03:53.746369+05:00", "timestamp": 1724576633.746369}}}
{"text": "2024-08-25T14:03:53.746369+0500 DEBUG getting info about match...\n", "record": {"elapsed": {"repr": "0:00:35.432397", "seconds": 35.432397}, "exception": null, "extra": {}, "file": {"name": "main.py", "path": "C:\\Users\\melni\\PycharmProjects\\betboom_parser\\main.py"}, "function": "get_match", "level": {"icon": "🐞", "name": "DEBUG", "no": 10}, "line": 126, "message": "getting info about match...", "module": "main", "name": "__main__", "process": {"id": 5312, "name": "MainProcess"}, "thread": {"id": 6264, "name": "MainThread"}, "time": {"repr": "2024-08-25 14:03:53.746369+05:00", "timestamp": 1724576633.746369}}}
{"text": "2024-08-25T14:03:53.747368+0500 DEBUG getting matches...\n", "record": {"elapsed": {"repr": "0:00:35.433396", "seconds": 35.433396}, "exception": null, "extra": {}, "file": {"name": "main.py", "path": "C:\\Users\\melni\\PycharmProjects\\betboom_parser\\main.py"}, "function": "get_league", "level": {"icon": "🐞", "name": "DEBUG", "no": 10}, "line": 149, "message": "getting matches...", "module": "main", "name": "__main__", "process": {"id": 5312, "name": "MainProcess"}, "thread": {"id": 6264, "name": "MainThread"}, "time": {"repr": "2024-08-25 14:03:53.747368+05:00", "timestamp": 1724576633.747368}}}
{"text": "2024-08-25T14:03:53.748356+0500 INFO sleeping...\n", "record": {"elapsed": {"repr": "0:00:35.434384", "seconds": 35.434384}, "exception": null, "extra": {}, "file": {"name": "main.py", "path": "C:\\Users\\melni\\PycharmProjects\\betboom_parser\\main.py"}, "function": "<module>", "level": {"icon": "ℹ️", "name": "INFO", "no": 20}, "line": 156, "message": "sleeping...", "module": "main", "name": "__main__", "process": {"id": 5312, "name": "MainProcess"}, "thread": {"id": 6264, "name": "MainThread"}, "time": {"repr": "2024-08-25 14:03:53.748356+05:00", "timestamp": 1724576633.748356}}}
{"text": "2024-08-25T14:06:02.395568+0500 DEBUG reading db\n", "record": {"elapsed": {"repr": "0:00:12.060300", "seconds": 12.0603}, "exception": null, "extra": {}, "file": {"name": "main.py", "path": "C:\\Users\\melni\\PycharmProjects\\betboom_parser\\main.py"}, "function": "find_game", "level": {"icon": "🐞", "name": "DEBUG", "no": 10}, "line": 61, "message": "reading db", "module": "main", "name": "__main__", "process": {"id": 2228, "name": "MainProcess"}, "thread": {"id": 2492, "name": "MainThread"}, "time": {"repr": "2024-08-25 14:06:02.395568+05:00", "timestamp": 1724576762.395568}}}
{"text": "2024-08-25T14:06:02.395568+0500 DEBUG writing bet to db\n", "record": {"elapsed": {"repr": "0:00:12.060300", "seconds": 12.0603}, "exception": null, "extra": {}, "file": {"name": "main.py", "path": "C:\\Users\\melni\\PycharmProjects\\betboom_parser\\main.py"}, "function": "find_game", "level": {"icon": "🐞", "name": "DEBUG", "no": 10}, "line": 75, "message": "writing bet to db", "module": "main", "name": "__main__", "process": {"id": 2228, "name": "MainProcess"}, "thread": {"id": 2492, "name": "MainThread"}, "time": {"repr": "2024-08-25 14:06:02.395568+05:00", "timestamp": 1724576762.395568}}}
{"text": "2024-08-25T14:06:02.395568+0500 DEBUG finding coefficients\n", "record": {"elapsed": {"repr": "0:00:12.060300", "seconds": 12.0603}, "exception": null, "extra": {}, "file": {"name": "main.py", "path": "C:\\Users\\melni\\PycharmProjects\\betboom_parser\\main.py"}, "function": "get_bet", "level": {"icon": "🐞", "name": "DEBUG", "no": 10}, "line": 101, "message": "finding coefficients", "module": "main", "name": "__main__", "process": {"id": 2228, "name": "MainProcess"}, "thread": {"id": 2492, "name": "MainThread"}, "time": {"repr": "2024-08-25 14:06:02.395568+05:00", "timestamp": 1724576762.395568}}}
{"text": "2024-08-25T14:06:02.395568+0500 DEBUG reading db\n", "record": {"elapsed": {"repr": "0:00:12.060300", "seconds": 12.0603}, "exception": null, "extra": {}, "file": {"name": "main.py", "path": "C:\\Users\\melni\\PycharmProjects\\betboom_parser\\main.py"}, "function": "find_game", "level": {"icon": "🐞", "name": "DEBUG", "no": 10}, "line": 61, "message": "reading db", "module": "main", "name": "__main__", "process": {"id": 2228, "name": "MainProcess"}, "thread": {"id": 2492, "name": "MainThread"}, "time": {"repr": "2024-08-25 14:06:02.395568+05:00", "timestamp": 1724576762.395568}}}
{"text": "2024-08-25T14:06:02.395568+0500 DEBUG writing bet to db\n", "record": {"elapsed": {"repr": "0:00:12.060300", "seconds": 12.0603}, "exception": null, "extra": {}, "file": {"name": "main.py", "path": "C:\\Users\\melni\\PycharmProjects\\betboom_parser\\main.py"}, "function": "find_game", "level": {"icon": "🐞", "name": "DEBUG", "no": 10}, "line": 75, "message": "writing bet to db", "module": "main", "name": "__main__", "process": {"id": 2228, "name": "MainProcess"}, "thread": {"id": 2492, "name": "MainThread"}, "time": {"repr": "2024-08-25 14:06:02.395568+05:00", "timestamp": 1724576762.395568}}}
{"text": "2024-08-25T14:06:02.395568+0500 DEBUG finding coefficients\n", "record": {"elapsed": {"repr": "0:00:12.060300", "seconds": 12.0603}, "exception": null, "extra": {}, "file": {"name": "main.py", "path": "C:\\Users\\melni\\PycharmProjects\\betboom_parser\\main.py"}, "function": "get_bet", "level": {"icon": "🐞", "name": "DEBUG", "no": 10}, "line": 101, "message": "finding coefficients", "module": "main", "name": "__main__", "process": {"id": 2228, "name": "MainProcess"}, "thread": {"id": 2492, "name": "MainThread"}, "time": {"repr": "2024-08-25 14:06:02.395568+05:00", "timestamp": 1724576762.395568}}}
{"text": "2024-08-25T14:06:02.395568+0500 DEBUG reading db\n", "record": {"elapsed": {"repr": "0:00:12.060300", "seconds": 12.0603}, "exception": null, "extra": {}, "file": {"name": "main.py", "path": "C:\\Users\\melni\\PycharmProjects\\betboom_parser\\main.py"}, "function": "find_game", "level": {"icon": "🐞", "name": "DEBUG", "no": 10}, "line": 61, "message": "reading db", "module": "main", "name": "__main__", "process": {"id": 2228, "name": "MainProcess"}, "thread": {"id": 2492, "name": "MainThread"}, "time": {"repr": "2024-08-25 14:06:02.395568+05:00", "timestamp": 1724576762.395568}}}
{"text": "2024-08-25T14:06:02.395568+0500 DEBUG writing bet to db\n", "record": {"elapsed": {"repr": "0:00:12.060300", "seconds": 12.0603}, "exception": null, "extra": {}, "file": {"name": "main.py", "path": "C:\\Users\\melni\\PycharmProjects\\betboom_parser\\main.py"}, "function": "find_game", "level": {"icon": "🐞", "name": "DEBUG", "no": 10}, "line": 75, "message": "writing bet to db", "module": "main", "name": "__main__", "process": {"id": 2228, "name": "MainProcess"}, "thread": {"id": 2492, "name": "MainThread"}, "time": {"repr": "2024-08-25 14:06:02.395568+05:00", "timestamp": 1724576762.395568}}}
{"text": "2024-08-25T14:06:02.395568+0500 DEBUG finding coefficients\n", "record": {"elapsed": {"repr": "0:00:12.060300", "seconds": 12.0603}, "exception": null, "extra": {}, "file": {"name": "main.py", "path": "C:\\Users\\melni\\PycharmProjects\\betboom_parser\\main.py"}, "function": "get_bet", "level": {"icon": "🐞", "name": "DEBUG", "no": 10}, "line": 101, "message": "finding coefficients", "module": "main", "name": "__main__", "process": {"id": 2228, "name": "MainProcess"}, "thread": {"id": 2492, "name": "MainThread"}, "time": {"repr": "2024-08-25 14:06:02.395568+05:00", "timestamp": 1724576762.395568}}}
{"text": "2024-08-25T14:06:02.395568+0500 DEBUG getting info about match...\n", "record": {"elapsed": {"repr": "0:00:12.060300", "seconds": 12.0603}, "exception": null, "extra": {}, "file": {"name": "main.py", "path": "C:\\Users\\melni\\PycharmProjects\\betboom_parser\\main.py"}, "function": "get_match", "level": {"icon": "🐞", "name": "DEBUG", "no": 10}, "line": 126, "message": "getting info about match...", "module": "main", "name": "__main__", "process": {"id": 2228, "name": "MainProcess"}, "thread": {"id": 2492, "name": "MainThread"}, "time": {"repr": "2024-08-25 14:06:02.395568+05:00", "timestamp": 1724576762.395568}}}
{"text": "2024-08-25T14:06:02.771890+0500 DEBUG reading db\n", "record": {"elapsed": {"repr": "0:00:12.436622", "seconds": 12.436622}, "exception": null, "extra": {}, "file": {"name": "main.py", "path": "C:\\Users\\melni\\PycharmProjects\\betboom_parser\\main.py"}, "function": "find_game", "level": {"icon": "🐞", "name": "DEBUG", "no": 10}, "line": 61, "message": "reading db", "module": "main", "name": "__main__", "process": {"id": 2228, "name": "MainProcess"}, "thread": {"id": 2492, "name": "MainThread"}, "time": {"repr": "2024-08-25 14:06:02.771890+05:00", "timestamp": 1724576762.77189}}}
{"text": "2024-08-25T14:06:02.771890+0500 DEBUG writing bet to db\n", "record": {"elapsed": {"repr": "0:00:12.436622", "seconds": 12.436622}, "exception": null, "extra": {}, "file": {"name": "main.py", "path": "C:\\Users\\melni\\PycharmProjects\\betboom_parser\\main.py"}, "function": "find_game", "level": {"icon": "🐞", "name": "DEBUG", "no": 10}, "line": 75, "message": "writing bet to db", "module": "main", "name": "__main__", "process": {"id": 2228, "name": "MainProcess"}, "thread": {"id": 2492, "name": "MainThread"}, "time": {"repr": "2024-08-25 14:06:02.771890+05:00", "timestamp": 1724576762.77189}}}
