{"text": "2024-08-25T02:26:21.146312+0500 DEBUG reading db\n", "record": {"elapsed": {"repr": "0:00:02.497311", "seconds": 2.497311}, "exception": null, "extra": {}, "file": {"name": "main.py", "path": "C:\\Users\\melni\\PycharmProjects\\betboom_parser\\main.py"}, "function": "find_game", "level": {"icon": "🐞", "name": "DEBUG", "no": 10}, "line": 54, "message": "reading db", "module": "main", "name": "__main__", "process": {"id": 5896, "name": "MainProcess"}, "thread": {"id": 3160, "name": "MainThread"}, "time": {"repr": "2024-08-25 02:26:21.146312+05:00", "timestamp": 1724534781.146312}}}
{"text": "2024-08-25T02:26:21.377381+0500 DEBUG writing bet to db\n", "record": {"elapsed": {"repr": "0:00:02.728380", "seconds": 2.72838}, "exception": null, "extra": {}, "file": {"name": "main.py", "path": "C:\\Users\\melni\\PycharmProjects\\betboom_parser\\main.py"}, "function": "find_game", "level": {"icon": "🐞", "name": "DEBUG", "no": 10}, "line": 68, "message": "writing bet to db", "module": "main", "name": "__main__", "process": {"id": 5896, "name": "MainProcess"}, "thread": {"id": 3160, "name": "MainThread"}, "time": {"repr": "2024-08-25 02:26:21.377381+05:00", "timestamp": 1724534781.377381}}}
{"text": "2024-08-25T02:26:21.380994+0500 DEBUG finding coefficients\n", "record": {"elapsed": {"repr": "0:00:02.731993", "seconds": 2.731993}, "exception": null, "extra": {}, "file": {"name": "main.py", "path": "C:\\Users\\melni\\PycharmProjects\\betboom_parser\\main.py"}, "function": "get_bet", "level": {"icon": "🐞", "name": "DEBUG", "no": 10}, "line": 94, "message": "finding coefficients", "module": "main", "name": "__main__", "process": {"id": 5896, "name": "MainProcess"}, "thread": {"id": 3160, "name": "MainThread"}, "time": {"repr": "2024-08-25 02:26:21.380994+05:00", "timestamp": 1724534781.380994}}}
{"text": "2024-08-25T02:26:21.381998+0500 DEBUG getting info about match...\n", "record": {"elapsed": {"repr": "0:00:02.732997", "seconds": 2.732997}, "exception": null, "extra": {}, "file": {"name": "main.py", "path": "C:\\Users\\melni\\PycharmProjects\\betboom_parser\\main.py"}, "function": "get_match", "level": {"icon": "🐞", "name": "DEBUG", "no": 10}, "line": 119, "message": "getting info about match...", "module": "main", "name": "__main__", "process": {"id": 5896, "name": "MainProcess"}, "thread": {"id": 3160, "name": "MainThread"}, "time": {"repr": "2024-08-25 02:26:21.381998+05:00", "timestamp": 1724534781.381998}}}
{"text": "2024-08-25T02:26:21.382998+0500 DEBUG getting matches...\n", "record": {"elapsed": {"repr": "0:00:02.733997", "seconds": 2.733997}, "exception": null, "extra": {}, "file": {"name": "main.py", "path": "C:\\Users\\melni\\PycharmProjects\\betboom_parser\\main.py"}, "function": "get_league", "level": {"icon": "🐞", "name": "DEBUG", "no": 10}, "line": 142, "message": "getting matches...", "module": "main", "name": "__main__", "process": {"id": 5896, "name": "MainProcess"}, "thread": {"id": 3160, "name": "MainThread"}, "time": {"repr": "2024-08-25 02:26:21.382998+05:00", "timestamp": 1724534781.382998}}}
{"text": "2024-08-25T02:26:21.384995+0500 INFO sleeping...\n", "record": {"elapsed": {"repr": "0:00:02.735994", "seconds": 2.735994}, "exception": null, "extra": {}, "file": {"name": "main.py", "path": "C:\\Users\\melni\\PycharmProjects\\betboom_parser\\main.py"}, "function": "<module>", "level": {"icon": "ℹ️", "name": "INFO", "no": 20}, "line": 149, "message": "sleeping...", "module": "main", "name": "__main__", "process": {"id": 5896, "name": "MainProcess"}, "thread": {"id": 3160, "name": "MainThread"}, "time": {"repr": "2024-08-25 02:26:21.384995+05:00", "timestamp": 1724534781.384995}}}
{"text": "2024-08-25T02:27:13.003535+0500 DEBUG reading db\n", "record": {"elapsed": {"repr": "0:00:00.559003", "seconds": 0.559003}, "exception": null, "extra": {}, "file": {"name": "main.py", "path": "C:\\Users\\melni\\PycharmProjects\\betboom_parser\\main.py"}, "function": "find_game", "level": {"icon": "🐞", "name": "DEBUG", "no": 10}, "line": 54, "message": "reading db", "module": "main", "name": "__main__", "process": {"id": 4192, "name": "MainProcess"}, "thread": {"id": 3348, "name": "MainThread"}, "time": {"repr": "2024-08-25 02:27:13.003535+05:00", "timestamp": 1724534833.003535}}}
{"text": "2024-08-25T02:27:13.006524+0500 DEBUG writing bet to db\n", "record": {"elapsed": {"repr": "0:00:00.561992", "seconds": 0.561992}, "exception": null, "extra": {}, "file": {"name": "main.py", "path": "C:\\Users\\melni\\PycharmProjects\\betboom_parser\\main.py"}, "function": "find_game", "level": {"icon": "🐞", "name": "DEBUG", "no": 10}, "line": 68, "message": "writing bet to db", "module": "main", "name": "__main__", "process": {"id": 4192, "name": "MainProcess"}, "thread": {"id": 3348, "name": "MainThread"}, "time": {"repr": "2024-08-25 02:27:13.006524+05:00", "timestamp": 1724534833.006524}}}
{"text": "2024-08-25T02:27:13.007536+0500 DEBUG finding coefficients\n", "record": {"elapsed": {"repr": "0:00:00.563004", "seconds": 0.563004}, "exception": null, "extra": {}, "file": {"name": "main.py", "path": "C:\\Users\\melni\\PycharmProjects\\betboom_parser\\main.py"}, "function": "get_bet", "level": {"icon": "🐞", "name": "DEBUG", "no": 10}, "line": 94, "message": "finding coefficients", "module": "main", "name": "__main__", "process": {"id": 4192, "name": "MainProcess"}, "thread": {"id": 3348, "name": "MainThread"}, "time": {"repr": "2024-08-25 02:27:13.007536+05:00", "timestamp": 1724534833.007536}}}
{"text": "2024-08-25T02:27:13.008536+0500 DEBUG reading db\n", "record": {"elapsed": {"repr": "0:00:00.564004", "seconds": 0.564004}, "exception": null, "extra": {}, "file": {"name": "main.py", "path": "C:\\Users\\melni\\PycharmProjects\\betboom_parser\\main.py"}, "function": "find_game", "level": {"icon": "🐞", "name": "DEBUG", "no": 10}, "line": 54, "message": "reading db", "module": "main", "name": "__main__", "process": {"id": 4192, "name": "MainProcess"}, "thread": {"id": 3348, "name": "MainThread"}, "time": {"repr": "2024-08-25 02:27:13.008536+05:00", "timestamp": 1724534833.008536}}}
{"text": "2024-08-25T02:27:13.010535+0500 DEBUG writing bet to db\n", "record": {"elapsed": {"repr": "0:00:00.566003", "seconds": 0.566003}, "exception": null, "extra": {}, "file": {"name": "main.py", "path": "C:\\Users\\melni\\PycharmProjects\\betboom_parser\\main.py"}, "function": "find_game", "level": {"icon": "🐞", "name": "DEBUG", "no": 10}, "line": 68, "message": "writing bet to db", "module": "main", "name": "__main__", "process": {"id": 4192, "name": "MainProcess"}, "thread": {"id": 3348, "name": "MainThread"}, "time": {"repr": "2024-08-25 02:27:13.010535+05:00", "timestamp": 1724534833.010535}}}
{"text": "2024-08-25T02:27:13.011534+0500 DEBUG finding coefficients\n", "record": {"elapsed": {"repr": "0:00:00.567002", "seconds": 0.567002}, "exception": null, "extra": {}, "file": {"name": "main.py", "path": "C:\\Users\\melni\\PycharmProjects\\betboom_parser\\main.py"}, "function": "get_bet", "level": {"icon": "🐞", "name": "DEBUG", "no": 10}, "line": 94, "message": "finding coefficients", "module": "main", "name": "__main__", "process": {"id": 4192, "name": "MainProcess"}, "thread": {"id": 3348, "name": "MainThread"}, "time": {"repr": "2024-08-25 02:27:13.011534+05:00", "timestamp": 1724534833.011534}}}
{"text": "2024-08-25T02:27:13.012536+0500 DEBUG reading db\n", "record": {"elapsed": {"repr": "0:00:00.568004", "seconds": 0.568004}, "exception": null, "extra": {}, "file": {"name": "main.py", "path": "C:\\Users\\melni\\PycharmProjects\\betboom_parser\\main.py"}, "function": "find_game", "level": {"icon": "🐞", "name": "DEBUG", "no": 10}, "line": 54, "message": "reading db", "module": "main", "name": "__main__", "process": {"id": 4192, "name": "MainProcess"}, "thread": {"id": 3348, "name": "MainThread"}, "time": {"repr": "2024-08-25 02:27:13.012536+05:00", "timestamp": 1724534833.012536}}}
{"text": "2024-08-25T02:27:13.412995+0500 INFO CS 2. CCT South America (25.08 04:30)\nSensei Team - Yawara Esports\n\nold odds: 3-я карта -> 1.63\nnew odds: 3-я карта -> 1.67\n", "record": {"elapsed": {"repr": "0:00:00.968463", "seconds": 0.968463}, "exception": null, "extra": {}, "file": {"name": "main.py", "path": "C:\\Users\\melni\\PycharmProjects\\betboom_parser\\main.py"}, "function": "get_alter_message", "level": {"icon": "ℹ️", "name": "INFO", "no": 20}, "line": 44, "message": "CS 2. CCT South America (25.08 04:30)\nSensei Team - Yawara Esports\n\nold odds: 3-я карта -> 1.63\nnew odds: 3-я карта -> 1.67", "module": "main", "name": "__main__", "process": {"id": 4192, "name": "MainProcess"}, "thread": {"id": 3348, "name": "MainThread"}, "time": {"repr": "2024-08-25 02:27:13.412995+05:00", "timestamp": 1724534833.412995}}}
{"text": "2024-08-25T02:27:13.413998+0500 INFO message sent\n", "record": {"elapsed": {"repr": "0:00:00.969466", "seconds": 0.969466}, "exception": null, "extra": {}, "file": {"name": "main.py", "path": "C:\\Users\\melni\\PycharmProjects\\betboom_parser\\main.py"}, "function": "get_alter_message", "level": {"icon": "ℹ️", "name": "INFO", "no": 20}, "line": 45, "message": "message sent", "module": "main", "name": "__main__", "process": {"id": 4192, "name": "MainProcess"}, "thread": {"id": 3348, "name": "MainThread"}, "time": {"repr": "2024-08-25 02:27:13.413998+05:00", "timestamp": 1724534833.413998}}}
{"text": "2024-08-25T02:27:13.415000+0500 DEBUG writing bet to db\n", "record": {"elapsed": {"repr": "0:00:00.970468", "seconds": 0.970468}, "exception": null, "extra": {}, "file": {"name": "main.py", "path": "C:\\Users\\melni\\PycharmProjects\\betboom_parser\\main.py"}, "function": "find_game", "level": {"icon": "🐞", "name": "DEBUG", "no": 10}, "line": 68, "message": "writing bet to db", "module": "main", "name": "__main__", "process": {"id": 4192, "name": "MainProcess"}, "thread": {"id": 3348, "name": "MainThread"}, "time": {"repr": "2024-08-25 02:27:13.415000+05:00", "timestamp": 1724534833.415}}}
{"text": "2024-08-25T02:27:13.419995+0500 DEBUG finding coefficients\n", "record": {"elapsed": {"repr": "0:00:00.975463", "seconds": 0.975463}, "exception": null, "extra": {}, "file": {"name": "main.py", "path": "C:\\Users\\melni\\PycharmProjects\\betboom_parser\\main.py"}, "function": "get_bet", "level": {"icon": "🐞", "name": "DEBUG", "no": 10}, "line": 94, "message": "finding coefficients", "module": "main", "name": "__main__", "process": {"id": 4192, "name": "MainProcess"}, "thread": {"id": 3348, "name": "MainThread"}, "time": {"repr": "2024-08-25 02:27:13.419995+05:00", "timestamp": 1724534833.419995}}}
{"text": "2024-08-25T02:27:13.421001+0500 DEBUG getting info about match...\n", "record": {"elapsed": {"repr": "0:00:00.976469", "seconds": 0.976469}, "exception": null, "extra": {}, "file": {"name": "main.py", "path": "C:\\Users\\melni\\PycharmProjects\\betboom_parser\\main.py"}, "function": "get_match", "level": {"icon": "🐞", "name": "DEBUG", "no": 10}, "line": 119, "message": "getting info about match...", "module": "main", "name": "__main__", "process": {"id": 4192, "name": "MainProcess"}, "thread": {"id": 3348, "name": "MainThread"}, "time": {"repr": "2024-08-25 02:27:13.421001+05:00", "timestamp": 1724534833.421001}}}
{"text": "2024-08-25T02:27:13.674814+0500 DEBUG reading db\n", "record": {"elapsed": {"repr": "0:00:01.230282", "seconds": 1.230282}, "exception": null, "extra": {}, "file": {"name": "main.py", "path": "C:\\Users\\melni\\PycharmProjects\\betboom_parser\\main.py"}, "function": "find_game", "level": {"icon": "🐞", "name": "DEBUG", "no": 10}, "line": 54, "message": "reading db", "module": "main", "name": "__main__", "process": {"id": 4192, "name": "MainProcess"}, "thread": {"id": 3348, "name": "MainThread"}, "time": {"repr": "2024-08-25 02:27:13.674814+05:00", "timestamp": 1724534833.674814}}}
{"text": "2024-08-25T02:27:13.675813+0500 DEBUG writing bet to db\n", "record": {"elapsed": {"repr": "0:00:01.231281", "seconds": 1.231281}, "exception": null, "extra": {}, "file": {"name": "main.py", "path": "C:\\Users\\melni\\PycharmProjects\\betboom_parser\\main.py"}, "function": "find_game", "level": {"icon": "🐞", "name": "DEBUG", "no": 10}, "line": 68, "message": "writing bet to db", "module": "main", "name": "__main__", "process": {"id": 4192, "name": "MainProcess"}, "thread": {"id": 3348, "name": "MainThread"}, "time": {"repr": "2024-08-25 02:27:13.675813+05:00", "timestamp": 1724534833.675813}}}
{"text": "2024-08-25T02:27:13.676814+0500 DEBUG finding coefficients\n", "record": {"elapsed": {"repr": "0:00:01.232282", "seconds": 1.232282}, "exception": null, "extra": {}, "file": {"name": "main.py", "path": "C:\\Users\\melni\\PycharmProjects\\betboom_parser\\main.py"}, "function": "get_bet", "level": {"icon": "🐞", "name": "DEBUG", "no": 10}, "line": 94, "message": "finding coefficients", "module": "main", "name": "__main__", "process": {"id": 4192, "name": "MainProcess"}, "thread": {"id": 3348, "name": "MainThread"}, "time": {"repr": "2024-08-25 02:27:13.676814+05:00", "timestamp": 1724534833.676814}}}
{"text": "2024-08-25T02:27:13.678802+0500 DEBUG reading db\n", "record": {"elapsed": {"repr": "0:00:01.234270", "seconds": 1.23427}, "exception": null, "extra": {}, "file": {"name": "main.py", "path": "C:\\Users\\melni\\PycharmProjects\\betboom_parser\\main.py"}, "function": "find_game", "level": {"icon": "🐞", "name": "DEBUG", "no": 10}, "line": 54, "message": "reading db", "module": "main", "name": "__main__", "process": {"id": 4192, "name": "MainProcess"}, "thread": {"id": 3348, "name": "MainThread"}, "time": {"repr": "2024-08-25 02:27:13.678802+05:00", "timestamp": 1724534833.678802}}}
{"text": "2024-08-25T02:27:13.679815+0500 DEBUG writing bet to db\n", "record": {"elapsed": {"repr": "0:00:01.235283", "seconds": 1.235283}, "exception": null, "extra": {}, "file": {"name": "main.py", "path": "C:\\Users\\melni\\PycharmProjects\\betboom_parser\\main.py"}, "function": "find_game", "level": {"icon": "🐞", "name": "DEBUG", "no": 10}, "line": 68, "message": "writing bet to db", "module": "main", "name": "__main__", "process": {"id": 4192, "name": "MainProcess"}, "thread": {"id": 3348, "name": "MainThread"}, "time": {"repr": "2024-08-25 02:27:13.679815+05:00", "timestamp": 1724534833.679815}}}
{"text": "2024-08-25T02:27:13.681813+0500 DEBUG finding coefficients\n", "record": {"elapsed": {"repr": "0:00:01.237281", "seconds": 1.237281}, "exception": null, "extra": {}, "file": {"name": "main.py", "path": "C:\\Users\\melni\\PycharmProjects\\betboom_parser\\main.py"}, "function": "get_bet", "level": {"icon": "🐞", "name": "DEBUG", "no": 10}, "line": 94, "message": "finding coefficients", "module": "main", "name": "__main__", "process": {"id": 4192, "name": "MainProcess"}, "thread": {"id": 3348, "name": "MainThread"}, "time": {"repr": "2024-08-25 02:27:13.681813+05:00", "timestamp": 1724534833.681813}}}
{"text": "2024-08-25T02:27:13.682816+0500 DEBUG reading db\n", "record": {"elapsed": {"repr": "0:00:01.238284", "seconds": 1.238284}, "exception": null, "extra": {}, "file": {"name": "main.py", "path": "C:\\Users\\melni\\PycharmProjects\\betboom_parser\\main.py"}, "function": "find_game", "level": {"icon": "🐞", "name": "DEBUG", "no": 10}, "line": 54, "message": "reading db", "module": "main", "name": "__main__", "process": {"id": 4192, "name": "MainProcess"}, "thread": {"id": 3348, "name": "MainThread"}, "time": {"repr": "2024-08-25 02:27:13.682816+05:00", "timestamp": 1724534833.682816}}}
{"text": "2024-08-25T02:27:13.683815+0500 DEBUG writing bet to db\n", "record": {"elapsed": {"repr": "0:00:01.239283", "seconds": 1.239283}, "exception": null, "extra": {}, "file": {"name": "main.py", "path": "C:\\Users\\melni\\PycharmProjects\\betboom_parser\\main.py"}, "function": "find_game", "level": {"icon": "🐞", "name": "DEBUG", "no": 10}, "line": 68, "message": "writing bet to db", "module": "main", "name": "__main__", "process": {"id": 4192, "name": "MainProcess"}, "thread": {"id": 3348, "name": "MainThread"}, "time": {"repr": "2024-08-25 02:27:13.683815+05:00", "timestamp": 1724534833.683815}}}
{"text": "2024-08-25T02:27:13.684816+0500 DEBUG finding coefficients\n", "record": {"elapsed": {"repr": "0:00:01.240284", "seconds": 1.240284}, "exception": null, "extra": {}, "file": {"name": "main.py", "path": "C:\\Users\\melni\\PycharmProjects\\betboom_parser\\main.py"}, "function": "get_bet", "level": {"icon": "🐞", "name": "DEBUG", "no": 10}, "line": 94, "message": "finding coefficients", "module": "main", "name": "__main__", "process": {"id": 4192, "name": "MainProcess"}, "thread": {"id": 3348, "name": "MainThread"}, "time": {"repr": "2024-08-25 02:27:13.684816+05:00", "timestamp": 1724534833.684816}}}
{"text": "2024-08-25T02:27:13.685814+0500 DEBUG getting info about match...\n", "record": {"elapsed": {"repr": "0:00:01.241282", "seconds": 1.241282}, "exception": null, "extra": {}, "file": {"name": "main.py", "path": "C:\\Users\\melni\\PycharmProjects\\betboom_parser\\main.py"}, "function": "get_match", "level": {"icon": "🐞", "name": "DEBUG", "no": 10}, "line": 119, "message": "getting info about match...", "module": "main", "name": "__main__", "process": {"id": 4192, "name": "MainProcess"}, "thread": {"id": 3348, "name": "MainThread"}, "time": {"repr": "2024-08-25 02:27:13.685814+05:00", "timestamp": 1724534833.685814}}}
{"text": "2024-08-25T02:27:17.646951+0500 DEBUG reading db\n", "record": {"elapsed": {"repr": "0:00:05.202419", "seconds": 5.202419}, "exception": null, "extra": {}, "file": {"name": "main.py", "path": "C:\\Users\\melni\\PycharmProjects\\betboom_parser\\main.py"}, "function": "find_game", "level": {"icon": "🐞", "name": "DEBUG", "no": 10}, "line": 54, "message": "reading db", "module": "main", "name": "__main__", "process": {"id": 4192, "name": "MainProcess"}, "thread": {"id": 3348, "name": "MainThread"}, "time": {"repr": "2024-08-25 02:27:17.646951+05:00", "timestamp": 1724534837.646951}}}
{"text": "2024-08-25T02:27:17.648491+0500 DEBUG writing bet to db\n", "record": {"elapsed": {"repr": "0:00:05.203959", "seconds": 5.203959}, "exception": null, "extra": {}, "file": {"name": "main.py", "path": "C:\\Users\\melni\\PycharmProjects\\betboom_parser\\main.py"}, "function": "find_game", "level": {"icon": "🐞", "name": "DEBUG", "no": 10}, "line": 68, "message": "writing bet to db", "module": "main", "name": "__main__", "process": {"id": 4192, "name": "MainProcess"}, "thread": {"id": 3348, "name": "MainThread"}, "time": {"repr": "2024-08-25 02:27:17.648491+05:00", "timestamp": 1724534837.648491}}}
{"text": "2024-08-25T02:27:17.649536+0500 DEBUG finding coefficients\n", "record": {"elapsed": {"repr": "0:00:05.205004", "seconds": 5.205004}, "exception": null, "extra": {}, "file": {"name": "main.py", "path": "C:\\Users\\melni\\PycharmProjects\\betboom_parser\\main.py"}, "function": "get_bet", "level": {"icon": "🐞", "name": "DEBUG", "no": 10}, "line": 94, "message": "finding coefficients", "module": "main", "name": "__main__", "process": {"id": 4192, "name": "MainProcess"}, "thread": {"id": 3348, "name": "MainThread"}, "time": {"repr": "2024-08-25 02:27:17.649536+05:00", "timestamp": 1724534837.649536}}}
{"text": "2024-08-25T02:27:17.650536+0500 DEBUG reading db\n", "record": {"elapsed": {"repr": "0:00:05.206004", "seconds": 5.206004}, "exception": null, "extra": {}, "file": {"name": "main.py", "path": "C:\\Users\\melni\\PycharmProjects\\betboom_parser\\main.py"}, "function": "find_game", "level": {"icon": "🐞", "name": "DEBUG", "no": 10}, "line": 54, "message": "reading db", "module": "main", "name": "__main__", "process": {"id": 4192, "name": "MainProcess"}, "thread": {"id": 3348, "name": "MainThread"}, "time": {"repr": "2024-08-25 02:27:17.650536+05:00", "timestamp": 1724534837.650536}}}
{"text": "2024-08-25T02:27:17.652535+0500 DEBUG writing bet to db\n", "record": {"elapsed": {"repr": "0:00:05.208003", "seconds": 5.208003}, "exception": null, "extra": {}, "file": {"name": "main.py", "path": "C:\\Users\\melni\\PycharmProjects\\betboom_parser\\main.py"}, "function": "find_game", "level": {"icon": "🐞", "name": "DEBUG", "no": 10}, "line": 68, "message": "writing bet to db", "module": "main", "name": "__main__", "process": {"id": 4192, "name": "MainProcess"}, "thread": {"id": 3348, "name": "MainThread"}, "time": {"repr": "2024-08-25 02:27:17.652535+05:00", "timestamp": 1724534837.652535}}}
{"text": "2024-08-25T02:27:17.653538+0500 DEBUG finding coefficients\n", "record": {"elapsed": {"repr": "0:00:05.209006", "seconds": 5.209006}, "exception": null, "extra": {}, "file": {"name": "main.py", "path": "C:\\Users\\melni\\PycharmProjects\\betboom_parser\\main.py"}, "function": "get_bet", "level": {"icon": "🐞", "name": "DEBUG", "no": 10}, "line": 94, "message": "finding coefficients", "module": "main", "name": "__main__", "process": {"id": 4192, "name": "MainProcess"}, "thread": {"id": 3348, "name": "MainThread"}, "time": {"repr": "2024-08-25 02:27:17.653538+05:00", "timestamp": 1724534837.653538}}}
{"text": "2024-08-25T02:27:17.654535+0500 DEBUG reading db\n", "record": {"elapsed": {"repr": "0:00:05.210003", "seconds": 5.210003}, "exception": null, "extra": {}, "file": {"name": "main.py", "path": "C:\\Users\\melni\\PycharmProjects\\betboom_parser\\main.py"}, "function": "find_game", "level": {"icon": "🐞", "name": "DEBUG", "no": 10}, "line": 54, "message": "reading db", "module": "main", "name": "__main__", "process": {"id": 4192, "name": "MainProcess"}, "thread": {"id": 3348, "name": "MainThread"}, "time": {"repr": "2024-08-25 02:27:17.654535+05:00", "timestamp": 1724534837.654535}}}
{"text": "2024-08-25T02:27:17.655536+0500 DEBUG writing bet to db\n", "record": {"elapsed": {"repr": "0:00:05.211004", "seconds": 5.211004}, "exception": null, "extra": {}, "file": {"name": "main.py", "path": "C:\\Users\\melni\\PycharmProjects\\betboom_parser\\main.py"}, "function": "find_game", "level": {"icon": "🐞", "name": "DEBUG", "no": 10}, "line": 68, "message": "writing bet to db", "module": "main", "name": "__main__", "process": {"id": 4192, "name": "MainProcess"}, "thread": {"id": 3348, "name": "MainThread"}, "time": {"repr": "2024-08-25 02:27:17.655536+05:00", "timestamp": 1724534837.655536}}}
{"text": "2024-08-25T02:27:17.657534+0500 DEBUG finding coefficients\n", "record": {"elapsed": {"repr": "0:00:05.213002", "seconds": 5.213002}, "exception": null, "extra": {}, "file": {"name": "main.py", "path": "C:\\Users\\melni\\PycharmProjects\\betboom_parser\\main.py"}, "function": "get_bet", "level": {"icon": "🐞", "name": "DEBUG", "no": 10}, "line": 94, "message": "finding coefficients", "module": "main", "name": "__main__", "process": {"id": 4192, "name": "MainProcess"}, "thread": {"id": 3348, "name": "MainThread"}, "time": {"repr": "2024-08-25 02:27:17.657534+05:00", "timestamp": 1724534837.657534}}}
{"text": "2024-08-25T02:27:17.658534+0500 DEBUG getting info about match...\n", "record": {"elapsed": {"repr": "0:00:05.214002", "seconds": 5.214002}, "exception": null, "extra": {}, "file": {"name": "main.py", "path": "C:\\Users\\melni\\PycharmProjects\\betboom_parser\\main.py"}, "function": "get_match", "level": {"icon": "🐞", "name": "DEBUG", "no": 10}, "line": 119, "message": "getting info about match...", "module": "main", "name": "__main__", "process": {"id": 4192, "name": "MainProcess"}, "thread": {"id": 3348, "name": "MainThread"}, "time": {"repr": "2024-08-25 02:27:17.658534+05:00", "timestamp": 1724534837.658534}}}
{"text": "2024-08-25T02:27:17.863077+0500 DEBUG reading db\n", "record": {"elapsed": {"repr": "0:00:05.418545", "seconds": 5.418545}, "exception": null, "extra": {}, "file": {"name": "main.py", "path": "C:\\Users\\melni\\PycharmProjects\\betboom_parser\\main.py"}, "function": "find_game", "level": {"icon": "🐞", "name": "DEBUG", "no": 10}, "line": 54, "message": "reading db", "module": "main", "name": "__main__", "process": {"id": 4192, "name": "MainProcess"}, "thread": {"id": 3348, "name": "MainThread"}, "time": {"repr": "2024-08-25 02:27:17.863077+05:00", "timestamp": 1724534837.863077}}}
{"text": "2024-08-25T02:27:18.164826+0500 INFO CS 2. CCT Europe Series 9 (25.08 14:30)\nZero Tenacity - Permitta Esports\n\n1-я карта -> 1.66 & 2.157\n", "record": {"elapsed": {"repr": "0:00:05.720294", "seconds": 5.720294}, "exception": null, "extra": {}, "file": {"name": "main.py", "path": "C:\\Users\\melni\\PycharmProjects\\betboom_parser\\main.py"}, "function": "get_message", "level": {"icon": "ℹ️", "name": "INFO", "no": 20}, "line": 27, "message": "CS 2. CCT Europe Series 9 (25.08 14:30)\nZero Tenacity - Permitta Esports\n\n1-я карта -> 1.66 & 2.157", "module": "main", "name": "__main__", "process": {"id": 4192, "name": "MainProcess"}, "thread": {"id": 3348, "name": "MainThread"}, "time": {"repr": "2024-08-25 02:27:18.164826+05:00", "timestamp": 1724534838.164826}}}
{"text": "2024-08-25T02:27:18.165828+0500 INFO message sent\n", "record": {"elapsed": {"repr": "0:00:05.721296", "seconds": 5.721296}, "exception": null, "extra": {}, "file": {"name": "main.py", "path": "C:\\Users\\melni\\PycharmProjects\\betboom_parser\\main.py"}, "function": "get_message", "level": {"icon": "ℹ️", "name": "INFO", "no": 20}, "line": 28, "message": "message sent", "module": "main", "name": "__main__", "process": {"id": 4192, "name": "MainProcess"}, "thread": {"id": 3348, "name": "MainThread"}, "time": {"repr": "2024-08-25 02:27:18.165828+05:00", "timestamp": 1724534838.165828}}}
{"text": "2024-08-25T02:27:18.167845+0500 DEBUG writing bet to db\n", "record": {"elapsed": {"repr": "0:00:05.723313", "seconds": 5.723313}, "exception": null, "extra": {}, "file": {"name": "main.py", "path": "C:\\Users\\melni\\PycharmProjects\\betboom_parser\\main.py"}, "function": "find_game", "level": {"icon": "🐞", "name": "DEBUG", "no": 10}, "line": 68, "message": "writing bet to db", "module": "main", "name": "__main__", "process": {"id": 4192, "name": "MainProcess"}, "thread": {"id": 3348, "name": "MainThread"}, "time": {"repr": "2024-08-25 02:27:18.167845+05:00", "timestamp": 1724534838.167845}}}
{"text": "2024-08-25T02:27:18.168828+0500 DEBUG finding coefficients\n", "record": {"elapsed": {"repr": "0:00:05.724296", "seconds": 5.724296}, "exception": null, "extra": {}, "file": {"name": "main.py", "path": "C:\\Users\\melni\\PycharmProjects\\betboom_parser\\main.py"}, "function": "get_bet", "level": {"icon": "🐞", "name": "DEBUG", "no": 10}, "line": 94, "message": "finding coefficients", "module": "main", "name": "__main__", "process": {"id": 4192, "name": "MainProcess"}, "thread": {"id": 3348, "name": "MainThread"}, "time": {"repr": "2024-08-25 02:27:18.168828+05:00", "timestamp": 1724534838.168828}}}
{"text": "2024-08-25T02:27:18.170833+0500 DEBUG reading db\n", "record": {"elapsed": {"repr": "0:00:05.726301", "seconds": 5.726301}, "exception": null, "extra": {}, "file": {"name": "main.py", "path": "C:\\Users\\melni\\PycharmProjects\\betboom_parser\\main.py"}, "function": "find_game", "level": {"icon": "🐞", "name": "DEBUG", "no": 10}, "line": 54, "message": "reading db", "module": "main", "name": "__main__", "process": {"id": 4192, "name": "MainProcess"}, "thread": {"id": 3348, "name": "MainThread"}, "time": {"repr": "2024-08-25 02:27:18.170833+05:00", "timestamp": 1724534838.170833}}}
{"text": "2024-08-25T02:27:18.466632+0500 INFO CS 2. CCT Europe Series 9 (25.08 14:30)\nZero Tenacity - Permitta Esports\n\n2-я карта -> 1.66 & 2.157\n", "record": {"elapsed": {"repr": "0:00:06.022100", "seconds": 6.0221}, "exception": null, "extra": {}, "file": {"name": "main.py", "path": "C:\\Users\\melni\\PycharmProjects\\betboom_parser\\main.py"}, "function": "get_message", "level": {"icon": "ℹ️", "name": "INFO", "no": 20}, "line": 27, "message": "CS 2. CCT Europe Series 9 (25.08 14:30)\nZero Tenacity - Permitta Esports\n\n2-я карта -> 1.66 & 2.157", "module": "main", "name": "__main__", "process": {"id": 4192, "name": "MainProcess"}, "thread": {"id": 3348, "name": "MainThread"}, "time": {"repr": "2024-08-25 02:27:18.466632+05:00", "timestamp": 1724534838.466632}}}
{"text": "2024-08-25T02:27:18.467630+0500 INFO message sent\n", "record": {"elapsed": {"repr": "0:00:06.023098", "seconds": 6.023098}, "exception": null, "extra": {}, "file": {"name": "main.py", "path": "C:\\Users\\melni\\PycharmProjects\\betboom_parser\\main.py"}, "function": "get_message", "level": {"icon": "ℹ️", "name": "INFO", "no": 20}, "line": 28, "message": "message sent", "module": "main", "name": "__main__", "process": {"id": 4192, "name": "MainProcess"}, "thread": {"id": 3348, "name": "MainThread"}, "time": {"repr": "2024-08-25 02:27:18.467630+05:00", "timestamp": 1724534838.46763}}}
{"text": "2024-08-25T02:27:18.468626+0500 DEBUG writing bet to db\n", "record": {"elapsed": {"repr": "0:00:06.024094", "seconds": 6.024094}, "exception": null, "extra": {}, "file": {"name": "main.py", "path": "C:\\Users\\melni\\PycharmProjects\\betboom_parser\\main.py"}, "function": "find_game", "level": {"icon": "🐞", "name": "DEBUG", "no": 10}, "line": 68, "message": "writing bet to db", "module": "main", "name": "__main__", "process": {"id": 4192, "name": "MainProcess"}, "thread": {"id": 3348, "name": "MainThread"}, "time": {"repr": "2024-08-25 02:27:18.468626+05:00", "timestamp": 1724534838.468626}}}
{"text": "2024-08-25T02:27:18.470629+0500 DEBUG finding coefficients\n", "record": {"elapsed": {"repr": "0:00:06.026097", "seconds": 6.026097}, "exception": null, "extra": {}, "file": {"name": "main.py", "path": "C:\\Users\\melni\\PycharmProjects\\betboom_parser\\main.py"}, "function": "get_bet", "level": {"icon": "🐞", "name": "DEBUG", "no": 10}, "line": 94, "message": "finding coefficients", "module": "main", "name": "__main__", "process": {"id": 4192, "name": "MainProcess"}, "thread": {"id": 3348, "name": "MainThread"}, "time": {"repr": "2024-08-25 02:27:18.470629+05:00", "timestamp": 1724534838.470629}}}
{"text": "2024-08-25T02:27:18.474609+0500 DEBUG reading db\n", "record": {"elapsed": {"repr": "0:00:06.030077", "seconds": 6.030077}, "exception": null, "extra": {}, "file": {"name": "main.py", "path": "C:\\Users\\melni\\PycharmProjects\\betboom_parser\\main.py"}, "function": "find_game", "level": {"icon": "🐞", "name": "DEBUG", "no": 10}, "line": 54, "message": "reading db", "module": "main", "name": "__main__", "process": {"id": 4192, "name": "MainProcess"}, "thread": {"id": 3348, "name": "MainThread"}, "time": {"repr": "2024-08-25 02:27:18.474609+05:00", "timestamp": 1724534838.474609}}}
{"text": "2024-08-25T02:27:18.755399+0500 INFO CS 2. CCT Europe Series 9 (25.08 14:30)\nZero Tenacity - Permitta Esports\n\n3-я карта -> 1.66 & 2.157\n", "record": {"elapsed": {"repr": "0:00:06.310867", "seconds": 6.310867}, "exception": null, "extra": {}, "file": {"name": "main.py", "path": "C:\\Users\\melni\\PycharmProjects\\betboom_parser\\main.py"}, "function": "get_message", "level": {"icon": "ℹ️", "name": "INFO", "no": 20}, "line": 27, "message": "CS 2. CCT Europe Series 9 (25.08 14:30)\nZero Tenacity - Permitta Esports\n\n3-я карта -> 1.66 & 2.157", "module": "main", "name": "__main__", "process": {"id": 4192, "name": "MainProcess"}, "thread": {"id": 3348, "name": "MainThread"}, "time": {"repr": "2024-08-25 02:27:18.755399+05:00", "timestamp": 1724534838.755399}}}
{"text": "2024-08-25T02:27:18.759391+0500 INFO message sent\n", "record": {"elapsed": {"repr": "0:00:06.314859", "seconds": 6.314859}, "exception": null, "extra": {}, "file": {"name": "main.py", "path": "C:\\Users\\melni\\PycharmProjects\\betboom_parser\\main.py"}, "function": "get_message", "level": {"icon": "ℹ️", "name": "INFO", "no": 20}, "line": 28, "message": "message sent", "module": "main", "name": "__main__", "process": {"id": 4192, "name": "MainProcess"}, "thread": {"id": 3348, "name": "MainThread"}, "time": {"repr": "2024-08-25 02:27:18.759391+05:00", "timestamp": 1724534838.759391}}}
{"text": "2024-08-25T02:27:18.760383+0500 DEBUG writing bet to db\n", "record": {"elapsed": {"repr": "0:00:06.315851", "seconds": 6.315851}, "exception": null, "extra": {}, "file": {"name": "main.py", "path": "C:\\Users\\melni\\PycharmProjects\\betboom_parser\\main.py"}, "function": "find_game", "level": {"icon": "🐞", "name": "DEBUG", "no": 10}, "line": 68, "message": "writing bet to db", "module": "main", "name": "__main__", "process": {"id": 4192, "name": "MainProcess"}, "thread": {"id": 3348, "name": "MainThread"}, "time": {"repr": "2024-08-25 02:27:18.760383+05:00", "timestamp": 1724534838.760383}}}
{"text": "2024-08-25T02:27:18.762404+0500 DEBUG finding coefficients\n", "record": {"elapsed": {"repr": "0:00:06.317872", "seconds": 6.317872}, "exception": null, "extra": {}, "file": {"name": "main.py", "path": "C:\\Users\\melni\\PycharmProjects\\betboom_parser\\main.py"}, "function": "get_bet", "level": {"icon": "🐞", "name": "DEBUG", "no": 10}, "line": 94, "message": "finding coefficients", "module": "main", "name": "__main__", "process": {"id": 4192, "name": "MainProcess"}, "thread": {"id": 3348, "name": "MainThread"}, "time": {"repr": "2024-08-25 02:27:18.762404+05:00", "timestamp": 1724534838.762404}}}
{"text": "2024-08-25T02:27:18.763396+0500 DEBUG getting info about match...\n", "record": {"elapsed": {"repr": "0:00:06.318864", "seconds": 6.318864}, "exception": null, "extra": {}, "file": {"name": "main.py", "path": "C:\\Users\\melni\\PycharmProjects\\betboom_parser\\main.py"}, "function": "get_match", "level": {"icon": "🐞", "name": "DEBUG", "no": 10}, "line": 119, "message": "getting info about match...", "module": "main", "name": "__main__", "process": {"id": 4192, "name": "MainProcess"}, "thread": {"id": 3348, "name": "MainThread"}, "time": {"repr": "2024-08-25 02:27:18.763396+05:00", "timestamp": 1724534838.763396}}}
{"text": "2024-08-25T02:27:18.976548+0500 DEBUG reading db\n", "record": {"elapsed": {"repr": "0:00:06.532016", "seconds": 6.532016}, "exception": null, "extra": {}, "file": {"name": "main.py", "path": "C:\\Users\\melni\\PycharmProjects\\betboom_parser\\main.py"}, "function": "find_game", "level": {"icon": "🐞", "name": "DEBUG", "no": 10}, "line": 54, "message": "reading db", "module": "main", "name": "__main__", "process": {"id": 4192, "name": "MainProcess"}, "thread": {"id": 3348, "name": "MainThread"}, "time": {"repr": "2024-08-25 02:27:18.976548+05:00", "timestamp": 1724534838.976548}}}
{"text": "2024-08-25T02:27:19.299337+0500 INFO CS 2. European Pro League (25.08 15:30)\nECSTATIC - Dynamo Eclot\n\n1-я карта -> 2.05 & 1.7\n", "record": {"elapsed": {"repr": "0:00:06.854805", "seconds": 6.854805}, "exception": null, "extra": {}, "file": {"name": "main.py", "path": "C:\\Users\\melni\\PycharmProjects\\betboom_parser\\main.py"}, "function": "get_message", "level": {"icon": "ℹ️", "name": "INFO", "no": 20}, "line": 27, "message": "CS 2. European Pro League (25.08 15:30)\nECSTATIC - Dynamo Eclot\n\n1-я карта -> 2.05 & 1.7", "module": "main", "name": "__main__", "process": {"id": 4192, "name": "MainProcess"}, "thread": {"id": 3348, "name": "MainThread"}, "time": {"repr": "2024-08-25 02:27:19.299337+05:00", "timestamp": 1724534839.299337}}}
{"text": "2024-08-25T02:27:19.300332+0500 INFO message sent\n", "record": {"elapsed": {"repr": "0:00:06.855800", "seconds": 6.8558}, "exception": null, "extra": {}, "file": {"name": "main.py", "path": "C:\\Users\\melni\\PycharmProjects\\betboom_parser\\main.py"}, "function": "get_message", "level": {"icon": "ℹ️", "name": "INFO", "no": 20}, "line": 28, "message": "message sent", "module": "main", "name": "__main__", "process": {"id": 4192, "name": "MainProcess"}, "thread": {"id": 3348, "name": "MainThread"}, "time": {"repr": "2024-08-25 02:27:19.300332+05:00", "timestamp": 1724534839.300332}}}
{"text": "2024-08-25T02:27:19.300332+0500 DEBUG writing bet to db\n", "record": {"elapsed": {"repr": "0:00:06.855800", "seconds": 6.8558}, "exception": null, "extra": {}, "file": {"name": "main.py", "path": "C:\\Users\\melni\\PycharmProjects\\betboom_parser\\main.py"}, "function": "find_game", "level": {"icon": "🐞", "name": "DEBUG", "no": 10}, "line": 68, "message": "writing bet to db", "module": "main", "name": "__main__", "process": {"id": 4192, "name": "MainProcess"}, "thread": {"id": 3348, "name": "MainThread"}, "time": {"repr": "2024-08-25 02:27:19.300332+05:00", "timestamp": 1724534839.300332}}}
{"text": "2024-08-25T02:27:19.301324+0500 DEBUG finding coefficients\n", "record": {"elapsed": {"repr": "0:00:06.856792", "seconds": 6.856792}, "exception": null, "extra": {}, "file": {"name": "main.py", "path": "C:\\Users\\melni\\PycharmProjects\\betboom_parser\\main.py"}, "function": "get_bet", "level": {"icon": "🐞", "name": "DEBUG", "no": 10}, "line": 94, "message": "finding coefficients", "module": "main", "name": "__main__", "process": {"id": 4192, "name": "MainProcess"}, "thread": {"id": 3348, "name": "MainThread"}, "time": {"repr": "2024-08-25 02:27:19.301324+05:00", "timestamp": 1724534839.301324}}}
{"text": "2024-08-25T02:27:19.303343+0500 DEBUG reading db\n", "record": {"elapsed": {"repr": "0:00:06.858811", "seconds": 6.858811}, "exception": null, "extra": {}, "file": {"name": "main.py", "path": "C:\\Users\\melni\\PycharmProjects\\betboom_parser\\main.py"}, "function": "find_game", "level": {"icon": "🐞", "name": "DEBUG", "no": 10}, "line": 54, "message": "reading db", "module": "main", "name": "__main__", "process": {"id": 4192, "name": "MainProcess"}, "thread": {"id": 3348, "name": "MainThread"}, "time": {"repr": "2024-08-25 02:27:19.303343+05:00", "timestamp": 1724534839.303343}}}
{"text": "2024-08-25T02:27:19.588450+0500 INFO CS 2. European Pro League (25.08 15:30)\nECSTATIC - Dynamo Eclot\n\n2-я карта -> 2.05 & 1.7\n", "record": {"elapsed": {"repr": "0:00:07.143918", "seconds": 7.143918}, "exception": null, "extra": {}, "file": {"name": "main.py", "path": "C:\\Users\\melni\\PycharmProjects\\betboom_parser\\main.py"}, "function": "get_message", "level": {"icon": "ℹ️", "name": "INFO", "no": 20}, "line": 27, "message": "CS 2. European Pro League (25.08 15:30)\nECSTATIC - Dynamo Eclot\n\n2-я карта -> 2.05 & 1.7", "module": "main", "name": "__main__", "process": {"id": 4192, "name": "MainProcess"}, "thread": {"id": 3348, "name": "MainThread"}, "time": {"repr": "2024-08-25 02:27:19.588450+05:00", "timestamp": 1724534839.58845}}}
{"text": "2024-08-25T02:27:19.590437+0500 INFO message sent\n", "record": {"elapsed": {"repr": "0:00:07.145905", "seconds": 7.145905}, "exception": null, "extra": {}, "file": {"name": "main.py", "path": "C:\\Users\\melni\\PycharmProjects\\betboom_parser\\main.py"}, "function": "get_message", "level": {"icon": "ℹ️", "name": "INFO", "no": 20}, "line": 28, "message": "message sent", "module": "main", "name": "__main__", "process": {"id": 4192, "name": "MainProcess"}, "thread": {"id": 3348, "name": "MainThread"}, "time": {"repr": "2024-08-25 02:27:19.590437+05:00", "timestamp": 1724534839.590437}}}
{"text": "2024-08-25T02:27:19.592432+0500 DEBUG writing bet to db\n", "record": {"elapsed": {"repr": "0:00:07.147900", "seconds": 7.1479}, "exception": null, "extra": {}, "file": {"name": "main.py", "path": "C:\\Users\\melni\\PycharmProjects\\betboom_parser\\main.py"}, "function": "find_game", "level": {"icon": "🐞", "name": "DEBUG", "no": 10}, "line": 68, "message": "writing bet to db", "module": "main", "name": "__main__", "process": {"id": 4192, "name": "MainProcess"}, "thread": {"id": 3348, "name": "MainThread"}, "time": {"repr": "2024-08-25 02:27:19.592432+05:00", "timestamp": 1724534839.592432}}}
{"text": "2024-08-25T02:27:19.593448+0500 DEBUG finding coefficients\n", "record": {"elapsed": {"repr": "0:00:07.148916", "seconds": 7.148916}, "exception": null, "extra": {}, "file": {"name": "main.py", "path": "C:\\Users\\melni\\PycharmProjects\\betboom_parser\\main.py"}, "function": "get_bet", "level": {"icon": "🐞", "name": "DEBUG", "no": 10}, "line": 94, "message": "finding coefficients", "module": "main", "name": "__main__", "process": {"id": 4192, "name": "MainProcess"}, "thread": {"id": 3348, "name": "MainThread"}, "time": {"repr": "2024-08-25 02:27:19.593448+05:00", "timestamp": 1724534839.593448}}}
{"text": "2024-08-25T02:27:19.593448+0500 DEBUG reading db\n", "record": {"elapsed": {"repr": "0:00:07.148916", "seconds": 7.148916}, "exception": null, "extra": {}, "file": {"name": "main.py", "path": "C:\\Users\\melni\\PycharmProjects\\betboom_parser\\main.py"}, "function": "find_game", "level": {"icon": "🐞", "name": "DEBUG", "no": 10}, "line": 54, "message": "reading db", "module": "main", "name": "__main__", "process": {"id": 4192, "name": "MainProcess"}, "thread": {"id": 3348, "name": "MainThread"}, "time": {"repr": "2024-08-25 02:27:19.593448+05:00", "timestamp": 1724534839.593448}}}
{"text": "2024-08-25T02:27:19.917431+0500 INFO CS 2. European Pro League (25.08 15:30)\nECSTATIC - Dynamo Eclot\n\n3-я карта -> 2.05 & 1.7\n", "record": {"elapsed": {"repr": "0:00:07.472899", "seconds": 7.472899}, "exception": null, "extra": {}, "file": {"name": "main.py", "path": "C:\\Users\\melni\\PycharmProjects\\betboom_parser\\main.py"}, "function": "get_message", "level": {"icon": "ℹ️", "name": "INFO", "no": 20}, "line": 27, "message": "CS 2. European Pro League (25.08 15:30)\nECSTATIC - Dynamo Eclot\n\n3-я карта -> 2.05 & 1.7", "module": "main", "name": "__main__", "process": {"id": 4192, "name": "MainProcess"}, "thread": {"id": 3348, "name": "MainThread"}, "time": {"repr": "2024-08-25 02:27:19.917431+05:00", "timestamp": 1724534839.917431}}}
{"text": "2024-08-25T02:27:19.918415+0500 INFO message sent\n", "record": {"elapsed": {"repr": "0:00:07.473883", "seconds": 7.473883}, "exception": null, "extra": {}, "file": {"name": "main.py", "path": "C:\\Users\\melni\\PycharmProjects\\betboom_parser\\main.py"}, "function": "get_message", "level": {"icon": "ℹ️", "name": "INFO", "no": 20}, "line": 28, "message": "message sent", "module": "main", "name": "__main__", "process": {"id": 4192, "name": "MainProcess"}, "thread": {"id": 3348, "name": "MainThread"}, "time": {"repr": "2024-08-25 02:27:19.918415+05:00", "timestamp": 1724534839.918415}}}
{"text": "2024-08-25T02:27:19.919423+0500 DEBUG writing bet to db\n", "record": {"elapsed": {"repr": "0:00:07.474891", "seconds": 7.474891}, "exception": null, "extra": {}, "file": {"name": "main.py", "path": "C:\\Users\\melni\\PycharmProjects\\betboom_parser\\main.py"}, "function": "find_game", "level": {"icon": "🐞", "name": "DEBUG", "no": 10}, "line": 68, "message": "writing bet to db", "module": "main", "name": "__main__", "process": {"id": 4192, "name": "MainProcess"}, "thread": {"id": 3348, "name": "MainThread"}, "time": {"repr": "2024-08-25 02:27:19.919423+05:00", "timestamp": 1724534839.919423}}}
{"text": "2024-08-25T02:27:19.919423+0500 DEBUG finding coefficients\n", "record": {"elapsed": {"repr": "0:00:07.474891", "seconds": 7.474891}, "exception": null, "extra": {}, "file": {"name": "main.py", "path": "C:\\Users\\melni\\PycharmProjects\\betboom_parser\\main.py"}, "function": "get_bet", "level": {"icon": "🐞", "name": "DEBUG", "no": 10}, "line": 94, "message": "finding coefficients", "module": "main", "name": "__main__", "process": {"id": 4192, "name": "MainProcess"}, "thread": {"id": 3348, "name": "MainThread"}, "time": {"repr": "2024-08-25 02:27:19.919423+05:00", "timestamp": 1724534839.919423}}}
{"text": "2024-08-25T02:27:19.920422+0500 DEBUG getting info about match...\n", "record": {"elapsed": {"repr": "0:00:07.475890", "seconds": 7.47589}, "exception": null, "extra": {}, "file": {"name": "main.py", "path": "C:\\Users\\melni\\PycharmProjects\\betboom_parser\\main.py"}, "function": "get_match", "level": {"icon": "🐞", "name": "DEBUG", "no": 10}, "line": 119, "message": "getting info about match...", "module": "main", "name": "__main__", "process": {"id": 4192, "name": "MainProcess"}, "thread": {"id": 3348, "name": "MainThread"}, "time": {"repr": "2024-08-25 02:27:19.920422+05:00", "timestamp": 1724534839.920422}}}
{"text": "2024-08-25T02:27:20.119202+0500 DEBUG reading db\n", "record": {"elapsed": {"repr": "0:00:07.674670", "seconds": 7.67467}, "exception": null, "extra": {}, "file": {"name": "main.py", "path": "C:\\Users\\melni\\PycharmProjects\\betboom_parser\\main.py"}, "function": "find_game", "level": {"icon": "🐞", "name": "DEBUG", "no": 10}, "line": 54, "message": "reading db", "module": "main", "name": "__main__", "process": {"id": 4192, "name": "MainProcess"}, "thread": {"id": 3348, "name": "MainThread"}, "time": {"repr": "2024-08-25 02:27:20.119202+05:00", "timestamp": 1724534840.119202}}}
{"text": "2024-08-25T02:27:26.459833+0500 INFO CS 2. BB Dacha (25.08 17:30)\n9z - paiN\n\n1-я карта -> 1.9 & 1.9\n", "record": {"elapsed": {"repr": "0:00:14.015301", "seconds": 14.015301}, "exception": null, "extra": {}, "file": {"name": "main.py", "path": "C:\\Users\\melni\\PycharmProjects\\betboom_parser\\main.py"}, "function": "get_message", "level": {"icon": "ℹ️", "name": "INFO", "no": 20}, "line": 27, "message": "CS 2. BB Dacha (25.08 17:30)\n9z - paiN\n\n1-я карта -> 1.9 & 1.9", "module": "main", "name": "__main__", "process": {"id": 4192, "name": "MainProcess"}, "thread": {"id": 3348, "name": "MainThread"}, "time": {"repr": "2024-08-25 02:27:26.459833+05:00", "timestamp": 1724534846.459833}}}
{"text": "2024-08-25T02:27:26.460889+0500 INFO message sent\n", "record": {"elapsed": {"repr": "0:00:14.016357", "seconds": 14.016357}, "exception": null, "extra": {}, "file": {"name": "main.py", "path": "C:\\Users\\melni\\PycharmProjects\\betboom_parser\\main.py"}, "function": "get_message", "level": {"icon": "ℹ️", "name": "INFO", "no": 20}, "line": 28, "message": "message sent", "module": "main", "name": "__main__", "process": {"id": 4192, "name": "MainProcess"}, "thread": {"id": 3348, "name": "MainThread"}, "time": {"repr": "2024-08-25 02:27:26.460889+05:00", "timestamp": 1724534846.460889}}}
{"text": "2024-08-25T02:27:26.461883+0500 DEBUG writing bet to db\n", "record": {"elapsed": {"repr": "0:00:14.017351", "seconds": 14.017351}, "exception": null, "extra": {}, "file": {"name": "main.py", "path": "C:\\Users\\melni\\PycharmProjects\\betboom_parser\\main.py"}, "function": "find_game", "level": {"icon": "🐞", "name": "DEBUG", "no": 10}, "line": 68, "message": "writing bet to db", "module": "main", "name": "__main__", "process": {"id": 4192, "name": "MainProcess"}, "thread": {"id": 3348, "name": "MainThread"}, "time": {"repr": "2024-08-25 02:27:26.461883+05:00", "timestamp": 1724534846.461883}}}
{"text": "2024-08-25T02:27:26.462875+0500 DEBUG finding coefficients\n", "record": {"elapsed": {"repr": "0:00:14.018343", "seconds": 14.018343}, "exception": null, "extra": {}, "file": {"name": "main.py", "path": "C:\\Users\\melni\\PycharmProjects\\betboom_parser\\main.py"}, "function": "get_bet", "level": {"icon": "🐞", "name": "DEBUG", "no": 10}, "line": 94, "message": "finding coefficients", "module": "main", "name": "__main__", "process": {"id": 4192, "name": "MainProcess"}, "thread": {"id": 3348, "name": "MainThread"}, "time": {"repr": "2024-08-25 02:27:26.462875+05:00", "timestamp": 1724534846.462875}}}
{"text": "2024-08-25T02:27:26.463877+0500 DEBUG reading db\n", "record": {"elapsed": {"repr": "0:00:14.019345", "seconds": 14.019345}, "exception": null, "extra": {}, "file": {"name": "main.py", "path": "C:\\Users\\melni\\PycharmProjects\\betboom_parser\\main.py"}, "function": "find_game", "level": {"icon": "🐞", "name": "DEBUG", "no": 10}, "line": 54, "message": "reading db", "module": "main", "name": "__main__", "process": {"id": 4192, "name": "MainProcess"}, "thread": {"id": 3348, "name": "MainThread"}, "time": {"repr": "2024-08-25 02:27:26.463877+05:00", "timestamp": 1724534846.463877}}}
{"text": "2024-08-25T02:27:26.777796+0500 INFO CS 2. BB Dacha (25.08 17:30)\n9z - paiN\n\n2-я карта -> 1.9 & 1.9\n", "record": {"elapsed": {"repr": "0:00:14.333264", "seconds": 14.333264}, "exception": null, "extra": {}, "file": {"name": "main.py", "path": "C:\\Users\\melni\\PycharmProjects\\betboom_parser\\main.py"}, "function": "get_message", "level": {"icon": "ℹ️", "name": "INFO", "no": 20}, "line": 27, "message": "CS 2. BB Dacha (25.08 17:30)\n9z - paiN\n\n2-я карта -> 1.9 & 1.9", "module": "main", "name": "__main__", "process": {"id": 4192, "name": "MainProcess"}, "thread": {"id": 3348, "name": "MainThread"}, "time": {"repr": "2024-08-25 02:27:26.777796+05:00", "timestamp": 1724534846.777796}}}
{"text": "2024-08-25T02:27:26.778793+0500 INFO message sent\n", "record": {"elapsed": {"repr": "0:00:14.334261", "seconds": 14.334261}, "exception": null, "extra": {}, "file": {"name": "main.py", "path": "C:\\Users\\melni\\PycharmProjects\\betboom_parser\\main.py"}, "function": "get_message", "level": {"icon": "ℹ️", "name": "INFO", "no": 20}, "line": 28, "message": "message sent", "module": "main", "name": "__main__", "process": {"id": 4192, "name": "MainProcess"}, "thread": {"id": 3348, "name": "MainThread"}, "time": {"repr": "2024-08-25 02:27:26.778793+05:00", "timestamp": 1724534846.778793}}}
{"text": "2024-08-25T02:27:26.779794+0500 DEBUG writing bet to db\n", "record": {"elapsed": {"repr": "0:00:14.335262", "seconds": 14.335262}, "exception": null, "extra": {}, "file": {"name": "main.py", "path": "C:\\Users\\melni\\PycharmProjects\\betboom_parser\\main.py"}, "function": "find_game", "level": {"icon": "🐞", "name": "DEBUG", "no": 10}, "line": 68, "message": "writing bet to db", "module": "main", "name": "__main__", "process": {"id": 4192, "name": "MainProcess"}, "thread": {"id": 3348, "name": "MainThread"}, "time": {"repr": "2024-08-25 02:27:26.779794+05:00", "timestamp": 1724534846.779794}}}
{"text": "2024-08-25T02:27:26.780812+0500 DEBUG finding coefficients\n", "record": {"elapsed": {"repr": "0:00:14.336280", "seconds": 14.33628}, "exception": null, "extra": {}, "file": {"name": "main.py", "path": "C:\\Users\\melni\\PycharmProjects\\betboom_parser\\main.py"}, "function": "get_bet", "level": {"icon": "🐞", "name": "DEBUG", "no": 10}, "line": 94, "message": "finding coefficients", "module": "main", "name": "__main__", "process": {"id": 4192, "name": "MainProcess"}, "thread": {"id": 3348, "name": "MainThread"}, "time": {"repr": "2024-08-25 02:27:26.780812+05:00", "timestamp": 1724534846.780812}}}
{"text": "2024-08-25T02:27:26.782812+0500 DEBUG reading db\n", "record": {"elapsed": {"repr": "0:00:14.338280", "seconds": 14.33828}, "exception": null, "extra": {}, "file": {"name": "main.py", "path": "C:\\Users\\melni\\PycharmProjects\\betboom_parser\\main.py"}, "function": "find_game", "level": {"icon": "🐞", "name": "DEBUG", "no": 10}, "line": 54, "message": "reading db", "module": "main", "name": "__main__", "process": {"id": 4192, "name": "MainProcess"}, "thread": {"id": 3348, "name": "MainThread"}, "time": {"repr": "2024-08-25 02:27:26.782812+05:00", "timestamp": 1724534846.782812}}}
{"text": "2024-08-25T02:27:27.120574+0500 INFO CS 2. BB Dacha (25.08 17:30)\n9z - paiN\n\n3-я карта -> 1.9 & 1.9\n", "record": {"elapsed": {"repr": "0:00:14.676042", "seconds": 14.676042}, "exception": null, "extra": {}, "file": {"name": "main.py", "path": "C:\\Users\\melni\\PycharmProjects\\betboom_parser\\main.py"}, "function": "get_message", "level": {"icon": "ℹ️", "name": "INFO", "no": 20}, "line": 27, "message": "CS 2. BB Dacha (25.08 17:30)\n9z - paiN\n\n3-я карта -> 1.9 & 1.9", "module": "main", "name": "__main__", "process": {"id": 4192, "name": "MainProcess"}, "thread": {"id": 3348, "name": "MainThread"}, "time": {"repr": "2024-08-25 02:27:27.120574+05:00", "timestamp": 1724534847.120574}}}
{"text": "2024-08-25T02:27:27.121549+0500 INFO message sent\n", "record": {"elapsed": {"repr": "0:00:14.677017", "seconds": 14.677017}, "exception": null, "extra": {}, "file": {"name": "main.py", "path": "C:\\Users\\melni\\PycharmProjects\\betboom_parser\\main.py"}, "function": "get_message", "level": {"icon": "ℹ️", "name": "INFO", "no": 20}, "line": 28, "message": "message sent", "module": "main", "name": "__main__", "process": {"id": 4192, "name": "MainProcess"}, "thread": {"id": 3348, "name": "MainThread"}, "time": {"repr": "2024-08-25 02:27:27.121549+05:00", "timestamp": 1724534847.121549}}}
{"text": "2024-08-25T02:27:27.122567+0500 DEBUG writing bet to db\n", "record": {"elapsed": {"repr": "0:00:14.678035", "seconds": 14.678035}, "exception": null, "extra": {}, "file": {"name": "main.py", "path": "C:\\Users\\melni\\PycharmProjects\\betboom_parser\\main.py"}, "function": "find_game", "level": {"icon": "🐞", "name": "DEBUG", "no": 10}, "line": 68, "message": "writing bet to db", "module": "main", "name": "__main__", "process": {"id": 4192, "name": "MainProcess"}, "thread": {"id": 3348, "name": "MainThread"}, "time": {"repr": "2024-08-25 02:27:27.122567+05:00", "timestamp": 1724534847.122567}}}
{"text": "2024-08-25T02:27:27.123552+0500 DEBUG finding coefficients\n", "record": {"elapsed": {"repr": "0:00:14.679020", "seconds": 14.67902}, "exception": null, "extra": {}, "file": {"name": "main.py", "path": "C:\\Users\\melni\\PycharmProjects\\betboom_parser\\main.py"}, "function": "get_bet", "level": {"icon": "🐞", "name": "DEBUG", "no": 10}, "line": 94, "message": "finding coefficients", "module": "main", "name": "__main__", "process": {"id": 4192, "name": "MainProcess"}, "thread": {"id": 3348, "name": "MainThread"}, "time": {"repr": "2024-08-25 02:27:27.123552+05:00", "timestamp": 1724534847.123552}}}
{"text": "2024-08-25T02:27:27.124554+0500 DEBUG getting info about match...\n", "record": {"elapsed": {"repr": "0:00:14.680022", "seconds": 14.680022}, "exception": null, "extra": {}, "file": {"name": "main.py", "path": "C:\\Users\\melni\\PycharmProjects\\betboom_parser\\main.py"}, "function": "get_match", "level": {"icon": "🐞", "name": "DEBUG", "no": 10}, "line": 119, "message": "getting info about match...", "module": "main", "name": "__main__", "process": {"id": 4192, "name": "MainProcess"}, "thread": {"id": 3348, "name": "MainThread"}, "time": {"repr": "2024-08-25 02:27:27.124554+05:00", "timestamp": 1724534847.124554}}}
{"text": "2024-08-25T02:27:27.345897+0500 DEBUG reading db\n", "record": {"elapsed": {"repr": "0:00:14.901365", "seconds": 14.901365}, "exception": null, "extra": {}, "file": {"name": "main.py", "path": "C:\\Users\\melni\\PycharmProjects\\betboom_parser\\main.py"}, "function": "find_game", "level": {"icon": "🐞", "name": "DEBUG", "no": 10}, "line": 54, "message": "reading db", "module": "main", "name": "__main__", "process": {"id": 4192, "name": "MainProcess"}, "thread": {"id": 3348, "name": "MainThread"}, "time": {"repr": "2024-08-25 02:27:27.345897+05:00", "timestamp": 1724534847.345897}}}
{"text": "2024-08-25T02:27:27.737748+0500 INFO CS 2. CCT Europe Series 9 (25.08 17:30)\nB8 - Revenant Esports\n\n1-я карта -> 1.46 & 2.629\n", "record": {"elapsed": {"repr": "0:00:15.293216", "seconds": 15.293216}, "exception": null, "extra": {}, "file": {"name": "main.py", "path": "C:\\Users\\melni\\PycharmProjects\\betboom_parser\\main.py"}, "function": "get_message", "level": {"icon": "ℹ️", "name": "INFO", "no": 20}, "line": 27, "message": "CS 2. CCT Europe Series 9 (25.08 17:30)\nB8 - Revenant Esports\n\n1-я карта -> 1.46 & 2.629", "module": "main", "name": "__main__", "process": {"id": 4192, "name": "MainProcess"}, "thread": {"id": 3348, "name": "MainThread"}, "time": {"repr": "2024-08-25 02:27:27.737748+05:00", "timestamp": 1724534847.737748}}}
{"text": "2024-08-25T02:27:27.738747+0500 INFO message sent\n", "record": {"elapsed": {"repr": "0:00:15.294215", "seconds": 15.294215}, "exception": null, "extra": {}, "file": {"name": "main.py", "path": "C:\\Users\\melni\\PycharmProjects\\betboom_parser\\main.py"}, "function": "get_message", "level": {"icon": "ℹ️", "name": "INFO", "no": 20}, "line": 28, "message": "message sent", "module": "main", "name": "__main__", "process": {"id": 4192, "name": "MainProcess"}, "thread": {"id": 3348, "name": "MainThread"}, "time": {"repr": "2024-08-25 02:27:27.738747+05:00", "timestamp": 1724534847.738747}}}
{"text": "2024-08-25T02:27:27.745730+0500 DEBUG writing bet to db\n", "record": {"elapsed": {"repr": "0:00:15.301198", "seconds": 15.301198}, "exception": null, "extra": {}, "file": {"name": "main.py", "path": "C:\\Users\\melni\\PycharmProjects\\betboom_parser\\main.py"}, "function": "find_game", "level": {"icon": "🐞", "name": "DEBUG", "no": 10}, "line": 68, "message": "writing bet to db", "module": "main", "name": "__main__", "process": {"id": 4192, "name": "MainProcess"}, "thread": {"id": 3348, "name": "MainThread"}, "time": {"repr": "2024-08-25 02:27:27.745730+05:00", "timestamp": 1724534847.74573}}}
{"text": "2024-08-25T02:27:27.745730+0500 DEBUG finding coefficients\n", "record": {"elapsed": {"repr": "0:00:15.301198", "seconds": 15.301198}, "exception": null, "extra": {}, "file": {"name": "main.py", "path": "C:\\Users\\melni\\PycharmProjects\\betboom_parser\\main.py"}, "function": "get_bet", "level": {"icon": "🐞", "name": "DEBUG", "no": 10}, "line": 94, "message": "finding coefficients", "module": "main", "name": "__main__", "process": {"id": 4192, "name": "MainProcess"}, "thread": {"id": 3348, "name": "MainThread"}, "time": {"repr": "2024-08-25 02:27:27.745730+05:00", "timestamp": 1724534847.74573}}}
{"text": "2024-08-25T02:27:27.746747+0500 DEBUG reading db\n", "record": {"elapsed": {"repr": "0:00:15.302215", "seconds": 15.302215}, "exception": null, "extra": {}, "file": {"name": "main.py", "path": "C:\\Users\\melni\\PycharmProjects\\betboom_parser\\main.py"}, "function": "find_game", "level": {"icon": "🐞", "name": "DEBUG", "no": 10}, "line": 54, "message": "reading db", "module": "main", "name": "__main__", "process": {"id": 4192, "name": "MainProcess"}, "thread": {"id": 3348, "name": "MainThread"}, "time": {"repr": "2024-08-25 02:27:27.746747+05:00", "timestamp": 1724534847.746747}}}
{"text": "2024-08-25T02:27:28.100626+0500 INFO CS 2. CCT Europe Series 9 (25.08 17:30)\nB8 - Revenant Esports\n\n2-я карта -> 1.46 & 2.629\n", "record": {"elapsed": {"repr": "0:00:15.656094", "seconds": 15.656094}, "exception": null, "extra": {}, "file": {"name": "main.py", "path": "C:\\Users\\melni\\PycharmProjects\\betboom_parser\\main.py"}, "function": "get_message", "level": {"icon": "ℹ️", "name": "INFO", "no": 20}, "line": 27, "message": "CS 2. CCT Europe Series 9 (25.08 17:30)\nB8 - Revenant Esports\n\n2-я карта -> 1.46 & 2.629", "module": "main", "name": "__main__", "process": {"id": 4192, "name": "MainProcess"}, "thread": {"id": 3348, "name": "MainThread"}, "time": {"repr": "2024-08-25 02:27:28.100626+05:00", "timestamp": 1724534848.100626}}}
{"text": "2024-08-25T02:27:28.101619+0500 INFO message sent\n", "record": {"elapsed": {"repr": "0:00:15.657087", "seconds": 15.657087}, "exception": null, "extra": {}, "file": {"name": "main.py", "path": "C:\\Users\\melni\\PycharmProjects\\betboom_parser\\main.py"}, "function": "get_message", "level": {"icon": "ℹ️", "name": "INFO", "no": 20}, "line": 28, "message": "message sent", "module": "main", "name": "__main__", "process": {"id": 4192, "name": "MainProcess"}, "thread": {"id": 3348, "name": "MainThread"}, "time": {"repr": "2024-08-25 02:27:28.101619+05:00", "timestamp": 1724534848.101619}}}
{"text": "2024-08-25T02:27:28.101619+0500 DEBUG writing bet to db\n", "record": {"elapsed": {"repr": "0:00:15.657087", "seconds": 15.657087}, "exception": null, "extra": {}, "file": {"name": "main.py", "path": "C:\\Users\\melni\\PycharmProjects\\betboom_parser\\main.py"}, "function": "find_game", "level": {"icon": "🐞", "name": "DEBUG", "no": 10}, "line": 68, "message": "writing bet to db", "module": "main", "name": "__main__", "process": {"id": 4192, "name": "MainProcess"}, "thread": {"id": 3348, "name": "MainThread"}, "time": {"repr": "2024-08-25 02:27:28.101619+05:00", "timestamp": 1724534848.101619}}}
{"text": "2024-08-25T02:27:28.102629+0500 DEBUG finding coefficients\n", "record": {"elapsed": {"repr": "0:00:15.658097", "seconds": 15.658097}, "exception": null, "extra": {}, "file": {"name": "main.py", "path": "C:\\Users\\melni\\PycharmProjects\\betboom_parser\\main.py"}, "function": "get_bet", "level": {"icon": "🐞", "name": "DEBUG", "no": 10}, "line": 94, "message": "finding coefficients", "module": "main", "name": "__main__", "process": {"id": 4192, "name": "MainProcess"}, "thread": {"id": 3348, "name": "MainThread"}, "time": {"repr": "2024-08-25 02:27:28.102629+05:00", "timestamp": 1724534848.102629}}}
{"text": "2024-08-25T02:27:28.104642+0500 DEBUG reading db\n", "record": {"elapsed": {"repr": "0:00:15.660110", "seconds": 15.66011}, "exception": null, "extra": {}, "file": {"name": "main.py", "path": "C:\\Users\\melni\\PycharmProjects\\betboom_parser\\main.py"}, "function": "find_game", "level": {"icon": "🐞", "name": "DEBUG", "no": 10}, "line": 54, "message": "reading db", "module": "main", "name": "__main__", "process": {"id": 4192, "name": "MainProcess"}, "thread": {"id": 3348, "name": "MainThread"}, "time": {"repr": "2024-08-25 02:27:28.104642+05:00", "timestamp": 1724534848.104642}}}
{"text": "2024-08-25T02:27:31.464598+0500 INFO CS 2. CCT Europe Series 9 (25.08 17:30)\nB8 - Revenant Esports\n\n3-я карта -> 1.46 & 2.629\n", "record": {"elapsed": {"repr": "0:00:19.020066", "seconds": 19.020066}, "exception": null, "extra": {}, "file": {"name": "main.py", "path": "C:\\Users\\melni\\PycharmProjects\\betboom_parser\\main.py"}, "function": "get_message", "level": {"icon": "ℹ️", "name": "INFO", "no": 20}, "line": 27, "message": "CS 2. CCT Europe Series 9 (25.08 17:30)\nB8 - Revenant Esports\n\n3-я карта -> 1.46 & 2.629", "module": "main", "name": "__main__", "process": {"id": 4192, "name": "MainProcess"}, "thread": {"id": 3348, "name": "MainThread"}, "time": {"repr": "2024-08-25 02:27:31.464598+05:00", "timestamp": 1724534851.464598}}}
{"text": "2024-08-25T02:27:31.466579+0500 INFO message sent\n", "record": {"elapsed": {"repr": "0:00:19.022047", "seconds": 19.022047}, "exception": null, "extra": {}, "file": {"name": "main.py", "path": "C:\\Users\\melni\\PycharmProjects\\betboom_parser\\main.py"}, "function": "get_message", "level": {"icon": "ℹ️", "name": "INFO", "no": 20}, "line": 28, "message": "message sent", "module": "main", "name": "__main__", "process": {"id": 4192, "name": "MainProcess"}, "thread": {"id": 3348, "name": "MainThread"}, "time": {"repr": "2024-08-25 02:27:31.466579+05:00", "timestamp": 1724534851.466579}}}
{"text": "2024-08-25T02:27:31.469157+0500 DEBUG writing bet to db\n", "record": {"elapsed": {"repr": "0:00:19.024625", "seconds": 19.024625}, "exception": null, "extra": {}, "file": {"name": "main.py", "path": "C:\\Users\\melni\\PycharmProjects\\betboom_parser\\main.py"}, "function": "find_game", "level": {"icon": "🐞", "name": "DEBUG", "no": 10}, "line": 68, "message": "writing bet to db", "module": "main", "name": "__main__", "process": {"id": 4192, "name": "MainProcess"}, "thread": {"id": 3348, "name": "MainThread"}, "time": {"repr": "2024-08-25 02:27:31.469157+05:00", "timestamp": 1724534851.469157}}}
{"text": "2024-08-25T02:27:31.469157+0500 DEBUG finding coefficients\n", "record": {"elapsed": {"repr": "0:00:19.024625", "seconds": 19.024625}, "exception": null, "extra": {}, "file": {"name": "main.py", "path": "C:\\Users\\melni\\PycharmProjects\\betboom_parser\\main.py"}, "function": "get_bet", "level": {"icon": "🐞", "name": "DEBUG", "no": 10}, "line": 94, "message": "finding coefficients", "module": "main", "name": "__main__", "process": {"id": 4192, "name": "MainProcess"}, "thread": {"id": 3348, "name": "MainThread"}, "time": {"repr": "2024-08-25 02:27:31.469157+05:00", "timestamp": 1724534851.469157}}}
{"text": "2024-08-25T02:27:31.470156+0500 DEBUG getting info about match...\n", "record": {"elapsed": {"repr": "0:00:19.025624", "seconds": 19.025624}, "exception": null, "extra": {}, "file": {"name": "main.py", "path": "C:\\Users\\melni\\PycharmProjects\\betboom_parser\\main.py"}, "function": "get_match", "level": {"icon": "🐞", "name": "DEBUG", "no": 10}, "line": 119, "message": "getting info about match...", "module": "main", "name": "__main__", "process": {"id": 4192, "name": "MainProcess"}, "thread": {"id": 3348, "name": "MainThread"}, "time": {"repr": "2024-08-25 02:27:31.470156+05:00", "timestamp": 1724534851.470156}}}
{"text": "2024-08-25T02:27:31.471158+0500 DEBUG getting matches...\n", "record": {"elapsed": {"repr": "0:00:19.026626", "seconds": 19.026626}, "exception": null, "extra": {}, "file": {"name": "main.py", "path": "C:\\Users\\melni\\PycharmProjects\\betboom_parser\\main.py"}, "function": "get_league", "level": {"icon": "🐞", "name": "DEBUG", "no": 10}, "line": 142, "message": "getting matches...", "module": "main", "name": "__main__", "process": {"id": 4192, "name": "MainProcess"}, "thread": {"id": 3348, "name": "MainThread"}, "time": {"repr": "2024-08-25 02:27:31.471158+05:00", "timestamp": 1724534851.471158}}}
{"text": "2024-08-25T02:27:31.475142+0500 INFO sleeping...\n", "record": {"elapsed": {"repr": "0:00:19.030610", "seconds": 19.03061}, "exception": null, "extra": {}, "file": {"name": "main.py", "path": "C:\\Users\\melni\\PycharmProjects\\betboom_parser\\main.py"}, "function": "<module>", "level": {"icon": "ℹ️", "name": "INFO", "no": 20}, "line": 149, "message": "sleeping...", "module": "main", "name": "__main__", "process": {"id": 4192, "name": "MainProcess"}, "thread": {"id": 3348, "name": "MainThread"}, "time": {"repr": "2024-08-25 02:27:31.475142+05:00", "timestamp": 1724534851.475142}}}
{"text": "2024-08-25T12:39:39.393325+0500 DEBUG reading db\n", "record": {"elapsed": {"repr": "0:00:02.825267", "seconds": 2.825267}, "exception": null, "extra": {}, "file": {"name": "main.py", "path": "C:\\Users\\melni\\PycharmProjects\\betboom_parser\\main.py"}, "function": "find_game", "level": {"icon": "🐞", "name": "DEBUG", "no": 10}, "line": 59, "message": "reading db", "module": "main", "name": "__main__", "process": {"id": 1864, "name": "MainProcess"}, "thread": {"id": 6664, "name": "MainThread"}, "time": {"repr": "2024-08-25 12:39:39.393325+05:00", "timestamp": 1724571579.393325}}}
{"text": "2024-08-25T12:39:39.762622+0500 INFO CS 2. European Pro League (25.08 13:00)\nVerdant - Anonymo\n\n1-я карта -> 1.75 & 2.01\n", "record": {"elapsed": {"repr": "0:00:03.194564", "seconds": 3.194564}, "exception": null, "extra": {}, "file": {"name": "main.py", "path": "C:\\Users\\melni\\PycharmProjects\\betboom_parser\\main.py"}, "function": "get_message", "level": {"icon": "ℹ️", "name": "INFO", "no": 20}, "line": 32, "message": "CS 2. European Pro League (25.08 13:00)\nVerdant - Anonymo\n\n1-я карта -> 1.75 & 2.01", "module": "main", "name": "__main__", "process": {"id": 1864, "name": "MainProcess"}, "thread": {"id": 6664, "name": "MainThread"}, "time": {"repr": "2024-08-25 12:39:39.762622+05:00", "timestamp": 1724571579.762622}}}
{"text": "2024-08-25T12:39:39.763604+0500 INFO message sent\n", "record": {"elapsed": {"repr": "0:00:03.195546", "seconds": 3.195546}, "exception": null, "extra": {}, "file": {"name": "main.py", "path": "C:\\Users\\melni\\PycharmProjects\\betboom_parser\\main.py"}, "function": "get_message", "level": {"icon": "ℹ️", "name": "INFO", "no": 20}, "line": 33, "message": "message sent", "module": "main", "name": "__main__", "process": {"id": 1864, "name": "MainProcess"}, "thread": {"id": 6664, "name": "MainThread"}, "time": {"repr": "2024-08-25 12:39:39.763604+05:00", "timestamp": 1724571579.763604}}}
{"text": "2024-08-25T12:39:39.765600+0500 DEBUG writing bet to db\n", "record": {"elapsed": {"repr": "0:00:03.197542", "seconds": 3.197542}, "exception": null, "extra": {}, "file": {"name": "main.py", "path": "C:\\Users\\melni\\PycharmProjects\\betboom_parser\\main.py"}, "function": "find_game", "level": {"icon": "🐞", "name": "DEBUG", "no": 10}, "line": 73, "message": "writing bet to db", "module": "main", "name": "__main__", "process": {"id": 1864, "name": "MainProcess"}, "thread": {"id": 6664, "name": "MainThread"}, "time": {"repr": "2024-08-25 12:39:39.765600+05:00", "timestamp": 1724571579.7656}}}
{"text": "2024-08-25T12:39:39.766604+0500 DEBUG finding coefficients\n", "record": {"elapsed": {"repr": "0:00:03.198546", "seconds": 3.198546}, "exception": null, "extra": {}, "file": {"name": "main.py", "path": "C:\\Users\\melni\\PycharmProjects\\betboom_parser\\main.py"}, "function": "get_bet", "level": {"icon": "🐞", "name": "DEBUG", "no": 10}, "line": 99, "message": "finding coefficients", "module": "main", "name": "__main__", "process": {"id": 1864, "name": "MainProcess"}, "thread": {"id": 6664, "name": "MainThread"}, "time": {"repr": "2024-08-25 12:39:39.766604+05:00", "timestamp": 1724571579.766604}}}
{"text": "2024-08-25T12:39:39.767612+0500 DEBUG reading db\n", "record": {"elapsed": {"repr": "0:00:03.199554", "seconds": 3.199554}, "exception": null, "extra": {}, "file": {"name": "main.py", "path": "C:\\Users\\melni\\PycharmProjects\\betboom_parser\\main.py"}, "function": "find_game", "level": {"icon": "🐞", "name": "DEBUG", "no": 10}, "line": 59, "message": "reading db", "module": "main", "name": "__main__", "process": {"id": 1864, "name": "MainProcess"}, "thread": {"id": 6664, "name": "MainThread"}, "time": {"repr": "2024-08-25 12:39:39.767612+05:00", "timestamp": 1724571579.767612}}}
{"text": "2024-08-25T12:39:40.087150+0500 INFO CS 2. European Pro League (25.08 13:00)\nVerdant - Anonymo\n\n2-я карта -> 1.75 & 2.01\n", "record": {"elapsed": {"repr": "0:00:03.519092", "seconds": 3.519092}, "exception": null, "extra": {}, "file": {"name": "main.py", "path": "C:\\Users\\melni\\PycharmProjects\\betboom_parser\\main.py"}, "function": "get_message", "level": {"icon": "ℹ️", "name": "INFO", "no": 20}, "line": 32, "message": "CS 2. European Pro League (25.08 13:00)\nVerdant - Anonymo\n\n2-я карта -> 1.75 & 2.01", "module": "main", "name": "__main__", "process": {"id": 1864, "name": "MainProcess"}, "thread": {"id": 6664, "name": "MainThread"}, "time": {"repr": "2024-08-25 12:39:40.087150+05:00", "timestamp": 1724571580.08715}}}
{"text": "2024-08-25T12:39:40.088129+0500 INFO message sent\n", "record": {"elapsed": {"repr": "0:00:03.520071", "seconds": 3.520071}, "exception": null, "extra": {}, "file": {"name": "main.py", "path": "C:\\Users\\melni\\PycharmProjects\\betboom_parser\\main.py"}, "function": "get_message", "level": {"icon": "ℹ️", "name": "INFO", "no": 20}, "line": 33, "message": "message sent", "module": "main", "name": "__main__", "process": {"id": 1864, "name": "MainProcess"}, "thread": {"id": 6664, "name": "MainThread"}, "time": {"repr": "2024-08-25 12:39:40.088129+05:00", "timestamp": 1724571580.088129}}}
{"text": "2024-08-25T12:39:40.089139+0500 DEBUG writing bet to db\n", "record": {"elapsed": {"repr": "0:00:03.521081", "seconds": 3.521081}, "exception": null, "extra": {}, "file": {"name": "main.py", "path": "C:\\Users\\melni\\PycharmProjects\\betboom_parser\\main.py"}, "function": "find_game", "level": {"icon": "🐞", "name": "DEBUG", "no": 10}, "line": 73, "message": "writing bet to db", "module": "main", "name": "__main__", "process": {"id": 1864, "name": "MainProcess"}, "thread": {"id": 6664, "name": "MainThread"}, "time": {"repr": "2024-08-25 12:39:40.089139+05:00", "timestamp": 1724571580.089139}}}
{"text": "2024-08-25T12:39:40.090146+0500 DEBUG finding coefficients\n", "record": {"elapsed": {"repr": "0:00:03.522088", "seconds": 3.522088}, "exception": null, "extra": {}, "file": {"name": "main.py", "path": "C:\\Users\\melni\\PycharmProjects\\betboom_parser\\main.py"}, "function": "get_bet", "level": {"icon": "🐞", "name": "DEBUG", "no": 10}, "line": 99, "message": "finding coefficients", "module": "main", "name": "__main__", "process": {"id": 1864, "name": "MainProcess"}, "thread": {"id": 6664, "name": "MainThread"}, "time": {"repr": "2024-08-25 12:39:40.090146+05:00", "timestamp": 1724571580.090146}}}
{"text": "2024-08-25T12:39:40.090146+0500 DEBUG reading db\n", "record": {"elapsed": {"repr": "0:00:03.522088", "seconds": 3.522088}, "exception": null, "extra": {}, "file": {"name": "main.py", "path": "C:\\Users\\melni\\PycharmProjects\\betboom_parser\\main.py"}, "function": "find_game", "level": {"icon": "🐞", "name": "DEBUG", "no": 10}, "line": 59, "message": "reading db", "module": "main", "name": "__main__", "process": {"id": 1864, "name": "MainProcess"}, "thread": {"id": 6664, "name": "MainThread"}, "time": {"repr": "2024-08-25 12:39:40.090146+05:00", "timestamp": 1724571580.090146}}}
{"text": "2024-08-25T12:39:40.408090+0500 INFO CS 2. European Pro League (25.08 13:00)\nVerdant - Anonymo\n\n3-я карта -> 1.82 & 1.93\n", "record": {"elapsed": {"repr": "0:00:03.840032", "seconds": 3.840032}, "exception": null, "extra": {}, "file": {"name": "main.py", "path": "C:\\Users\\melni\\PycharmProjects\\betboom_parser\\main.py"}, "function": "get_message", "level": {"icon": "ℹ️", "name": "INFO", "no": 20}, "line": 32, "message": "CS 2. European Pro League (25.08 13:00)\nVerdant - Anonymo\n\n3-я карта -> 1.82 & 1.93", "module": "main", "name": "__main__", "process": {"id": 1864, "name": "MainProcess"}, "thread": {"id": 6664, "name": "MainThread"}, "time": {"repr": "2024-08-25 12:39:40.408090+05:00", "timestamp": 1724571580.40809}}}
{"text": "2024-08-25T12:39:40.409091+0500 INFO message sent\n", "record": {"elapsed": {"repr": "0:00:03.841033", "seconds": 3.841033}, "exception": null, "extra": {}, "file": {"name": "main.py", "path": "C:\\Users\\melni\\PycharmProjects\\betboom_parser\\main.py"}, "function": "get_message", "level": {"icon": "ℹ️", "name": "INFO", "no": 20}, "line": 33, "message": "message sent", "module": "main", "name": "__main__", "process": {"id": 1864, "name": "MainProcess"}, "thread": {"id": 6664, "name": "MainThread"}, "time": {"repr": "2024-08-25 12:39:40.409091+05:00", "timestamp": 1724571580.409091}}}
{"text": "2024-08-25T12:39:40.772811+0500 INFO CS 2. European Pro League (25.08 13:00)\nVerdant - Anonymo\n\nold odds: 3-я карта -> 1.75\nnew odds: 3-я карта -> 1.82\n", "record": {"elapsed": {"repr": "0:00:04.204753", "seconds": 4.204753}, "exception": null, "extra": {}, "file": {"name": "main.py", "path": "C:\\Users\\melni\\PycharmProjects\\betboom_parser\\main.py"}, "function": "get_alter_message", "level": {"icon": "ℹ️", "name": "INFO", "no": 20}, "line": 49, "message": "CS 2. European Pro League (25.08 13:00)\nVerdant - Anonymo\n\nold odds: 3-я карта -> 1.75\nnew odds: 3-я карта -> 1.82", "module": "main", "name": "__main__", "process": {"id": 1864, "name": "MainProcess"}, "thread": {"id": 6664, "name": "MainThread"}, "time": {"repr": "2024-08-25 12:39:40.772811+05:00", "timestamp": 1724571580.772811}}}
{"text": "2024-08-25T12:39:40.773828+0500 INFO message sent\n", "record": {"elapsed": {"repr": "0:00:04.205770", "seconds": 4.20577}, "exception": null, "extra": {}, "file": {"name": "main.py", "path": "C:\\Users\\melni\\PycharmProjects\\betboom_parser\\main.py"}, "function": "get_alter_message", "level": {"icon": "ℹ️", "name": "INFO", "no": 20}, "line": 50, "message": "message sent", "module": "main", "name": "__main__", "process": {"id": 1864, "name": "MainProcess"}, "thread": {"id": 6664, "name": "MainThread"}, "time": {"repr": "2024-08-25 12:39:40.773828+05:00", "timestamp": 1724571580.773828}}}
{"text": "2024-08-25T12:39:40.774818+0500 DEBUG writing bet to db\n", "record": {"elapsed": {"repr": "0:00:04.206760", "seconds": 4.20676}, "exception": null, "extra": {}, "file": {"name": "main.py", "path": "C:\\Users\\melni\\PycharmProjects\\betboom_parser\\main.py"}, "function": "find_game", "level": {"icon": "🐞", "name": "DEBUG", "no": 10}, "line": 73, "message": "writing bet to db", "module": "main", "name": "__main__", "process": {"id": 1864, "name": "MainProcess"}, "thread": {"id": 6664, "name": "MainThread"}, "time": {"repr": "2024-08-25 12:39:40.774818+05:00", "timestamp": 1724571580.774818}}}
{"text": "2024-08-25T12:39:40.775823+0500 DEBUG finding coefficients\n", "record": {"elapsed": {"repr": "0:00:04.207765", "seconds": 4.207765}, "exception": null, "extra": {}, "file": {"name": "main.py", "path": "C:\\Users\\melni\\PycharmProjects\\betboom_parser\\main.py"}, "function": "get_bet", "level": {"icon": "🐞", "name": "DEBUG", "no": 10}, "line": 99, "message": "finding coefficients", "module": "main", "name": "__main__", "process": {"id": 1864, "name": "MainProcess"}, "thread": {"id": 6664, "name": "MainThread"}, "time": {"repr": "2024-08-25 12:39:40.775823+05:00", "timestamp": 1724571580.775823}}}
{"text": "2024-08-25T12:39:40.776824+0500 DEBUG getting info about match...\n", "record": {"elapsed": {"repr": "0:00:04.208766", "seconds": 4.208766}, "exception": null, "extra": {}, "file": {"name": "main.py", "path": "C:\\Users\\melni\\PycharmProjects\\betboom_parser\\main.py"}, "function": "get_match", "level": {"icon": "🐞", "name": "DEBUG", "no": 10}, "line": 124, "message": "getting info about match...", "module": "main", "name": "__main__", "process": {"id": 1864, "name": "MainProcess"}, "thread": {"id": 6664, "name": "MainThread"}, "time": {"repr": "2024-08-25 12:39:40.776824+05:00", "timestamp": 1724571580.776824}}}
{"text": "2024-08-25T12:39:40.974183+0500 DEBUG reading db\n", "record": {"elapsed": {"repr": "0:00:04.406125", "seconds": 4.406125}, "exception": null, "extra": {}, "file": {"name": "main.py", "path": "C:\\Users\\melni\\PycharmProjects\\betboom_parser\\main.py"}, "function": "find_game", "level": {"icon": "🐞", "name": "DEBUG", "no": 10}, "line": 59, "message": "reading db", "module": "main", "name": "__main__", "process": {"id": 1864, "name": "MainProcess"}, "thread": {"id": 6664, "name": "MainThread"}, "time": {"repr": "2024-08-25 12:39:40.974183+05:00", "timestamp": 1724571580.974183}}}
{"text": "2024-08-25T12:39:41.334489+0500 INFO CS 2. BB Dacha (25.08 14:00)\nTeam Falcons - BETBOOM TEAM\n\n1-я карта -> 1.76 & 2.08\n", "record": {"elapsed": {"repr": "0:00:04.766431", "seconds": 4.766431}, "exception": null, "extra": {}, "file": {"name": "main.py", "path": "C:\\Users\\melni\\PycharmProjects\\betboom_parser\\main.py"}, "function": "get_message", "level": {"icon": "ℹ️", "name": "INFO", "no": 20}, "line": 32, "message": "CS 2. BB Dacha (25.08 14:00)\nTeam Falcons - BETBOOM TEAM\n\n1-я карта -> 1.76 & 2.08", "module": "main", "name": "__main__", "process": {"id": 1864, "name": "MainProcess"}, "thread": {"id": 6664, "name": "MainThread"}, "time": {"repr": "2024-08-25 12:39:41.334489+05:00", "timestamp": 1724571581.334489}}}
{"text": "2024-08-25T12:39:41.335483+0500 INFO message sent\n", "record": {"elapsed": {"repr": "0:00:04.767425", "seconds": 4.767425}, "exception": null, "extra": {}, "file": {"name": "main.py", "path": "C:\\Users\\melni\\PycharmProjects\\betboom_parser\\main.py"}, "function": "get_message", "level": {"icon": "ℹ️", "name": "INFO", "no": 20}, "line": 33, "message": "message sent", "module": "main", "name": "__main__", "process": {"id": 1864, "name": "MainProcess"}, "thread": {"id": 6664, "name": "MainThread"}, "time": {"repr": "2024-08-25 12:39:41.335483+05:00", "timestamp": 1724571581.335483}}}
{"text": "2024-08-25T12:39:41.336485+0500 DEBUG writing bet to db\n", "record": {"elapsed": {"repr": "0:00:04.768427", "seconds": 4.768427}, "exception": null, "extra": {}, "file": {"name": "main.py", "path": "C:\\Users\\melni\\PycharmProjects\\betboom_parser\\main.py"}, "function": "find_game", "level": {"icon": "🐞", "name": "DEBUG", "no": 10}, "line": 73, "message": "writing bet to db", "module": "main", "name": "__main__", "process": {"id": 1864, "name": "MainProcess"}, "thread": {"id": 6664, "name": "MainThread"}, "time": {"repr": "2024-08-25 12:39:41.336485+05:00", "timestamp": 1724571581.336485}}}
{"text": "2024-08-25T12:39:41.337483+0500 DEBUG finding coefficients\n", "record": {"elapsed": {"repr": "0:00:04.769425", "seconds": 4.769425}, "exception": null, "extra": {}, "file": {"name": "main.py", "path": "C:\\Users\\melni\\PycharmProjects\\betboom_parser\\main.py"}, "function": "get_bet", "level": {"icon": "🐞", "name": "DEBUG", "no": 10}, "line": 99, "message": "finding coefficients", "module": "main", "name": "__main__", "process": {"id": 1864, "name": "MainProcess"}, "thread": {"id": 6664, "name": "MainThread"}, "time": {"repr": "2024-08-25 12:39:41.337483+05:00", "timestamp": 1724571581.337483}}}
{"text": "2024-08-25T12:39:41.338482+0500 DEBUG reading db\n", "record": {"elapsed": {"repr": "0:00:04.770424", "seconds": 4.770424}, "exception": null, "extra": {}, "file": {"name": "main.py", "path": "C:\\Users\\melni\\PycharmProjects\\betboom_parser\\main.py"}, "function": "find_game", "level": {"icon": "🐞", "name": "DEBUG", "no": 10}, "line": 59, "message": "reading db", "module": "main", "name": "__main__", "process": {"id": 1864, "name": "MainProcess"}, "thread": {"id": 6664, "name": "MainThread"}, "time": {"repr": "2024-08-25 12:39:41.338482+05:00", "timestamp": 1724571581.338482}}}
{"text": "2024-08-25T12:40:37.235212+0500 DEBUG reading db\n", "record": {"elapsed": {"repr": "0:00:00.813833", "seconds": 0.813833}, "exception": null, "extra": {}, "file": {"name": "main.py", "path": "C:\\Users\\melni\\PycharmProjects\\betboom_parser\\main.py"}, "function": "find_game", "level": {"icon": "🐞", "name": "DEBUG", "no": 10}, "line": 59, "message": "reading db", "module": "main", "name": "__main__", "process": {"id": 6736, "name": "MainProcess"}, "thread": {"id": 3516, "name": "MainThread"}, "time": {"repr": "2024-08-25 12:40:37.235212+05:00", "timestamp": 1724571637.235212}}}
{"text": "2024-08-25T12:40:37.237221+0500 DEBUG writing bet to db\n", "record": {"elapsed": {"repr": "0:00:00.815842", "seconds": 0.815842}, "exception": null, "extra": {}, "file": {"name": "main.py", "path": "C:\\Users\\melni\\PycharmProjects\\betboom_parser\\main.py"}, "function": "find_game", "level": {"icon": "🐞", "name": "DEBUG", "no": 10}, "line": 73, "message": "writing bet to db", "module": "main", "name": "__main__", "process": {"id": 6736, "name": "MainProcess"}, "thread": {"id": 3516, "name": "MainThread"}, "time": {"repr": "2024-08-25 12:40:37.237221+05:00", "timestamp": 1724571637.237221}}}
{"text": "2024-08-25T12:40:37.239193+0500 DEBUG finding coefficients\n", "record": {"elapsed": {"repr": "0:00:00.817814", "seconds": 0.817814}, "exception": null, "extra": {}, "file": {"name": "main.py", "path": "C:\\Users\\melni\\PycharmProjects\\betboom_parser\\main.py"}, "function": "get_bet", "level": {"icon": "🐞", "name": "DEBUG", "no": 10}, "line": 99, "message": "finding coefficients", "module": "main", "name": "__main__", "process": {"id": 6736, "name": "MainProcess"}, "thread": {"id": 3516, "name": "MainThread"}, "time": {"repr": "2024-08-25 12:40:37.239193+05:00", "timestamp": 1724571637.239193}}}
{"text": "2024-08-25T12:40:37.239193+0500 DEBUG reading db\n", "record": {"elapsed": {"repr": "0:00:00.817814", "seconds": 0.817814}, "exception": null, "extra": {}, "file": {"name": "main.py", "path": "C:\\Users\\melni\\PycharmProjects\\betboom_parser\\main.py"}, "function": "find_game", "level": {"icon": "🐞", "name": "DEBUG", "no": 10}, "line": 59, "message": "reading db", "module": "main", "name": "__main__", "process": {"id": 6736, "name": "MainProcess"}, "thread": {"id": 3516, "name": "MainThread"}, "time": {"repr": "2024-08-25 12:40:37.239193+05:00", "timestamp": 1724571637.239193}}}
{"text": "2024-08-25T12:40:37.241217+0500 DEBUG writing bet to db\n", "record": {"elapsed": {"repr": "0:00:00.819838", "seconds": 0.819838}, "exception": null, "extra": {}, "file": {"name": "main.py", "path": "C:\\Users\\melni\\PycharmProjects\\betboom_parser\\main.py"}, "function": "find_game", "level": {"icon": "🐞", "name": "DEBUG", "no": 10}, "line": 73, "message": "writing bet to db", "module": "main", "name": "__main__", "process": {"id": 6736, "name": "MainProcess"}, "thread": {"id": 3516, "name": "MainThread"}, "time": {"repr": "2024-08-25 12:40:37.241217+05:00", "timestamp": 1724571637.241217}}}
{"text": "2024-08-25T12:40:37.242212+0500 DEBUG finding coefficients\n", "record": {"elapsed": {"repr": "0:00:00.820833", "seconds": 0.820833}, "exception": null, "extra": {}, "file": {"name": "main.py", "path": "C:\\Users\\melni\\PycharmProjects\\betboom_parser\\main.py"}, "function": "get_bet", "level": {"icon": "🐞", "name": "DEBUG", "no": 10}, "line": 99, "message": "finding coefficients", "module": "main", "name": "__main__", "process": {"id": 6736, "name": "MainProcess"}, "thread": {"id": 3516, "name": "MainThread"}, "time": {"repr": "2024-08-25 12:40:37.242212+05:00", "timestamp": 1724571637.242212}}}
{"text": "2024-08-25T12:40:37.244216+0500 DEBUG reading db\n", "record": {"elapsed": {"repr": "0:00:00.822837", "seconds": 0.822837}, "exception": null, "extra": {}, "file": {"name": "main.py", "path": "C:\\Users\\melni\\PycharmProjects\\betboom_parser\\main.py"}, "function": "find_game", "level": {"icon": "🐞", "name": "DEBUG", "no": 10}, "line": 59, "message": "reading db", "module": "main", "name": "__main__", "process": {"id": 6736, "name": "MainProcess"}, "thread": {"id": 3516, "name": "MainThread"}, "time": {"repr": "2024-08-25 12:40:37.244216+05:00", "timestamp": 1724571637.244216}}}
{"text": "2024-08-25T12:40:37.657872+0500 INFO CS 2. European Pro League (25.08 13:00)\nVerdant - Anonymo\n\nold odds: 3-я карта -> 1.75\nnew odds: 3-я карта -> 1.82\n", "record": {"elapsed": {"repr": "0:00:01.236493", "seconds": 1.236493}, "exception": null, "extra": {}, "file": {"name": "main.py", "path": "C:\\Users\\melni\\PycharmProjects\\betboom_parser\\main.py"}, "function": "get_alter_message", "level": {"icon": "ℹ️", "name": "INFO", "no": 20}, "line": 49, "message": "CS 2. European Pro League (25.08 13:00)\nVerdant - Anonymo\n\nold odds: 3-я карта -> 1.75\nnew odds: 3-я карта -> 1.82", "module": "main", "name": "__main__", "process": {"id": 6736, "name": "MainProcess"}, "thread": {"id": 3516, "name": "MainThread"}, "time": {"repr": "2024-08-25 12:40:37.657872+05:00", "timestamp": 1724571637.657872}}}
{"text": "2024-08-25T12:40:37.658859+0500 INFO message sent\n", "record": {"elapsed": {"repr": "0:00:01.237480", "seconds": 1.23748}, "exception": null, "extra": {}, "file": {"name": "main.py", "path": "C:\\Users\\melni\\PycharmProjects\\betboom_parser\\main.py"}, "function": "get_alter_message", "level": {"icon": "ℹ️", "name": "INFO", "no": 20}, "line": 50, "message": "message sent", "module": "main", "name": "__main__", "process": {"id": 6736, "name": "MainProcess"}, "thread": {"id": 3516, "name": "MainThread"}, "time": {"repr": "2024-08-25 12:40:37.658859+05:00", "timestamp": 1724571637.658859}}}
{"text": "2024-08-25T12:40:37.659870+0500 DEBUG writing bet to db\n", "record": {"elapsed": {"repr": "0:00:01.238491", "seconds": 1.238491}, "exception": null, "extra": {}, "file": {"name": "main.py", "path": "C:\\Users\\melni\\PycharmProjects\\betboom_parser\\main.py"}, "function": "find_game", "level": {"icon": "🐞", "name": "DEBUG", "no": 10}, "line": 73, "message": "writing bet to db", "module": "main", "name": "__main__", "process": {"id": 6736, "name": "MainProcess"}, "thread": {"id": 3516, "name": "MainThread"}, "time": {"repr": "2024-08-25 12:40:37.659870+05:00", "timestamp": 1724571637.65987}}}
{"text": "2024-08-25T12:40:37.661853+0500 DEBUG finding coefficients\n", "record": {"elapsed": {"repr": "0:00:01.240474", "seconds": 1.240474}, "exception": null, "extra": {}, "file": {"name": "main.py", "path": "C:\\Users\\melni\\PycharmProjects\\betboom_parser\\main.py"}, "function": "get_bet", "level": {"icon": "🐞", "name": "DEBUG", "no": 10}, "line": 99, "message": "finding coefficients", "module": "main", "name": "__main__", "process": {"id": 6736, "name": "MainProcess"}, "thread": {"id": 3516, "name": "MainThread"}, "time": {"repr": "2024-08-25 12:40:37.661853+05:00", "timestamp": 1724571637.661853}}}
{"text": "2024-08-25T12:40:37.662868+0500 DEBUG getting info about match...\n", "record": {"elapsed": {"repr": "0:00:01.241489", "seconds": 1.241489}, "exception": null, "extra": {}, "file": {"name": "main.py", "path": "C:\\Users\\melni\\PycharmProjects\\betboom_parser\\main.py"}, "function": "get_match", "level": {"icon": "🐞", "name": "DEBUG", "no": 10}, "line": 124, "message": "getting info about match...", "module": "main", "name": "__main__", "process": {"id": 6736, "name": "MainProcess"}, "thread": {"id": 3516, "name": "MainThread"}, "time": {"repr": "2024-08-25 12:40:37.662868+05:00", "timestamp": 1724571637.662868}}}
{"text": "2024-08-25T12:40:37.945113+0500 DEBUG reading db\n", "record": {"elapsed": {"repr": "0:00:01.523734", "seconds": 1.523734}, "exception": null, "extra": {}, "file": {"name": "main.py", "path": "C:\\Users\\melni\\PycharmProjects\\betboom_parser\\main.py"}, "function": "find_game", "level": {"icon": "🐞", "name": "DEBUG", "no": 10}, "line": 59, "message": "reading db", "module": "main", "name": "__main__", "process": {"id": 6736, "name": "MainProcess"}, "thread": {"id": 3516, "name": "MainThread"}, "time": {"repr": "2024-08-25 12:40:37.945113+05:00", "timestamp": 1724571637.945113}}}
{"text": "2024-08-25T12:40:38.330869+0500 INFO CS 2. BB Dacha (25.08 14:00)\nTeam Falcons - BETBOOM TEAM\n\n1-я карта -> 1.76 & 2.08\n", "record": {"elapsed": {"repr": "0:00:01.909490", "seconds": 1.90949}, "exception": null, "extra": {}, "file": {"name": "main.py", "path": "C:\\Users\\melni\\PycharmProjects\\betboom_parser\\main.py"}, "function": "get_message", "level": {"icon": "ℹ️", "name": "INFO", "no": 20}, "line": 32, "message": "CS 2. BB Dacha (25.08 14:00)\nTeam Falcons - BETBOOM TEAM\n\n1-я карта -> 1.76 & 2.08", "module": "main", "name": "__main__", "process": {"id": 6736, "name": "MainProcess"}, "thread": {"id": 3516, "name": "MainThread"}, "time": {"repr": "2024-08-25 12:40:38.330869+05:00", "timestamp": 1724571638.330869}}}
{"text": "2024-08-25T12:40:38.331846+0500 INFO message sent\n", "record": {"elapsed": {"repr": "0:00:01.910467", "seconds": 1.910467}, "exception": null, "extra": {}, "file": {"name": "main.py", "path": "C:\\Users\\melni\\PycharmProjects\\betboom_parser\\main.py"}, "function": "get_message", "level": {"icon": "ℹ️", "name": "INFO", "no": 20}, "line": 33, "message": "message sent", "module": "main", "name": "__main__", "process": {"id": 6736, "name": "MainProcess"}, "thread": {"id": 3516, "name": "MainThread"}, "time": {"repr": "2024-08-25 12:40:38.331846+05:00", "timestamp": 1724571638.331846}}}
{"text": "2024-08-25T12:40:38.332845+0500 DEBUG writing bet to db\n", "record": {"elapsed": {"repr": "0:00:01.911466", "seconds": 1.911466}, "exception": null, "extra": {}, "file": {"name": "main.py", "path": "C:\\Users\\melni\\PycharmProjects\\betboom_parser\\main.py"}, "function": "find_game", "level": {"icon": "🐞", "name": "DEBUG", "no": 10}, "line": 73, "message": "writing bet to db", "module": "main", "name": "__main__", "process": {"id": 6736, "name": "MainProcess"}, "thread": {"id": 3516, "name": "MainThread"}, "time": {"repr": "2024-08-25 12:40:38.332845+05:00", "timestamp": 1724571638.332845}}}
{"text": "2024-08-25T12:40:38.333847+0500 DEBUG finding coefficients\n", "record": {"elapsed": {"repr": "0:00:01.912468", "seconds": 1.912468}, "exception": null, "extra": {}, "file": {"name": "main.py", "path": "C:\\Users\\melni\\PycharmProjects\\betboom_parser\\main.py"}, "function": "get_bet", "level": {"icon": "🐞", "name": "DEBUG", "no": 10}, "line": 99, "message": "finding coefficients", "module": "main", "name": "__main__", "process": {"id": 6736, "name": "MainProcess"}, "thread": {"id": 3516, "name": "MainThread"}, "time": {"repr": "2024-08-25 12:40:38.333847+05:00", "timestamp": 1724571638.333847}}}
{"text": "2024-08-25T12:40:38.334852+0500 DEBUG reading db\n", "record": {"elapsed": {"repr": "0:00:01.913473", "seconds": 1.913473}, "exception": null, "extra": {}, "file": {"name": "main.py", "path": "C:\\Users\\melni\\PycharmProjects\\betboom_parser\\main.py"}, "function": "find_game", "level": {"icon": "🐞", "name": "DEBUG", "no": 10}, "line": 59, "message": "reading db", "module": "main", "name": "__main__", "process": {"id": 6736, "name": "MainProcess"}, "thread": {"id": 3516, "name": "MainThread"}, "time": {"repr": "2024-08-25 12:40:38.334852+05:00", "timestamp": 1724571638.334852}}}
{"text": "2024-08-25T12:40:38.702238+0500 INFO CS 2. BB Dacha (25.08 14:00)\nTeam Falcons - BETBOOM TEAM\n\n2-я карта -> 1.75 & 2.12\n", "record": {"elapsed": {"repr": "0:00:02.280859", "seconds": 2.280859}, "exception": null, "extra": {}, "file": {"name": "main.py", "path": "C:\\Users\\melni\\PycharmProjects\\betboom_parser\\main.py"}, "function": "get_message", "level": {"icon": "ℹ️", "name": "INFO", "no": 20}, "line": 32, "message": "CS 2. BB Dacha (25.08 14:00)\nTeam Falcons - BETBOOM TEAM\n\n2-я карта -> 1.75 & 2.12", "module": "main", "name": "__main__", "process": {"id": 6736, "name": "MainProcess"}, "thread": {"id": 3516, "name": "MainThread"}, "time": {"repr": "2024-08-25 12:40:38.702238+05:00", "timestamp": 1724571638.702238}}}
{"text": "2024-08-25T12:40:38.703220+0500 INFO message sent\n", "record": {"elapsed": {"repr": "0:00:02.281841", "seconds": 2.281841}, "exception": null, "extra": {}, "file": {"name": "main.py", "path": "C:\\Users\\melni\\PycharmProjects\\betboom_parser\\main.py"}, "function": "get_message", "level": {"icon": "ℹ️", "name": "INFO", "no": 20}, "line": 33, "message": "message sent", "module": "main", "name": "__main__", "process": {"id": 6736, "name": "MainProcess"}, "thread": {"id": 3516, "name": "MainThread"}, "time": {"repr": "2024-08-25 12:40:38.703220+05:00", "timestamp": 1724571638.70322}}}
{"text": "2024-08-25T12:40:39.001470+0500 INFO CS 2. BB Dacha (25.08 14:00)\nTeam Falcons - BETBOOM TEAM\n\nold odds: 2-я карта -> 1.76\nnew odds: 2-я карта -> 1.75\n", "record": {"elapsed": {"repr": "0:00:02.580091", "seconds": 2.580091}, "exception": null, "extra": {}, "file": {"name": "main.py", "path": "C:\\Users\\melni\\PycharmProjects\\betboom_parser\\main.py"}, "function": "get_alter_message", "level": {"icon": "ℹ️", "name": "INFO", "no": 20}, "line": 49, "message": "CS 2. BB Dacha (25.08 14:00)\nTeam Falcons - BETBOOM TEAM\n\nold odds: 2-я карта -> 1.76\nnew odds: 2-я карта -> 1.75", "module": "main", "name": "__main__", "process": {"id": 6736, "name": "MainProcess"}, "thread": {"id": 3516, "name": "MainThread"}, "time": {"repr": "2024-08-25 12:40:39.001470+05:00", "timestamp": 1724571639.00147}}}
{"text": "2024-08-25T12:40:39.002456+0500 INFO message sent\n", "record": {"elapsed": {"repr": "0:00:02.581077", "seconds": 2.581077}, "exception": null, "extra": {}, "file": {"name": "main.py", "path": "C:\\Users\\melni\\PycharmProjects\\betboom_parser\\main.py"}, "function": "get_alter_message", "level": {"icon": "ℹ️", "name": "INFO", "no": 20}, "line": 50, "message": "message sent", "module": "main", "name": "__main__", "process": {"id": 6736, "name": "MainProcess"}, "thread": {"id": 3516, "name": "MainThread"}, "time": {"repr": "2024-08-25 12:40:39.002456+05:00", "timestamp": 1724571639.002456}}}
{"text": "2024-08-25T12:40:39.003445+0500 DEBUG writing bet to db\n", "record": {"elapsed": {"repr": "0:00:02.582066", "seconds": 2.582066}, "exception": null, "extra": {}, "file": {"name": "main.py", "path": "C:\\Users\\melni\\PycharmProjects\\betboom_parser\\main.py"}, "function": "find_game", "level": {"icon": "🐞", "name": "DEBUG", "no": 10}, "line": 73, "message": "writing bet to db", "module": "main", "name": "__main__", "process": {"id": 6736, "name": "MainProcess"}, "thread": {"id": 3516, "name": "MainThread"}, "time": {"repr": "2024-08-25 12:40:39.003445+05:00", "timestamp": 1724571639.003445}}}
{"text": "2024-08-25T12:40:39.004460+0500 DEBUG finding coefficients\n", "record": {"elapsed": {"repr": "0:00:02.583081", "seconds": 2.583081}, "exception": null, "extra": {}, "file": {"name": "main.py", "path": "C:\\Users\\melni\\PycharmProjects\\betboom_parser\\main.py"}, "function": "get_bet", "level": {"icon": "🐞", "name": "DEBUG", "no": 10}, "line": 99, "message": "finding coefficients", "module": "main", "name": "__main__", "process": {"id": 6736, "name": "MainProcess"}, "thread": {"id": 3516, "name": "MainThread"}, "time": {"repr": "2024-08-25 12:40:39.004460+05:00", "timestamp": 1724571639.00446}}}
{"text": "2024-08-25T12:40:39.005467+0500 DEBUG getting info about match...\n", "record": {"elapsed": {"repr": "0:00:02.584088", "seconds": 2.584088}, "exception": null, "extra": {}, "file": {"name": "main.py", "path": "C:\\Users\\melni\\PycharmProjects\\betboom_parser\\main.py"}, "function": "get_match", "level": {"icon": "🐞", "name": "DEBUG", "no": 10}, "line": 124, "message": "getting info about match...", "module": "main", "name": "__main__", "process": {"id": 6736, "name": "MainProcess"}, "thread": {"id": 3516, "name": "MainThread"}, "time": {"repr": "2024-08-25 12:40:39.005467+05:00", "timestamp": 1724571639.005467}}}
{"text": "2024-08-25T12:42:34.634064+0500 DEBUG reading db\n", "record": {"elapsed": {"repr": "0:00:00.956022", "seconds": 0.956022}, "exception": null, "extra": {}, "file": {"name": "main.py", "path": "C:\\Users\\melni\\PycharmProjects\\betboom_parser\\main.py"}, "function": "find_game", "level": {"icon": "🐞", "name": "DEBUG", "no": 10}, "line": 59, "message": "reading db", "module": "main", "name": "__main__", "process": {"id": 3988, "name": "MainProcess"}, "thread": {"id": 6000, "name": "MainThread"}, "time": {"repr": "2024-08-25 12:42:34.634064+05:00", "timestamp": 1724571754.634064}}}
{"text": "2024-08-25T12:42:34.636070+0500 DEBUG writing bet to db\n", "record": {"elapsed": {"repr": "0:00:00.958028", "seconds": 0.958028}, "exception": null, "extra": {}, "file": {"name": "main.py", "path": "C:\\Users\\melni\\PycharmProjects\\betboom_parser\\main.py"}, "function": "find_game", "level": {"icon": "🐞", "name": "DEBUG", "no": 10}, "line": 73, "message": "writing bet to db", "module": "main", "name": "__main__", "process": {"id": 3988, "name": "MainProcess"}, "thread": {"id": 6000, "name": "MainThread"}, "time": {"repr": "2024-08-25 12:42:34.636070+05:00", "timestamp": 1724571754.63607}}}
{"text": "2024-08-25T12:42:34.638071+0500 DEBUG finding coefficients\n", "record": {"elapsed": {"repr": "0:00:00.960029", "seconds": 0.960029}, "exception": null, "extra": {}, "file": {"name": "main.py", "path": "C:\\Users\\melni\\PycharmProjects\\betboom_parser\\main.py"}, "function": "get_bet", "level": {"icon": "🐞", "name": "DEBUG", "no": 10}, "line": 99, "message": "finding coefficients", "module": "main", "name": "__main__", "process": {"id": 3988, "name": "MainProcess"}, "thread": {"id": 6000, "name": "MainThread"}, "time": {"repr": "2024-08-25 12:42:34.638071+05:00", "timestamp": 1724571754.638071}}}
{"text": "2024-08-25T12:42:34.639081+0500 DEBUG reading db\n", "record": {"elapsed": {"repr": "0:00:00.961039", "seconds": 0.961039}, "exception": null, "extra": {}, "file": {"name": "main.py", "path": "C:\\Users\\melni\\PycharmProjects\\betboom_parser\\main.py"}, "function": "find_game", "level": {"icon": "🐞", "name": "DEBUG", "no": 10}, "line": 59, "message": "reading db", "module": "main", "name": "__main__", "process": {"id": 3988, "name": "MainProcess"}, "thread": {"id": 6000, "name": "MainThread"}, "time": {"repr": "2024-08-25 12:42:34.639081+05:00", "timestamp": 1724571754.639081}}}
