{"text": "2024-08-25T13:18:55.022205+0500 INFO message sent\n", "record": {"elapsed": {"repr": "0:00:11.163901", "seconds": 11.163901}, "exception": null, "extra": {}, "file": {"name": "main.py", "path": "C:\\Users\\melni\\PycharmProjects\\betboom_parser\\main.py"}, "function": "get_alter_message", "level": {"icon": "ℹ️", "name": "INFO", "no": 20}, "line": 49, "message": "message sent", "module": "main", "name": "__main__", "process": {"id": 6520, "name": "MainProcess"}, "thread": {"id": 2320, "name": "MainThread"}, "time": {"repr": "2024-08-25 13:18:55.022205+05:00", "timestamp": 1724573935.022205}}}
{"text": "2024-08-25T13:18:55.078770+0500 DEBUG writing bet to db\n", "record": {"elapsed": {"repr": "0:00:11.220466", "seconds": 11.220466}, "exception": null, "extra": {}, "file": {"name": "main.py", "path": "C:\\Users\\melni\\PycharmProjects\\betboom_parser\\main.py"}, "function": "find_game", "level": {"icon": "🐞", "name": "DEBUG", "no": 10}, "line": 72, "message": "writing bet to db", "module": "main", "name": "__main__", "process": {"id": 6520, "name": "MainProcess"}, "thread": {"id": 2320, "name": "MainThread"}, "time": {"repr": "2024-08-25 13:18:55.078770+05:00", "timestamp": 1724573935.07877}}}
{"text": "2024-08-25T13:18:55.095791+0500 DEBUG finding coefficients\n", "record": {"elapsed": {"repr": "0:00:11.237487", "seconds": 11.237487}, "exception": null, "extra": {}, "file": {"name": "main.py", "path": "C:\\Users\\melni\\PycharmProjects\\betboom_parser\\main.py"}, "function": "get_bet", "level": {"icon": "🐞", "name": "DEBUG", "no": 10}, "line": 98, "message": "finding coefficients", "module": "main", "name": "__main__", "process": {"id": 6520, "name": "MainProcess"}, "thread": {"id": 2320, "name": "MainThread"}, "time": {"repr": "2024-08-25 13:18:55.095791+05:00", "timestamp": 1724573935.095791}}}
{"text": "2024-08-25T13:18:55.095791+0500 DEBUG getting info about match...\n", "record": {"elapsed": {"repr": "0:00:11.237487", "seconds": 11.237487}, "exception": null, "extra": {}, "file": {"name": "main.py", "path": "C:\\Users\\melni\\PycharmProjects\\betboom_parser\\main.py"}, "function": "get_match", "level": {"icon": "🐞", "name": "DEBUG", "no": 10}, "line": 123, "message": "getting info about match...", "module": "main", "name": "__main__", "process": {"id": 6520, "name": "MainProcess"}, "thread": {"id": 2320, "name": "MainThread"}, "time": {"repr": "2024-08-25 13:18:55.095791+05:00", "timestamp": 1724573935.095791}}}
{"text": "2024-08-25T13:18:55.323811+0500 DEBUG reading db\n", "record": {"elapsed": {"repr": "0:00:11.465507", "seconds": 11.465507}, "exception": null, "extra": {}, "file": {"name": "main.py", "path": "C:\\Users\\melni\\PycharmProjects\\betboom_parser\\main.py"}, "function": "find_game", "level": {"icon": "🐞", "name": "DEBUG", "no": 10}, "line": 58, "message": "reading db", "module": "main", "name": "__main__", "process": {"id": 6520, "name": "MainProcess"}, "thread": {"id": 2320, "name": "MainThread"}, "time": {"repr": "2024-08-25 13:18:55.323811+05:00", "timestamp": 1724573935.323811}}}
{"text": "2024-08-25T13:18:55.324793+0500 DEBUG writing bet to db\n", "record": {"elapsed": {"repr": "0:00:11.466489", "seconds": 11.466489}, "exception": null, "extra": {}, "file": {"name": "main.py", "path": "C:\\Users\\melni\\PycharmProjects\\betboom_parser\\main.py"}, "function": "find_game", "level": {"icon": "🐞", "name": "DEBUG", "no": 10}, "line": 72, "message": "writing bet to db", "module": "main", "name": "__main__", "process": {"id": 6520, "name": "MainProcess"}, "thread": {"id": 2320, "name": "MainThread"}, "time": {"repr": "2024-08-25 13:18:55.324793+05:00", "timestamp": 1724573935.324793}}}
{"text": "2024-08-25T13:18:55.325807+0500 DEBUG finding coefficients\n", "record": {"elapsed": {"repr": "0:00:11.467503", "seconds": 11.467503}, "exception": null, "extra": {}, "file": {"name": "main.py", "path": "C:\\Users\\melni\\PycharmProjects\\betboom_parser\\main.py"}, "function": "get_bet", "level": {"icon": "🐞", "name": "DEBUG", "no": 10}, "line": 98, "message": "finding coefficients", "module": "main", "name": "__main__", "process": {"id": 6520, "name": "MainProcess"}, "thread": {"id": 2320, "name": "MainThread"}, "time": {"repr": "2024-08-25 13:18:55.325807+05:00", "timestamp": 1724573935.325807}}}
{"text": "2024-08-25T13:18:55.326811+0500 DEBUG reading db\n", "record": {"elapsed": {"repr": "0:00:11.468507", "seconds": 11.468507}, "exception": null, "extra": {}, "file": {"name": "main.py", "path": "C:\\Users\\melni\\PycharmProjects\\betboom_parser\\main.py"}, "function": "find_game", "level": {"icon": "🐞", "name": "DEBUG", "no": 10}, "line": 58, "message": "reading db", "module": "main", "name": "__main__", "process": {"id": 6520, "name": "MainProcess"}, "thread": {"id": 2320, "name": "MainThread"}, "time": {"repr": "2024-08-25 13:18:55.326811+05:00", "timestamp": 1724573935.326811}}}
{"text": "2024-08-25T13:18:55.327807+0500 DEBUG writing bet to db\n", "record": {"elapsed": {"repr": "0:00:11.469503", "seconds": 11.469503}, "exception": null, "extra": {}, "file": {"name": "main.py", "path": "C:\\Users\\melni\\PycharmProjects\\betboom_parser\\main.py"}, "function": "find_game", "level": {"icon": "🐞", "name": "DEBUG", "no": 10}, "line": 72, "message": "writing bet to db", "module": "main", "name": "__main__", "process": {"id": 6520, "name": "MainProcess"}, "thread": {"id": 2320, "name": "MainThread"}, "time": {"repr": "2024-08-25 13:18:55.327807+05:00", "timestamp": 1724573935.327807}}}
{"text": "2024-08-25T13:18:55.327807+0500 DEBUG finding coefficients\n", "record": {"elapsed": {"repr": "0:00:11.469503", "seconds": 11.469503}, "exception": null, "extra": {}, "file": {"name": "main.py", "path": "C:\\Users\\melni\\PycharmProjects\\betboom_parser\\main.py"}, "function": "get_bet", "level": {"icon": "🐞", "name": "DEBUG", "no": 10}, "line": 98, "message": "finding coefficients", "module": "main", "name": "__main__", "process": {"id": 6520, "name": "MainProcess"}, "thread": {"id": 2320, "name": "MainThread"}, "time": {"repr": "2024-08-25 13:18:55.327807+05:00", "timestamp": 1724573935.327807}}}
{"text": "2024-08-25T13:18:55.329811+0500 DEBUG reading db\n", "record": {"elapsed": {"repr": "0:00:11.471507", "seconds": 11.471507}, "exception": null, "extra": {}, "file": {"name": "main.py", "path": "C:\\Users\\melni\\PycharmProjects\\betboom_parser\\main.py"}, "function": "find_game", "level": {"icon": "🐞", "name": "DEBUG", "no": 10}, "line": 58, "message": "reading db", "module": "main", "name": "__main__", "process": {"id": 6520, "name": "MainProcess"}, "thread": {"id": 2320, "name": "MainThread"}, "time": {"repr": "2024-08-25 13:18:55.329811+05:00", "timestamp": 1724573935.329811}}}
{"text": "2024-08-25T13:18:55.330818+0500 DEBUG writing bet to db\n", "record": {"elapsed": {"repr": "0:00:11.472514", "seconds": 11.472514}, "exception": null, "extra": {}, "file": {"name": "main.py", "path": "C:\\Users\\melni\\PycharmProjects\\betboom_parser\\main.py"}, "function": "find_game", "level": {"icon": "🐞", "name": "DEBUG", "no": 10}, "line": 72, "message": "writing bet to db", "module": "main", "name": "__main__", "process": {"id": 6520, "name": "MainProcess"}, "thread": {"id": 2320, "name": "MainThread"}, "time": {"repr": "2024-08-25 13:18:55.330818+05:00", "timestamp": 1724573935.330818}}}
{"text": "2024-08-25T13:18:55.331815+0500 DEBUG finding coefficients\n", "record": {"elapsed": {"repr": "0:00:11.473511", "seconds": 11.473511}, "exception": null, "extra": {}, "file": {"name": "main.py", "path": "C:\\Users\\melni\\PycharmProjects\\betboom_parser\\main.py"}, "function": "get_bet", "level": {"icon": "🐞", "name": "DEBUG", "no": 10}, "line": 98, "message": "finding coefficients", "module": "main", "name": "__main__", "process": {"id": 6520, "name": "MainProcess"}, "thread": {"id": 2320, "name": "MainThread"}, "time": {"repr": "2024-08-25 13:18:55.331815+05:00", "timestamp": 1724573935.331815}}}
{"text": "2024-08-25T13:18:55.331815+0500 DEBUG getting info about match...\n", "record": {"elapsed": {"repr": "0:00:11.473511", "seconds": 11.473511}, "exception": null, "extra": {}, "file": {"name": "main.py", "path": "C:\\Users\\melni\\PycharmProjects\\betboom_parser\\main.py"}, "function": "get_match", "level": {"icon": "🐞", "name": "DEBUG", "no": 10}, "line": 123, "message": "getting info about match...", "module": "main", "name": "__main__", "process": {"id": 6520, "name": "MainProcess"}, "thread": {"id": 2320, "name": "MainThread"}, "time": {"repr": "2024-08-25 13:18:55.331815+05:00", "timestamp": 1724573935.331815}}}
{"text": "2024-08-25T13:45:02.385999+0500 DEBUG reading db\n", "record": {"elapsed": {"repr": "0:00:25.578670", "seconds": 25.57867}, "exception": null, "extra": {}, "file": {"name": "main.py", "path": "C:\\Users\\melni\\PycharmProjects\\betboom_parser\\main.py"}, "function": "find_game", "level": {"icon": "🐞", "name": "DEBUG", "no": 10}, "line": 58, "message": "reading db", "module": "main", "name": "__main__", "process": {"id": 6748, "name": "MainProcess"}, "thread": {"id": 6764, "name": "MainThread"}, "time": {"repr": "2024-08-25 13:45:02.385999+05:00", "timestamp": 1724575502.385999}}}
{"text": "2024-08-25T13:45:02.385999+0500 DEBUG writing bet to db\n", "record": {"elapsed": {"repr": "0:00:25.578670", "seconds": 25.57867}, "exception": null, "extra": {}, "file": {"name": "main.py", "path": "C:\\Users\\melni\\PycharmProjects\\betboom_parser\\main.py"}, "function": "find_game", "level": {"icon": "🐞", "name": "DEBUG", "no": 10}, "line": 72, "message": "writing bet to db", "module": "main", "name": "__main__", "process": {"id": 6748, "name": "MainProcess"}, "thread": {"id": 6764, "name": "MainThread"}, "time": {"repr": "2024-08-25 13:45:02.385999+05:00", "timestamp": 1724575502.385999}}}
{"text": "2024-08-25T13:45:02.392019+0500 DEBUG finding coefficients\n", "record": {"elapsed": {"repr": "0:00:25.584690", "seconds": 25.58469}, "exception": null, "extra": {}, "file": {"name": "main.py", "path": "C:\\Users\\melni\\PycharmProjects\\betboom_parser\\main.py"}, "function": "get_bet", "level": {"icon": "🐞", "name": "DEBUG", "no": 10}, "line": 98, "message": "finding coefficients", "module": "main", "name": "__main__", "process": {"id": 6748, "name": "MainProcess"}, "thread": {"id": 6764, "name": "MainThread"}, "time": {"repr": "2024-08-25 13:45:02.392019+05:00", "timestamp": 1724575502.392019}}}
{"text": "2024-08-25T13:45:02.392019+0500 DEBUG reading db\n", "record": {"elapsed": {"repr": "0:00:25.584690", "seconds": 25.58469}, "exception": null, "extra": {}, "file": {"name": "main.py", "path": "C:\\Users\\melni\\PycharmProjects\\betboom_parser\\main.py"}, "function": "find_game", "level": {"icon": "🐞", "name": "DEBUG", "no": 10}, "line": 58, "message": "reading db", "module": "main", "name": "__main__", "process": {"id": 6748, "name": "MainProcess"}, "thread": {"id": 6764, "name": "MainThread"}, "time": {"repr": "2024-08-25 13:45:02.392019+05:00", "timestamp": 1724575502.392019}}}
{"text": "2024-08-25T13:45:02.862568+0500 INFO CS 2. BB Dacha (25.08 14:00)\nTeam Falcons - BETBOOM TEAM\n\nold odds: 2-я карта -> 1.83\nnew odds: 2-я карта -> 1.71\n", "record": {"elapsed": {"repr": "0:00:26.055239", "seconds": 26.055239}, "exception": null, "extra": {}, "file": {"name": "main.py", "path": "C:\\Users\\melni\\PycharmProjects\\betboom_parser\\main.py"}, "function": "get_alter_message", "level": {"icon": "ℹ️", "name": "INFO", "no": 20}, "line": 48, "message": "CS 2. BB Dacha (25.08 14:00)\nTeam Falcons - BETBOOM TEAM\n\nold odds: 2-я карта -> 1.83\nnew odds: 2-я карта -> 1.71", "module": "main", "name": "__main__", "process": {"id": 6748, "name": "MainProcess"}, "thread": {"id": 6764, "name": "MainThread"}, "time": {"repr": "2024-08-25 13:45:02.862568+05:00", "timestamp": 1724575502.862568}}}
{"text": "2024-08-25T13:45:02.862568+0500 INFO message sent\n", "record": {"elapsed": {"repr": "0:00:26.055239", "seconds": 26.055239}, "exception": null, "extra": {}, "file": {"name": "main.py", "path": "C:\\Users\\melni\\PycharmProjects\\betboom_parser\\main.py"}, "function": "get_alter_message", "level": {"icon": "ℹ️", "name": "INFO", "no": 20}, "line": 49, "message": "message sent", "module": "main", "name": "__main__", "process": {"id": 6748, "name": "MainProcess"}, "thread": {"id": 6764, "name": "MainThread"}, "time": {"repr": "2024-08-25 13:45:02.862568+05:00", "timestamp": 1724575502.862568}}}
{"text": "2024-08-25T13:45:02.862568+0500 DEBUG writing bet to db\n", "record": {"elapsed": {"repr": "0:00:26.055239", "seconds": 26.055239}, "exception": null, "extra": {}, "file": {"name": "main.py", "path": "C:\\Users\\melni\\PycharmProjects\\betboom_parser\\main.py"}, "function": "find_game", "level": {"icon": "🐞", "name": "DEBUG", "no": 10}, "line": 72, "message": "writing bet to db", "module": "main", "name": "__main__", "process": {"id": 6748, "name": "MainProcess"}, "thread": {"id": 6764, "name": "MainThread"}, "time": {"repr": "2024-08-25 13:45:02.862568+05:00", "timestamp": 1724575502.862568}}}
{"text": "2024-08-25T13:45:02.862568+0500 DEBUG finding coefficients\n", "record": {"elapsed": {"repr": "0:00:26.055239", "seconds": 26.055239}, "exception": null, "extra": {}, "file": {"name": "main.py", "path": "C:\\Users\\melni\\PycharmProjects\\betboom_parser\\main.py"}, "function": "get_bet", "level": {"icon": "🐞", "name": "DEBUG", "no": 10}, "line": 98, "message": "finding coefficients", "module": "main", "name": "__main__", "process": {"id": 6748, "name": "MainProcess"}, "thread": {"id": 6764, "name": "MainThread"}, "time": {"repr": "2024-08-25 13:45:02.862568+05:00", "timestamp": 1724575502.862568}}}
{"text": "2024-08-25T13:45:02.862568+0500 DEBUG getting info about match...\n", "record": {"elapsed": {"repr": "0:00:26.055239", "seconds": 26.055239}, "exception": null, "extra": {}, "file": {"name": "main.py", "path": "C:\\Users\\melni\\PycharmProjects\\betboom_parser\\main.py"}, "function": "get_match", "level": {"icon": "🐞", "name": "DEBUG", "no": 10}, "line": 123, "message": "getting info about match...", "module": "main", "name": "__main__", "process": {"id": 6748, "name": "MainProcess"}, "thread": {"id": 6764, "name": "MainThread"}, "time": {"repr": "2024-08-25 13:45:02.862568+05:00", "timestamp": 1724575502.862568}}}
{"text": "2024-08-25T13:45:03.097485+0500 DEBUG reading db\n", "record": {"elapsed": {"repr": "0:00:26.290156", "seconds": 26.290156}, "exception": null, "extra": {}, "file": {"name": "main.py", "path": "C:\\Users\\melni\\PycharmProjects\\betboom_parser\\main.py"}, "function": "find_game", "level": {"icon": "🐞", "name": "DEBUG", "no": 10}, "line": 58, "message": "reading db", "module": "main", "name": "__main__", "process": {"id": 6748, "name": "MainProcess"}, "thread": {"id": 6764, "name": "MainThread"}, "time": {"repr": "2024-08-25 13:45:03.097485+05:00", "timestamp": 1724575503.097485}}}
{"text": "2024-08-25T13:45:03.097485+0500 DEBUG writing bet to db\n", "record": {"elapsed": {"repr": "0:00:26.290156", "seconds": 26.290156}, "exception": null, "extra": {}, "file": {"name": "main.py", "path": "C:\\Users\\melni\\PycharmProjects\\betboom_parser\\main.py"}, "function": "find_game", "level": {"icon": "🐞", "name": "DEBUG", "no": 10}, "line": 72, "message": "writing bet to db", "module": "main", "name": "__main__", "process": {"id": 6748, "name": "MainProcess"}, "thread": {"id": 6764, "name": "MainThread"}, "time": {"repr": "2024-08-25 13:45:03.097485+05:00", "timestamp": 1724575503.097485}}}
{"text": "2024-08-25T13:45:03.097485+0500 DEBUG finding coefficients\n", "record": {"elapsed": {"repr": "0:00:26.290156", "seconds": 26.290156}, "exception": null, "extra": {}, "file": {"name": "main.py", "path": "C:\\Users\\melni\\PycharmProjects\\betboom_parser\\main.py"}, "function": "get_bet", "level": {"icon": "🐞", "name": "DEBUG", "no": 10}, "line": 98, "message": "finding coefficients", "module": "main", "name": "__main__", "process": {"id": 6748, "name": "MainProcess"}, "thread": {"id": 6764, "name": "MainThread"}, "time": {"repr": "2024-08-25 13:45:03.097485+05:00", "timestamp": 1724575503.097485}}}
{"text": "2024-08-25T13:45:03.097485+0500 DEBUG reading db\n", "record": {"elapsed": {"repr": "0:00:26.290156", "seconds": 26.290156}, "exception": null, "extra": {}, "file": {"name": "main.py", "path": "C:\\Users\\melni\\PycharmProjects\\betboom_parser\\main.py"}, "function": "find_game", "level": {"icon": "🐞", "name": "DEBUG", "no": 10}, "line": 58, "message": "reading db", "module": "main", "name": "__main__", "process": {"id": 6748, "name": "MainProcess"}, "thread": {"id": 6764, "name": "MainThread"}, "time": {"repr": "2024-08-25 13:45:03.097485+05:00", "timestamp": 1724575503.097485}}}
{"text": "2024-08-25T13:45:03.097485+0500 DEBUG writing bet to db\n", "record": {"elapsed": {"repr": "0:00:26.290156", "seconds": 26.290156}, "exception": null, "extra": {}, "file": {"name": "main.py", "path": "C:\\Users\\melni\\PycharmProjects\\betboom_parser\\main.py"}, "function": "find_game", "level": {"icon": "🐞", "name": "DEBUG", "no": 10}, "line": 72, "message": "writing bet to db", "module": "main", "name": "__main__", "process": {"id": 6748, "name": "MainProcess"}, "thread": {"id": 6764, "name": "MainThread"}, "time": {"repr": "2024-08-25 13:45:03.097485+05:00", "timestamp": 1724575503.097485}}}
{"text": "2024-08-25T13:45:03.097485+0500 DEBUG finding coefficients\n", "record": {"elapsed": {"repr": "0:00:26.290156", "seconds": 26.290156}, "exception": null, "extra": {}, "file": {"name": "main.py", "path": "C:\\Users\\melni\\PycharmProjects\\betboom_parser\\main.py"}, "function": "get_bet", "level": {"icon": "🐞", "name": "DEBUG", "no": 10}, "line": 98, "message": "finding coefficients", "module": "main", "name": "__main__", "process": {"id": 6748, "name": "MainProcess"}, "thread": {"id": 6764, "name": "MainThread"}, "time": {"repr": "2024-08-25 13:45:03.097485+05:00", "timestamp": 1724575503.097485}}}
{"text": "2024-08-25T13:45:03.097485+0500 DEBUG reading db\n", "record": {"elapsed": {"repr": "0:00:26.290156", "seconds": 26.290156}, "exception": null, "extra": {}, "file": {"name": "main.py", "path": "C:\\Users\\melni\\PycharmProjects\\betboom_parser\\main.py"}, "function": "find_game", "level": {"icon": "🐞", "name": "DEBUG", "no": 10}, "line": 58, "message": "reading db", "module": "main", "name": "__main__", "process": {"id": 6748, "name": "MainProcess"}, "thread": {"id": 6764, "name": "MainThread"}, "time": {"repr": "2024-08-25 13:45:03.097485+05:00", "timestamp": 1724575503.097485}}}
{"text": "2024-08-25T13:45:03.097485+0500 DEBUG writing bet to db\n", "record": {"elapsed": {"repr": "0:00:26.290156", "seconds": 26.290156}, "exception": null, "extra": {}, "file": {"name": "main.py", "path": "C:\\Users\\melni\\PycharmProjects\\betboom_parser\\main.py"}, "function": "find_game", "level": {"icon": "🐞", "name": "DEBUG", "no": 10}, "line": 72, "message": "writing bet to db", "module": "main", "name": "__main__", "process": {"id": 6748, "name": "MainProcess"}, "thread": {"id": 6764, "name": "MainThread"}, "time": {"repr": "2024-08-25 13:45:03.097485+05:00", "timestamp": 1724575503.097485}}}
{"text": "2024-08-25T13:45:03.097485+0500 DEBUG finding coefficients\n", "record": {"elapsed": {"repr": "0:00:26.290156", "seconds": 26.290156}, "exception": null, "extra": {}, "file": {"name": "main.py", "path": "C:\\Users\\melni\\PycharmProjects\\betboom_parser\\main.py"}, "function": "get_bet", "level": {"icon": "🐞", "name": "DEBUG", "no": 10}, "line": 98, "message": "finding coefficients", "module": "main", "name": "__main__", "process": {"id": 6748, "name": "MainProcess"}, "thread": {"id": 6764, "name": "MainThread"}, "time": {"repr": "2024-08-25 13:45:03.097485+05:00", "timestamp": 1724575503.097485}}}
{"text": "2024-08-25T13:45:03.097485+0500 DEBUG getting info about match...\n", "record": {"elapsed": {"repr": "0:00:26.290156", "seconds": 26.290156}, "exception": null, "extra": {}, "file": {"name": "main.py", "path": "C:\\Users\\melni\\PycharmProjects\\betboom_parser\\main.py"}, "function": "get_match", "level": {"icon": "🐞", "name": "DEBUG", "no": 10}, "line": 123, "message": "getting info about match...", "module": "main", "name": "__main__", "process": {"id": 6748, "name": "MainProcess"}, "thread": {"id": 6764, "name": "MainThread"}, "time": {"repr": "2024-08-25 13:45:03.097485+05:00", "timestamp": 1724575503.097485}}}
{"text": "2024-08-25T13:45:03.332710+0500 DEBUG reading db\n", "record": {"elapsed": {"repr": "0:00:26.525381", "seconds": 26.525381}, "exception": null, "extra": {}, "file": {"name": "main.py", "path": "C:\\Users\\melni\\PycharmProjects\\betboom_parser\\main.py"}, "function": "find_game", "level": {"icon": "🐞", "name": "DEBUG", "no": 10}, "line": 58, "message": "reading db", "module": "main", "name": "__main__", "process": {"id": 6748, "name": "MainProcess"}, "thread": {"id": 6764, "name": "MainThread"}, "time": {"repr": "2024-08-25 13:45:03.332710+05:00", "timestamp": 1724575503.33271}}}
{"text": "2024-08-25T13:45:03.363940+0500 DEBUG writing bet to db\n", "record": {"elapsed": {"repr": "0:00:26.556611", "seconds": 26.556611}, "exception": null, "extra": {}, "file": {"name": "main.py", "path": "C:\\Users\\melni\\PycharmProjects\\betboom_parser\\main.py"}, "function": "find_game", "level": {"icon": "🐞", "name": "DEBUG", "no": 10}, "line": 72, "message": "writing bet to db", "module": "main", "name": "__main__", "process": {"id": 6748, "name": "MainProcess"}, "thread": {"id": 6764, "name": "MainThread"}, "time": {"repr": "2024-08-25 13:45:03.363940+05:00", "timestamp": 1724575503.36394}}}
{"text": "2024-08-25T13:45:03.363940+0500 DEBUG finding coefficients\n", "record": {"elapsed": {"repr": "0:00:26.556611", "seconds": 26.556611}, "exception": null, "extra": {}, "file": {"name": "main.py", "path": "C:\\Users\\melni\\PycharmProjects\\betboom_parser\\main.py"}, "function": "get_bet", "level": {"icon": "🐞", "name": "DEBUG", "no": 10}, "line": 98, "message": "finding coefficients", "module": "main", "name": "__main__", "process": {"id": 6748, "name": "MainProcess"}, "thread": {"id": 6764, "name": "MainThread"}, "time": {"repr": "2024-08-25 13:45:03.363940+05:00", "timestamp": 1724575503.36394}}}
{"text": "2024-08-25T13:45:03.363940+0500 DEBUG reading db\n", "record": {"elapsed": {"repr": "0:00:26.556611", "seconds": 26.556611}, "exception": null, "extra": {}, "file": {"name": "main.py", "path": "C:\\Users\\melni\\PycharmProjects\\betboom_parser\\main.py"}, "function": "find_game", "level": {"icon": "🐞", "name": "DEBUG", "no": 10}, "line": 58, "message": "reading db", "module": "main", "name": "__main__", "process": {"id": 6748, "name": "MainProcess"}, "thread": {"id": 6764, "name": "MainThread"}, "time": {"repr": "2024-08-25 13:45:03.363940+05:00", "timestamp": 1724575503.36394}}}
{"text": "2024-08-25T13:45:03.442560+0500 DEBUG writing bet to db\n", "record": {"elapsed": {"repr": "0:00:26.635231", "seconds": 26.635231}, "exception": null, "extra": {}, "file": {"name": "main.py", "path": "C:\\Users\\melni\\PycharmProjects\\betboom_parser\\main.py"}, "function": "find_game", "level": {"icon": "🐞", "name": "DEBUG", "no": 10}, "line": 72, "message": "writing bet to db", "module": "main", "name": "__main__", "process": {"id": 6748, "name": "MainProcess"}, "thread": {"id": 6764, "name": "MainThread"}, "time": {"repr": "2024-08-25 13:45:03.442560+05:00", "timestamp": 1724575503.44256}}}
{"text": "2024-08-25T13:45:03.473825+0500 DEBUG finding coefficients\n", "record": {"elapsed": {"repr": "0:00:26.666496", "seconds": 26.666496}, "exception": null, "extra": {}, "file": {"name": "main.py", "path": "C:\\Users\\melni\\PycharmProjects\\betboom_parser\\main.py"}, "function": "get_bet", "level": {"icon": "🐞", "name": "DEBUG", "no": 10}, "line": 98, "message": "finding coefficients", "module": "main", "name": "__main__", "process": {"id": 6748, "name": "MainProcess"}, "thread": {"id": 6764, "name": "MainThread"}, "time": {"repr": "2024-08-25 13:45:03.473825+05:00", "timestamp": 1724575503.473825}}}
{"text": "2024-08-25T13:45:03.473825+0500 DEBUG reading db\n", "record": {"elapsed": {"repr": "0:00:26.666496", "seconds": 26.666496}, "exception": null, "extra": {}, "file": {"name": "main.py", "path": "C:\\Users\\melni\\PycharmProjects\\betboom_parser\\main.py"}, "function": "find_game", "level": {"icon": "🐞", "name": "DEBUG", "no": 10}, "line": 58, "message": "reading db", "module": "main", "name": "__main__", "process": {"id": 6748, "name": "MainProcess"}, "thread": {"id": 6764, "name": "MainThread"}, "time": {"repr": "2024-08-25 13:45:03.473825+05:00", "timestamp": 1724575503.473825}}}
{"text": "2024-08-25T13:45:03.473825+0500 DEBUG writing bet to db\n", "record": {"elapsed": {"repr": "0:00:26.666496", "seconds": 26.666496}, "exception": null, "extra": {}, "file": {"name": "main.py", "path": "C:\\Users\\melni\\PycharmProjects\\betboom_parser\\main.py"}, "function": "find_game", "level": {"icon": "🐞", "name": "DEBUG", "no": 10}, "line": 72, "message": "writing bet to db", "module": "main", "name": "__main__", "process": {"id": 6748, "name": "MainProcess"}, "thread": {"id": 6764, "name": "MainThread"}, "time": {"repr": "2024-08-25 13:45:03.473825+05:00", "timestamp": 1724575503.473825}}}
{"text": "2024-08-25T13:45:03.473825+0500 DEBUG finding coefficients\n", "record": {"elapsed": {"repr": "0:00:26.666496", "seconds": 26.666496}, "exception": null, "extra": {}, "file": {"name": "main.py", "path": "C:\\Users\\melni\\PycharmProjects\\betboom_parser\\main.py"}, "function": "get_bet", "level": {"icon": "🐞", "name": "DEBUG", "no": 10}, "line": 98, "message": "finding coefficients", "module": "main", "name": "__main__", "process": {"id": 6748, "name": "MainProcess"}, "thread": {"id": 6764, "name": "MainThread"}, "time": {"repr": "2024-08-25 13:45:03.473825+05:00", "timestamp": 1724575503.473825}}}
{"text": "2024-08-25T13:45:03.473825+0500 DEBUG getting info about match...\n", "record": {"elapsed": {"repr": "0:00:26.666496", "seconds": 26.666496}, "exception": null, "extra": {}, "file": {"name": "main.py", "path": "C:\\Users\\melni\\PycharmProjects\\betboom_parser\\main.py"}, "function": "get_match", "level": {"icon": "🐞", "name": "DEBUG", "no": 10}, "line": 123, "message": "getting info about match...", "module": "main", "name": "__main__", "process": {"id": 6748, "name": "MainProcess"}, "thread": {"id": 6764, "name": "MainThread"}, "time": {"repr": "2024-08-25 13:45:03.473825+05:00", "timestamp": 1724575503.473825}}}
{"text": "2024-08-25T13:45:04.101591+0500 DEBUG reading db\n", "record": {"elapsed": {"repr": "0:00:27.294262", "seconds": 27.294262}, "exception": null, "extra": {}, "file": {"name": "main.py", "path": "C:\\Users\\melni\\PycharmProjects\\betboom_parser\\main.py"}, "function": "find_game", "level": {"icon": "🐞", "name": "DEBUG", "no": 10}, "line": 58, "message": "reading db", "module": "main", "name": "__main__", "process": {"id": 6748, "name": "MainProcess"}, "thread": {"id": 6764, "name": "MainThread"}, "time": {"repr": "2024-08-25 13:45:04.101591+05:00", "timestamp": 1724575504.101591}}}
{"text": "2024-08-25T13:45:04.101591+0500 DEBUG writing bet to db\n", "record": {"elapsed": {"repr": "0:00:27.294262", "seconds": 27.294262}, "exception": null, "extra": {}, "file": {"name": "main.py", "path": "C:\\Users\\melni\\PycharmProjects\\betboom_parser\\main.py"}, "function": "find_game", "level": {"icon": "🐞", "name": "DEBUG", "no": 10}, "line": 72, "message": "writing bet to db", "module": "main", "name": "__main__", "process": {"id": 6748, "name": "MainProcess"}, "thread": {"id": 6764, "name": "MainThread"}, "time": {"repr": "2024-08-25 13:45:04.101591+05:00", "timestamp": 1724575504.101591}}}
{"text": "2024-08-25T13:45:04.101591+0500 DEBUG finding coefficients\n", "record": {"elapsed": {"repr": "0:00:27.294262", "seconds": 27.294262}, "exception": null, "extra": {}, "file": {"name": "main.py", "path": "C:\\Users\\melni\\PycharmProjects\\betboom_parser\\main.py"}, "function": "get_bet", "level": {"icon": "🐞", "name": "DEBUG", "no": 10}, "line": 98, "message": "finding coefficients", "module": "main", "name": "__main__", "process": {"id": 6748, "name": "MainProcess"}, "thread": {"id": 6764, "name": "MainThread"}, "time": {"repr": "2024-08-25 13:45:04.101591+05:00", "timestamp": 1724575504.101591}}}
{"text": "2024-08-25T13:45:04.101591+0500 DEBUG reading db\n", "record": {"elapsed": {"repr": "0:00:27.294262", "seconds": 27.294262}, "exception": null, "extra": {}, "file": {"name": "main.py", "path": "C:\\Users\\melni\\PycharmProjects\\betboom_parser\\main.py"}, "function": "find_game", "level": {"icon": "🐞", "name": "DEBUG", "no": 10}, "line": 58, "message": "reading db", "module": "main", "name": "__main__", "process": {"id": 6748, "name": "MainProcess"}, "thread": {"id": 6764, "name": "MainThread"}, "time": {"repr": "2024-08-25 13:45:04.101591+05:00", "timestamp": 1724575504.101591}}}
{"text": "2024-08-25T13:45:04.117243+0500 DEBUG writing bet to db\n", "record": {"elapsed": {"repr": "0:00:27.309914", "seconds": 27.309914}, "exception": null, "extra": {}, "file": {"name": "main.py", "path": "C:\\Users\\melni\\PycharmProjects\\betboom_parser\\main.py"}, "function": "find_game", "level": {"icon": "🐞", "name": "DEBUG", "no": 10}, "line": 72, "message": "writing bet to db", "module": "main", "name": "__main__", "process": {"id": 6748, "name": "MainProcess"}, "thread": {"id": 6764, "name": "MainThread"}, "time": {"repr": "2024-08-25 13:45:04.117243+05:00", "timestamp": 1724575504.117243}}}
{"text": "2024-08-25T13:45:04.117243+0500 DEBUG finding coefficients\n", "record": {"elapsed": {"repr": "0:00:27.309914", "seconds": 27.309914}, "exception": null, "extra": {}, "file": {"name": "main.py", "path": "C:\\Users\\melni\\PycharmProjects\\betboom_parser\\main.py"}, "function": "get_bet", "level": {"icon": "🐞", "name": "DEBUG", "no": 10}, "line": 98, "message": "finding coefficients", "module": "main", "name": "__main__", "process": {"id": 6748, "name": "MainProcess"}, "thread": {"id": 6764, "name": "MainThread"}, "time": {"repr": "2024-08-25 13:45:04.117243+05:00", "timestamp": 1724575504.117243}}}
{"text": "2024-08-25T13:45:04.117243+0500 DEBUG getting info about match...\n", "record": {"elapsed": {"repr": "0:00:27.309914", "seconds": 27.309914}, "exception": null, "extra": {}, "file": {"name": "main.py", "path": "C:\\Users\\melni\\PycharmProjects\\betboom_parser\\main.py"}, "function": "get_match", "level": {"icon": "🐞", "name": "DEBUG", "no": 10}, "line": 123, "message": "getting info about match...", "module": "main", "name": "__main__", "process": {"id": 6748, "name": "MainProcess"}, "thread": {"id": 6764, "name": "MainThread"}, "time": {"repr": "2024-08-25 13:45:04.117243+05:00", "timestamp": 1724575504.117243}}}
{"text": "2024-08-25T13:45:04.321356+0500 DEBUG reading db\n", "record": {"elapsed": {"repr": "0:00:27.514027", "seconds": 27.514027}, "exception": null, "extra": {}, "file": {"name": "main.py", "path": "C:\\Users\\melni\\PycharmProjects\\betboom_parser\\main.py"}, "function": "find_game", "level": {"icon": "🐞", "name": "DEBUG", "no": 10}, "line": 58, "message": "reading db", "module": "main", "name": "__main__", "process": {"id": 6748, "name": "MainProcess"}, "thread": {"id": 6764, "name": "MainThread"}, "time": {"repr": "2024-08-25 13:45:04.321356+05:00", "timestamp": 1724575504.321356}}}
{"text": "2024-08-25T13:45:04.321356+0500 DEBUG writing bet to db\n", "record": {"elapsed": {"repr": "0:00:27.514027", "seconds": 27.514027}, "exception": null, "extra": {}, "file": {"name": "main.py", "path": "C:\\Users\\melni\\PycharmProjects\\betboom_parser\\main.py"}, "function": "find_game", "level": {"icon": "🐞", "name": "DEBUG", "no": 10}, "line": 72, "message": "writing bet to db", "module": "main", "name": "__main__", "process": {"id": 6748, "name": "MainProcess"}, "thread": {"id": 6764, "name": "MainThread"}, "time": {"repr": "2024-08-25 13:45:04.321356+05:00", "timestamp": 1724575504.321356}}}
{"text": "2024-08-25T13:45:04.321356+0500 DEBUG finding coefficients\n", "record": {"elapsed": {"repr": "0:00:27.514027", "seconds": 27.514027}, "exception": null, "extra": {}, "file": {"name": "main.py", "path": "C:\\Users\\melni\\PycharmProjects\\betboom_parser\\main.py"}, "function": "get_bet", "level": {"icon": "🐞", "name": "DEBUG", "no": 10}, "line": 98, "message": "finding coefficients", "module": "main", "name": "__main__", "process": {"id": 6748, "name": "MainProcess"}, "thread": {"id": 6764, "name": "MainThread"}, "time": {"repr": "2024-08-25 13:45:04.321356+05:00", "timestamp": 1724575504.321356}}}
{"text": "2024-08-25T13:45:04.321356+0500 DEBUG reading db\n", "record": {"elapsed": {"repr": "0:00:27.514027", "seconds": 27.514027}, "exception": null, "extra": {}, "file": {"name": "main.py", "path": "C:\\Users\\melni\\PycharmProjects\\betboom_parser\\main.py"}, "function": "find_game", "level": {"icon": "🐞", "name": "DEBUG", "no": 10}, "line": 58, "message": "reading db", "module": "main", "name": "__main__", "process": {"id": 6748, "name": "MainProcess"}, "thread": {"id": 6764, "name": "MainThread"}, "time": {"repr": "2024-08-25 13:45:04.321356+05:00", "timestamp": 1724575504.321356}}}
{"text": "2024-08-25T13:45:04.321356+0500 DEBUG writing bet to db\n", "record": {"elapsed": {"repr": "0:00:27.514027", "seconds": 27.514027}, "exception": null, "extra": {}, "file": {"name": "main.py", "path": "C:\\Users\\melni\\PycharmProjects\\betboom_parser\\main.py"}, "function": "find_game", "level": {"icon": "🐞", "name": "DEBUG", "no": 10}, "line": 72, "message": "writing bet to db", "module": "main", "name": "__main__", "process": {"id": 6748, "name": "MainProcess"}, "thread": {"id": 6764, "name": "MainThread"}, "time": {"repr": "2024-08-25 13:45:04.321356+05:00", "timestamp": 1724575504.321356}}}
{"text": "2024-08-25T13:45:04.321356+0500 DEBUG finding coefficients\n", "record": {"elapsed": {"repr": "0:00:27.514027", "seconds": 27.514027}, "exception": null, "extra": {}, "file": {"name": "main.py", "path": "C:\\Users\\melni\\PycharmProjects\\betboom_parser\\main.py"}, "function": "get_bet", "level": {"icon": "🐞", "name": "DEBUG", "no": 10}, "line": 98, "message": "finding coefficients", "module": "main", "name": "__main__", "process": {"id": 6748, "name": "MainProcess"}, "thread": {"id": 6764, "name": "MainThread"}, "time": {"repr": "2024-08-25 13:45:04.321356+05:00", "timestamp": 1724575504.321356}}}
{"text": "2024-08-25T13:45:04.321356+0500 DEBUG reading db\n", "record": {"elapsed": {"repr": "0:00:27.514027", "seconds": 27.514027}, "exception": null, "extra": {}, "file": {"name": "main.py", "path": "C:\\Users\\melni\\PycharmProjects\\betboom_parser\\main.py"}, "function": "find_game", "level": {"icon": "🐞", "name": "DEBUG", "no": 10}, "line": 58, "message": "reading db", "module": "main", "name": "__main__", "process": {"id": 6748, "name": "MainProcess"}, "thread": {"id": 6764, "name": "MainThread"}, "time": {"repr": "2024-08-25 13:45:04.321356+05:00", "timestamp": 1724575504.321356}}}
{"text": "2024-08-25T13:45:04.321356+0500 DEBUG writing bet to db\n", "record": {"elapsed": {"repr": "0:00:27.514027", "seconds": 27.514027}, "exception": null, "extra": {}, "file": {"name": "main.py", "path": "C:\\Users\\melni\\PycharmProjects\\betboom_parser\\main.py"}, "function": "find_game", "level": {"icon": "🐞", "name": "DEBUG", "no": 10}, "line": 72, "message": "writing bet to db", "module": "main", "name": "__main__", "process": {"id": 6748, "name": "MainProcess"}, "thread": {"id": 6764, "name": "MainThread"}, "time": {"repr": "2024-08-25 13:45:04.321356+05:00", "timestamp": 1724575504.321356}}}
{"text": "2024-08-25T13:45:04.321356+0500 DEBUG finding coefficients\n", "record": {"elapsed": {"repr": "0:00:27.514027", "seconds": 27.514027}, "exception": null, "extra": {}, "file": {"name": "main.py", "path": "C:\\Users\\melni\\PycharmProjects\\betboom_parser\\main.py"}, "function": "get_bet", "level": {"icon": "🐞", "name": "DEBUG", "no": 10}, "line": 98, "message": "finding coefficients", "module": "main", "name": "__main__", "process": {"id": 6748, "name": "MainProcess"}, "thread": {"id": 6764, "name": "MainThread"}, "time": {"repr": "2024-08-25 13:45:04.321356+05:00", "timestamp": 1724575504.321356}}}
{"text": "2024-08-25T13:45:04.321356+0500 DEBUG getting info about match...\n", "record": {"elapsed": {"repr": "0:00:27.514027", "seconds": 27.514027}, "exception": null, "extra": {}, "file": {"name": "main.py", "path": "C:\\Users\\melni\\PycharmProjects\\betboom_parser\\main.py"}, "function": "get_match", "level": {"icon": "🐞", "name": "DEBUG", "no": 10}, "line": 123, "message": "getting info about match...", "module": "main", "name": "__main__", "process": {"id": 6748, "name": "MainProcess"}, "thread": {"id": 6764, "name": "MainThread"}, "time": {"repr": "2024-08-25 13:45:04.321356+05:00", "timestamp": 1724575504.321356}}}
{"text": "2024-08-25T13:46:09.526134+0500 DEBUG reading db\n", "record": {"elapsed": {"repr": "0:00:09.780812", "seconds": 9.780812}, "exception": null, "extra": {}, "file": {"name": "main.py", "path": "C:\\Users\\melni\\PycharmProjects\\betboom_parser\\main.py"}, "function": "find_game", "level": {"icon": "🐞", "name": "DEBUG", "no": 10}, "line": 58, "message": "reading db", "module": "main", "name": "__main__", "process": {"id": 4844, "name": "MainProcess"}, "thread": {"id": 3164, "name": "MainThread"}, "time": {"repr": "2024-08-25 13:46:09.526134+05:00", "timestamp": 1724575569.526134}}}
{"text": "2024-08-25T13:46:09.527137+0500 DEBUG writing bet to db\n", "record": {"elapsed": {"repr": "0:00:09.781815", "seconds": 9.781815}, "exception": null, "extra": {}, "file": {"name": "main.py", "path": "C:\\Users\\melni\\PycharmProjects\\betboom_parser\\main.py"}, "function": "find_game", "level": {"icon": "🐞", "name": "DEBUG", "no": 10}, "line": 72, "message": "writing bet to db", "module": "main", "name": "__main__", "process": {"id": 4844, "name": "MainProcess"}, "thread": {"id": 3164, "name": "MainThread"}, "time": {"repr": "2024-08-25 13:46:09.527137+05:00", "timestamp": 1724575569.527137}}}
{"text": "2024-08-25T13:46:09.528147+0500 DEBUG finding coefficients\n", "record": {"elapsed": {"repr": "0:00:09.782825", "seconds": 9.782825}, "exception": null, "extra": {}, "file": {"name": "main.py", "path": "C:\\Users\\melni\\PycharmProjects\\betboom_parser\\main.py"}, "function": "get_bet", "level": {"icon": "🐞", "name": "DEBUG", "no": 10}, "line": 98, "message": "finding coefficients", "module": "main", "name": "__main__", "process": {"id": 4844, "name": "MainProcess"}, "thread": {"id": 3164, "name": "MainThread"}, "time": {"repr": "2024-08-25 13:46:09.528147+05:00", "timestamp": 1724575569.528147}}}
{"text": "2024-08-25T13:46:09.528147+0500 DEBUG reading db\n", "record": {"elapsed": {"repr": "0:00:09.782825", "seconds": 9.782825}, "exception": null, "extra": {}, "file": {"name": "main.py", "path": "C:\\Users\\melni\\PycharmProjects\\betboom_parser\\main.py"}, "function": "find_game", "level": {"icon": "🐞", "name": "DEBUG", "no": 10}, "line": 58, "message": "reading db", "module": "main", "name": "__main__", "process": {"id": 4844, "name": "MainProcess"}, "thread": {"id": 3164, "name": "MainThread"}, "time": {"repr": "2024-08-25 13:46:09.528147+05:00", "timestamp": 1724575569.528147}}}
{"text": "2024-08-25T13:46:09.818501+0500 INFO CS 2. BB Dacha (25.08 14:00)\nTeam Falcons - BETBOOM TEAM\n\nold odds: 2-я карта -> 1.83\nnew odds: 2-я карта -> 1.71\n", "record": {"elapsed": {"repr": "0:00:10.073179", "seconds": 10.073179}, "exception": null, "extra": {}, "file": {"name": "main.py", "path": "C:\\Users\\melni\\PycharmProjects\\betboom_parser\\main.py"}, "function": "get_alter_message", "level": {"icon": "ℹ️", "name": "INFO", "no": 20}, "line": 48, "message": "CS 2. BB Dacha (25.08 14:00)\nTeam Falcons - BETBOOM TEAM\n\nold odds: 2-я карта -> 1.83\nnew odds: 2-я карта -> 1.71", "module": "main", "name": "__main__", "process": {"id": 4844, "name": "MainProcess"}, "thread": {"id": 3164, "name": "MainThread"}, "time": {"repr": "2024-08-25 13:46:09.818501+05:00", "timestamp": 1724575569.818501}}}
{"text": "2024-08-25T13:46:09.819501+0500 INFO message sent\n", "record": {"elapsed": {"repr": "0:00:10.074179", "seconds": 10.074179}, "exception": null, "extra": {}, "file": {"name": "main.py", "path": "C:\\Users\\melni\\PycharmProjects\\betboom_parser\\main.py"}, "function": "get_alter_message", "level": {"icon": "ℹ️", "name": "INFO", "no": 20}, "line": 49, "message": "message sent", "module": "main", "name": "__main__", "process": {"id": 4844, "name": "MainProcess"}, "thread": {"id": 3164, "name": "MainThread"}, "time": {"repr": "2024-08-25 13:46:09.819501+05:00", "timestamp": 1724575569.819501}}}
{"text": "2024-08-25T13:46:09.820523+0500 DEBUG writing bet to db\n", "record": {"elapsed": {"repr": "0:00:10.075201", "seconds": 10.075201}, "exception": null, "extra": {}, "file": {"name": "main.py", "path": "C:\\Users\\melni\\PycharmProjects\\betboom_parser\\main.py"}, "function": "find_game", "level": {"icon": "🐞", "name": "DEBUG", "no": 10}, "line": 72, "message": "writing bet to db", "module": "main", "name": "__main__", "process": {"id": 4844, "name": "MainProcess"}, "thread": {"id": 3164, "name": "MainThread"}, "time": {"repr": "2024-08-25 13:46:09.820523+05:00", "timestamp": 1724575569.820523}}}
{"text": "2024-08-25T13:46:09.821531+0500 DEBUG finding coefficients\n", "record": {"elapsed": {"repr": "0:00:10.076209", "seconds": 10.076209}, "exception": null, "extra": {}, "file": {"name": "main.py", "path": "C:\\Users\\melni\\PycharmProjects\\betboom_parser\\main.py"}, "function": "get_bet", "level": {"icon": "🐞", "name": "DEBUG", "no": 10}, "line": 98, "message": "finding coefficients", "module": "main", "name": "__main__", "process": {"id": 4844, "name": "MainProcess"}, "thread": {"id": 3164, "name": "MainThread"}, "time": {"repr": "2024-08-25 13:46:09.821531+05:00", "timestamp": 1724575569.821531}}}
{"text": "2024-08-25T13:46:09.821531+0500 DEBUG getting info about match...\n", "record": {"elapsed": {"repr": "0:00:10.076209", "seconds": 10.076209}, "exception": null, "extra": {}, "file": {"name": "main.py", "path": "C:\\Users\\melni\\PycharmProjects\\betboom_parser\\main.py"}, "function": "get_match", "level": {"icon": "🐞", "name": "DEBUG", "no": 10}, "line": 123, "message": "getting info about match...", "module": "main", "name": "__main__", "process": {"id": 4844, "name": "MainProcess"}, "thread": {"id": 3164, "name": "MainThread"}, "time": {"repr": "2024-08-25 13:46:09.821531+05:00", "timestamp": 1724575569.821531}}}
{"text": "2024-08-25T13:46:10.013579+0500 DEBUG reading db\n", "record": {"elapsed": {"repr": "0:00:10.268257", "seconds": 10.268257}, "exception": null, "extra": {}, "file": {"name": "main.py", "path": "C:\\Users\\melni\\PycharmProjects\\betboom_parser\\main.py"}, "function": "find_game", "level": {"icon": "🐞", "name": "DEBUG", "no": 10}, "line": 58, "message": "reading db", "module": "main", "name": "__main__", "process": {"id": 4844, "name": "MainProcess"}, "thread": {"id": 3164, "name": "MainThread"}, "time": {"repr": "2024-08-25 13:46:10.013579+05:00", "timestamp": 1724575570.013579}}}
{"text": "2024-08-25T13:46:10.015585+0500 DEBUG writing bet to db\n", "record": {"elapsed": {"repr": "0:00:10.270263", "seconds": 10.270263}, "exception": null, "extra": {}, "file": {"name": "main.py", "path": "C:\\Users\\melni\\PycharmProjects\\betboom_parser\\main.py"}, "function": "find_game", "level": {"icon": "🐞", "name": "DEBUG", "no": 10}, "line": 72, "message": "writing bet to db", "module": "main", "name": "__main__", "process": {"id": 4844, "name": "MainProcess"}, "thread": {"id": 3164, "name": "MainThread"}, "time": {"repr": "2024-08-25 13:46:10.015585+05:00", "timestamp": 1724575570.015585}}}
{"text": "2024-08-25T13:46:10.016579+0500 DEBUG finding coefficients\n", "record": {"elapsed": {"repr": "0:00:10.271257", "seconds": 10.271257}, "exception": null, "extra": {}, "file": {"name": "main.py", "path": "C:\\Users\\melni\\PycharmProjects\\betboom_parser\\main.py"}, "function": "get_bet", "level": {"icon": "🐞", "name": "DEBUG", "no": 10}, "line": 98, "message": "finding coefficients", "module": "main", "name": "__main__", "process": {"id": 4844, "name": "MainProcess"}, "thread": {"id": 3164, "name": "MainThread"}, "time": {"repr": "2024-08-25 13:46:10.016579+05:00", "timestamp": 1724575570.016579}}}
{"text": "2024-08-25T13:46:10.016579+0500 DEBUG reading db\n", "record": {"elapsed": {"repr": "0:00:10.271257", "seconds": 10.271257}, "exception": null, "extra": {}, "file": {"name": "main.py", "path": "C:\\Users\\melni\\PycharmProjects\\betboom_parser\\main.py"}, "function": "find_game", "level": {"icon": "🐞", "name": "DEBUG", "no": 10}, "line": 58, "message": "reading db", "module": "main", "name": "__main__", "process": {"id": 4844, "name": "MainProcess"}, "thread": {"id": 3164, "name": "MainThread"}, "time": {"repr": "2024-08-25 13:46:10.016579+05:00", "timestamp": 1724575570.016579}}}
{"text": "2024-08-25T13:46:10.018582+0500 DEBUG writing bet to db\n", "record": {"elapsed": {"repr": "0:00:10.273260", "seconds": 10.27326}, "exception": null, "extra": {}, "file": {"name": "main.py", "path": "C:\\Users\\melni\\PycharmProjects\\betboom_parser\\main.py"}, "function": "find_game", "level": {"icon": "🐞", "name": "DEBUG", "no": 10}, "line": 72, "message": "writing bet to db", "module": "main", "name": "__main__", "process": {"id": 4844, "name": "MainProcess"}, "thread": {"id": 3164, "name": "MainThread"}, "time": {"repr": "2024-08-25 13:46:10.018582+05:00", "timestamp": 1724575570.018582}}}
{"text": "2024-08-25T13:46:10.019600+0500 DEBUG finding coefficients\n", "record": {"elapsed": {"repr": "0:00:10.274278", "seconds": 10.274278}, "exception": null, "extra": {}, "file": {"name": "main.py", "path": "C:\\Users\\melni\\PycharmProjects\\betboom_parser\\main.py"}, "function": "get_bet", "level": {"icon": "🐞", "name": "DEBUG", "no": 10}, "line": 98, "message": "finding coefficients", "module": "main", "name": "__main__", "process": {"id": 4844, "name": "MainProcess"}, "thread": {"id": 3164, "name": "MainThread"}, "time": {"repr": "2024-08-25 13:46:10.019600+05:00", "timestamp": 1724575570.0196}}}
{"text": "2024-08-25T13:46:10.020605+0500 DEBUG reading db\n", "record": {"elapsed": {"repr": "0:00:10.275283", "seconds": 10.275283}, "exception": null, "extra": {}, "file": {"name": "main.py", "path": "C:\\Users\\melni\\PycharmProjects\\betboom_parser\\main.py"}, "function": "find_game", "level": {"icon": "🐞", "name": "DEBUG", "no": 10}, "line": 58, "message": "reading db", "module": "main", "name": "__main__", "process": {"id": 4844, "name": "MainProcess"}, "thread": {"id": 3164, "name": "MainThread"}, "time": {"repr": "2024-08-25 13:46:10.020605+05:00", "timestamp": 1724575570.020605}}}
{"text": "2024-08-25T13:46:10.021604+0500 DEBUG writing bet to db\n", "record": {"elapsed": {"repr": "0:00:10.276282", "seconds": 10.276282}, "exception": null, "extra": {}, "file": {"name": "main.py", "path": "C:\\Users\\melni\\PycharmProjects\\betboom_parser\\main.py"}, "function": "find_game", "level": {"icon": "🐞", "name": "DEBUG", "no": 10}, "line": 72, "message": "writing bet to db", "module": "main", "name": "__main__", "process": {"id": 4844, "name": "MainProcess"}, "thread": {"id": 3164, "name": "MainThread"}, "time": {"repr": "2024-08-25 13:46:10.021604+05:00", "timestamp": 1724575570.021604}}}
{"text": "2024-08-25T13:46:10.026582+0500 DEBUG finding coefficients\n", "record": {"elapsed": {"repr": "0:00:10.281260", "seconds": 10.28126}, "exception": null, "extra": {}, "file": {"name": "main.py", "path": "C:\\Users\\melni\\PycharmProjects\\betboom_parser\\main.py"}, "function": "get_bet", "level": {"icon": "🐞", "name": "DEBUG", "no": 10}, "line": 98, "message": "finding coefficients", "module": "main", "name": "__main__", "process": {"id": 4844, "name": "MainProcess"}, "thread": {"id": 3164, "name": "MainThread"}, "time": {"repr": "2024-08-25 13:46:10.026582+05:00", "timestamp": 1724575570.026582}}}
{"text": "2024-08-25T13:46:10.026582+0500 DEBUG getting info about match...\n", "record": {"elapsed": {"repr": "0:00:10.281260", "seconds": 10.28126}, "exception": null, "extra": {}, "file": {"name": "main.py", "path": "C:\\Users\\melni\\PycharmProjects\\betboom_parser\\main.py"}, "function": "get_match", "level": {"icon": "🐞", "name": "DEBUG", "no": 10}, "line": 123, "message": "getting info about match...", "module": "main", "name": "__main__", "process": {"id": 4844, "name": "MainProcess"}, "thread": {"id": 3164, "name": "MainThread"}, "time": {"repr": "2024-08-25 13:46:10.026582+05:00", "timestamp": 1724575570.026582}}}
{"text": "2024-08-25T13:46:10.286202+0500 DEBUG reading db\n", "record": {"elapsed": {"repr": "0:00:10.540880", "seconds": 10.54088}, "exception": null, "extra": {}, "file": {"name": "main.py", "path": "C:\\Users\\melni\\PycharmProjects\\betboom_parser\\main.py"}, "function": "find_game", "level": {"icon": "🐞", "name": "DEBUG", "no": 10}, "line": 58, "message": "reading db", "module": "main", "name": "__main__", "process": {"id": 4844, "name": "MainProcess"}, "thread": {"id": 3164, "name": "MainThread"}, "time": {"repr": "2024-08-25 13:46:10.286202+05:00", "timestamp": 1724575570.286202}}}
{"text": "2024-08-25T13:46:10.287211+0500 DEBUG writing bet to db\n", "record": {"elapsed": {"repr": "0:00:10.541889", "seconds": 10.541889}, "exception": null, "extra": {}, "file": {"name": "main.py", "path": "C:\\Users\\melni\\PycharmProjects\\betboom_parser\\main.py"}, "function": "find_game", "level": {"icon": "🐞", "name": "DEBUG", "no": 10}, "line": 72, "message": "writing bet to db", "module": "main", "name": "__main__", "process": {"id": 4844, "name": "MainProcess"}, "thread": {"id": 3164, "name": "MainThread"}, "time": {"repr": "2024-08-25 13:46:10.287211+05:00", "timestamp": 1724575570.287211}}}
{"text": "2024-08-25T13:46:10.289199+0500 DEBUG finding coefficients\n", "record": {"elapsed": {"repr": "0:00:10.543877", "seconds": 10.543877}, "exception": null, "extra": {}, "file": {"name": "main.py", "path": "C:\\Users\\melni\\PycharmProjects\\betboom_parser\\main.py"}, "function": "get_bet", "level": {"icon": "🐞", "name": "DEBUG", "no": 10}, "line": 98, "message": "finding coefficients", "module": "main", "name": "__main__", "process": {"id": 4844, "name": "MainProcess"}, "thread": {"id": 3164, "name": "MainThread"}, "time": {"repr": "2024-08-25 13:46:10.289199+05:00", "timestamp": 1724575570.289199}}}
{"text": "2024-08-25T13:46:10.291219+0500 DEBUG reading db\n", "record": {"elapsed": {"repr": "0:00:10.545897", "seconds": 10.545897}, "exception": null, "extra": {}, "file": {"name": "main.py", "path": "C:\\Users\\melni\\PycharmProjects\\betboom_parser\\main.py"}, "function": "find_game", "level": {"icon": "🐞", "name": "DEBUG", "no": 10}, "line": 58, "message": "reading db", "module": "main", "name": "__main__", "process": {"id": 4844, "name": "MainProcess"}, "thread": {"id": 3164, "name": "MainThread"}, "time": {"repr": "2024-08-25 13:46:10.291219+05:00", "timestamp": 1724575570.291219}}}
{"text": "2024-08-25T13:46:10.291738+0500 DEBUG writing bet to db\n", "record": {"elapsed": {"repr": "0:00:10.546416", "seconds": 10.546416}, "exception": null, "extra": {}, "file": {"name": "main.py", "path": "C:\\Users\\melni\\PycharmProjects\\betboom_parser\\main.py"}, "function": "find_game", "level": {"icon": "🐞", "name": "DEBUG", "no": 10}, "line": 72, "message": "writing bet to db", "module": "main", "name": "__main__", "process": {"id": 4844, "name": "MainProcess"}, "thread": {"id": 3164, "name": "MainThread"}, "time": {"repr": "2024-08-25 13:46:10.291738+05:00", "timestamp": 1724575570.291738}}}
{"text": "2024-08-25T13:46:10.293773+0500 DEBUG finding coefficients\n", "record": {"elapsed": {"repr": "0:00:10.548451", "seconds": 10.548451}, "exception": null, "extra": {}, "file": {"name": "main.py", "path": "C:\\Users\\melni\\PycharmProjects\\betboom_parser\\main.py"}, "function": "get_bet", "level": {"icon": "🐞", "name": "DEBUG", "no": 10}, "line": 98, "message": "finding coefficients", "module": "main", "name": "__main__", "process": {"id": 4844, "name": "MainProcess"}, "thread": {"id": 3164, "name": "MainThread"}, "time": {"repr": "2024-08-25 13:46:10.293773+05:00", "timestamp": 1724575570.293773}}}
{"text": "2024-08-25T13:46:10.295769+0500 DEBUG reading db\n", "record": {"elapsed": {"repr": "0:00:10.550447", "seconds": 10.550447}, "exception": null, "extra": {}, "file": {"name": "main.py", "path": "C:\\Users\\melni\\PycharmProjects\\betboom_parser\\main.py"}, "function": "find_game", "level": {"icon": "🐞", "name": "DEBUG", "no": 10}, "line": 58, "message": "reading db", "module": "main", "name": "__main__", "process": {"id": 4844, "name": "MainProcess"}, "thread": {"id": 3164, "name": "MainThread"}, "time": {"repr": "2024-08-25 13:46:10.295769+05:00", "timestamp": 1724575570.295769}}}
{"text": "2024-08-25T13:46:10.296790+0500 DEBUG writing bet to db\n", "record": {"elapsed": {"repr": "0:00:10.551468", "seconds": 10.551468}, "exception": null, "extra": {}, "file": {"name": "main.py", "path": "C:\\Users\\melni\\PycharmProjects\\betboom_parser\\main.py"}, "function": "find_game", "level": {"icon": "🐞", "name": "DEBUG", "no": 10}, "line": 72, "message": "writing bet to db", "module": "main", "name": "__main__", "process": {"id": 4844, "name": "MainProcess"}, "thread": {"id": 3164, "name": "MainThread"}, "time": {"repr": "2024-08-25 13:46:10.296790+05:00", "timestamp": 1724575570.29679}}}
{"text": "2024-08-25T13:46:10.299798+0500 DEBUG finding coefficients\n", "record": {"elapsed": {"repr": "0:00:10.554476", "seconds": 10.554476}, "exception": null, "extra": {}, "file": {"name": "main.py", "path": "C:\\Users\\melni\\PycharmProjects\\betboom_parser\\main.py"}, "function": "get_bet", "level": {"icon": "🐞", "name": "DEBUG", "no": 10}, "line": 98, "message": "finding coefficients", "module": "main", "name": "__main__", "process": {"id": 4844, "name": "MainProcess"}, "thread": {"id": 3164, "name": "MainThread"}, "time": {"repr": "2024-08-25 13:46:10.299798+05:00", "timestamp": 1724575570.299798}}}
{"text": "2024-08-25T13:46:10.300785+0500 DEBUG getting info about match...\n", "record": {"elapsed": {"repr": "0:00:10.555463", "seconds": 10.555463}, "exception": null, "extra": {}, "file": {"name": "main.py", "path": "C:\\Users\\melni\\PycharmProjects\\betboom_parser\\main.py"}, "function": "get_match", "level": {"icon": "🐞", "name": "DEBUG", "no": 10}, "line": 123, "message": "getting info about match...", "module": "main", "name": "__main__", "process": {"id": 4844, "name": "MainProcess"}, "thread": {"id": 3164, "name": "MainThread"}, "time": {"repr": "2024-08-25 13:46:10.300785+05:00", "timestamp": 1724575570.300785}}}
{"text": "2024-08-25T13:46:10.498724+0500 DEBUG reading db\n", "record": {"elapsed": {"repr": "0:00:10.753402", "seconds": 10.753402}, "exception": null, "extra": {}, "file": {"name": "main.py", "path": "C:\\Users\\melni\\PycharmProjects\\betboom_parser\\main.py"}, "function": "find_game", "level": {"icon": "🐞", "name": "DEBUG", "no": 10}, "line": 58, "message": "reading db", "module": "main", "name": "__main__", "process": {"id": 4844, "name": "MainProcess"}, "thread": {"id": 3164, "name": "MainThread"}, "time": {"repr": "2024-08-25 13:46:10.498724+05:00", "timestamp": 1724575570.498724}}}
{"text": "2024-08-25T13:46:10.499710+0500 DEBUG writing bet to db\n", "record": {"elapsed": {"repr": "0:00:10.754388", "seconds": 10.754388}, "exception": null, "extra": {}, "file": {"name": "main.py", "path": "C:\\Users\\melni\\PycharmProjects\\betboom_parser\\main.py"}, "function": "find_game", "level": {"icon": "🐞", "name": "DEBUG", "no": 10}, "line": 72, "message": "writing bet to db", "module": "main", "name": "__main__", "process": {"id": 4844, "name": "MainProcess"}, "thread": {"id": 3164, "name": "MainThread"}, "time": {"repr": "2024-08-25 13:46:10.499710+05:00", "timestamp": 1724575570.49971}}}
{"text": "2024-08-25T13:46:10.500724+0500 DEBUG finding coefficients\n", "record": {"elapsed": {"repr": "0:00:10.755402", "seconds": 10.755402}, "exception": null, "extra": {}, "file": {"name": "main.py", "path": "C:\\Users\\melni\\PycharmProjects\\betboom_parser\\main.py"}, "function": "get_bet", "level": {"icon": "🐞", "name": "DEBUG", "no": 10}, "line": 98, "message": "finding coefficients", "module": "main", "name": "__main__", "process": {"id": 4844, "name": "MainProcess"}, "thread": {"id": 3164, "name": "MainThread"}, "time": {"repr": "2024-08-25 13:46:10.500724+05:00", "timestamp": 1724575570.500724}}}
{"text": "2024-08-25T13:46:10.500724+0500 DEBUG reading db\n", "record": {"elapsed": {"repr": "0:00:10.755402", "seconds": 10.755402}, "exception": null, "extra": {}, "file": {"name": "main.py", "path": "C:\\Users\\melni\\PycharmProjects\\betboom_parser\\main.py"}, "function": "find_game", "level": {"icon": "🐞", "name": "DEBUG", "no": 10}, "line": 58, "message": "reading db", "module": "main", "name": "__main__", "process": {"id": 4844, "name": "MainProcess"}, "thread": {"id": 3164, "name": "MainThread"}, "time": {"repr": "2024-08-25 13:46:10.500724+05:00", "timestamp": 1724575570.500724}}}
{"text": "2024-08-25T13:46:10.501727+0500 DEBUG writing bet to db\n", "record": {"elapsed": {"repr": "0:00:10.756405", "seconds": 10.756405}, "exception": null, "extra": {}, "file": {"name": "main.py", "path": "C:\\Users\\melni\\PycharmProjects\\betboom_parser\\main.py"}, "function": "find_game", "level": {"icon": "🐞", "name": "DEBUG", "no": 10}, "line": 72, "message": "writing bet to db", "module": "main", "name": "__main__", "process": {"id": 4844, "name": "MainProcess"}, "thread": {"id": 3164, "name": "MainThread"}, "time": {"repr": "2024-08-25 13:46:10.501727+05:00", "timestamp": 1724575570.501727}}}
{"text": "2024-08-25T13:46:10.502726+0500 DEBUG finding coefficients\n", "record": {"elapsed": {"repr": "0:00:10.757404", "seconds": 10.757404}, "exception": null, "extra": {}, "file": {"name": "main.py", "path": "C:\\Users\\melni\\PycharmProjects\\betboom_parser\\main.py"}, "function": "get_bet", "level": {"icon": "🐞", "name": "DEBUG", "no": 10}, "line": 98, "message": "finding coefficients", "module": "main", "name": "__main__", "process": {"id": 4844, "name": "MainProcess"}, "thread": {"id": 3164, "name": "MainThread"}, "time": {"repr": "2024-08-25 13:46:10.502726+05:00", "timestamp": 1724575570.502726}}}
{"text": "2024-08-25T13:46:10.502726+0500 DEBUG getting info about match...\n", "record": {"elapsed": {"repr": "0:00:10.757404", "seconds": 10.757404}, "exception": null, "extra": {}, "file": {"name": "main.py", "path": "C:\\Users\\melni\\PycharmProjects\\betboom_parser\\main.py"}, "function": "get_match", "level": {"icon": "🐞", "name": "DEBUG", "no": 10}, "line": 123, "message": "getting info about match...", "module": "main", "name": "__main__", "process": {"id": 4844, "name": "MainProcess"}, "thread": {"id": 3164, "name": "MainThread"}, "time": {"repr": "2024-08-25 13:46:10.502726+05:00", "timestamp": 1724575570.502726}}}
{"text": "2024-08-25T13:46:10.735424+0500 DEBUG reading db\n", "record": {"elapsed": {"repr": "0:00:10.990102", "seconds": 10.990102}, "exception": null, "extra": {}, "file": {"name": "main.py", "path": "C:\\Users\\melni\\PycharmProjects\\betboom_parser\\main.py"}, "function": "find_game", "level": {"icon": "🐞", "name": "DEBUG", "no": 10}, "line": 58, "message": "reading db", "module": "main", "name": "__main__", "process": {"id": 4844, "name": "MainProcess"}, "thread": {"id": 3164, "name": "MainThread"}, "time": {"repr": "2024-08-25 13:46:10.735424+05:00", "timestamp": 1724575570.735424}}}
{"text": "2024-08-25T13:46:10.737434+0500 DEBUG writing bet to db\n", "record": {"elapsed": {"repr": "0:00:10.992112", "seconds": 10.992112}, "exception": null, "extra": {}, "file": {"name": "main.py", "path": "C:\\Users\\melni\\PycharmProjects\\betboom_parser\\main.py"}, "function": "find_game", "level": {"icon": "🐞", "name": "DEBUG", "no": 10}, "line": 72, "message": "writing bet to db", "module": "main", "name": "__main__", "process": {"id": 4844, "name": "MainProcess"}, "thread": {"id": 3164, "name": "MainThread"}, "time": {"repr": "2024-08-25 13:46:10.737434+05:00", "timestamp": 1724575570.737434}}}
{"text": "2024-08-25T13:46:10.739441+0500 DEBUG finding coefficients\n", "record": {"elapsed": {"repr": "0:00:10.994119", "seconds": 10.994119}, "exception": null, "extra": {}, "file": {"name": "main.py", "path": "C:\\Users\\melni\\PycharmProjects\\betboom_parser\\main.py"}, "function": "get_bet", "level": {"icon": "🐞", "name": "DEBUG", "no": 10}, "line": 98, "message": "finding coefficients", "module": "main", "name": "__main__", "process": {"id": 4844, "name": "MainProcess"}, "thread": {"id": 3164, "name": "MainThread"}, "time": {"repr": "2024-08-25 13:46:10.739441+05:00", "timestamp": 1724575570.739441}}}
{"text": "2024-08-25T13:46:10.740442+0500 DEBUG reading db\n", "record": {"elapsed": {"repr": "0:00:10.995120", "seconds": 10.99512}, "exception": null, "extra": {}, "file": {"name": "main.py", "path": "C:\\Users\\melni\\PycharmProjects\\betboom_parser\\main.py"}, "function": "find_game", "level": {"icon": "🐞", "name": "DEBUG", "no": 10}, "line": 58, "message": "reading db", "module": "main", "name": "__main__", "process": {"id": 4844, "name": "MainProcess"}, "thread": {"id": 3164, "name": "MainThread"}, "time": {"repr": "2024-08-25 13:46:10.740442+05:00", "timestamp": 1724575570.740442}}}
{"text": "2024-08-25T13:46:10.741461+0500 DEBUG writing bet to db\n", "record": {"elapsed": {"repr": "0:00:10.996139", "seconds": 10.996139}, "exception": null, "extra": {}, "file": {"name": "main.py", "path": "C:\\Users\\melni\\PycharmProjects\\betboom_parser\\main.py"}, "function": "find_game", "level": {"icon": "🐞", "name": "DEBUG", "no": 10}, "line": 72, "message": "writing bet to db", "module": "main", "name": "__main__", "process": {"id": 4844, "name": "MainProcess"}, "thread": {"id": 3164, "name": "MainThread"}, "time": {"repr": "2024-08-25 13:46:10.741461+05:00", "timestamp": 1724575570.741461}}}
{"text": "2024-08-25T13:46:10.743440+0500 DEBUG finding coefficients\n", "record": {"elapsed": {"repr": "0:00:10.998118", "seconds": 10.998118}, "exception": null, "extra": {}, "file": {"name": "main.py", "path": "C:\\Users\\melni\\PycharmProjects\\betboom_parser\\main.py"}, "function": "get_bet", "level": {"icon": "🐞", "name": "DEBUG", "no": 10}, "line": 98, "message": "finding coefficients", "module": "main", "name": "__main__", "process": {"id": 4844, "name": "MainProcess"}, "thread": {"id": 3164, "name": "MainThread"}, "time": {"repr": "2024-08-25 13:46:10.743440+05:00", "timestamp": 1724575570.74344}}}
{"text": "2024-08-25T13:46:10.744441+0500 DEBUG reading db\n", "record": {"elapsed": {"repr": "0:00:10.999119", "seconds": 10.999119}, "exception": null, "extra": {}, "file": {"name": "main.py", "path": "C:\\Users\\melni\\PycharmProjects\\betboom_parser\\main.py"}, "function": "find_game", "level": {"icon": "🐞", "name": "DEBUG", "no": 10}, "line": 58, "message": "reading db", "module": "main", "name": "__main__", "process": {"id": 4844, "name": "MainProcess"}, "thread": {"id": 3164, "name": "MainThread"}, "time": {"repr": "2024-08-25 13:46:10.744441+05:00", "timestamp": 1724575570.744441}}}
{"text": "2024-08-25T13:46:10.746441+0500 DEBUG writing bet to db\n", "record": {"elapsed": {"repr": "0:00:11.001119", "seconds": 11.001119}, "exception": null, "extra": {}, "file": {"name": "main.py", "path": "C:\\Users\\melni\\PycharmProjects\\betboom_parser\\main.py"}, "function": "find_game", "level": {"icon": "🐞", "name": "DEBUG", "no": 10}, "line": 72, "message": "writing bet to db", "module": "main", "name": "__main__", "process": {"id": 4844, "name": "MainProcess"}, "thread": {"id": 3164, "name": "MainThread"}, "time": {"repr": "2024-08-25 13:46:10.746441+05:00", "timestamp": 1724575570.746441}}}
{"text": "2024-08-25T13:46:10.750423+0500 DEBUG finding coefficients\n", "record": {"elapsed": {"repr": "0:00:11.005101", "seconds": 11.005101}, "exception": null, "extra": {}, "file": {"name": "main.py", "path": "C:\\Users\\melni\\PycharmProjects\\betboom_parser\\main.py"}, "function": "get_bet", "level": {"icon": "🐞", "name": "DEBUG", "no": 10}, "line": 98, "message": "finding coefficients", "module": "main", "name": "__main__", "process": {"id": 4844, "name": "MainProcess"}, "thread": {"id": 3164, "name": "MainThread"}, "time": {"repr": "2024-08-25 13:46:10.750423+05:00", "timestamp": 1724575570.750423}}}
{"text": "2024-08-25T13:46:10.751446+0500 DEBUG getting info about match...\n", "record": {"elapsed": {"repr": "0:00:11.006124", "seconds": 11.006124}, "exception": null, "extra": {}, "file": {"name": "main.py", "path": "C:\\Users\\melni\\PycharmProjects\\betboom_parser\\main.py"}, "function": "get_match", "level": {"icon": "🐞", "name": "DEBUG", "no": 10}, "line": 123, "message": "getting info about match...", "module": "main", "name": "__main__", "process": {"id": 4844, "name": "MainProcess"}, "thread": {"id": 3164, "name": "MainThread"}, "time": {"repr": "2024-08-25 13:46:10.751446+05:00", "timestamp": 1724575570.751446}}}
{"text": "2024-08-25T13:47:09.736805+0500 DEBUG reading db\n", "record": {"elapsed": {"repr": "0:00:08.336398", "seconds": 8.336398}, "exception": null, "extra": {}, "file": {"name": "main.py", "path": "C:\\Users\\melni\\PycharmProjects\\betboom_parser\\main.py"}, "function": "find_game", "level": {"icon": "🐞", "name": "DEBUG", "no": 10}, "line": 59, "message": "reading db", "module": "main", "name": "__main__", "process": {"id": 552, "name": "MainProcess"}, "thread": {"id": 6108, "name": "MainThread"}, "time": {"repr": "2024-08-25 13:47:09.736805+05:00", "timestamp": 1724575629.736805}}}
{"text": "2024-08-25T13:47:09.739789+0500 DEBUG writing bet to db\n", "record": {"elapsed": {"repr": "0:00:08.339382", "seconds": 8.339382}, "exception": null, "extra": {}, "file": {"name": "main.py", "path": "C:\\Users\\melni\\PycharmProjects\\betboom_parser\\main.py"}, "function": "find_game", "level": {"icon": "🐞", "name": "DEBUG", "no": 10}, "line": 73, "message": "writing bet to db", "module": "main", "name": "__main__", "process": {"id": 552, "name": "MainProcess"}, "thread": {"id": 6108, "name": "MainThread"}, "time": {"repr": "2024-08-25 13:47:09.739789+05:00", "timestamp": 1724575629.739789}}}
{"text": "2024-08-25T13:47:09.741784+0500 DEBUG finding coefficients\n", "record": {"elapsed": {"repr": "0:00:08.341377", "seconds": 8.341377}, "exception": null, "extra": {}, "file": {"name": "main.py", "path": "C:\\Users\\melni\\PycharmProjects\\betboom_parser\\main.py"}, "function": "get_bet", "level": {"icon": "🐞", "name": "DEBUG", "no": 10}, "line": 99, "message": "finding coefficients", "module": "main", "name": "__main__", "process": {"id": 552, "name": "MainProcess"}, "thread": {"id": 6108, "name": "MainThread"}, "time": {"repr": "2024-08-25 13:47:09.741784+05:00", "timestamp": 1724575629.741784}}}
{"text": "2024-08-25T13:47:09.742806+0500 DEBUG reading db\n", "record": {"elapsed": {"repr": "0:00:08.342399", "seconds": 8.342399}, "exception": null, "extra": {}, "file": {"name": "main.py", "path": "C:\\Users\\melni\\PycharmProjects\\betboom_parser\\main.py"}, "function": "find_game", "level": {"icon": "🐞", "name": "DEBUG", "no": 10}, "line": 59, "message": "reading db", "module": "main", "name": "__main__", "process": {"id": 552, "name": "MainProcess"}, "thread": {"id": 6108, "name": "MainThread"}, "time": {"repr": "2024-08-25 13:47:09.742806+05:00", "timestamp": 1724575629.742806}}}
{"text": "2024-08-25T13:47:10.086866+0500 INFO CS 2. BB Dacha (25.08 14:00)\nTeam Falcons - BETBOOM TEAM\n\nold odds: 2-я карта -> 1.83\nnew odds: 2-я карта -> 1.71\n", "record": {"elapsed": {"repr": "0:00:08.686459", "seconds": 8.686459}, "exception": null, "extra": {}, "file": {"name": "main.py", "path": "C:\\Users\\melni\\PycharmProjects\\betboom_parser\\main.py"}, "function": "get_alter_message", "level": {"icon": "ℹ️", "name": "INFO", "no": 20}, "line": 48, "message": "CS 2. BB Dacha (25.08 14:00)\nTeam Falcons - BETBOOM TEAM\n\nold odds: 2-я карта -> 1.83\nnew odds: 2-я карта -> 1.71", "module": "main", "name": "__main__", "process": {"id": 552, "name": "MainProcess"}, "thread": {"id": 6108, "name": "MainThread"}, "time": {"repr": "2024-08-25 13:47:10.086866+05:00", "timestamp": 1724575630.086866}}}
{"text": "2024-08-25T13:47:10.087922+0500 INFO message sent\n", "record": {"elapsed": {"repr": "0:00:08.687515", "seconds": 8.687515}, "exception": null, "extra": {}, "file": {"name": "main.py", "path": "C:\\Users\\melni\\PycharmProjects\\betboom_parser\\main.py"}, "function": "get_alter_message", "level": {"icon": "ℹ️", "name": "INFO", "no": 20}, "line": 49, "message": "message sent", "module": "main", "name": "__main__", "process": {"id": 552, "name": "MainProcess"}, "thread": {"id": 6108, "name": "MainThread"}, "time": {"repr": "2024-08-25 13:47:10.087922+05:00", "timestamp": 1724575630.087922}}}
{"text": "2024-08-25T13:47:10.087922+0500 DEBUG writing bet to db\n", "record": {"elapsed": {"repr": "0:00:08.687515", "seconds": 8.687515}, "exception": null, "extra": {}, "file": {"name": "main.py", "path": "C:\\Users\\melni\\PycharmProjects\\betboom_parser\\main.py"}, "function": "find_game", "level": {"icon": "🐞", "name": "DEBUG", "no": 10}, "line": 73, "message": "writing bet to db", "module": "main", "name": "__main__", "process": {"id": 552, "name": "MainProcess"}, "thread": {"id": 6108, "name": "MainThread"}, "time": {"repr": "2024-08-25 13:47:10.087922+05:00", "timestamp": 1724575630.087922}}}
{"text": "2024-08-25T13:47:10.088900+0500 DEBUG finding coefficients\n", "record": {"elapsed": {"repr": "0:00:08.688493", "seconds": 8.688493}, "exception": null, "extra": {}, "file": {"name": "main.py", "path": "C:\\Users\\melni\\PycharmProjects\\betboom_parser\\main.py"}, "function": "get_bet", "level": {"icon": "🐞", "name": "DEBUG", "no": 10}, "line": 99, "message": "finding coefficients", "module": "main", "name": "__main__", "process": {"id": 552, "name": "MainProcess"}, "thread": {"id": 6108, "name": "MainThread"}, "time": {"repr": "2024-08-25 13:47:10.088900+05:00", "timestamp": 1724575630.0889}}}
{"text": "2024-08-25T13:47:10.089897+0500 DEBUG getting info about match...\n", "record": {"elapsed": {"repr": "0:00:08.689490", "seconds": 8.68949}, "exception": null, "extra": {}, "file": {"name": "main.py", "path": "C:\\Users\\melni\\PycharmProjects\\betboom_parser\\main.py"}, "function": "get_match", "level": {"icon": "🐞", "name": "DEBUG", "no": 10}, "line": 124, "message": "getting info about match...", "module": "main", "name": "__main__", "process": {"id": 552, "name": "MainProcess"}, "thread": {"id": 6108, "name": "MainThread"}, "time": {"repr": "2024-08-25 13:47:10.089897+05:00", "timestamp": 1724575630.089897}}}
{"text": "2024-08-25T13:47:10.319267+0500 DEBUG reading db\n", "record": {"elapsed": {"repr": "0:00:08.918860", "seconds": 8.91886}, "exception": null, "extra": {}, "file": {"name": "main.py", "path": "C:\\Users\\melni\\PycharmProjects\\betboom_parser\\main.py"}, "function": "find_game", "level": {"icon": "🐞", "name": "DEBUG", "no": 10}, "line": 59, "message": "reading db", "module": "main", "name": "__main__", "process": {"id": 552, "name": "MainProcess"}, "thread": {"id": 6108, "name": "MainThread"}, "time": {"repr": "2024-08-25 13:47:10.319267+05:00", "timestamp": 1724575630.319267}}}
{"text": "2024-08-25T13:47:10.323255+0500 DEBUG writing bet to db\n", "record": {"elapsed": {"repr": "0:00:08.922848", "seconds": 8.922848}, "exception": null, "extra": {}, "file": {"name": "main.py", "path": "C:\\Users\\melni\\PycharmProjects\\betboom_parser\\main.py"}, "function": "find_game", "level": {"icon": "🐞", "name": "DEBUG", "no": 10}, "line": 73, "message": "writing bet to db", "module": "main", "name": "__main__", "process": {"id": 552, "name": "MainProcess"}, "thread": {"id": 6108, "name": "MainThread"}, "time": {"repr": "2024-08-25 13:47:10.323255+05:00", "timestamp": 1724575630.323255}}}
{"text": "2024-08-25T13:47:10.326319+0500 DEBUG finding coefficients\n", "record": {"elapsed": {"repr": "0:00:08.925912", "seconds": 8.925912}, "exception": null, "extra": {}, "file": {"name": "main.py", "path": "C:\\Users\\melni\\PycharmProjects\\betboom_parser\\main.py"}, "function": "get_bet", "level": {"icon": "🐞", "name": "DEBUG", "no": 10}, "line": 99, "message": "finding coefficients", "module": "main", "name": "__main__", "process": {"id": 552, "name": "MainProcess"}, "thread": {"id": 6108, "name": "MainThread"}, "time": {"repr": "2024-08-25 13:47:10.326319+05:00", "timestamp": 1724575630.326319}}}
{"text": "2024-08-25T13:47:10.328280+0500 DEBUG reading db\n", "record": {"elapsed": {"repr": "0:00:08.927873", "seconds": 8.927873}, "exception": null, "extra": {}, "file": {"name": "main.py", "path": "C:\\Users\\melni\\PycharmProjects\\betboom_parser\\main.py"}, "function": "find_game", "level": {"icon": "🐞", "name": "DEBUG", "no": 10}, "line": 59, "message": "reading db", "module": "main", "name": "__main__", "process": {"id": 552, "name": "MainProcess"}, "thread": {"id": 6108, "name": "MainThread"}, "time": {"repr": "2024-08-25 13:47:10.328280+05:00", "timestamp": 1724575630.32828}}}
{"text": "2024-08-25T13:47:10.330270+0500 DEBUG writing bet to db\n", "record": {"elapsed": {"repr": "0:00:08.929863", "seconds": 8.929863}, "exception": null, "extra": {}, "file": {"name": "main.py", "path": "C:\\Users\\melni\\PycharmProjects\\betboom_parser\\main.py"}, "function": "find_game", "level": {"icon": "🐞", "name": "DEBUG", "no": 10}, "line": 73, "message": "writing bet to db", "module": "main", "name": "__main__", "process": {"id": 552, "name": "MainProcess"}, "thread": {"id": 6108, "name": "MainThread"}, "time": {"repr": "2024-08-25 13:47:10.330270+05:00", "timestamp": 1724575630.33027}}}
{"text": "2024-08-25T13:47:10.333255+0500 DEBUG finding coefficients\n", "record": {"elapsed": {"repr": "0:00:08.932848", "seconds": 8.932848}, "exception": null, "extra": {}, "file": {"name": "main.py", "path": "C:\\Users\\melni\\PycharmProjects\\betboom_parser\\main.py"}, "function": "get_bet", "level": {"icon": "🐞", "name": "DEBUG", "no": 10}, "line": 99, "message": "finding coefficients", "module": "main", "name": "__main__", "process": {"id": 552, "name": "MainProcess"}, "thread": {"id": 6108, "name": "MainThread"}, "time": {"repr": "2024-08-25 13:47:10.333255+05:00", "timestamp": 1724575630.333255}}}
{"text": "2024-08-25T13:47:10.334278+0500 DEBUG reading db\n", "record": {"elapsed": {"repr": "0:00:08.933871", "seconds": 8.933871}, "exception": null, "extra": {}, "file": {"name": "main.py", "path": "C:\\Users\\melni\\PycharmProjects\\betboom_parser\\main.py"}, "function": "find_game", "level": {"icon": "🐞", "name": "DEBUG", "no": 10}, "line": 59, "message": "reading db", "module": "main", "name": "__main__", "process": {"id": 552, "name": "MainProcess"}, "thread": {"id": 6108, "name": "MainThread"}, "time": {"repr": "2024-08-25 13:47:10.334278+05:00", "timestamp": 1724575630.334278}}}
{"text": "2024-08-25T13:47:10.336281+0500 DEBUG writing bet to db\n", "record": {"elapsed": {"repr": "0:00:08.935874", "seconds": 8.935874}, "exception": null, "extra": {}, "file": {"name": "main.py", "path": "C:\\Users\\melni\\PycharmProjects\\betboom_parser\\main.py"}, "function": "find_game", "level": {"icon": "🐞", "name": "DEBUG", "no": 10}, "line": 73, "message": "writing bet to db", "module": "main", "name": "__main__", "process": {"id": 552, "name": "MainProcess"}, "thread": {"id": 6108, "name": "MainThread"}, "time": {"repr": "2024-08-25 13:47:10.336281+05:00", "timestamp": 1724575630.336281}}}
{"text": "2024-08-25T13:47:10.337270+0500 DEBUG finding coefficients\n", "record": {"elapsed": {"repr": "0:00:08.936863", "seconds": 8.936863}, "exception": null, "extra": {}, "file": {"name": "main.py", "path": "C:\\Users\\melni\\PycharmProjects\\betboom_parser\\main.py"}, "function": "get_bet", "level": {"icon": "🐞", "name": "DEBUG", "no": 10}, "line": 99, "message": "finding coefficients", "module": "main", "name": "__main__", "process": {"id": 552, "name": "MainProcess"}, "thread": {"id": 6108, "name": "MainThread"}, "time": {"repr": "2024-08-25 13:47:10.337270+05:00", "timestamp": 1724575630.33727}}}
{"text": "2024-08-25T13:47:10.337270+0500 DEBUG getting info about match...\n", "record": {"elapsed": {"repr": "0:00:08.936863", "seconds": 8.936863}, "exception": null, "extra": {}, "file": {"name": "main.py", "path": "C:\\Users\\melni\\PycharmProjects\\betboom_parser\\main.py"}, "function": "get_match", "level": {"icon": "🐞", "name": "DEBUG", "no": 10}, "line": 124, "message": "getting info about match...", "module": "main", "name": "__main__", "process": {"id": 552, "name": "MainProcess"}, "thread": {"id": 6108, "name": "MainThread"}, "time": {"repr": "2024-08-25 13:47:10.337270+05:00", "timestamp": 1724575630.33727}}}
{"text": "2024-08-25T13:47:10.927923+0500 DEBUG reading db\n", "record": {"elapsed": {"repr": "0:00:09.527516", "seconds": 9.527516}, "exception": null, "extra": {}, "file": {"name": "main.py", "path": "C:\\Users\\melni\\PycharmProjects\\betboom_parser\\main.py"}, "function": "find_game", "level": {"icon": "🐞", "name": "DEBUG", "no": 10}, "line": 59, "message": "reading db", "module": "main", "name": "__main__", "process": {"id": 552, "name": "MainProcess"}, "thread": {"id": 6108, "name": "MainThread"}, "time": {"repr": "2024-08-25 13:47:10.927923+05:00", "timestamp": 1724575630.927923}}}
{"text": "2024-08-25T13:47:10.928916+0500 DEBUG writing bet to db\n", "record": {"elapsed": {"repr": "0:00:09.528509", "seconds": 9.528509}, "exception": null, "extra": {}, "file": {"name": "main.py", "path": "C:\\Users\\melni\\PycharmProjects\\betboom_parser\\main.py"}, "function": "find_game", "level": {"icon": "🐞", "name": "DEBUG", "no": 10}, "line": 73, "message": "writing bet to db", "module": "main", "name": "__main__", "process": {"id": 552, "name": "MainProcess"}, "thread": {"id": 6108, "name": "MainThread"}, "time": {"repr": "2024-08-25 13:47:10.928916+05:00", "timestamp": 1724575630.928916}}}
{"text": "2024-08-25T13:47:10.929918+0500 DEBUG finding coefficients\n", "record": {"elapsed": {"repr": "0:00:09.529511", "seconds": 9.529511}, "exception": null, "extra": {}, "file": {"name": "main.py", "path": "C:\\Users\\melni\\PycharmProjects\\betboom_parser\\main.py"}, "function": "get_bet", "level": {"icon": "🐞", "name": "DEBUG", "no": 10}, "line": 99, "message": "finding coefficients", "module": "main", "name": "__main__", "process": {"id": 552, "name": "MainProcess"}, "thread": {"id": 6108, "name": "MainThread"}, "time": {"repr": "2024-08-25 13:47:10.929918+05:00", "timestamp": 1724575630.929918}}}
{"text": "2024-08-25T13:47:10.931916+0500 DEBUG reading db\n", "record": {"elapsed": {"repr": "0:00:09.531509", "seconds": 9.531509}, "exception": null, "extra": {}, "file": {"name": "main.py", "path": "C:\\Users\\melni\\PycharmProjects\\betboom_parser\\main.py"}, "function": "find_game", "level": {"icon": "🐞", "name": "DEBUG", "no": 10}, "line": 59, "message": "reading db", "module": "main", "name": "__main__", "process": {"id": 552, "name": "MainProcess"}, "thread": {"id": 6108, "name": "MainThread"}, "time": {"repr": "2024-08-25 13:47:10.931916+05:00", "timestamp": 1724575630.931916}}}
{"text": "2024-08-25T13:47:10.932916+0500 DEBUG writing bet to db\n", "record": {"elapsed": {"repr": "0:00:09.532509", "seconds": 9.532509}, "exception": null, "extra": {}, "file": {"name": "main.py", "path": "C:\\Users\\melni\\PycharmProjects\\betboom_parser\\main.py"}, "function": "find_game", "level": {"icon": "🐞", "name": "DEBUG", "no": 10}, "line": 73, "message": "writing bet to db", "module": "main", "name": "__main__", "process": {"id": 552, "name": "MainProcess"}, "thread": {"id": 6108, "name": "MainThread"}, "time": {"repr": "2024-08-25 13:47:10.932916+05:00", "timestamp": 1724575630.932916}}}
{"text": "2024-08-25T13:47:10.932916+0500 DEBUG finding coefficients\n", "record": {"elapsed": {"repr": "0:00:09.532509", "seconds": 9.532509}, "exception": null, "extra": {}, "file": {"name": "main.py", "path": "C:\\Users\\melni\\PycharmProjects\\betboom_parser\\main.py"}, "function": "get_bet", "level": {"icon": "🐞", "name": "DEBUG", "no": 10}, "line": 99, "message": "finding coefficients", "module": "main", "name": "__main__", "process": {"id": 552, "name": "MainProcess"}, "thread": {"id": 6108, "name": "MainThread"}, "time": {"repr": "2024-08-25 13:47:10.932916+05:00", "timestamp": 1724575630.932916}}}
{"text": "2024-08-25T13:47:10.933917+0500 DEBUG reading db\n", "record": {"elapsed": {"repr": "0:00:09.533510", "seconds": 9.53351}, "exception": null, "extra": {}, "file": {"name": "main.py", "path": "C:\\Users\\melni\\PycharmProjects\\betboom_parser\\main.py"}, "function": "find_game", "level": {"icon": "🐞", "name": "DEBUG", "no": 10}, "line": 59, "message": "reading db", "module": "main", "name": "__main__", "process": {"id": 552, "name": "MainProcess"}, "thread": {"id": 6108, "name": "MainThread"}, "time": {"repr": "2024-08-25 13:47:10.933917+05:00", "timestamp": 1724575630.933917}}}
{"text": "2024-08-25T13:47:10.934916+0500 DEBUG writing bet to db\n", "record": {"elapsed": {"repr": "0:00:09.534509", "seconds": 9.534509}, "exception": null, "extra": {}, "file": {"name": "main.py", "path": "C:\\Users\\melni\\PycharmProjects\\betboom_parser\\main.py"}, "function": "find_game", "level": {"icon": "🐞", "name": "DEBUG", "no": 10}, "line": 73, "message": "writing bet to db", "module": "main", "name": "__main__", "process": {"id": 552, "name": "MainProcess"}, "thread": {"id": 6108, "name": "MainThread"}, "time": {"repr": "2024-08-25 13:47:10.934916+05:00", "timestamp": 1724575630.934916}}}
{"text": "2024-08-25T13:47:10.935916+0500 DEBUG finding coefficients\n", "record": {"elapsed": {"repr": "0:00:09.535509", "seconds": 9.535509}, "exception": null, "extra": {}, "file": {"name": "main.py", "path": "C:\\Users\\melni\\PycharmProjects\\betboom_parser\\main.py"}, "function": "get_bet", "level": {"icon": "🐞", "name": "DEBUG", "no": 10}, "line": 99, "message": "finding coefficients", "module": "main", "name": "__main__", "process": {"id": 552, "name": "MainProcess"}, "thread": {"id": 6108, "name": "MainThread"}, "time": {"repr": "2024-08-25 13:47:10.935916+05:00", "timestamp": 1724575630.935916}}}
{"text": "2024-08-25T13:47:10.935916+0500 DEBUG getting info about match...\n", "record": {"elapsed": {"repr": "0:00:09.535509", "seconds": 9.535509}, "exception": null, "extra": {}, "file": {"name": "main.py", "path": "C:\\Users\\melni\\PycharmProjects\\betboom_parser\\main.py"}, "function": "get_match", "level": {"icon": "🐞", "name": "DEBUG", "no": 10}, "line": 124, "message": "getting info about match...", "module": "main", "name": "__main__", "process": {"id": 552, "name": "MainProcess"}, "thread": {"id": 6108, "name": "MainThread"}, "time": {"repr": "2024-08-25 13:47:10.935916+05:00", "timestamp": 1724575630.935916}}}
{"text": "2024-08-25T13:47:11.170065+0500 DEBUG reading db\n", "record": {"elapsed": {"repr": "0:00:09.769658", "seconds": 9.769658}, "exception": null, "extra": {}, "file": {"name": "main.py", "path": "C:\\Users\\melni\\PycharmProjects\\betboom_parser\\main.py"}, "function": "find_game", "level": {"icon": "🐞", "name": "DEBUG", "no": 10}, "line": 59, "message": "reading db", "module": "main", "name": "__main__", "process": {"id": 552, "name": "MainProcess"}, "thread": {"id": 6108, "name": "MainThread"}, "time": {"repr": "2024-08-25 13:47:11.170065+05:00", "timestamp": 1724575631.170065}}}
{"text": "2024-08-25T13:47:11.172055+0500 DEBUG writing bet to db\n", "record": {"elapsed": {"repr": "0:00:09.771648", "seconds": 9.771648}, "exception": null, "extra": {}, "file": {"name": "main.py", "path": "C:\\Users\\melni\\PycharmProjects\\betboom_parser\\main.py"}, "function": "find_game", "level": {"icon": "🐞", "name": "DEBUG", "no": 10}, "line": 73, "message": "writing bet to db", "module": "main", "name": "__main__", "process": {"id": 552, "name": "MainProcess"}, "thread": {"id": 6108, "name": "MainThread"}, "time": {"repr": "2024-08-25 13:47:11.172055+05:00", "timestamp": 1724575631.172055}}}
{"text": "2024-08-25T13:47:11.174077+0500 DEBUG finding coefficients\n", "record": {"elapsed": {"repr": "0:00:09.773670", "seconds": 9.77367}, "exception": null, "extra": {}, "file": {"name": "main.py", "path": "C:\\Users\\melni\\PycharmProjects\\betboom_parser\\main.py"}, "function": "get_bet", "level": {"icon": "🐞", "name": "DEBUG", "no": 10}, "line": 99, "message": "finding coefficients", "module": "main", "name": "__main__", "process": {"id": 552, "name": "MainProcess"}, "thread": {"id": 6108, "name": "MainThread"}, "time": {"repr": "2024-08-25 13:47:11.174077+05:00", "timestamp": 1724575631.174077}}}
{"text": "2024-08-25T13:47:11.176098+0500 DEBUG reading db\n", "record": {"elapsed": {"repr": "0:00:09.775691", "seconds": 9.775691}, "exception": null, "extra": {}, "file": {"name": "main.py", "path": "C:\\Users\\melni\\PycharmProjects\\betboom_parser\\main.py"}, "function": "find_game", "level": {"icon": "🐞", "name": "DEBUG", "no": 10}, "line": 59, "message": "reading db", "module": "main", "name": "__main__", "process": {"id": 552, "name": "MainProcess"}, "thread": {"id": 6108, "name": "MainThread"}, "time": {"repr": "2024-08-25 13:47:11.176098+05:00", "timestamp": 1724575631.176098}}}
{"text": "2024-08-25T13:47:11.177091+0500 DEBUG writing bet to db\n", "record": {"elapsed": {"repr": "0:00:09.776684", "seconds": 9.776684}, "exception": null, "extra": {}, "file": {"name": "main.py", "path": "C:\\Users\\melni\\PycharmProjects\\betboom_parser\\main.py"}, "function": "find_game", "level": {"icon": "🐞", "name": "DEBUG", "no": 10}, "line": 73, "message": "writing bet to db", "module": "main", "name": "__main__", "process": {"id": 552, "name": "MainProcess"}, "thread": {"id": 6108, "name": "MainThread"}, "time": {"repr": "2024-08-25 13:47:11.177091+05:00", "timestamp": 1724575631.177091}}}
{"text": "2024-08-25T13:47:11.183106+0500 DEBUG finding coefficients\n", "record": {"elapsed": {"repr": "0:00:09.782699", "seconds": 9.782699}, "exception": null, "extra": {}, "file": {"name": "main.py", "path": "C:\\Users\\melni\\PycharmProjects\\betboom_parser\\main.py"}, "function": "get_bet", "level": {"icon": "🐞", "name": "DEBUG", "no": 10}, "line": 99, "message": "finding coefficients", "module": "main", "name": "__main__", "process": {"id": 552, "name": "MainProcess"}, "thread": {"id": 6108, "name": "MainThread"}, "time": {"repr": "2024-08-25 13:47:11.183106+05:00", "timestamp": 1724575631.183106}}}
{"text": "2024-08-25T13:47:11.184100+0500 DEBUG getting info about match...\n", "record": {"elapsed": {"repr": "0:00:09.783693", "seconds": 9.783693}, "exception": null, "extra": {}, "file": {"name": "main.py", "path": "C:\\Users\\melni\\PycharmProjects\\betboom_parser\\main.py"}, "function": "get_match", "level": {"icon": "🐞", "name": "DEBUG", "no": 10}, "line": 124, "message": "getting info about match...", "module": "main", "name": "__main__", "process": {"id": 552, "name": "MainProcess"}, "thread": {"id": 6108, "name": "MainThread"}, "time": {"repr": "2024-08-25 13:47:11.184100+05:00", "timestamp": 1724575631.1841}}}
{"text": "2024-08-25T13:47:11.450920+0500 DEBUG reading db\n", "record": {"elapsed": {"repr": "0:00:10.050513", "seconds": 10.050513}, "exception": null, "extra": {}, "file": {"name": "main.py", "path": "C:\\Users\\melni\\PycharmProjects\\betboom_parser\\main.py"}, "function": "find_game", "level": {"icon": "🐞", "name": "DEBUG", "no": 10}, "line": 59, "message": "reading db", "module": "main", "name": "__main__", "process": {"id": 552, "name": "MainProcess"}, "thread": {"id": 6108, "name": "MainThread"}, "time": {"repr": "2024-08-25 13:47:11.450920+05:00", "timestamp": 1724575631.45092}}}
{"text": "2024-08-25T13:47:11.452943+0500 DEBUG writing bet to db\n", "record": {"elapsed": {"repr": "0:00:10.052536", "seconds": 10.052536}, "exception": null, "extra": {}, "file": {"name": "main.py", "path": "C:\\Users\\melni\\PycharmProjects\\betboom_parser\\main.py"}, "function": "find_game", "level": {"icon": "🐞", "name": "DEBUG", "no": 10}, "line": 73, "message": "writing bet to db", "module": "main", "name": "__main__", "process": {"id": 552, "name": "MainProcess"}, "thread": {"id": 6108, "name": "MainThread"}, "time": {"repr": "2024-08-25 13:47:11.452943+05:00", "timestamp": 1724575631.452943}}}
{"text": "2024-08-25T13:47:11.454923+0500 DEBUG finding coefficients\n", "record": {"elapsed": {"repr": "0:00:10.054516", "seconds": 10.054516}, "exception": null, "extra": {}, "file": {"name": "main.py", "path": "C:\\Users\\melni\\PycharmProjects\\betboom_parser\\main.py"}, "function": "get_bet", "level": {"icon": "🐞", "name": "DEBUG", "no": 10}, "line": 99, "message": "finding coefficients", "module": "main", "name": "__main__", "process": {"id": 552, "name": "MainProcess"}, "thread": {"id": 6108, "name": "MainThread"}, "time": {"repr": "2024-08-25 13:47:11.454923+05:00", "timestamp": 1724575631.454923}}}
{"text": "2024-08-25T13:47:11.455919+0500 DEBUG reading db\n", "record": {"elapsed": {"repr": "0:00:10.055512", "seconds": 10.055512}, "exception": null, "extra": {}, "file": {"name": "main.py", "path": "C:\\Users\\melni\\PycharmProjects\\betboom_parser\\main.py"}, "function": "find_game", "level": {"icon": "🐞", "name": "DEBUG", "no": 10}, "line": 59, "message": "reading db", "module": "main", "name": "__main__", "process": {"id": 552, "name": "MainProcess"}, "thread": {"id": 6108, "name": "MainThread"}, "time": {"repr": "2024-08-25 13:47:11.455919+05:00", "timestamp": 1724575631.455919}}}
{"text": "2024-08-25T13:47:11.457936+0500 DEBUG writing bet to db\n", "record": {"elapsed": {"repr": "0:00:10.057529", "seconds": 10.057529}, "exception": null, "extra": {}, "file": {"name": "main.py", "path": "C:\\Users\\melni\\PycharmProjects\\betboom_parser\\main.py"}, "function": "find_game", "level": {"icon": "🐞", "name": "DEBUG", "no": 10}, "line": 73, "message": "writing bet to db", "module": "main", "name": "__main__", "process": {"id": 552, "name": "MainProcess"}, "thread": {"id": 6108, "name": "MainThread"}, "time": {"repr": "2024-08-25 13:47:11.457936+05:00", "timestamp": 1724575631.457936}}}
{"text": "2024-08-25T13:47:11.459919+0500 DEBUG finding coefficients\n", "record": {"elapsed": {"repr": "0:00:10.059512", "seconds": 10.059512}, "exception": null, "extra": {}, "file": {"name": "main.py", "path": "C:\\Users\\melni\\PycharmProjects\\betboom_parser\\main.py"}, "function": "get_bet", "level": {"icon": "🐞", "name": "DEBUG", "no": 10}, "line": 99, "message": "finding coefficients", "module": "main", "name": "__main__", "process": {"id": 552, "name": "MainProcess"}, "thread": {"id": 6108, "name": "MainThread"}, "time": {"repr": "2024-08-25 13:47:11.459919+05:00", "timestamp": 1724575631.459919}}}
{"text": "2024-08-25T13:47:11.461922+0500 DEBUG reading db\n", "record": {"elapsed": {"repr": "0:00:10.061515", "seconds": 10.061515}, "exception": null, "extra": {}, "file": {"name": "main.py", "path": "C:\\Users\\melni\\PycharmProjects\\betboom_parser\\main.py"}, "function": "find_game", "level": {"icon": "🐞", "name": "DEBUG", "no": 10}, "line": 59, "message": "reading db", "module": "main", "name": "__main__", "process": {"id": 552, "name": "MainProcess"}, "thread": {"id": 6108, "name": "MainThread"}, "time": {"repr": "2024-08-25 13:47:11.461922+05:00", "timestamp": 1724575631.461922}}}
{"text": "2024-08-25T13:47:11.465924+0500 DEBUG writing bet to db\n", "record": {"elapsed": {"repr": "0:00:10.065517", "seconds": 10.065517}, "exception": null, "extra": {}, "file": {"name": "main.py", "path": "C:\\Users\\melni\\PycharmProjects\\betboom_parser\\main.py"}, "function": "find_game", "level": {"icon": "🐞", "name": "DEBUG", "no": 10}, "line": 73, "message": "writing bet to db", "module": "main", "name": "__main__", "process": {"id": 552, "name": "MainProcess"}, "thread": {"id": 6108, "name": "MainThread"}, "time": {"repr": "2024-08-25 13:47:11.465924+05:00", "timestamp": 1724575631.465924}}}
{"text": "2024-08-25T13:47:11.467922+0500 DEBUG finding coefficients\n", "record": {"elapsed": {"repr": "0:00:10.067515", "seconds": 10.067515}, "exception": null, "extra": {}, "file": {"name": "main.py", "path": "C:\\Users\\melni\\PycharmProjects\\betboom_parser\\main.py"}, "function": "get_bet", "level": {"icon": "🐞", "name": "DEBUG", "no": 10}, "line": 99, "message": "finding coefficients", "module": "main", "name": "__main__", "process": {"id": 552, "name": "MainProcess"}, "thread": {"id": 6108, "name": "MainThread"}, "time": {"repr": "2024-08-25 13:47:11.467922+05:00", "timestamp": 1724575631.467922}}}
{"text": "2024-08-25T13:47:11.468949+0500 DEBUG getting info about match...\n", "record": {"elapsed": {"repr": "0:00:10.068542", "seconds": 10.068542}, "exception": null, "extra": {}, "file": {"name": "main.py", "path": "C:\\Users\\melni\\PycharmProjects\\betboom_parser\\main.py"}, "function": "get_match", "level": {"icon": "🐞", "name": "DEBUG", "no": 10}, "line": 124, "message": "getting info about match...", "module": "main", "name": "__main__", "process": {"id": 552, "name": "MainProcess"}, "thread": {"id": 6108, "name": "MainThread"}, "time": {"repr": "2024-08-25 13:47:11.468949+05:00", "timestamp": 1724575631.468949}}}
{"text": "2024-08-25T13:48:07.067866+0500 DEBUG reading db\n", "record": {"elapsed": {"repr": "0:00:15.363537", "seconds": 15.363537}, "exception": null, "extra": {}, "file": {"name": "main.py", "path": "C:\\Users\\melni\\PycharmProjects\\betboom_parser\\main.py"}, "function": "find_game", "level": {"icon": "🐞", "name": "DEBUG", "no": 10}, "line": 59, "message": "reading db", "module": "main", "name": "__main__", "process": {"id": 6940, "name": "MainProcess"}, "thread": {"id": 6400, "name": "MainThread"}, "time": {"repr": "2024-08-25 13:48:07.067866+05:00", "timestamp": 1724575687.067866}}}
{"text": "2024-08-25T13:48:07.461518+0500 INFO CS 2. BB Dacha (25.08 14:00)\nTeam Falcons - BETBOOM TEAM\n\n1-я карта -> 1.83 & 1.99\n", "record": {"elapsed": {"repr": "0:00:15.757189", "seconds": 15.757189}, "exception": null, "extra": {}, "file": {"name": "main.py", "path": "C:\\Users\\melni\\PycharmProjects\\betboom_parser\\main.py"}, "function": "get_message", "level": {"icon": "ℹ️", "name": "INFO", "no": 20}, "line": 31, "message": "CS 2. BB Dacha (25.08 14:00)\nTeam Falcons - BETBOOM TEAM\n\n1-я карта -> 1.83 & 1.99", "module": "main", "name": "__main__", "process": {"id": 6940, "name": "MainProcess"}, "thread": {"id": 6400, "name": "MainThread"}, "time": {"repr": "2024-08-25 13:48:07.461518+05:00", "timestamp": 1724575687.461518}}}
{"text": "2024-08-25T13:48:07.461518+0500 INFO message sent\n", "record": {"elapsed": {"repr": "0:00:15.757189", "seconds": 15.757189}, "exception": null, "extra": {}, "file": {"name": "main.py", "path": "C:\\Users\\melni\\PycharmProjects\\betboom_parser\\main.py"}, "function": "get_message", "level": {"icon": "ℹ️", "name": "INFO", "no": 20}, "line": 32, "message": "message sent", "module": "main", "name": "__main__", "process": {"id": 6940, "name": "MainProcess"}, "thread": {"id": 6400, "name": "MainThread"}, "time": {"repr": "2024-08-25 13:48:07.461518+05:00", "timestamp": 1724575687.461518}}}
{"text": "2024-08-25T13:48:07.463511+0500 DEBUG writing bet to db\n", "record": {"elapsed": {"repr": "0:00:15.759182", "seconds": 15.759182}, "exception": null, "extra": {}, "file": {"name": "main.py", "path": "C:\\Users\\melni\\PycharmProjects\\betboom_parser\\main.py"}, "function": "find_game", "level": {"icon": "🐞", "name": "DEBUG", "no": 10}, "line": 73, "message": "writing bet to db", "module": "main", "name": "__main__", "process": {"id": 6940, "name": "MainProcess"}, "thread": {"id": 6400, "name": "MainThread"}, "time": {"repr": "2024-08-25 13:48:07.463511+05:00", "timestamp": 1724575687.463511}}}
{"text": "2024-08-25T13:48:07.465523+0500 DEBUG finding coefficients\n", "record": {"elapsed": {"repr": "0:00:15.761194", "seconds": 15.761194}, "exception": null, "extra": {}, "file": {"name": "main.py", "path": "C:\\Users\\melni\\PycharmProjects\\betboom_parser\\main.py"}, "function": "get_bet", "level": {"icon": "🐞", "name": "DEBUG", "no": 10}, "line": 99, "message": "finding coefficients", "module": "main", "name": "__main__", "process": {"id": 6940, "name": "MainProcess"}, "thread": {"id": 6400, "name": "MainThread"}, "time": {"repr": "2024-08-25 13:48:07.465523+05:00", "timestamp": 1724575687.465523}}}
{"text": "2024-08-25T13:48:07.466521+0500 DEBUG reading db\n", "record": {"elapsed": {"repr": "0:00:15.762192", "seconds": 15.762192}, "exception": null, "extra": {}, "file": {"name": "main.py", "path": "C:\\Users\\melni\\PycharmProjects\\betboom_parser\\main.py"}, "function": "find_game", "level": {"icon": "🐞", "name": "DEBUG", "no": 10}, "line": 59, "message": "reading db", "module": "main", "name": "__main__", "process": {"id": 6940, "name": "MainProcess"}, "thread": {"id": 6400, "name": "MainThread"}, "time": {"repr": "2024-08-25 13:48:07.466521+05:00", "timestamp": 1724575687.466521}}}
{"text": "2024-08-25T13:48:07.825594+0500 INFO CS 2. BB Dacha (25.08 14:00)\nTeam Falcons - BETBOOM TEAM\n\n2-я карта -> 1.71 & 2.168\n", "record": {"elapsed": {"repr": "0:00:16.121265", "seconds": 16.121265}, "exception": null, "extra": {}, "file": {"name": "main.py", "path": "C:\\Users\\melni\\PycharmProjects\\betboom_parser\\main.py"}, "function": "get_message", "level": {"icon": "ℹ️", "name": "INFO", "no": 20}, "line": 31, "message": "CS 2. BB Dacha (25.08 14:00)\nTeam Falcons - BETBOOM TEAM\n\n2-я карта -> 1.71 & 2.168", "module": "main", "name": "__main__", "process": {"id": 6940, "name": "MainProcess"}, "thread": {"id": 6400, "name": "MainThread"}, "time": {"repr": "2024-08-25 13:48:07.825594+05:00", "timestamp": 1724575687.825594}}}
{"text": "2024-08-25T13:48:07.826589+0500 INFO message sent\n", "record": {"elapsed": {"repr": "0:00:16.122260", "seconds": 16.12226}, "exception": null, "extra": {}, "file": {"name": "main.py", "path": "C:\\Users\\melni\\PycharmProjects\\betboom_parser\\main.py"}, "function": "get_message", "level": {"icon": "ℹ️", "name": "INFO", "no": 20}, "line": 32, "message": "message sent", "module": "main", "name": "__main__", "process": {"id": 6940, "name": "MainProcess"}, "thread": {"id": 6400, "name": "MainThread"}, "time": {"repr": "2024-08-25 13:48:07.826589+05:00", "timestamp": 1724575687.826589}}}
