{"text": "2024-08-25T01:33:13.309039+0500 DEBUG writing bet to db\n", "record": {"elapsed": {"repr": "0:00:02.199020", "seconds": 2.19902}, "exception": null, "extra": {}, "file": {"name": "main.py", "path": "C:\\Users\\melni\\PycharmProjects\\betboom_parser\\main.py"}, "function": "find_game", "level": {"icon": "🐞", "name": "DEBUG", "no": 10}, "line": 66, "message": "writing bet to db", "module": "main", "name": "__main__", "process": {"id": 6992, "name": "MainProcess"}, "thread": {"id": 1136, "name": "MainThread"}, "time": {"repr": "2024-08-25 01:33:13.309039+05:00", "timestamp": 1724531593.309039}}}
{"text": "2024-08-25T01:33:13.351061+0500 DEBUG finding coefficients\n", "record": {"elapsed": {"repr": "0:00:02.241042", "seconds": 2.241042}, "exception": null, "extra": {}, "file": {"name": "main.py", "path": "C:\\Users\\melni\\PycharmProjects\\betboom_parser\\main.py"}, "function": "get_bet", "level": {"icon": "🐞", "name": "DEBUG", "no": 10}, "line": 92, "message": "finding coefficients", "module": "main", "name": "__main__", "process": {"id": 6992, "name": "MainProcess"}, "thread": {"id": 1136, "name": "MainThread"}, "time": {"repr": "2024-08-25 01:33:13.351061+05:00", "timestamp": 1724531593.351061}}}
{"text": "2024-08-25T01:33:13.355714+0500 DEBUG getting info about match...\n", "record": {"elapsed": {"repr": "0:00:02.245695", "seconds": 2.245695}, "exception": null, "extra": {}, "file": {"name": "main.py", "path": "C:\\Users\\melni\\PycharmProjects\\betboom_parser\\main.py"}, "function": "get_match", "level": {"icon": "🐞", "name": "DEBUG", "no": 10}, "line": 117, "message": "getting info about match...", "module": "main", "name": "__main__", "process": {"id": 6992, "name": "MainProcess"}, "thread": {"id": 1136, "name": "MainThread"}, "time": {"repr": "2024-08-25 01:33:13.355714+05:00", "timestamp": 1724531593.355714}}}
{"text": "2024-08-25T01:33:15.230402+0500 DEBUG reading db\n", "record": {"elapsed": {"repr": "0:00:04.120383", "seconds": 4.120383}, "exception": null, "extra": {}, "file": {"name": "main.py", "path": "C:\\Users\\melni\\PycharmProjects\\betboom_parser\\main.py"}, "function": "find_game", "level": {"icon": "🐞", "name": "DEBUG", "no": 10}, "line": 52, "message": "reading db", "module": "main", "name": "__main__", "process": {"id": 6992, "name": "MainProcess"}, "thread": {"id": 1136, "name": "MainThread"}, "time": {"repr": "2024-08-25 01:33:15.230402+05:00", "timestamp": 1724531595.230402}}}
{"text": "2024-08-25T01:33:15.525146+0500 INFO CS 2. CCT Europe Series 9 (25.08 17:30)\nB8 - Revenant Esports\n\n1-я карта -> 1.46 & 2.629\n", "record": {"elapsed": {"repr": "0:00:04.415127", "seconds": 4.415127}, "exception": null, "extra": {}, "file": {"name": "main.py", "path": "C:\\Users\\melni\\PycharmProjects\\betboom_parser\\main.py"}, "function": "get_message", "level": {"icon": "ℹ️", "name": "INFO", "no": 20}, "line": 27, "message": "CS 2. CCT Europe Series 9 (25.08 17:30)\nB8 - Revenant Esports\n\n1-я карта -> 1.46 & 2.629", "module": "main", "name": "__main__", "process": {"id": 6992, "name": "MainProcess"}, "thread": {"id": 1136, "name": "MainThread"}, "time": {"repr": "2024-08-25 01:33:15.525146+05:00", "timestamp": 1724531595.525146}}}
{"text": "2024-08-25T01:33:15.526164+0500 INFO message sent\n", "record": {"elapsed": {"repr": "0:00:04.416145", "seconds": 4.416145}, "exception": null, "extra": {}, "file": {"name": "main.py", "path": "C:\\Users\\melni\\PycharmProjects\\betboom_parser\\main.py"}, "function": "get_message", "level": {"icon": "ℹ️", "name": "INFO", "no": 20}, "line": 28, "message": "message sent", "module": "main", "name": "__main__", "process": {"id": 6992, "name": "MainProcess"}, "thread": {"id": 1136, "name": "MainThread"}, "time": {"repr": "2024-08-25 01:33:15.526164+05:00", "timestamp": 1724531595.526164}}}
{"text": "2024-08-25T01:33:15.527162+0500 DEBUG writing bet to db\n", "record": {"elapsed": {"repr": "0:00:04.417143", "seconds": 4.417143}, "exception": null, "extra": {}, "file": {"name": "main.py", "path": "C:\\Users\\melni\\PycharmProjects\\betboom_parser\\main.py"}, "function": "find_game", "level": {"icon": "🐞", "name": "DEBUG", "no": 10}, "line": 66, "message": "writing bet to db", "module": "main", "name": "__main__", "process": {"id": 6992, "name": "MainProcess"}, "thread": {"id": 1136, "name": "MainThread"}, "time": {"repr": "2024-08-25 01:33:15.527162+05:00", "timestamp": 1724531595.527162}}}
{"text": "2024-08-25T01:33:15.528156+0500 DEBUG finding coefficients\n", "record": {"elapsed": {"repr": "0:00:04.418137", "seconds": 4.418137}, "exception": null, "extra": {}, "file": {"name": "main.py", "path": "C:\\Users\\melni\\PycharmProjects\\betboom_parser\\main.py"}, "function": "get_bet", "level": {"icon": "🐞", "name": "DEBUG", "no": 10}, "line": 92, "message": "finding coefficients", "module": "main", "name": "__main__", "process": {"id": 6992, "name": "MainProcess"}, "thread": {"id": 1136, "name": "MainThread"}, "time": {"repr": "2024-08-25 01:33:15.528156+05:00", "timestamp": 1724531595.528156}}}
{"text": "2024-08-25T01:33:15.529163+0500 DEBUG reading db\n", "record": {"elapsed": {"repr": "0:00:04.419144", "seconds": 4.419144}, "exception": null, "extra": {}, "file": {"name": "main.py", "path": "C:\\Users\\melni\\PycharmProjects\\betboom_parser\\main.py"}, "function": "find_game", "level": {"icon": "🐞", "name": "DEBUG", "no": 10}, "line": 52, "message": "reading db", "module": "main", "name": "__main__", "process": {"id": 6992, "name": "MainProcess"}, "thread": {"id": 1136, "name": "MainThread"}, "time": {"repr": "2024-08-25 01:33:15.529163+05:00", "timestamp": 1724531595.529163}}}
{"text": "2024-08-25T01:33:15.830261+0500 INFO CS 2. CCT Europe Series 9 (25.08 17:30)\nB8 - Revenant Esports\n\n2-я карта -> 1.46 & 2.629\n", "record": {"elapsed": {"repr": "0:00:04.720242", "seconds": 4.720242}, "exception": null, "extra": {}, "file": {"name": "main.py", "path": "C:\\Users\\melni\\PycharmProjects\\betboom_parser\\main.py"}, "function": "get_message", "level": {"icon": "ℹ️", "name": "INFO", "no": 20}, "line": 27, "message": "CS 2. CCT Europe Series 9 (25.08 17:30)\nB8 - Revenant Esports\n\n2-я карта -> 1.46 & 2.629", "module": "main", "name": "__main__", "process": {"id": 6992, "name": "MainProcess"}, "thread": {"id": 1136, "name": "MainThread"}, "time": {"repr": "2024-08-25 01:33:15.830261+05:00", "timestamp": 1724531595.830261}}}
{"text": "2024-08-25T01:33:15.831249+0500 INFO message sent\n", "record": {"elapsed": {"repr": "0:00:04.721230", "seconds": 4.72123}, "exception": null, "extra": {}, "file": {"name": "main.py", "path": "C:\\Users\\melni\\PycharmProjects\\betboom_parser\\main.py"}, "function": "get_message", "level": {"icon": "ℹ️", "name": "INFO", "no": 20}, "line": 28, "message": "message sent", "module": "main", "name": "__main__", "process": {"id": 6992, "name": "MainProcess"}, "thread": {"id": 1136, "name": "MainThread"}, "time": {"repr": "2024-08-25 01:33:15.831249+05:00", "timestamp": 1724531595.831249}}}
{"text": "2024-08-25T01:33:15.834845+0500 DEBUG writing bet to db\n", "record": {"elapsed": {"repr": "0:00:04.724826", "seconds": 4.724826}, "exception": null, "extra": {}, "file": {"name": "main.py", "path": "C:\\Users\\melni\\PycharmProjects\\betboom_parser\\main.py"}, "function": "find_game", "level": {"icon": "🐞", "name": "DEBUG", "no": 10}, "line": 66, "message": "writing bet to db", "module": "main", "name": "__main__", "process": {"id": 6992, "name": "MainProcess"}, "thread": {"id": 1136, "name": "MainThread"}, "time": {"repr": "2024-08-25 01:33:15.834845+05:00", "timestamp": 1724531595.834845}}}
{"text": "2024-08-25T01:33:15.835876+0500 DEBUG finding coefficients\n", "record": {"elapsed": {"repr": "0:00:04.725857", "seconds": 4.725857}, "exception": null, "extra": {}, "file": {"name": "main.py", "path": "C:\\Users\\melni\\PycharmProjects\\betboom_parser\\main.py"}, "function": "get_bet", "level": {"icon": "🐞", "name": "DEBUG", "no": 10}, "line": 92, "message": "finding coefficients", "module": "main", "name": "__main__", "process": {"id": 6992, "name": "MainProcess"}, "thread": {"id": 1136, "name": "MainThread"}, "time": {"repr": "2024-08-25 01:33:15.835876+05:00", "timestamp": 1724531595.835876}}}
{"text": "2024-08-25T01:33:15.837882+0500 DEBUG reading db\n", "record": {"elapsed": {"repr": "0:00:04.727863", "seconds": 4.727863}, "exception": null, "extra": {}, "file": {"name": "main.py", "path": "C:\\Users\\melni\\PycharmProjects\\betboom_parser\\main.py"}, "function": "find_game", "level": {"icon": "🐞", "name": "DEBUG", "no": 10}, "line": 52, "message": "reading db", "module": "main", "name": "__main__", "process": {"id": 6992, "name": "MainProcess"}, "thread": {"id": 1136, "name": "MainThread"}, "time": {"repr": "2024-08-25 01:33:15.837882+05:00", "timestamp": 1724531595.837882}}}
{"text": "2024-08-25T01:33:15.838900+0500 DEBUG writing bet to db\n", "record": {"elapsed": {"repr": "0:00:04.728881", "seconds": 4.728881}, "exception": null, "extra": {}, "file": {"name": "main.py", "path": "C:\\Users\\melni\\PycharmProjects\\betboom_parser\\main.py"}, "function": "find_game", "level": {"icon": "🐞", "name": "DEBUG", "no": 10}, "line": 66, "message": "writing bet to db", "module": "main", "name": "__main__", "process": {"id": 6992, "name": "MainProcess"}, "thread": {"id": 1136, "name": "MainThread"}, "time": {"repr": "2024-08-25 01:33:15.838900+05:00", "timestamp": 1724531595.8389}}}
{"text": "2024-08-25T01:33:15.845004+0500 DEBUG finding coefficients\n", "record": {"elapsed": {"repr": "0:00:04.734985", "seconds": 4.734985}, "exception": null, "extra": {}, "file": {"name": "main.py", "path": "C:\\Users\\melni\\PycharmProjects\\betboom_parser\\main.py"}, "function": "get_bet", "level": {"icon": "🐞", "name": "DEBUG", "no": 10}, "line": 92, "message": "finding coefficients", "module": "main", "name": "__main__", "process": {"id": 6992, "name": "MainProcess"}, "thread": {"id": 1136, "name": "MainThread"}, "time": {"repr": "2024-08-25 01:33:15.845004+05:00", "timestamp": 1724531595.845004}}}
{"text": "2024-08-25T01:33:15.846039+0500 DEBUG getting info about match...\n", "record": {"elapsed": {"repr": "0:00:04.736020", "seconds": 4.73602}, "exception": null, "extra": {}, "file": {"name": "main.py", "path": "C:\\Users\\melni\\PycharmProjects\\betboom_parser\\main.py"}, "function": "get_match", "level": {"icon": "🐞", "name": "DEBUG", "no": 10}, "line": 117, "message": "getting info about match...", "module": "main", "name": "__main__", "process": {"id": 6992, "name": "MainProcess"}, "thread": {"id": 1136, "name": "MainThread"}, "time": {"repr": "2024-08-25 01:33:15.846039+05:00", "timestamp": 1724531595.846039}}}
{"text": "2024-08-25T01:33:15.847041+0500 DEBUG getting matches...\n", "record": {"elapsed": {"repr": "0:00:04.737022", "seconds": 4.737022}, "exception": null, "extra": {}, "file": {"name": "main.py", "path": "C:\\Users\\melni\\PycharmProjects\\betboom_parser\\main.py"}, "function": "main", "level": {"icon": "🐞", "name": "DEBUG", "no": 10}, "line": 140, "message": "getting matches...", "module": "main", "name": "__main__", "process": {"id": 6992, "name": "MainProcess"}, "thread": {"id": 1136, "name": "MainThread"}, "time": {"repr": "2024-08-25 01:33:15.847041+05:00", "timestamp": 1724531595.847041}}}
{"text": "2024-08-25T01:33:15.849051+0500 INFO sleeping...\n", "record": {"elapsed": {"repr": "0:00:04.739032", "seconds": 4.739032}, "exception": null, "extra": {}, "file": {"name": "main.py", "path": "C:\\Users\\melni\\PycharmProjects\\betboom_parser\\main.py"}, "function": "<module>", "level": {"icon": "ℹ️", "name": "INFO", "no": 20}, "line": 147, "message": "sleeping...", "module": "main", "name": "__main__", "process": {"id": 6992, "name": "MainProcess"}, "thread": {"id": 1136, "name": "MainThread"}, "time": {"repr": "2024-08-25 01:33:15.849051+05:00", "timestamp": 1724531595.849051}}}
{"text": "2024-08-25T02:18:17.077292+0500 DEBUG reading db\n", "record": {"elapsed": {"repr": "0:00:00.975601", "seconds": 0.975601}, "exception": null, "extra": {}, "file": {"name": "main.py", "path": "C:\\Users\\melni\\PycharmProjects\\betboom_parser\\main.py"}, "function": "find_game", "level": {"icon": "🐞", "name": "DEBUG", "no": 10}, "line": 54, "message": "reading db", "module": "main", "name": "__main__", "process": {"id": 6276, "name": "MainProcess"}, "thread": {"id": 6848, "name": "MainThread"}, "time": {"repr": "2024-08-25 02:18:17.077292+05:00", "timestamp": 1724534297.077292}}}
{"text": "2024-08-25T02:18:17.095262+0500 DEBUG writing bet to db\n", "record": {"elapsed": {"repr": "0:00:00.993571", "seconds": 0.993571}, "exception": null, "extra": {}, "file": {"name": "main.py", "path": "C:\\Users\\melni\\PycharmProjects\\betboom_parser\\main.py"}, "function": "find_game", "level": {"icon": "🐞", "name": "DEBUG", "no": 10}, "line": 68, "message": "writing bet to db", "module": "main", "name": "__main__", "process": {"id": 6276, "name": "MainProcess"}, "thread": {"id": 6848, "name": "MainThread"}, "time": {"repr": "2024-08-25 02:18:17.095262+05:00", "timestamp": 1724534297.095262}}}
{"text": "2024-08-25T02:18:17.096276+0500 DEBUG finding coefficients\n", "record": {"elapsed": {"repr": "0:00:00.994585", "seconds": 0.994585}, "exception": null, "extra": {}, "file": {"name": "main.py", "path": "C:\\Users\\melni\\PycharmProjects\\betboom_parser\\main.py"}, "function": "get_bet", "level": {"icon": "🐞", "name": "DEBUG", "no": 10}, "line": 94, "message": "finding coefficients", "module": "main", "name": "__main__", "process": {"id": 6276, "name": "MainProcess"}, "thread": {"id": 6848, "name": "MainThread"}, "time": {"repr": "2024-08-25 02:18:17.096276+05:00", "timestamp": 1724534297.096276}}}
{"text": "2024-08-25T02:18:17.097267+0500 DEBUG reading db\n", "record": {"elapsed": {"repr": "0:00:00.995576", "seconds": 0.995576}, "exception": null, "extra": {}, "file": {"name": "main.py", "path": "C:\\Users\\melni\\PycharmProjects\\betboom_parser\\main.py"}, "function": "find_game", "level": {"icon": "🐞", "name": "DEBUG", "no": 10}, "line": 54, "message": "reading db", "module": "main", "name": "__main__", "process": {"id": 6276, "name": "MainProcess"}, "thread": {"id": 6848, "name": "MainThread"}, "time": {"repr": "2024-08-25 02:18:17.097267+05:00", "timestamp": 1724534297.097267}}}
{"text": "2024-08-25T02:18:17.098274+0500 DEBUG writing bet to db\n", "record": {"elapsed": {"repr": "0:00:00.996583", "seconds": 0.996583}, "exception": null, "extra": {}, "file": {"name": "main.py", "path": "C:\\Users\\melni\\PycharmProjects\\betboom_parser\\main.py"}, "function": "find_game", "level": {"icon": "🐞", "name": "DEBUG", "no": 10}, "line": 68, "message": "writing bet to db", "module": "main", "name": "__main__", "process": {"id": 6276, "name": "MainProcess"}, "thread": {"id": 6848, "name": "MainThread"}, "time": {"repr": "2024-08-25 02:18:17.098274+05:00", "timestamp": 1724534297.098274}}}
{"text": "2024-08-25T02:18:17.099275+0500 DEBUG finding coefficients\n", "record": {"elapsed": {"repr": "0:00:00.997584", "seconds": 0.997584}, "exception": null, "extra": {}, "file": {"name": "main.py", "path": "C:\\Users\\melni\\PycharmProjects\\betboom_parser\\main.py"}, "function": "get_bet", "level": {"icon": "🐞", "name": "DEBUG", "no": 10}, "line": 94, "message": "finding coefficients", "module": "main", "name": "__main__", "process": {"id": 6276, "name": "MainProcess"}, "thread": {"id": 6848, "name": "MainThread"}, "time": {"repr": "2024-08-25 02:18:17.099275+05:00", "timestamp": 1724534297.099275}}}
{"text": "2024-08-25T02:18:17.100267+0500 DEBUG reading db\n", "record": {"elapsed": {"repr": "0:00:00.998576", "seconds": 0.998576}, "exception": null, "extra": {}, "file": {"name": "main.py", "path": "C:\\Users\\melni\\PycharmProjects\\betboom_parser\\main.py"}, "function": "find_game", "level": {"icon": "🐞", "name": "DEBUG", "no": 10}, "line": 54, "message": "reading db", "module": "main", "name": "__main__", "process": {"id": 6276, "name": "MainProcess"}, "thread": {"id": 6848, "name": "MainThread"}, "time": {"repr": "2024-08-25 02:18:17.100267+05:00", "timestamp": 1724534297.100267}}}
{"text": "2024-08-25T02:18:17.445983+0500 INFO CS 2. CCT South America (25.08 04:30)\nSensei Team - Yawara Esports\n\nold odds: 3-я карта -> 1.63\nnew odds: 3-я карта -> 1.67\n", "record": {"elapsed": {"repr": "0:00:01.344292", "seconds": 1.344292}, "exception": null, "extra": {}, "file": {"name": "main.py", "path": "C:\\Users\\melni\\PycharmProjects\\betboom_parser\\main.py"}, "function": "get_alter_message", "level": {"icon": "ℹ️", "name": "INFO", "no": 20}, "line": 44, "message": "CS 2. CCT South America (25.08 04:30)\nSensei Team - Yawara Esports\n\nold odds: 3-я карта -> 1.63\nnew odds: 3-я карта -> 1.67", "module": "main", "name": "__main__", "process": {"id": 6276, "name": "MainProcess"}, "thread": {"id": 6848, "name": "MainThread"}, "time": {"repr": "2024-08-25 02:18:17.445983+05:00", "timestamp": 1724534297.445983}}}
{"text": "2024-08-25T02:18:17.446979+0500 INFO message sent\n", "record": {"elapsed": {"repr": "0:00:01.345288", "seconds": 1.345288}, "exception": null, "extra": {}, "file": {"name": "main.py", "path": "C:\\Users\\melni\\PycharmProjects\\betboom_parser\\main.py"}, "function": "get_alter_message", "level": {"icon": "ℹ️", "name": "INFO", "no": 20}, "line": 45, "message": "message sent", "module": "main", "name": "__main__", "process": {"id": 6276, "name": "MainProcess"}, "thread": {"id": 6848, "name": "MainThread"}, "time": {"repr": "2024-08-25 02:18:17.446979+05:00", "timestamp": 1724534297.446979}}}
{"text": "2024-08-25T02:18:17.447980+0500 DEBUG writing bet to db\n", "record": {"elapsed": {"repr": "0:00:01.346289", "seconds": 1.346289}, "exception": null, "extra": {}, "file": {"name": "main.py", "path": "C:\\Users\\melni\\PycharmProjects\\betboom_parser\\main.py"}, "function": "find_game", "level": {"icon": "🐞", "name": "DEBUG", "no": 10}, "line": 68, "message": "writing bet to db", "module": "main", "name": "__main__", "process": {"id": 6276, "name": "MainProcess"}, "thread": {"id": 6848, "name": "MainThread"}, "time": {"repr": "2024-08-25 02:18:17.447980+05:00", "timestamp": 1724534297.44798}}}
{"text": "2024-08-25T02:18:17.448986+0500 DEBUG finding coefficients\n", "record": {"elapsed": {"repr": "0:00:01.347295", "seconds": 1.347295}, "exception": null, "extra": {}, "file": {"name": "main.py", "path": "C:\\Users\\melni\\PycharmProjects\\betboom_parser\\main.py"}, "function": "get_bet", "level": {"icon": "🐞", "name": "DEBUG", "no": 10}, "line": 94, "message": "finding coefficients", "module": "main", "name": "__main__", "process": {"id": 6276, "name": "MainProcess"}, "thread": {"id": 6848, "name": "MainThread"}, "time": {"repr": "2024-08-25 02:18:17.448986+05:00", "timestamp": 1724534297.448986}}}
{"text": "2024-08-25T02:18:17.449986+0500 DEBUG getting info about match...\n", "record": {"elapsed": {"repr": "0:00:01.348295", "seconds": 1.348295}, "exception": null, "extra": {}, "file": {"name": "main.py", "path": "C:\\Users\\melni\\PycharmProjects\\betboom_parser\\main.py"}, "function": "get_match", "level": {"icon": "🐞", "name": "DEBUG", "no": 10}, "line": 119, "message": "getting info about match...", "module": "main", "name": "__main__", "process": {"id": 6276, "name": "MainProcess"}, "thread": {"id": 6848, "name": "MainThread"}, "time": {"repr": "2024-08-25 02:18:17.449986+05:00", "timestamp": 1724534297.449986}}}
{"text": "2024-08-25T02:18:17.740736+0500 DEBUG reading db\n", "record": {"elapsed": {"repr": "0:00:01.639045", "seconds": 1.639045}, "exception": null, "extra": {}, "file": {"name": "main.py", "path": "C:\\Users\\melni\\PycharmProjects\\betboom_parser\\main.py"}, "function": "find_game", "level": {"icon": "🐞", "name": "DEBUG", "no": 10}, "line": 54, "message": "reading db", "module": "main", "name": "__main__", "process": {"id": 6276, "name": "MainProcess"}, "thread": {"id": 6848, "name": "MainThread"}, "time": {"repr": "2024-08-25 02:18:17.740736+05:00", "timestamp": 1724534297.740736}}}
{"text": "2024-08-25T02:18:17.741755+0500 DEBUG writing bet to db\n", "record": {"elapsed": {"repr": "0:00:01.640064", "seconds": 1.640064}, "exception": null, "extra": {}, "file": {"name": "main.py", "path": "C:\\Users\\melni\\PycharmProjects\\betboom_parser\\main.py"}, "function": "find_game", "level": {"icon": "🐞", "name": "DEBUG", "no": 10}, "line": 68, "message": "writing bet to db", "module": "main", "name": "__main__", "process": {"id": 6276, "name": "MainProcess"}, "thread": {"id": 6848, "name": "MainThread"}, "time": {"repr": "2024-08-25 02:18:17.741755+05:00", "timestamp": 1724534297.741755}}}
{"text": "2024-08-25T02:18:17.744744+0500 DEBUG finding coefficients\n", "record": {"elapsed": {"repr": "0:00:01.643053", "seconds": 1.643053}, "exception": null, "extra": {}, "file": {"name": "main.py", "path": "C:\\Users\\melni\\PycharmProjects\\betboom_parser\\main.py"}, "function": "get_bet", "level": {"icon": "🐞", "name": "DEBUG", "no": 10}, "line": 94, "message": "finding coefficients", "module": "main", "name": "__main__", "process": {"id": 6276, "name": "MainProcess"}, "thread": {"id": 6848, "name": "MainThread"}, "time": {"repr": "2024-08-25 02:18:17.744744+05:00", "timestamp": 1724534297.744744}}}
{"text": "2024-08-25T02:18:17.745758+0500 DEBUG reading db\n", "record": {"elapsed": {"repr": "0:00:01.644067", "seconds": 1.644067}, "exception": null, "extra": {}, "file": {"name": "main.py", "path": "C:\\Users\\melni\\PycharmProjects\\betboom_parser\\main.py"}, "function": "find_game", "level": {"icon": "🐞", "name": "DEBUG", "no": 10}, "line": 54, "message": "reading db", "module": "main", "name": "__main__", "process": {"id": 6276, "name": "MainProcess"}, "thread": {"id": 6848, "name": "MainThread"}, "time": {"repr": "2024-08-25 02:18:17.745758+05:00", "timestamp": 1724534297.745758}}}
{"text": "2024-08-25T02:18:17.747756+0500 DEBUG writing bet to db\n", "record": {"elapsed": {"repr": "0:00:01.646065", "seconds": 1.646065}, "exception": null, "extra": {}, "file": {"name": "main.py", "path": "C:\\Users\\melni\\PycharmProjects\\betboom_parser\\main.py"}, "function": "find_game", "level": {"icon": "🐞", "name": "DEBUG", "no": 10}, "line": 68, "message": "writing bet to db", "module": "main", "name": "__main__", "process": {"id": 6276, "name": "MainProcess"}, "thread": {"id": 6848, "name": "MainThread"}, "time": {"repr": "2024-08-25 02:18:17.747756+05:00", "timestamp": 1724534297.747756}}}
{"text": "2024-08-25T02:18:17.748755+0500 DEBUG finding coefficients\n", "record": {"elapsed": {"repr": "0:00:01.647064", "seconds": 1.647064}, "exception": null, "extra": {}, "file": {"name": "main.py", "path": "C:\\Users\\melni\\PycharmProjects\\betboom_parser\\main.py"}, "function": "get_bet", "level": {"icon": "🐞", "name": "DEBUG", "no": 10}, "line": 94, "message": "finding coefficients", "module": "main", "name": "__main__", "process": {"id": 6276, "name": "MainProcess"}, "thread": {"id": 6848, "name": "MainThread"}, "time": {"repr": "2024-08-25 02:18:17.748755+05:00", "timestamp": 1724534297.748755}}}
{"text": "2024-08-25T02:18:17.748755+0500 DEBUG reading db\n", "record": {"elapsed": {"repr": "0:00:01.647064", "seconds": 1.647064}, "exception": null, "extra": {}, "file": {"name": "main.py", "path": "C:\\Users\\melni\\PycharmProjects\\betboom_parser\\main.py"}, "function": "find_game", "level": {"icon": "🐞", "name": "DEBUG", "no": 10}, "line": 54, "message": "reading db", "module": "main", "name": "__main__", "process": {"id": 6276, "name": "MainProcess"}, "thread": {"id": 6848, "name": "MainThread"}, "time": {"repr": "2024-08-25 02:18:17.748755+05:00", "timestamp": 1724534297.748755}}}
{"text": "2024-08-25T02:18:17.749758+0500 DEBUG writing bet to db\n", "record": {"elapsed": {"repr": "0:00:01.648067", "seconds": 1.648067}, "exception": null, "extra": {}, "file": {"name": "main.py", "path": "C:\\Users\\melni\\PycharmProjects\\betboom_parser\\main.py"}, "function": "find_game", "level": {"icon": "🐞", "name": "DEBUG", "no": 10}, "line": 68, "message": "writing bet to db", "module": "main", "name": "__main__", "process": {"id": 6276, "name": "MainProcess"}, "thread": {"id": 6848, "name": "MainThread"}, "time": {"repr": "2024-08-25 02:18:17.749758+05:00", "timestamp": 1724534297.749758}}}
{"text": "2024-08-25T02:18:17.750757+0500 DEBUG finding coefficients\n", "record": {"elapsed": {"repr": "0:00:01.649066", "seconds": 1.649066}, "exception": null, "extra": {}, "file": {"name": "main.py", "path": "C:\\Users\\melni\\PycharmProjects\\betboom_parser\\main.py"}, "function": "get_bet", "level": {"icon": "🐞", "name": "DEBUG", "no": 10}, "line": 94, "message": "finding coefficients", "module": "main", "name": "__main__", "process": {"id": 6276, "name": "MainProcess"}, "thread": {"id": 6848, "name": "MainThread"}, "time": {"repr": "2024-08-25 02:18:17.750757+05:00", "timestamp": 1724534297.750757}}}
{"text": "2024-08-25T02:18:17.751757+0500 DEBUG getting info about match...\n", "record": {"elapsed": {"repr": "0:00:01.650066", "seconds": 1.650066}, "exception": null, "extra": {}, "file": {"name": "main.py", "path": "C:\\Users\\melni\\PycharmProjects\\betboom_parser\\main.py"}, "function": "get_match", "level": {"icon": "🐞", "name": "DEBUG", "no": 10}, "line": 119, "message": "getting info about match...", "module": "main", "name": "__main__", "process": {"id": 6276, "name": "MainProcess"}, "thread": {"id": 6848, "name": "MainThread"}, "time": {"repr": "2024-08-25 02:18:17.751757+05:00", "timestamp": 1724534297.751757}}}
{"text": "2024-08-25T02:18:17.948124+0500 DEBUG reading db\n", "record": {"elapsed": {"repr": "0:00:01.846433", "seconds": 1.846433}, "exception": null, "extra": {}, "file": {"name": "main.py", "path": "C:\\Users\\melni\\PycharmProjects\\betboom_parser\\main.py"}, "function": "find_game", "level": {"icon": "🐞", "name": "DEBUG", "no": 10}, "line": 54, "message": "reading db", "module": "main", "name": "__main__", "process": {"id": 6276, "name": "MainProcess"}, "thread": {"id": 6848, "name": "MainThread"}, "time": {"repr": "2024-08-25 02:18:17.948124+05:00", "timestamp": 1724534297.948124}}}
{"text": "2024-08-25T02:18:17.949119+0500 DEBUG writing bet to db\n", "record": {"elapsed": {"repr": "0:00:01.847428", "seconds": 1.847428}, "exception": null, "extra": {}, "file": {"name": "main.py", "path": "C:\\Users\\melni\\PycharmProjects\\betboom_parser\\main.py"}, "function": "find_game", "level": {"icon": "🐞", "name": "DEBUG", "no": 10}, "line": 68, "message": "writing bet to db", "module": "main", "name": "__main__", "process": {"id": 6276, "name": "MainProcess"}, "thread": {"id": 6848, "name": "MainThread"}, "time": {"repr": "2024-08-25 02:18:17.949119+05:00", "timestamp": 1724534297.949119}}}
{"text": "2024-08-25T02:18:17.950128+0500 DEBUG finding coefficients\n", "record": {"elapsed": {"repr": "0:00:01.848437", "seconds": 1.848437}, "exception": null, "extra": {}, "file": {"name": "main.py", "path": "C:\\Users\\melni\\PycharmProjects\\betboom_parser\\main.py"}, "function": "get_bet", "level": {"icon": "🐞", "name": "DEBUG", "no": 10}, "line": 94, "message": "finding coefficients", "module": "main", "name": "__main__", "process": {"id": 6276, "name": "MainProcess"}, "thread": {"id": 6848, "name": "MainThread"}, "time": {"repr": "2024-08-25 02:18:17.950128+05:00", "timestamp": 1724534297.950128}}}
{"text": "2024-08-25T02:18:17.951124+0500 DEBUG reading db\n", "record": {"elapsed": {"repr": "0:00:01.849433", "seconds": 1.849433}, "exception": null, "extra": {}, "file": {"name": "main.py", "path": "C:\\Users\\melni\\PycharmProjects\\betboom_parser\\main.py"}, "function": "find_game", "level": {"icon": "🐞", "name": "DEBUG", "no": 10}, "line": 54, "message": "reading db", "module": "main", "name": "__main__", "process": {"id": 6276, "name": "MainProcess"}, "thread": {"id": 6848, "name": "MainThread"}, "time": {"repr": "2024-08-25 02:18:17.951124+05:00", "timestamp": 1724534297.951124}}}
{"text": "2024-08-25T02:18:17.952125+0500 DEBUG writing bet to db\n", "record": {"elapsed": {"repr": "0:00:01.850434", "seconds": 1.850434}, "exception": null, "extra": {}, "file": {"name": "main.py", "path": "C:\\Users\\melni\\PycharmProjects\\betboom_parser\\main.py"}, "function": "find_game", "level": {"icon": "🐞", "name": "DEBUG", "no": 10}, "line": 68, "message": "writing bet to db", "module": "main", "name": "__main__", "process": {"id": 6276, "name": "MainProcess"}, "thread": {"id": 6848, "name": "MainThread"}, "time": {"repr": "2024-08-25 02:18:17.952125+05:00", "timestamp": 1724534297.952125}}}
{"text": "2024-08-25T02:18:17.953132+0500 DEBUG finding coefficients\n", "record": {"elapsed": {"repr": "0:00:01.851441", "seconds": 1.851441}, "exception": null, "extra": {}, "file": {"name": "main.py", "path": "C:\\Users\\melni\\PycharmProjects\\betboom_parser\\main.py"}, "function": "get_bet", "level": {"icon": "🐞", "name": "DEBUG", "no": 10}, "line": 94, "message": "finding coefficients", "module": "main", "name": "__main__", "process": {"id": 6276, "name": "MainProcess"}, "thread": {"id": 6848, "name": "MainThread"}, "time": {"repr": "2024-08-25 02:18:17.953132+05:00", "timestamp": 1724534297.953132}}}
{"text": "2024-08-25T02:18:17.954135+0500 DEBUG reading db\n", "record": {"elapsed": {"repr": "0:00:01.852444", "seconds": 1.852444}, "exception": null, "extra": {}, "file": {"name": "main.py", "path": "C:\\Users\\melni\\PycharmProjects\\betboom_parser\\main.py"}, "function": "find_game", "level": {"icon": "🐞", "name": "DEBUG", "no": 10}, "line": 54, "message": "reading db", "module": "main", "name": "__main__", "process": {"id": 6276, "name": "MainProcess"}, "thread": {"id": 6848, "name": "MainThread"}, "time": {"repr": "2024-08-25 02:18:17.954135+05:00", "timestamp": 1724534297.954135}}}
{"text": "2024-08-25T02:18:17.955138+0500 DEBUG writing bet to db\n", "record": {"elapsed": {"repr": "0:00:01.853447", "seconds": 1.853447}, "exception": null, "extra": {}, "file": {"name": "main.py", "path": "C:\\Users\\melni\\PycharmProjects\\betboom_parser\\main.py"}, "function": "find_game", "level": {"icon": "🐞", "name": "DEBUG", "no": 10}, "line": 68, "message": "writing bet to db", "module": "main", "name": "__main__", "process": {"id": 6276, "name": "MainProcess"}, "thread": {"id": 6848, "name": "MainThread"}, "time": {"repr": "2024-08-25 02:18:17.955138+05:00", "timestamp": 1724534297.955138}}}
{"text": "2024-08-25T02:18:17.956139+0500 DEBUG finding coefficients\n", "record": {"elapsed": {"repr": "0:00:01.854448", "seconds": 1.854448}, "exception": null, "extra": {}, "file": {"name": "main.py", "path": "C:\\Users\\melni\\PycharmProjects\\betboom_parser\\main.py"}, "function": "get_bet", "level": {"icon": "🐞", "name": "DEBUG", "no": 10}, "line": 94, "message": "finding coefficients", "module": "main", "name": "__main__", "process": {"id": 6276, "name": "MainProcess"}, "thread": {"id": 6848, "name": "MainThread"}, "time": {"repr": "2024-08-25 02:18:17.956139+05:00", "timestamp": 1724534297.956139}}}
{"text": "2024-08-25T02:18:17.957137+0500 DEBUG getting info about match...\n", "record": {"elapsed": {"repr": "0:00:01.855446", "seconds": 1.855446}, "exception": null, "extra": {}, "file": {"name": "main.py", "path": "C:\\Users\\melni\\PycharmProjects\\betboom_parser\\main.py"}, "function": "get_match", "level": {"icon": "🐞", "name": "DEBUG", "no": 10}, "line": 119, "message": "getting info about match...", "module": "main", "name": "__main__", "process": {"id": 6276, "name": "MainProcess"}, "thread": {"id": 6848, "name": "MainThread"}, "time": {"repr": "2024-08-25 02:18:17.957137+05:00", "timestamp": 1724534297.957137}}}
{"text": "2024-08-25T02:18:18.168534+0500 DEBUG reading db\n", "record": {"elapsed": {"repr": "0:00:02.066843", "seconds": 2.066843}, "exception": null, "extra": {}, "file": {"name": "main.py", "path": "C:\\Users\\melni\\PycharmProjects\\betboom_parser\\main.py"}, "function": "find_game", "level": {"icon": "🐞", "name": "DEBUG", "no": 10}, "line": 54, "message": "reading db", "module": "main", "name": "__main__", "process": {"id": 6276, "name": "MainProcess"}, "thread": {"id": 6848, "name": "MainThread"}, "time": {"repr": "2024-08-25 02:18:18.168534+05:00", "timestamp": 1724534298.168534}}}
{"text": "2024-08-25T02:18:18.169544+0500 DEBUG writing bet to db\n", "record": {"elapsed": {"repr": "0:00:02.067853", "seconds": 2.067853}, "exception": null, "extra": {}, "file": {"name": "main.py", "path": "C:\\Users\\melni\\PycharmProjects\\betboom_parser\\main.py"}, "function": "find_game", "level": {"icon": "🐞", "name": "DEBUG", "no": 10}, "line": 68, "message": "writing bet to db", "module": "main", "name": "__main__", "process": {"id": 6276, "name": "MainProcess"}, "thread": {"id": 6848, "name": "MainThread"}, "time": {"repr": "2024-08-25 02:18:18.169544+05:00", "timestamp": 1724534298.169544}}}
{"text": "2024-08-25T02:18:18.170544+0500 DEBUG finding coefficients\n", "record": {"elapsed": {"repr": "0:00:02.068853", "seconds": 2.068853}, "exception": null, "extra": {}, "file": {"name": "main.py", "path": "C:\\Users\\melni\\PycharmProjects\\betboom_parser\\main.py"}, "function": "get_bet", "level": {"icon": "🐞", "name": "DEBUG", "no": 10}, "line": 94, "message": "finding coefficients", "module": "main", "name": "__main__", "process": {"id": 6276, "name": "MainProcess"}, "thread": {"id": 6848, "name": "MainThread"}, "time": {"repr": "2024-08-25 02:18:18.170544+05:00", "timestamp": 1724534298.170544}}}
{"text": "2024-08-25T02:18:18.171543+0500 DEBUG reading db\n", "record": {"elapsed": {"repr": "0:00:02.069852", "seconds": 2.069852}, "exception": null, "extra": {}, "file": {"name": "main.py", "path": "C:\\Users\\melni\\PycharmProjects\\betboom_parser\\main.py"}, "function": "find_game", "level": {"icon": "🐞", "name": "DEBUG", "no": 10}, "line": 54, "message": "reading db", "module": "main", "name": "__main__", "process": {"id": 6276, "name": "MainProcess"}, "thread": {"id": 6848, "name": "MainThread"}, "time": {"repr": "2024-08-25 02:18:18.171543+05:00", "timestamp": 1724534298.171543}}}
{"text": "2024-08-25T02:18:18.173530+0500 DEBUG writing bet to db\n", "record": {"elapsed": {"repr": "0:00:02.071839", "seconds": 2.071839}, "exception": null, "extra": {}, "file": {"name": "main.py", "path": "C:\\Users\\melni\\PycharmProjects\\betboom_parser\\main.py"}, "function": "find_game", "level": {"icon": "🐞", "name": "DEBUG", "no": 10}, "line": 68, "message": "writing bet to db", "module": "main", "name": "__main__", "process": {"id": 6276, "name": "MainProcess"}, "thread": {"id": 6848, "name": "MainThread"}, "time": {"repr": "2024-08-25 02:18:18.173530+05:00", "timestamp": 1724534298.17353}}}
{"text": "2024-08-25T02:18:18.174546+0500 DEBUG finding coefficients\n", "record": {"elapsed": {"repr": "0:00:02.072855", "seconds": 2.072855}, "exception": null, "extra": {}, "file": {"name": "main.py", "path": "C:\\Users\\melni\\PycharmProjects\\betboom_parser\\main.py"}, "function": "get_bet", "level": {"icon": "🐞", "name": "DEBUG", "no": 10}, "line": 94, "message": "finding coefficients", "module": "main", "name": "__main__", "process": {"id": 6276, "name": "MainProcess"}, "thread": {"id": 6848, "name": "MainThread"}, "time": {"repr": "2024-08-25 02:18:18.174546+05:00", "timestamp": 1724534298.174546}}}
{"text": "2024-08-25T02:18:18.177546+0500 DEBUG reading db\n", "record": {"elapsed": {"repr": "0:00:02.075855", "seconds": 2.075855}, "exception": null, "extra": {}, "file": {"name": "main.py", "path": "C:\\Users\\melni\\PycharmProjects\\betboom_parser\\main.py"}, "function": "find_game", "level": {"icon": "🐞", "name": "DEBUG", "no": 10}, "line": 54, "message": "reading db", "module": "main", "name": "__main__", "process": {"id": 6276, "name": "MainProcess"}, "thread": {"id": 6848, "name": "MainThread"}, "time": {"repr": "2024-08-25 02:18:18.177546+05:00", "timestamp": 1724534298.177546}}}
{"text": "2024-08-25T02:18:18.178543+0500 DEBUG writing bet to db\n", "record": {"elapsed": {"repr": "0:00:02.076852", "seconds": 2.076852}, "exception": null, "extra": {}, "file": {"name": "main.py", "path": "C:\\Users\\melni\\PycharmProjects\\betboom_parser\\main.py"}, "function": "find_game", "level": {"icon": "🐞", "name": "DEBUG", "no": 10}, "line": 68, "message": "writing bet to db", "module": "main", "name": "__main__", "process": {"id": 6276, "name": "MainProcess"}, "thread": {"id": 6848, "name": "MainThread"}, "time": {"repr": "2024-08-25 02:18:18.178543+05:00", "timestamp": 1724534298.178543}}}
{"text": "2024-08-25T02:18:18.179543+0500 DEBUG finding coefficients\n", "record": {"elapsed": {"repr": "0:00:02.077852", "seconds": 2.077852}, "exception": null, "extra": {}, "file": {"name": "main.py", "path": "C:\\Users\\melni\\PycharmProjects\\betboom_parser\\main.py"}, "function": "get_bet", "level": {"icon": "🐞", "name": "DEBUG", "no": 10}, "line": 94, "message": "finding coefficients", "module": "main", "name": "__main__", "process": {"id": 6276, "name": "MainProcess"}, "thread": {"id": 6848, "name": "MainThread"}, "time": {"repr": "2024-08-25 02:18:18.179543+05:00", "timestamp": 1724534298.179543}}}
{"text": "2024-08-25T02:18:18.180535+0500 DEBUG getting info about match...\n", "record": {"elapsed": {"repr": "0:00:02.078844", "seconds": 2.078844}, "exception": null, "extra": {}, "file": {"name": "main.py", "path": "C:\\Users\\melni\\PycharmProjects\\betboom_parser\\main.py"}, "function": "get_match", "level": {"icon": "🐞", "name": "DEBUG", "no": 10}, "line": 119, "message": "getting info about match...", "module": "main", "name": "__main__", "process": {"id": 6276, "name": "MainProcess"}, "thread": {"id": 6848, "name": "MainThread"}, "time": {"repr": "2024-08-25 02:18:18.180535+05:00", "timestamp": 1724534298.180535}}}
{"text": "2024-08-25T02:18:18.446902+0500 DEBUG reading db\n", "record": {"elapsed": {"repr": "0:00:02.345211", "seconds": 2.345211}, "exception": null, "extra": {}, "file": {"name": "main.py", "path": "C:\\Users\\melni\\PycharmProjects\\betboom_parser\\main.py"}, "function": "find_game", "level": {"icon": "🐞", "name": "DEBUG", "no": 10}, "line": 54, "message": "reading db", "module": "main", "name": "__main__", "process": {"id": 6276, "name": "MainProcess"}, "thread": {"id": 6848, "name": "MainThread"}, "time": {"repr": "2024-08-25 02:18:18.446902+05:00", "timestamp": 1724534298.446902}}}
{"text": "2024-08-25T02:18:18.448918+0500 DEBUG writing bet to db\n", "record": {"elapsed": {"repr": "0:00:02.347227", "seconds": 2.347227}, "exception": null, "extra": {}, "file": {"name": "main.py", "path": "C:\\Users\\melni\\PycharmProjects\\betboom_parser\\main.py"}, "function": "find_game", "level": {"icon": "🐞", "name": "DEBUG", "no": 10}, "line": 68, "message": "writing bet to db", "module": "main", "name": "__main__", "process": {"id": 6276, "name": "MainProcess"}, "thread": {"id": 6848, "name": "MainThread"}, "time": {"repr": "2024-08-25 02:18:18.448918+05:00", "timestamp": 1724534298.448918}}}
{"text": "2024-08-25T02:18:18.451904+0500 DEBUG finding coefficients\n", "record": {"elapsed": {"repr": "0:00:02.350213", "seconds": 2.350213}, "exception": null, "extra": {}, "file": {"name": "main.py", "path": "C:\\Users\\melni\\PycharmProjects\\betboom_parser\\main.py"}, "function": "get_bet", "level": {"icon": "🐞", "name": "DEBUG", "no": 10}, "line": 94, "message": "finding coefficients", "module": "main", "name": "__main__", "process": {"id": 6276, "name": "MainProcess"}, "thread": {"id": 6848, "name": "MainThread"}, "time": {"repr": "2024-08-25 02:18:18.451904+05:00", "timestamp": 1724534298.451904}}}
{"text": "2024-08-25T02:18:18.451904+0500 DEBUG reading db\n", "record": {"elapsed": {"repr": "0:00:02.350213", "seconds": 2.350213}, "exception": null, "extra": {}, "file": {"name": "main.py", "path": "C:\\Users\\melni\\PycharmProjects\\betboom_parser\\main.py"}, "function": "find_game", "level": {"icon": "🐞", "name": "DEBUG", "no": 10}, "line": 54, "message": "reading db", "module": "main", "name": "__main__", "process": {"id": 6276, "name": "MainProcess"}, "thread": {"id": 6848, "name": "MainThread"}, "time": {"repr": "2024-08-25 02:18:18.451904+05:00", "timestamp": 1724534298.451904}}}
{"text": "2024-08-25T02:18:18.453907+0500 DEBUG writing bet to db\n", "record": {"elapsed": {"repr": "0:00:02.352216", "seconds": 2.352216}, "exception": null, "extra": {}, "file": {"name": "main.py", "path": "C:\\Users\\melni\\PycharmProjects\\betboom_parser\\main.py"}, "function": "find_game", "level": {"icon": "🐞", "name": "DEBUG", "no": 10}, "line": 68, "message": "writing bet to db", "module": "main", "name": "__main__", "process": {"id": 6276, "name": "MainProcess"}, "thread": {"id": 6848, "name": "MainThread"}, "time": {"repr": "2024-08-25 02:18:18.453907+05:00", "timestamp": 1724534298.453907}}}
{"text": "2024-08-25T02:18:18.454957+0500 DEBUG finding coefficients\n", "record": {"elapsed": {"repr": "0:00:02.353266", "seconds": 2.353266}, "exception": null, "extra": {}, "file": {"name": "main.py", "path": "C:\\Users\\melni\\PycharmProjects\\betboom_parser\\main.py"}, "function": "get_bet", "level": {"icon": "🐞", "name": "DEBUG", "no": 10}, "line": 94, "message": "finding coefficients", "module": "main", "name": "__main__", "process": {"id": 6276, "name": "MainProcess"}, "thread": {"id": 6848, "name": "MainThread"}, "time": {"repr": "2024-08-25 02:18:18.454957+05:00", "timestamp": 1724534298.454957}}}
{"text": "2024-08-25T02:18:18.456897+0500 DEBUG reading db\n", "record": {"elapsed": {"repr": "0:00:02.355206", "seconds": 2.355206}, "exception": null, "extra": {}, "file": {"name": "main.py", "path": "C:\\Users\\melni\\PycharmProjects\\betboom_parser\\main.py"}, "function": "find_game", "level": {"icon": "🐞", "name": "DEBUG", "no": 10}, "line": 54, "message": "reading db", "module": "main", "name": "__main__", "process": {"id": 6276, "name": "MainProcess"}, "thread": {"id": 6848, "name": "MainThread"}, "time": {"repr": "2024-08-25 02:18:18.456897+05:00", "timestamp": 1724534298.456897}}}
{"text": "2024-08-25T02:18:18.460912+0500 DEBUG writing bet to db\n", "record": {"elapsed": {"repr": "0:00:02.359221", "seconds": 2.359221}, "exception": null, "extra": {}, "file": {"name": "main.py", "path": "C:\\Users\\melni\\PycharmProjects\\betboom_parser\\main.py"}, "function": "find_game", "level": {"icon": "🐞", "name": "DEBUG", "no": 10}, "line": 68, "message": "writing bet to db", "module": "main", "name": "__main__", "process": {"id": 6276, "name": "MainProcess"}, "thread": {"id": 6848, "name": "MainThread"}, "time": {"repr": "2024-08-25 02:18:18.460912+05:00", "timestamp": 1724534298.460912}}}
{"text": "2024-08-25T02:18:18.461907+0500 DEBUG finding coefficients\n", "record": {"elapsed": {"repr": "0:00:02.360216", "seconds": 2.360216}, "exception": null, "extra": {}, "file": {"name": "main.py", "path": "C:\\Users\\melni\\PycharmProjects\\betboom_parser\\main.py"}, "function": "get_bet", "level": {"icon": "🐞", "name": "DEBUG", "no": 10}, "line": 94, "message": "finding coefficients", "module": "main", "name": "__main__", "process": {"id": 6276, "name": "MainProcess"}, "thread": {"id": 6848, "name": "MainThread"}, "time": {"repr": "2024-08-25 02:18:18.461907+05:00", "timestamp": 1724534298.461907}}}
{"text": "2024-08-25T02:18:18.462907+0500 DEBUG getting info about match...\n", "record": {"elapsed": {"repr": "0:00:02.361216", "seconds": 2.361216}, "exception": null, "extra": {}, "file": {"name": "main.py", "path": "C:\\Users\\melni\\PycharmProjects\\betboom_parser\\main.py"}, "function": "get_match", "level": {"icon": "🐞", "name": "DEBUG", "no": 10}, "line": 119, "message": "getting info about match...", "module": "main", "name": "__main__", "process": {"id": 6276, "name": "MainProcess"}, "thread": {"id": 6848, "name": "MainThread"}, "time": {"repr": "2024-08-25 02:18:18.462907+05:00", "timestamp": 1724534298.462907}}}
{"text": "2024-08-25T02:18:18.782471+0500 DEBUG reading db\n", "record": {"elapsed": {"repr": "0:00:02.680780", "seconds": 2.68078}, "exception": null, "extra": {}, "file": {"name": "main.py", "path": "C:\\Users\\melni\\PycharmProjects\\betboom_parser\\main.py"}, "function": "find_game", "level": {"icon": "🐞", "name": "DEBUG", "no": 10}, "line": 54, "message": "reading db", "module": "main", "name": "__main__", "process": {"id": 6276, "name": "MainProcess"}, "thread": {"id": 6848, "name": "MainThread"}, "time": {"repr": "2024-08-25 02:18:18.782471+05:00", "timestamp": 1724534298.782471}}}
{"text": "2024-08-25T02:18:18.784485+0500 DEBUG writing bet to db\n", "record": {"elapsed": {"repr": "0:00:02.682794", "seconds": 2.682794}, "exception": null, "extra": {}, "file": {"name": "main.py", "path": "C:\\Users\\melni\\PycharmProjects\\betboom_parser\\main.py"}, "function": "find_game", "level": {"icon": "🐞", "name": "DEBUG", "no": 10}, "line": 68, "message": "writing bet to db", "module": "main", "name": "__main__", "process": {"id": 6276, "name": "MainProcess"}, "thread": {"id": 6848, "name": "MainThread"}, "time": {"repr": "2024-08-25 02:18:18.784485+05:00", "timestamp": 1724534298.784485}}}
{"text": "2024-08-25T02:18:18.798477+0500 DEBUG finding coefficients\n", "record": {"elapsed": {"repr": "0:00:02.696786", "seconds": 2.696786}, "exception": null, "extra": {}, "file": {"name": "main.py", "path": "C:\\Users\\melni\\PycharmProjects\\betboom_parser\\main.py"}, "function": "get_bet", "level": {"icon": "🐞", "name": "DEBUG", "no": 10}, "line": 94, "message": "finding coefficients", "module": "main", "name": "__main__", "process": {"id": 6276, "name": "MainProcess"}, "thread": {"id": 6848, "name": "MainThread"}, "time": {"repr": "2024-08-25 02:18:18.798477+05:00", "timestamp": 1724534298.798477}}}
{"text": "2024-08-25T02:18:18.799488+0500 DEBUG reading db\n", "record": {"elapsed": {"repr": "0:00:02.697797", "seconds": 2.697797}, "exception": null, "extra": {}, "file": {"name": "main.py", "path": "C:\\Users\\melni\\PycharmProjects\\betboom_parser\\main.py"}, "function": "find_game", "level": {"icon": "🐞", "name": "DEBUG", "no": 10}, "line": 54, "message": "reading db", "module": "main", "name": "__main__", "process": {"id": 6276, "name": "MainProcess"}, "thread": {"id": 6848, "name": "MainThread"}, "time": {"repr": "2024-08-25 02:18:18.799488+05:00", "timestamp": 1724534298.799488}}}
{"text": "2024-08-25T02:18:18.801489+0500 DEBUG writing bet to db\n", "record": {"elapsed": {"repr": "0:00:02.699798", "seconds": 2.699798}, "exception": null, "extra": {}, "file": {"name": "main.py", "path": "C:\\Users\\melni\\PycharmProjects\\betboom_parser\\main.py"}, "function": "find_game", "level": {"icon": "🐞", "name": "DEBUG", "no": 10}, "line": 68, "message": "writing bet to db", "module": "main", "name": "__main__", "process": {"id": 6276, "name": "MainProcess"}, "thread": {"id": 6848, "name": "MainThread"}, "time": {"repr": "2024-08-25 02:18:18.801489+05:00", "timestamp": 1724534298.801489}}}
{"text": "2024-08-25T02:18:18.802488+0500 DEBUG finding coefficients\n", "record": {"elapsed": {"repr": "0:00:02.700797", "seconds": 2.700797}, "exception": null, "extra": {}, "file": {"name": "main.py", "path": "C:\\Users\\melni\\PycharmProjects\\betboom_parser\\main.py"}, "function": "get_bet", "level": {"icon": "🐞", "name": "DEBUG", "no": 10}, "line": 94, "message": "finding coefficients", "module": "main", "name": "__main__", "process": {"id": 6276, "name": "MainProcess"}, "thread": {"id": 6848, "name": "MainThread"}, "time": {"repr": "2024-08-25 02:18:18.802488+05:00", "timestamp": 1724534298.802488}}}
{"text": "2024-08-25T02:18:18.803486+0500 DEBUG reading db\n", "record": {"elapsed": {"repr": "0:00:02.701795", "seconds": 2.701795}, "exception": null, "extra": {}, "file": {"name": "main.py", "path": "C:\\Users\\melni\\PycharmProjects\\betboom_parser\\main.py"}, "function": "find_game", "level": {"icon": "🐞", "name": "DEBUG", "no": 10}, "line": 54, "message": "reading db", "module": "main", "name": "__main__", "process": {"id": 6276, "name": "MainProcess"}, "thread": {"id": 6848, "name": "MainThread"}, "time": {"repr": "2024-08-25 02:18:18.803486+05:00", "timestamp": 1724534298.803486}}}
{"text": "2024-08-25T02:18:18.805487+0500 DEBUG writing bet to db\n", "record": {"elapsed": {"repr": "0:00:02.703796", "seconds": 2.703796}, "exception": null, "extra": {}, "file": {"name": "main.py", "path": "C:\\Users\\melni\\PycharmProjects\\betboom_parser\\main.py"}, "function": "find_game", "level": {"icon": "🐞", "name": "DEBUG", "no": 10}, "line": 68, "message": "writing bet to db", "module": "main", "name": "__main__", "process": {"id": 6276, "name": "MainProcess"}, "thread": {"id": 6848, "name": "MainThread"}, "time": {"repr": "2024-08-25 02:18:18.805487+05:00", "timestamp": 1724534298.805487}}}
{"text": "2024-08-25T02:18:18.807485+0500 DEBUG finding coefficients\n", "record": {"elapsed": {"repr": "0:00:02.705794", "seconds": 2.705794}, "exception": null, "extra": {}, "file": {"name": "main.py", "path": "C:\\Users\\melni\\PycharmProjects\\betboom_parser\\main.py"}, "function": "get_bet", "level": {"icon": "🐞", "name": "DEBUG", "no": 10}, "line": 94, "message": "finding coefficients", "module": "main", "name": "__main__", "process": {"id": 6276, "name": "MainProcess"}, "thread": {"id": 6848, "name": "MainThread"}, "time": {"repr": "2024-08-25 02:18:18.807485+05:00", "timestamp": 1724534298.807485}}}
{"text": "2024-08-25T02:18:18.807485+0500 DEBUG getting info about match...\n", "record": {"elapsed": {"repr": "0:00:02.705794", "seconds": 2.705794}, "exception": null, "extra": {}, "file": {"name": "main.py", "path": "C:\\Users\\melni\\PycharmProjects\\betboom_parser\\main.py"}, "function": "get_match", "level": {"icon": "🐞", "name": "DEBUG", "no": 10}, "line": 119, "message": "getting info about match...", "module": "main", "name": "__main__", "process": {"id": 6276, "name": "MainProcess"}, "thread": {"id": 6848, "name": "MainThread"}, "time": {"repr": "2024-08-25 02:18:18.807485+05:00", "timestamp": 1724534298.807485}}}
{"text": "2024-08-25T02:18:20.788218+0500 DEBUG reading db\n", "record": {"elapsed": {"repr": "0:00:04.686527", "seconds": 4.686527}, "exception": null, "extra": {}, "file": {"name": "main.py", "path": "C:\\Users\\melni\\PycharmProjects\\betboom_parser\\main.py"}, "function": "find_game", "level": {"icon": "🐞", "name": "DEBUG", "no": 10}, "line": 54, "message": "reading db", "module": "main", "name": "__main__", "process": {"id": 6276, "name": "MainProcess"}, "thread": {"id": 6848, "name": "MainThread"}, "time": {"repr": "2024-08-25 02:18:20.788218+05:00", "timestamp": 1724534300.788218}}}
{"text": "2024-08-25T02:18:20.789212+0500 DEBUG writing bet to db\n", "record": {"elapsed": {"repr": "0:00:04.687521", "seconds": 4.687521}, "exception": null, "extra": {}, "file": {"name": "main.py", "path": "C:\\Users\\melni\\PycharmProjects\\betboom_parser\\main.py"}, "function": "find_game", "level": {"icon": "🐞", "name": "DEBUG", "no": 10}, "line": 68, "message": "writing bet to db", "module": "main", "name": "__main__", "process": {"id": 6276, "name": "MainProcess"}, "thread": {"id": 6848, "name": "MainThread"}, "time": {"repr": "2024-08-25 02:18:20.789212+05:00", "timestamp": 1724534300.789212}}}
{"text": "2024-08-25T02:18:20.790229+0500 DEBUG finding coefficients\n", "record": {"elapsed": {"repr": "0:00:04.688538", "seconds": 4.688538}, "exception": null, "extra": {}, "file": {"name": "main.py", "path": "C:\\Users\\melni\\PycharmProjects\\betboom_parser\\main.py"}, "function": "get_bet", "level": {"icon": "🐞", "name": "DEBUG", "no": 10}, "line": 94, "message": "finding coefficients", "module": "main", "name": "__main__", "process": {"id": 6276, "name": "MainProcess"}, "thread": {"id": 6848, "name": "MainThread"}, "time": {"repr": "2024-08-25 02:18:20.790229+05:00", "timestamp": 1724534300.790229}}}
{"text": "2024-08-25T02:18:20.791229+0500 DEBUG reading db\n", "record": {"elapsed": {"repr": "0:00:04.689538", "seconds": 4.689538}, "exception": null, "extra": {}, "file": {"name": "main.py", "path": "C:\\Users\\melni\\PycharmProjects\\betboom_parser\\main.py"}, "function": "find_game", "level": {"icon": "🐞", "name": "DEBUG", "no": 10}, "line": 54, "message": "reading db", "module": "main", "name": "__main__", "process": {"id": 6276, "name": "MainProcess"}, "thread": {"id": 6848, "name": "MainThread"}, "time": {"repr": "2024-08-25 02:18:20.791229+05:00", "timestamp": 1724534300.791229}}}
{"text": "2024-08-25T02:18:20.792238+0500 DEBUG writing bet to db\n", "record": {"elapsed": {"repr": "0:00:04.690547", "seconds": 4.690547}, "exception": null, "extra": {}, "file": {"name": "main.py", "path": "C:\\Users\\melni\\PycharmProjects\\betboom_parser\\main.py"}, "function": "find_game", "level": {"icon": "🐞", "name": "DEBUG", "no": 10}, "line": 68, "message": "writing bet to db", "module": "main", "name": "__main__", "process": {"id": 6276, "name": "MainProcess"}, "thread": {"id": 6848, "name": "MainThread"}, "time": {"repr": "2024-08-25 02:18:20.792238+05:00", "timestamp": 1724534300.792238}}}
{"text": "2024-08-25T02:18:20.793229+0500 DEBUG finding coefficients\n", "record": {"elapsed": {"repr": "0:00:04.691538", "seconds": 4.691538}, "exception": null, "extra": {}, "file": {"name": "main.py", "path": "C:\\Users\\melni\\PycharmProjects\\betboom_parser\\main.py"}, "function": "get_bet", "level": {"icon": "🐞", "name": "DEBUG", "no": 10}, "line": 94, "message": "finding coefficients", "module": "main", "name": "__main__", "process": {"id": 6276, "name": "MainProcess"}, "thread": {"id": 6848, "name": "MainThread"}, "time": {"repr": "2024-08-25 02:18:20.793229+05:00", "timestamp": 1724534300.793229}}}
{"text": "2024-08-25T02:18:20.793229+0500 DEBUG reading db\n", "record": {"elapsed": {"repr": "0:00:04.691538", "seconds": 4.691538}, "exception": null, "extra": {}, "file": {"name": "main.py", "path": "C:\\Users\\melni\\PycharmProjects\\betboom_parser\\main.py"}, "function": "find_game", "level": {"icon": "🐞", "name": "DEBUG", "no": 10}, "line": 54, "message": "reading db", "module": "main", "name": "__main__", "process": {"id": 6276, "name": "MainProcess"}, "thread": {"id": 6848, "name": "MainThread"}, "time": {"repr": "2024-08-25 02:18:20.793229+05:00", "timestamp": 1724534300.793229}}}
{"text": "2024-08-25T02:18:20.794235+0500 DEBUG writing bet to db\n", "record": {"elapsed": {"repr": "0:00:04.692544", "seconds": 4.692544}, "exception": null, "extra": {}, "file": {"name": "main.py", "path": "C:\\Users\\melni\\PycharmProjects\\betboom_parser\\main.py"}, "function": "find_game", "level": {"icon": "🐞", "name": "DEBUG", "no": 10}, "line": 68, "message": "writing bet to db", "module": "main", "name": "__main__", "process": {"id": 6276, "name": "MainProcess"}, "thread": {"id": 6848, "name": "MainThread"}, "time": {"repr": "2024-08-25 02:18:20.794235+05:00", "timestamp": 1724534300.794235}}}
{"text": "2024-08-25T02:18:20.795235+0500 DEBUG finding coefficients\n", "record": {"elapsed": {"repr": "0:00:04.693544", "seconds": 4.693544}, "exception": null, "extra": {}, "file": {"name": "main.py", "path": "C:\\Users\\melni\\PycharmProjects\\betboom_parser\\main.py"}, "function": "get_bet", "level": {"icon": "🐞", "name": "DEBUG", "no": 10}, "line": 94, "message": "finding coefficients", "module": "main", "name": "__main__", "process": {"id": 6276, "name": "MainProcess"}, "thread": {"id": 6848, "name": "MainThread"}, "time": {"repr": "2024-08-25 02:18:20.795235+05:00", "timestamp": 1724534300.795235}}}
{"text": "2024-08-25T02:18:20.796219+0500 DEBUG getting info about match...\n", "record": {"elapsed": {"repr": "0:00:04.694528", "seconds": 4.694528}, "exception": null, "extra": {}, "file": {"name": "main.py", "path": "C:\\Users\\melni\\PycharmProjects\\betboom_parser\\main.py"}, "function": "get_match", "level": {"icon": "🐞", "name": "DEBUG", "no": 10}, "line": 119, "message": "getting info about match...", "module": "main", "name": "__main__", "process": {"id": 6276, "name": "MainProcess"}, "thread": {"id": 6848, "name": "MainThread"}, "time": {"repr": "2024-08-25 02:18:20.796219+05:00", "timestamp": 1724534300.796219}}}
{"text": "2024-08-25T02:18:20.796219+0500 DEBUG getting matches...\n", "record": {"elapsed": {"repr": "0:00:04.694528", "seconds": 4.694528}, "exception": null, "extra": {}, "file": {"name": "main.py", "path": "C:\\Users\\melni\\PycharmProjects\\betboom_parser\\main.py"}, "function": "get_league", "level": {"icon": "🐞", "name": "DEBUG", "no": 10}, "line": 142, "message": "getting matches...", "module": "main", "name": "__main__", "process": {"id": 6276, "name": "MainProcess"}, "thread": {"id": 6848, "name": "MainThread"}, "time": {"repr": "2024-08-25 02:18:20.796219+05:00", "timestamp": 1724534300.796219}}}
{"text": "2024-08-25T02:18:20.798208+0500 INFO sleeping...\n", "record": {"elapsed": {"repr": "0:00:04.696517", "seconds": 4.696517}, "exception": null, "extra": {}, "file": {"name": "main.py", "path": "C:\\Users\\melni\\PycharmProjects\\betboom_parser\\main.py"}, "function": "<module>", "level": {"icon": "ℹ️", "name": "INFO", "no": 20}, "line": 149, "message": "sleeping...", "module": "main", "name": "__main__", "process": {"id": 6276, "name": "MainProcess"}, "thread": {"id": 6848, "name": "MainThread"}, "time": {"repr": "2024-08-25 02:18:20.798208+05:00", "timestamp": 1724534300.798208}}}
{"text": "2024-08-25T02:26:19.472212+0500 DEBUG reading db\n", "record": {"elapsed": {"repr": "0:00:00.823211", "seconds": 0.823211}, "exception": null, "extra": {}, "file": {"name": "main.py", "path": "C:\\Users\\melni\\PycharmProjects\\betboom_parser\\main.py"}, "function": "find_game", "level": {"icon": "🐞", "name": "DEBUG", "no": 10}, "line": 54, "message": "reading db", "module": "main", "name": "__main__", "process": {"id": 5896, "name": "MainProcess"}, "thread": {"id": 3160, "name": "MainThread"}, "time": {"repr": "2024-08-25 02:26:19.472212+05:00", "timestamp": 1724534779.472212}}}
{"text": "2024-08-25T02:26:19.474211+0500 DEBUG writing bet to db\n", "record": {"elapsed": {"repr": "0:00:00.825210", "seconds": 0.82521}, "exception": null, "extra": {}, "file": {"name": "main.py", "path": "C:\\Users\\melni\\PycharmProjects\\betboom_parser\\main.py"}, "function": "find_game", "level": {"icon": "🐞", "name": "DEBUG", "no": 10}, "line": 68, "message": "writing bet to db", "module": "main", "name": "__main__", "process": {"id": 5896, "name": "MainProcess"}, "thread": {"id": 3160, "name": "MainThread"}, "time": {"repr": "2024-08-25 02:26:19.474211+05:00", "timestamp": 1724534779.474211}}}
{"text": "2024-08-25T02:26:19.475237+0500 DEBUG finding coefficients\n", "record": {"elapsed": {"repr": "0:00:00.826236", "seconds": 0.826236}, "exception": null, "extra": {}, "file": {"name": "main.py", "path": "C:\\Users\\melni\\PycharmProjects\\betboom_parser\\main.py"}, "function": "get_bet", "level": {"icon": "🐞", "name": "DEBUG", "no": 10}, "line": 94, "message": "finding coefficients", "module": "main", "name": "__main__", "process": {"id": 5896, "name": "MainProcess"}, "thread": {"id": 3160, "name": "MainThread"}, "time": {"repr": "2024-08-25 02:26:19.475237+05:00", "timestamp": 1724534779.475237}}}
{"text": "2024-08-25T02:26:19.476195+0500 DEBUG reading db\n", "record": {"elapsed": {"repr": "0:00:00.827194", "seconds": 0.827194}, "exception": null, "extra": {}, "file": {"name": "main.py", "path": "C:\\Users\\melni\\PycharmProjects\\betboom_parser\\main.py"}, "function": "find_game", "level": {"icon": "🐞", "name": "DEBUG", "no": 10}, "line": 54, "message": "reading db", "module": "main", "name": "__main__", "process": {"id": 5896, "name": "MainProcess"}, "thread": {"id": 3160, "name": "MainThread"}, "time": {"repr": "2024-08-25 02:26:19.476195+05:00", "timestamp": 1724534779.476195}}}
{"text": "2024-08-25T02:26:19.478813+0500 DEBUG writing bet to db\n", "record": {"elapsed": {"repr": "0:00:00.829812", "seconds": 0.829812}, "exception": null, "extra": {}, "file": {"name": "main.py", "path": "C:\\Users\\melni\\PycharmProjects\\betboom_parser\\main.py"}, "function": "find_game", "level": {"icon": "🐞", "name": "DEBUG", "no": 10}, "line": 68, "message": "writing bet to db", "module": "main", "name": "__main__", "process": {"id": 5896, "name": "MainProcess"}, "thread": {"id": 3160, "name": "MainThread"}, "time": {"repr": "2024-08-25 02:26:19.478813+05:00", "timestamp": 1724534779.478813}}}
{"text": "2024-08-25T02:26:19.479808+0500 DEBUG finding coefficients\n", "record": {"elapsed": {"repr": "0:00:00.830807", "seconds": 0.830807}, "exception": null, "extra": {}, "file": {"name": "main.py", "path": "C:\\Users\\melni\\PycharmProjects\\betboom_parser\\main.py"}, "function": "get_bet", "level": {"icon": "🐞", "name": "DEBUG", "no": 10}, "line": 94, "message": "finding coefficients", "module": "main", "name": "__main__", "process": {"id": 5896, "name": "MainProcess"}, "thread": {"id": 3160, "name": "MainThread"}, "time": {"repr": "2024-08-25 02:26:19.479808+05:00", "timestamp": 1724534779.479808}}}
{"text": "2024-08-25T02:26:19.480832+0500 DEBUG reading db\n", "record": {"elapsed": {"repr": "0:00:00.831831", "seconds": 0.831831}, "exception": null, "extra": {}, "file": {"name": "main.py", "path": "C:\\Users\\melni\\PycharmProjects\\betboom_parser\\main.py"}, "function": "find_game", "level": {"icon": "🐞", "name": "DEBUG", "no": 10}, "line": 54, "message": "reading db", "module": "main", "name": "__main__", "process": {"id": 5896, "name": "MainProcess"}, "thread": {"id": 3160, "name": "MainThread"}, "time": {"repr": "2024-08-25 02:26:19.480832+05:00", "timestamp": 1724534779.480832}}}
{"text": "2024-08-25T02:26:19.786507+0500 INFO CS 2. CCT South America (25.08 04:30)\nSensei Team - Yawara Esports\n\nold odds: 3-я карта -> 1.63\nnew odds: 3-я карта -> 1.67\n", "record": {"elapsed": {"repr": "0:00:01.137506", "seconds": 1.137506}, "exception": null, "extra": {}, "file": {"name": "main.py", "path": "C:\\Users\\melni\\PycharmProjects\\betboom_parser\\main.py"}, "function": "get_alter_message", "level": {"icon": "ℹ️", "name": "INFO", "no": 20}, "line": 44, "message": "CS 2. CCT South America (25.08 04:30)\nSensei Team - Yawara Esports\n\nold odds: 3-я карта -> 1.63\nnew odds: 3-я карта -> 1.67", "module": "main", "name": "__main__", "process": {"id": 5896, "name": "MainProcess"}, "thread": {"id": 3160, "name": "MainThread"}, "time": {"repr": "2024-08-25 02:26:19.786507+05:00", "timestamp": 1724534779.786507}}}
{"text": "2024-08-25T02:26:19.788019+0500 INFO message sent\n", "record": {"elapsed": {"repr": "0:00:01.139018", "seconds": 1.139018}, "exception": null, "extra": {}, "file": {"name": "main.py", "path": "C:\\Users\\melni\\PycharmProjects\\betboom_parser\\main.py"}, "function": "get_alter_message", "level": {"icon": "ℹ️", "name": "INFO", "no": 20}, "line": 45, "message": "message sent", "module": "main", "name": "__main__", "process": {"id": 5896, "name": "MainProcess"}, "thread": {"id": 3160, "name": "MainThread"}, "time": {"repr": "2024-08-25 02:26:19.788019+05:00", "timestamp": 1724534779.788019}}}
{"text": "2024-08-25T02:26:19.788019+0500 DEBUG writing bet to db\n", "record": {"elapsed": {"repr": "0:00:01.139018", "seconds": 1.139018}, "exception": null, "extra": {}, "file": {"name": "main.py", "path": "C:\\Users\\melni\\PycharmProjects\\betboom_parser\\main.py"}, "function": "find_game", "level": {"icon": "🐞", "name": "DEBUG", "no": 10}, "line": 68, "message": "writing bet to db", "module": "main", "name": "__main__", "process": {"id": 5896, "name": "MainProcess"}, "thread": {"id": 3160, "name": "MainThread"}, "time": {"repr": "2024-08-25 02:26:19.788019+05:00", "timestamp": 1724534779.788019}}}
{"text": "2024-08-25T02:26:19.793585+0500 DEBUG finding coefficients\n", "record": {"elapsed": {"repr": "0:00:01.144584", "seconds": 1.144584}, "exception": null, "extra": {}, "file": {"name": "main.py", "path": "C:\\Users\\melni\\PycharmProjects\\betboom_parser\\main.py"}, "function": "get_bet", "level": {"icon": "🐞", "name": "DEBUG", "no": 10}, "line": 94, "message": "finding coefficients", "module": "main", "name": "__main__", "process": {"id": 5896, "name": "MainProcess"}, "thread": {"id": 3160, "name": "MainThread"}, "time": {"repr": "2024-08-25 02:26:19.793585+05:00", "timestamp": 1724534779.793585}}}
{"text": "2024-08-25T02:26:19.794585+0500 DEBUG getting info about match...\n", "record": {"elapsed": {"repr": "0:00:01.145584", "seconds": 1.145584}, "exception": null, "extra": {}, "file": {"name": "main.py", "path": "C:\\Users\\melni\\PycharmProjects\\betboom_parser\\main.py"}, "function": "get_match", "level": {"icon": "🐞", "name": "DEBUG", "no": 10}, "line": 119, "message": "getting info about match...", "module": "main", "name": "__main__", "process": {"id": 5896, "name": "MainProcess"}, "thread": {"id": 3160, "name": "MainThread"}, "time": {"repr": "2024-08-25 02:26:19.794585+05:00", "timestamp": 1724534779.794585}}}
{"text": "2024-08-25T02:26:19.995902+0500 DEBUG reading db\n", "record": {"elapsed": {"repr": "0:00:01.346901", "seconds": 1.346901}, "exception": null, "extra": {}, "file": {"name": "main.py", "path": "C:\\Users\\melni\\PycharmProjects\\betboom_parser\\main.py"}, "function": "find_game", "level": {"icon": "🐞", "name": "DEBUG", "no": 10}, "line": 54, "message": "reading db", "module": "main", "name": "__main__", "process": {"id": 5896, "name": "MainProcess"}, "thread": {"id": 3160, "name": "MainThread"}, "time": {"repr": "2024-08-25 02:26:19.995902+05:00", "timestamp": 1724534779.995902}}}
{"text": "2024-08-25T02:26:19.997443+0500 DEBUG writing bet to db\n", "record": {"elapsed": {"repr": "0:00:01.348442", "seconds": 1.348442}, "exception": null, "extra": {}, "file": {"name": "main.py", "path": "C:\\Users\\melni\\PycharmProjects\\betboom_parser\\main.py"}, "function": "find_game", "level": {"icon": "🐞", "name": "DEBUG", "no": 10}, "line": 68, "message": "writing bet to db", "module": "main", "name": "__main__", "process": {"id": 5896, "name": "MainProcess"}, "thread": {"id": 3160, "name": "MainThread"}, "time": {"repr": "2024-08-25 02:26:19.997443+05:00", "timestamp": 1724534779.997443}}}
{"text": "2024-08-25T02:26:19.998470+0500 DEBUG finding coefficients\n", "record": {"elapsed": {"repr": "0:00:01.349469", "seconds": 1.349469}, "exception": null, "extra": {}, "file": {"name": "main.py", "path": "C:\\Users\\melni\\PycharmProjects\\betboom_parser\\main.py"}, "function": "get_bet", "level": {"icon": "🐞", "name": "DEBUG", "no": 10}, "line": 94, "message": "finding coefficients", "module": "main", "name": "__main__", "process": {"id": 5896, "name": "MainProcess"}, "thread": {"id": 3160, "name": "MainThread"}, "time": {"repr": "2024-08-25 02:26:19.998470+05:00", "timestamp": 1724534779.99847}}}
{"text": "2024-08-25T02:26:19.999478+0500 DEBUG reading db\n", "record": {"elapsed": {"repr": "0:00:01.350477", "seconds": 1.350477}, "exception": null, "extra": {}, "file": {"name": "main.py", "path": "C:\\Users\\melni\\PycharmProjects\\betboom_parser\\main.py"}, "function": "find_game", "level": {"icon": "🐞", "name": "DEBUG", "no": 10}, "line": 54, "message": "reading db", "module": "main", "name": "__main__", "process": {"id": 5896, "name": "MainProcess"}, "thread": {"id": 3160, "name": "MainThread"}, "time": {"repr": "2024-08-25 02:26:19.999478+05:00", "timestamp": 1724534779.999478}}}
{"text": "2024-08-25T02:26:20.001524+0500 DEBUG writing bet to db\n", "record": {"elapsed": {"repr": "0:00:01.352523", "seconds": 1.352523}, "exception": null, "extra": {}, "file": {"name": "main.py", "path": "C:\\Users\\melni\\PycharmProjects\\betboom_parser\\main.py"}, "function": "find_game", "level": {"icon": "🐞", "name": "DEBUG", "no": 10}, "line": 68, "message": "writing bet to db", "module": "main", "name": "__main__", "process": {"id": 5896, "name": "MainProcess"}, "thread": {"id": 3160, "name": "MainThread"}, "time": {"repr": "2024-08-25 02:26:20.001524+05:00", "timestamp": 1724534780.001524}}}
{"text": "2024-08-25T02:26:20.002522+0500 DEBUG finding coefficients\n", "record": {"elapsed": {"repr": "0:00:01.353521", "seconds": 1.353521}, "exception": null, "extra": {}, "file": {"name": "main.py", "path": "C:\\Users\\melni\\PycharmProjects\\betboom_parser\\main.py"}, "function": "get_bet", "level": {"icon": "🐞", "name": "DEBUG", "no": 10}, "line": 94, "message": "finding coefficients", "module": "main", "name": "__main__", "process": {"id": 5896, "name": "MainProcess"}, "thread": {"id": 3160, "name": "MainThread"}, "time": {"repr": "2024-08-25 02:26:20.002522+05:00", "timestamp": 1724534780.002522}}}
{"text": "2024-08-25T02:26:20.003528+0500 DEBUG reading db\n", "record": {"elapsed": {"repr": "0:00:01.354527", "seconds": 1.354527}, "exception": null, "extra": {}, "file": {"name": "main.py", "path": "C:\\Users\\melni\\PycharmProjects\\betboom_parser\\main.py"}, "function": "find_game", "level": {"icon": "🐞", "name": "DEBUG", "no": 10}, "line": 54, "message": "reading db", "module": "main", "name": "__main__", "process": {"id": 5896, "name": "MainProcess"}, "thread": {"id": 3160, "name": "MainThread"}, "time": {"repr": "2024-08-25 02:26:20.003528+05:00", "timestamp": 1724534780.003528}}}
{"text": "2024-08-25T02:26:20.005523+0500 DEBUG writing bet to db\n", "record": {"elapsed": {"repr": "0:00:01.356522", "seconds": 1.356522}, "exception": null, "extra": {}, "file": {"name": "main.py", "path": "C:\\Users\\melni\\PycharmProjects\\betboom_parser\\main.py"}, "function": "find_game", "level": {"icon": "🐞", "name": "DEBUG", "no": 10}, "line": 68, "message": "writing bet to db", "module": "main", "name": "__main__", "process": {"id": 5896, "name": "MainProcess"}, "thread": {"id": 3160, "name": "MainThread"}, "time": {"repr": "2024-08-25 02:26:20.005523+05:00", "timestamp": 1724534780.005523}}}
{"text": "2024-08-25T02:26:20.010071+0500 DEBUG finding coefficients\n", "record": {"elapsed": {"repr": "0:00:01.361070", "seconds": 1.36107}, "exception": null, "extra": {}, "file": {"name": "main.py", "path": "C:\\Users\\melni\\PycharmProjects\\betboom_parser\\main.py"}, "function": "get_bet", "level": {"icon": "🐞", "name": "DEBUG", "no": 10}, "line": 94, "message": "finding coefficients", "module": "main", "name": "__main__", "process": {"id": 5896, "name": "MainProcess"}, "thread": {"id": 3160, "name": "MainThread"}, "time": {"repr": "2024-08-25 02:26:20.010071+05:00", "timestamp": 1724534780.010071}}}
{"text": "2024-08-25T02:26:20.010071+0500 DEBUG getting info about match...\n", "record": {"elapsed": {"repr": "0:00:01.361070", "seconds": 1.36107}, "exception": null, "extra": {}, "file": {"name": "main.py", "path": "C:\\Users\\melni\\PycharmProjects\\betboom_parser\\main.py"}, "function": "get_match", "level": {"icon": "🐞", "name": "DEBUG", "no": 10}, "line": 119, "message": "getting info about match...", "module": "main", "name": "__main__", "process": {"id": 5896, "name": "MainProcess"}, "thread": {"id": 3160, "name": "MainThread"}, "time": {"repr": "2024-08-25 02:26:20.010071+05:00", "timestamp": 1724534780.010071}}}
{"text": "2024-08-25T02:26:20.220319+0500 DEBUG reading db\n", "record": {"elapsed": {"repr": "0:00:01.571318", "seconds": 1.571318}, "exception": null, "extra": {}, "file": {"name": "main.py", "path": "C:\\Users\\melni\\PycharmProjects\\betboom_parser\\main.py"}, "function": "find_game", "level": {"icon": "🐞", "name": "DEBUG", "no": 10}, "line": 54, "message": "reading db", "module": "main", "name": "__main__", "process": {"id": 5896, "name": "MainProcess"}, "thread": {"id": 3160, "name": "MainThread"}, "time": {"repr": "2024-08-25 02:26:20.220319+05:00", "timestamp": 1724534780.220319}}}
{"text": "2024-08-25T02:26:20.221317+0500 DEBUG writing bet to db\n", "record": {"elapsed": {"repr": "0:00:01.572316", "seconds": 1.572316}, "exception": null, "extra": {}, "file": {"name": "main.py", "path": "C:\\Users\\melni\\PycharmProjects\\betboom_parser\\main.py"}, "function": "find_game", "level": {"icon": "🐞", "name": "DEBUG", "no": 10}, "line": 68, "message": "writing bet to db", "module": "main", "name": "__main__", "process": {"id": 5896, "name": "MainProcess"}, "thread": {"id": 3160, "name": "MainThread"}, "time": {"repr": "2024-08-25 02:26:20.221317+05:00", "timestamp": 1724534780.221317}}}
{"text": "2024-08-25T02:26:20.222334+0500 DEBUG finding coefficients\n", "record": {"elapsed": {"repr": "0:00:01.573333", "seconds": 1.573333}, "exception": null, "extra": {}, "file": {"name": "main.py", "path": "C:\\Users\\melni\\PycharmProjects\\betboom_parser\\main.py"}, "function": "get_bet", "level": {"icon": "🐞", "name": "DEBUG", "no": 10}, "line": 94, "message": "finding coefficients", "module": "main", "name": "__main__", "process": {"id": 5896, "name": "MainProcess"}, "thread": {"id": 3160, "name": "MainThread"}, "time": {"repr": "2024-08-25 02:26:20.222334+05:00", "timestamp": 1724534780.222334}}}
{"text": "2024-08-25T02:26:20.224328+0500 DEBUG reading db\n", "record": {"elapsed": {"repr": "0:00:01.575327", "seconds": 1.575327}, "exception": null, "extra": {}, "file": {"name": "main.py", "path": "C:\\Users\\melni\\PycharmProjects\\betboom_parser\\main.py"}, "function": "find_game", "level": {"icon": "🐞", "name": "DEBUG", "no": 10}, "line": 54, "message": "reading db", "module": "main", "name": "__main__", "process": {"id": 5896, "name": "MainProcess"}, "thread": {"id": 3160, "name": "MainThread"}, "time": {"repr": "2024-08-25 02:26:20.224328+05:00", "timestamp": 1724534780.224328}}}
{"text": "2024-08-25T02:26:20.226337+0500 DEBUG writing bet to db\n", "record": {"elapsed": {"repr": "0:00:01.577336", "seconds": 1.577336}, "exception": null, "extra": {}, "file": {"name": "main.py", "path": "C:\\Users\\melni\\PycharmProjects\\betboom_parser\\main.py"}, "function": "find_game", "level": {"icon": "🐞", "name": "DEBUG", "no": 10}, "line": 68, "message": "writing bet to db", "module": "main", "name": "__main__", "process": {"id": 5896, "name": "MainProcess"}, "thread": {"id": 3160, "name": "MainThread"}, "time": {"repr": "2024-08-25 02:26:20.226337+05:00", "timestamp": 1724534780.226337}}}
{"text": "2024-08-25T02:26:20.227856+0500 DEBUG finding coefficients\n", "record": {"elapsed": {"repr": "0:00:01.578855", "seconds": 1.578855}, "exception": null, "extra": {}, "file": {"name": "main.py", "path": "C:\\Users\\melni\\PycharmProjects\\betboom_parser\\main.py"}, "function": "get_bet", "level": {"icon": "🐞", "name": "DEBUG", "no": 10}, "line": 94, "message": "finding coefficients", "module": "main", "name": "__main__", "process": {"id": 5896, "name": "MainProcess"}, "thread": {"id": 3160, "name": "MainThread"}, "time": {"repr": "2024-08-25 02:26:20.227856+05:00", "timestamp": 1724534780.227856}}}
{"text": "2024-08-25T02:26:20.228895+0500 DEBUG reading db\n", "record": {"elapsed": {"repr": "0:00:01.579894", "seconds": 1.579894}, "exception": null, "extra": {}, "file": {"name": "main.py", "path": "C:\\Users\\melni\\PycharmProjects\\betboom_parser\\main.py"}, "function": "find_game", "level": {"icon": "🐞", "name": "DEBUG", "no": 10}, "line": 54, "message": "reading db", "module": "main", "name": "__main__", "process": {"id": 5896, "name": "MainProcess"}, "thread": {"id": 3160, "name": "MainThread"}, "time": {"repr": "2024-08-25 02:26:20.228895+05:00", "timestamp": 1724534780.228895}}}
{"text": "2024-08-25T02:26:20.229905+0500 DEBUG writing bet to db\n", "record": {"elapsed": {"repr": "0:00:01.580904", "seconds": 1.580904}, "exception": null, "extra": {}, "file": {"name": "main.py", "path": "C:\\Users\\melni\\PycharmProjects\\betboom_parser\\main.py"}, "function": "find_game", "level": {"icon": "🐞", "name": "DEBUG", "no": 10}, "line": 68, "message": "writing bet to db", "module": "main", "name": "__main__", "process": {"id": 5896, "name": "MainProcess"}, "thread": {"id": 3160, "name": "MainThread"}, "time": {"repr": "2024-08-25 02:26:20.229905+05:00", "timestamp": 1724534780.229905}}}
{"text": "2024-08-25T02:26:20.230953+0500 DEBUG finding coefficients\n", "record": {"elapsed": {"repr": "0:00:01.581952", "seconds": 1.581952}, "exception": null, "extra": {}, "file": {"name": "main.py", "path": "C:\\Users\\melni\\PycharmProjects\\betboom_parser\\main.py"}, "function": "get_bet", "level": {"icon": "🐞", "name": "DEBUG", "no": 10}, "line": 94, "message": "finding coefficients", "module": "main", "name": "__main__", "process": {"id": 5896, "name": "MainProcess"}, "thread": {"id": 3160, "name": "MainThread"}, "time": {"repr": "2024-08-25 02:26:20.230953+05:00", "timestamp": 1724534780.230953}}}
{"text": "2024-08-25T02:26:20.231951+0500 DEBUG getting info about match...\n", "record": {"elapsed": {"repr": "0:00:01.582950", "seconds": 1.58295}, "exception": null, "extra": {}, "file": {"name": "main.py", "path": "C:\\Users\\melni\\PycharmProjects\\betboom_parser\\main.py"}, "function": "get_match", "level": {"icon": "🐞", "name": "DEBUG", "no": 10}, "line": 119, "message": "getting info about match...", "module": "main", "name": "__main__", "process": {"id": 5896, "name": "MainProcess"}, "thread": {"id": 3160, "name": "MainThread"}, "time": {"repr": "2024-08-25 02:26:20.231951+05:00", "timestamp": 1724534780.231951}}}
{"text": "2024-08-25T02:26:20.444514+0500 DEBUG reading db\n", "record": {"elapsed": {"repr": "0:00:01.795513", "seconds": 1.795513}, "exception": null, "extra": {}, "file": {"name": "main.py", "path": "C:\\Users\\melni\\PycharmProjects\\betboom_parser\\main.py"}, "function": "find_game", "level": {"icon": "🐞", "name": "DEBUG", "no": 10}, "line": 54, "message": "reading db", "module": "main", "name": "__main__", "process": {"id": 5896, "name": "MainProcess"}, "thread": {"id": 3160, "name": "MainThread"}, "time": {"repr": "2024-08-25 02:26:20.444514+05:00", "timestamp": 1724534780.444514}}}
{"text": "2024-08-25T02:26:20.445524+0500 DEBUG writing bet to db\n", "record": {"elapsed": {"repr": "0:00:01.796523", "seconds": 1.796523}, "exception": null, "extra": {}, "file": {"name": "main.py", "path": "C:\\Users\\melni\\PycharmProjects\\betboom_parser\\main.py"}, "function": "find_game", "level": {"icon": "🐞", "name": "DEBUG", "no": 10}, "line": 68, "message": "writing bet to db", "module": "main", "name": "__main__", "process": {"id": 5896, "name": "MainProcess"}, "thread": {"id": 3160, "name": "MainThread"}, "time": {"repr": "2024-08-25 02:26:20.445524+05:00", "timestamp": 1724534780.445524}}}
{"text": "2024-08-25T02:26:20.446527+0500 DEBUG finding coefficients\n", "record": {"elapsed": {"repr": "0:00:01.797526", "seconds": 1.797526}, "exception": null, "extra": {}, "file": {"name": "main.py", "path": "C:\\Users\\melni\\PycharmProjects\\betboom_parser\\main.py"}, "function": "get_bet", "level": {"icon": "🐞", "name": "DEBUG", "no": 10}, "line": 94, "message": "finding coefficients", "module": "main", "name": "__main__", "process": {"id": 5896, "name": "MainProcess"}, "thread": {"id": 3160, "name": "MainThread"}, "time": {"repr": "2024-08-25 02:26:20.446527+05:00", "timestamp": 1724534780.446527}}}
{"text": "2024-08-25T02:26:20.447539+0500 DEBUG reading db\n", "record": {"elapsed": {"repr": "0:00:01.798538", "seconds": 1.798538}, "exception": null, "extra": {}, "file": {"name": "main.py", "path": "C:\\Users\\melni\\PycharmProjects\\betboom_parser\\main.py"}, "function": "find_game", "level": {"icon": "🐞", "name": "DEBUG", "no": 10}, "line": 54, "message": "reading db", "module": "main", "name": "__main__", "process": {"id": 5896, "name": "MainProcess"}, "thread": {"id": 3160, "name": "MainThread"}, "time": {"repr": "2024-08-25 02:26:20.447539+05:00", "timestamp": 1724534780.447539}}}
{"text": "2024-08-25T02:26:20.448073+0500 DEBUG writing bet to db\n", "record": {"elapsed": {"repr": "0:00:01.799072", "seconds": 1.799072}, "exception": null, "extra": {}, "file": {"name": "main.py", "path": "C:\\Users\\melni\\PycharmProjects\\betboom_parser\\main.py"}, "function": "find_game", "level": {"icon": "🐞", "name": "DEBUG", "no": 10}, "line": 68, "message": "writing bet to db", "module": "main", "name": "__main__", "process": {"id": 5896, "name": "MainProcess"}, "thread": {"id": 3160, "name": "MainThread"}, "time": {"repr": "2024-08-25 02:26:20.448073+05:00", "timestamp": 1724534780.448073}}}
{"text": "2024-08-25T02:26:20.449115+0500 DEBUG finding coefficients\n", "record": {"elapsed": {"repr": "0:00:01.800114", "seconds": 1.800114}, "exception": null, "extra": {}, "file": {"name": "main.py", "path": "C:\\Users\\melni\\PycharmProjects\\betboom_parser\\main.py"}, "function": "get_bet", "level": {"icon": "🐞", "name": "DEBUG", "no": 10}, "line": 94, "message": "finding coefficients", "module": "main", "name": "__main__", "process": {"id": 5896, "name": "MainProcess"}, "thread": {"id": 3160, "name": "MainThread"}, "time": {"repr": "2024-08-25 02:26:20.449115+05:00", "timestamp": 1724534780.449115}}}
{"text": "2024-08-25T02:26:20.450102+0500 DEBUG reading db\n", "record": {"elapsed": {"repr": "0:00:01.801101", "seconds": 1.801101}, "exception": null, "extra": {}, "file": {"name": "main.py", "path": "C:\\Users\\melni\\PycharmProjects\\betboom_parser\\main.py"}, "function": "find_game", "level": {"icon": "🐞", "name": "DEBUG", "no": 10}, "line": 54, "message": "reading db", "module": "main", "name": "__main__", "process": {"id": 5896, "name": "MainProcess"}, "thread": {"id": 3160, "name": "MainThread"}, "time": {"repr": "2024-08-25 02:26:20.450102+05:00", "timestamp": 1724534780.450102}}}
{"text": "2024-08-25T02:26:20.452148+0500 DEBUG writing bet to db\n", "record": {"elapsed": {"repr": "0:00:01.803147", "seconds": 1.803147}, "exception": null, "extra": {}, "file": {"name": "main.py", "path": "C:\\Users\\melni\\PycharmProjects\\betboom_parser\\main.py"}, "function": "find_game", "level": {"icon": "🐞", "name": "DEBUG", "no": 10}, "line": 68, "message": "writing bet to db", "module": "main", "name": "__main__", "process": {"id": 5896, "name": "MainProcess"}, "thread": {"id": 3160, "name": "MainThread"}, "time": {"repr": "2024-08-25 02:26:20.452148+05:00", "timestamp": 1724534780.452148}}}
{"text": "2024-08-25T02:26:20.453142+0500 DEBUG finding coefficients\n", "record": {"elapsed": {"repr": "0:00:01.804141", "seconds": 1.804141}, "exception": null, "extra": {}, "file": {"name": "main.py", "path": "C:\\Users\\melni\\PycharmProjects\\betboom_parser\\main.py"}, "function": "get_bet", "level": {"icon": "🐞", "name": "DEBUG", "no": 10}, "line": 94, "message": "finding coefficients", "module": "main", "name": "__main__", "process": {"id": 5896, "name": "MainProcess"}, "thread": {"id": 3160, "name": "MainThread"}, "time": {"repr": "2024-08-25 02:26:20.453142+05:00", "timestamp": 1724534780.453142}}}
{"text": "2024-08-25T02:26:20.454141+0500 DEBUG getting info about match...\n", "record": {"elapsed": {"repr": "0:00:01.805140", "seconds": 1.80514}, "exception": null, "extra": {}, "file": {"name": "main.py", "path": "C:\\Users\\melni\\PycharmProjects\\betboom_parser\\main.py"}, "function": "get_match", "level": {"icon": "🐞", "name": "DEBUG", "no": 10}, "line": 119, "message": "getting info about match...", "module": "main", "name": "__main__", "process": {"id": 5896, "name": "MainProcess"}, "thread": {"id": 3160, "name": "MainThread"}, "time": {"repr": "2024-08-25 02:26:20.454141+05:00", "timestamp": 1724534780.454141}}}
{"text": "2024-08-25T02:26:20.666498+0500 DEBUG reading db\n", "record": {"elapsed": {"repr": "0:00:02.017497", "seconds": 2.017497}, "exception": null, "extra": {}, "file": {"name": "main.py", "path": "C:\\Users\\melni\\PycharmProjects\\betboom_parser\\main.py"}, "function": "find_game", "level": {"icon": "🐞", "name": "DEBUG", "no": 10}, "line": 54, "message": "reading db", "module": "main", "name": "__main__", "process": {"id": 5896, "name": "MainProcess"}, "thread": {"id": 3160, "name": "MainThread"}, "time": {"repr": "2024-08-25 02:26:20.666498+05:00", "timestamp": 1724534780.666498}}}
{"text": "2024-08-25T02:26:20.669075+0500 DEBUG writing bet to db\n", "record": {"elapsed": {"repr": "0:00:02.020074", "seconds": 2.020074}, "exception": null, "extra": {}, "file": {"name": "main.py", "path": "C:\\Users\\melni\\PycharmProjects\\betboom_parser\\main.py"}, "function": "find_game", "level": {"icon": "🐞", "name": "DEBUG", "no": 10}, "line": 68, "message": "writing bet to db", "module": "main", "name": "__main__", "process": {"id": 5896, "name": "MainProcess"}, "thread": {"id": 3160, "name": "MainThread"}, "time": {"repr": "2024-08-25 02:26:20.669075+05:00", "timestamp": 1724534780.669075}}}
{"text": "2024-08-25T02:26:20.670077+0500 DEBUG finding coefficients\n", "record": {"elapsed": {"repr": "0:00:02.021076", "seconds": 2.021076}, "exception": null, "extra": {}, "file": {"name": "main.py", "path": "C:\\Users\\melni\\PycharmProjects\\betboom_parser\\main.py"}, "function": "get_bet", "level": {"icon": "🐞", "name": "DEBUG", "no": 10}, "line": 94, "message": "finding coefficients", "module": "main", "name": "__main__", "process": {"id": 5896, "name": "MainProcess"}, "thread": {"id": 3160, "name": "MainThread"}, "time": {"repr": "2024-08-25 02:26:20.670077+05:00", "timestamp": 1724534780.670077}}}
{"text": "2024-08-25T02:26:20.671115+0500 DEBUG reading db\n", "record": {"elapsed": {"repr": "0:00:02.022114", "seconds": 2.022114}, "exception": null, "extra": {}, "file": {"name": "main.py", "path": "C:\\Users\\melni\\PycharmProjects\\betboom_parser\\main.py"}, "function": "find_game", "level": {"icon": "🐞", "name": "DEBUG", "no": 10}, "line": 54, "message": "reading db", "module": "main", "name": "__main__", "process": {"id": 5896, "name": "MainProcess"}, "thread": {"id": 3160, "name": "MainThread"}, "time": {"repr": "2024-08-25 02:26:20.671115+05:00", "timestamp": 1724534780.671115}}}
{"text": "2024-08-25T02:26:20.672117+0500 DEBUG writing bet to db\n", "record": {"elapsed": {"repr": "0:00:02.023116", "seconds": 2.023116}, "exception": null, "extra": {}, "file": {"name": "main.py", "path": "C:\\Users\\melni\\PycharmProjects\\betboom_parser\\main.py"}, "function": "find_game", "level": {"icon": "🐞", "name": "DEBUG", "no": 10}, "line": 68, "message": "writing bet to db", "module": "main", "name": "__main__", "process": {"id": 5896, "name": "MainProcess"}, "thread": {"id": 3160, "name": "MainThread"}, "time": {"repr": "2024-08-25 02:26:20.672117+05:00", "timestamp": 1724534780.672117}}}
{"text": "2024-08-25T02:26:20.676121+0500 DEBUG finding coefficients\n", "record": {"elapsed": {"repr": "0:00:02.027120", "seconds": 2.02712}, "exception": null, "extra": {}, "file": {"name": "main.py", "path": "C:\\Users\\melni\\PycharmProjects\\betboom_parser\\main.py"}, "function": "get_bet", "level": {"icon": "🐞", "name": "DEBUG", "no": 10}, "line": 94, "message": "finding coefficients", "module": "main", "name": "__main__", "process": {"id": 5896, "name": "MainProcess"}, "thread": {"id": 3160, "name": "MainThread"}, "time": {"repr": "2024-08-25 02:26:20.676121+05:00", "timestamp": 1724534780.676121}}}
{"text": "2024-08-25T02:26:20.678685+0500 DEBUG reading db\n", "record": {"elapsed": {"repr": "0:00:02.029684", "seconds": 2.029684}, "exception": null, "extra": {}, "file": {"name": "main.py", "path": "C:\\Users\\melni\\PycharmProjects\\betboom_parser\\main.py"}, "function": "find_game", "level": {"icon": "🐞", "name": "DEBUG", "no": 10}, "line": 54, "message": "reading db", "module": "main", "name": "__main__", "process": {"id": 5896, "name": "MainProcess"}, "thread": {"id": 3160, "name": "MainThread"}, "time": {"repr": "2024-08-25 02:26:20.678685+05:00", "timestamp": 1724534780.678685}}}
{"text": "2024-08-25T02:26:20.679703+0500 DEBUG writing bet to db\n", "record": {"elapsed": {"repr": "0:00:02.030702", "seconds": 2.030702}, "exception": null, "extra": {}, "file": {"name": "main.py", "path": "C:\\Users\\melni\\PycharmProjects\\betboom_parser\\main.py"}, "function": "find_game", "level": {"icon": "🐞", "name": "DEBUG", "no": 10}, "line": 68, "message": "writing bet to db", "module": "main", "name": "__main__", "process": {"id": 5896, "name": "MainProcess"}, "thread": {"id": 3160, "name": "MainThread"}, "time": {"repr": "2024-08-25 02:26:20.679703+05:00", "timestamp": 1724534780.679703}}}
{"text": "2024-08-25T02:26:20.680749+0500 DEBUG finding coefficients\n", "record": {"elapsed": {"repr": "0:00:02.031748", "seconds": 2.031748}, "exception": null, "extra": {}, "file": {"name": "main.py", "path": "C:\\Users\\melni\\PycharmProjects\\betboom_parser\\main.py"}, "function": "get_bet", "level": {"icon": "🐞", "name": "DEBUG", "no": 10}, "line": 94, "message": "finding coefficients", "module": "main", "name": "__main__", "process": {"id": 5896, "name": "MainProcess"}, "thread": {"id": 3160, "name": "MainThread"}, "time": {"repr": "2024-08-25 02:26:20.680749+05:00", "timestamp": 1724534780.680749}}}
{"text": "2024-08-25T02:26:20.681741+0500 DEBUG getting info about match...\n", "record": {"elapsed": {"repr": "0:00:02.032740", "seconds": 2.03274}, "exception": null, "extra": {}, "file": {"name": "main.py", "path": "C:\\Users\\melni\\PycharmProjects\\betboom_parser\\main.py"}, "function": "get_match", "level": {"icon": "🐞", "name": "DEBUG", "no": 10}, "line": 119, "message": "getting info about match...", "module": "main", "name": "__main__", "process": {"id": 5896, "name": "MainProcess"}, "thread": {"id": 3160, "name": "MainThread"}, "time": {"repr": "2024-08-25 02:26:20.681741+05:00", "timestamp": 1724534780.681741}}}
{"text": "2024-08-25T02:26:20.929608+0500 DEBUG reading db\n", "record": {"elapsed": {"repr": "0:00:02.280607", "seconds": 2.280607}, "exception": null, "extra": {}, "file": {"name": "main.py", "path": "C:\\Users\\melni\\PycharmProjects\\betboom_parser\\main.py"}, "function": "find_game", "level": {"icon": "🐞", "name": "DEBUG", "no": 10}, "line": 54, "message": "reading db", "module": "main", "name": "__main__", "process": {"id": 5896, "name": "MainProcess"}, "thread": {"id": 3160, "name": "MainThread"}, "time": {"repr": "2024-08-25 02:26:20.929608+05:00", "timestamp": 1724534780.929608}}}
{"text": "2024-08-25T02:26:20.930655+0500 DEBUG writing bet to db\n", "record": {"elapsed": {"repr": "0:00:02.281654", "seconds": 2.281654}, "exception": null, "extra": {}, "file": {"name": "main.py", "path": "C:\\Users\\melni\\PycharmProjects\\betboom_parser\\main.py"}, "function": "find_game", "level": {"icon": "🐞", "name": "DEBUG", "no": 10}, "line": 68, "message": "writing bet to db", "module": "main", "name": "__main__", "process": {"id": 5896, "name": "MainProcess"}, "thread": {"id": 3160, "name": "MainThread"}, "time": {"repr": "2024-08-25 02:26:20.930655+05:00", "timestamp": 1724534780.930655}}}
{"text": "2024-08-25T02:26:20.931631+0500 DEBUG finding coefficients\n", "record": {"elapsed": {"repr": "0:00:02.282630", "seconds": 2.28263}, "exception": null, "extra": {}, "file": {"name": "main.py", "path": "C:\\Users\\melni\\PycharmProjects\\betboom_parser\\main.py"}, "function": "get_bet", "level": {"icon": "🐞", "name": "DEBUG", "no": 10}, "line": 94, "message": "finding coefficients", "module": "main", "name": "__main__", "process": {"id": 5896, "name": "MainProcess"}, "thread": {"id": 3160, "name": "MainThread"}, "time": {"repr": "2024-08-25 02:26:20.931631+05:00", "timestamp": 1724534780.931631}}}
{"text": "2024-08-25T02:26:20.934643+0500 DEBUG reading db\n", "record": {"elapsed": {"repr": "0:00:02.285642", "seconds": 2.285642}, "exception": null, "extra": {}, "file": {"name": "main.py", "path": "C:\\Users\\melni\\PycharmProjects\\betboom_parser\\main.py"}, "function": "find_game", "level": {"icon": "🐞", "name": "DEBUG", "no": 10}, "line": 54, "message": "reading db", "module": "main", "name": "__main__", "process": {"id": 5896, "name": "MainProcess"}, "thread": {"id": 3160, "name": "MainThread"}, "time": {"repr": "2024-08-25 02:26:20.934643+05:00", "timestamp": 1724534780.934643}}}
{"text": "2024-08-25T02:26:20.935631+0500 DEBUG writing bet to db\n", "record": {"elapsed": {"repr": "0:00:02.286630", "seconds": 2.28663}, "exception": null, "extra": {}, "file": {"name": "main.py", "path": "C:\\Users\\melni\\PycharmProjects\\betboom_parser\\main.py"}, "function": "find_game", "level": {"icon": "🐞", "name": "DEBUG", "no": 10}, "line": 68, "message": "writing bet to db", "module": "main", "name": "__main__", "process": {"id": 5896, "name": "MainProcess"}, "thread": {"id": 3160, "name": "MainThread"}, "time": {"repr": "2024-08-25 02:26:20.935631+05:00", "timestamp": 1724534780.935631}}}
{"text": "2024-08-25T02:26:20.936650+0500 DEBUG finding coefficients\n", "record": {"elapsed": {"repr": "0:00:02.287649", "seconds": 2.287649}, "exception": null, "extra": {}, "file": {"name": "main.py", "path": "C:\\Users\\melni\\PycharmProjects\\betboom_parser\\main.py"}, "function": "get_bet", "level": {"icon": "🐞", "name": "DEBUG", "no": 10}, "line": 94, "message": "finding coefficients", "module": "main", "name": "__main__", "process": {"id": 5896, "name": "MainProcess"}, "thread": {"id": 3160, "name": "MainThread"}, "time": {"repr": "2024-08-25 02:26:20.936650+05:00", "timestamp": 1724534780.93665}}}
{"text": "2024-08-25T02:26:20.938189+0500 DEBUG reading db\n", "record": {"elapsed": {"repr": "0:00:02.289188", "seconds": 2.289188}, "exception": null, "extra": {}, "file": {"name": "main.py", "path": "C:\\Users\\melni\\PycharmProjects\\betboom_parser\\main.py"}, "function": "find_game", "level": {"icon": "🐞", "name": "DEBUG", "no": 10}, "line": 54, "message": "reading db", "module": "main", "name": "__main__", "process": {"id": 5896, "name": "MainProcess"}, "thread": {"id": 3160, "name": "MainThread"}, "time": {"repr": "2024-08-25 02:26:20.938189+05:00", "timestamp": 1724534780.938189}}}
{"text": "2024-08-25T02:26:20.942255+0500 DEBUG writing bet to db\n", "record": {"elapsed": {"repr": "0:00:02.293254", "seconds": 2.293254}, "exception": null, "extra": {}, "file": {"name": "main.py", "path": "C:\\Users\\melni\\PycharmProjects\\betboom_parser\\main.py"}, "function": "find_game", "level": {"icon": "🐞", "name": "DEBUG", "no": 10}, "line": 68, "message": "writing bet to db", "module": "main", "name": "__main__", "process": {"id": 5896, "name": "MainProcess"}, "thread": {"id": 3160, "name": "MainThread"}, "time": {"repr": "2024-08-25 02:26:20.942255+05:00", "timestamp": 1724534780.942255}}}
{"text": "2024-08-25T02:26:20.944229+0500 DEBUG finding coefficients\n", "record": {"elapsed": {"repr": "0:00:02.295228", "seconds": 2.295228}, "exception": null, "extra": {}, "file": {"name": "main.py", "path": "C:\\Users\\melni\\PycharmProjects\\betboom_parser\\main.py"}, "function": "get_bet", "level": {"icon": "🐞", "name": "DEBUG", "no": 10}, "line": 94, "message": "finding coefficients", "module": "main", "name": "__main__", "process": {"id": 5896, "name": "MainProcess"}, "thread": {"id": 3160, "name": "MainThread"}, "time": {"repr": "2024-08-25 02:26:20.944229+05:00", "timestamp": 1724534780.944229}}}
{"text": "2024-08-25T02:26:20.945239+0500 DEBUG getting info about match...\n", "record": {"elapsed": {"repr": "0:00:02.296238", "seconds": 2.296238}, "exception": null, "extra": {}, "file": {"name": "main.py", "path": "C:\\Users\\melni\\PycharmProjects\\betboom_parser\\main.py"}, "function": "get_match", "level": {"icon": "🐞", "name": "DEBUG", "no": 10}, "line": 119, "message": "getting info about match...", "module": "main", "name": "__main__", "process": {"id": 5896, "name": "MainProcess"}, "thread": {"id": 3160, "name": "MainThread"}, "time": {"repr": "2024-08-25 02:26:20.945239+05:00", "timestamp": 1724534780.945239}}}
{"text": "2024-08-25T02:26:21.138238+0500 DEBUG reading db\n", "record": {"elapsed": {"repr": "0:00:02.489237", "seconds": 2.489237}, "exception": null, "extra": {}, "file": {"name": "main.py", "path": "C:\\Users\\melni\\PycharmProjects\\betboom_parser\\main.py"}, "function": "find_game", "level": {"icon": "🐞", "name": "DEBUG", "no": 10}, "line": 54, "message": "reading db", "module": "main", "name": "__main__", "process": {"id": 5896, "name": "MainProcess"}, "thread": {"id": 3160, "name": "MainThread"}, "time": {"repr": "2024-08-25 02:26:21.138238+05:00", "timestamp": 1724534781.138238}}}
{"text": "2024-08-25T02:26:21.140280+0500 DEBUG writing bet to db\n", "record": {"elapsed": {"repr": "0:00:02.491279", "seconds": 2.491279}, "exception": null, "extra": {}, "file": {"name": "main.py", "path": "C:\\Users\\melni\\PycharmProjects\\betboom_parser\\main.py"}, "function": "find_game", "level": {"icon": "🐞", "name": "DEBUG", "no": 10}, "line": 68, "message": "writing bet to db", "module": "main", "name": "__main__", "process": {"id": 5896, "name": "MainProcess"}, "thread": {"id": 3160, "name": "MainThread"}, "time": {"repr": "2024-08-25 02:26:21.140280+05:00", "timestamp": 1724534781.14028}}}
{"text": "2024-08-25T02:26:21.141328+0500 DEBUG finding coefficients\n", "record": {"elapsed": {"repr": "0:00:02.492327", "seconds": 2.492327}, "exception": null, "extra": {}, "file": {"name": "main.py", "path": "C:\\Users\\melni\\PycharmProjects\\betboom_parser\\main.py"}, "function": "get_bet", "level": {"icon": "🐞", "name": "DEBUG", "no": 10}, "line": 94, "message": "finding coefficients", "module": "main", "name": "__main__", "process": {"id": 5896, "name": "MainProcess"}, "thread": {"id": 3160, "name": "MainThread"}, "time": {"repr": "2024-08-25 02:26:21.141328+05:00", "timestamp": 1724534781.141328}}}
{"text": "2024-08-25T02:26:21.142306+0500 DEBUG reading db\n", "record": {"elapsed": {"repr": "0:00:02.493305", "seconds": 2.493305}, "exception": null, "extra": {}, "file": {"name": "main.py", "path": "C:\\Users\\melni\\PycharmProjects\\betboom_parser\\main.py"}, "function": "find_game", "level": {"icon": "🐞", "name": "DEBUG", "no": 10}, "line": 54, "message": "reading db", "module": "main", "name": "__main__", "process": {"id": 5896, "name": "MainProcess"}, "thread": {"id": 3160, "name": "MainThread"}, "time": {"repr": "2024-08-25 02:26:21.142306+05:00", "timestamp": 1724534781.142306}}}
{"text": "2024-08-25T02:26:21.145319+0500 DEBUG writing bet to db\n", "record": {"elapsed": {"repr": "0:00:02.496318", "seconds": 2.496318}, "exception": null, "extra": {}, "file": {"name": "main.py", "path": "C:\\Users\\melni\\PycharmProjects\\betboom_parser\\main.py"}, "function": "find_game", "level": {"icon": "🐞", "name": "DEBUG", "no": 10}, "line": 68, "message": "writing bet to db", "module": "main", "name": "__main__", "process": {"id": 5896, "name": "MainProcess"}, "thread": {"id": 3160, "name": "MainThread"}, "time": {"repr": "2024-08-25 02:26:21.145319+05:00", "timestamp": 1724534781.145319}}}
{"text": "2024-08-25T02:26:21.145319+0500 DEBUG finding coefficients\n", "record": {"elapsed": {"repr": "0:00:02.496318", "seconds": 2.496318}, "exception": null, "extra": {}, "file": {"name": "main.py", "path": "C:\\Users\\melni\\PycharmProjects\\betboom_parser\\main.py"}, "function": "get_bet", "level": {"icon": "🐞", "name": "DEBUG", "no": 10}, "line": 94, "message": "finding coefficients", "module": "main", "name": "__main__", "process": {"id": 5896, "name": "MainProcess"}, "thread": {"id": 3160, "name": "MainThread"}, "time": {"repr": "2024-08-25 02:26:21.145319+05:00", "timestamp": 1724534781.145319}}}
