{"text": "2024-08-29T02:59:05.090428+0500 CRITICAL url doesnt written\n", "record": {"elapsed": {"repr": "0:00:11.792019", "seconds": 11.792019}, "exception": null, "extra": {}, "file": {"name": "main.py", "path": "C:\\Users\\melni\\PycharmProjects\\1xbet_parser\\main.py"}, "function": "get_league", "level": {"icon": "☠️", "name": "CRITICAL", "no": 50}, "line": 155, "message": "url doesnt written", "module": "main", "name": "__main__", "process": {"id": 9752, "name": "MainProcess"}, "thread": {"id": 7160, "name": "MainThread"}, "time": {"repr": "2024-08-29 02:59:05.090428+05:00", "timestamp": 1724882345.090428}}}
{"text": "2024-08-29T02:59:05.252464+0500 CRITICAL 'NoneType' object has no attribute 'split'\n", "record": {"elapsed": {"repr": "0:00:11.954055", "seconds": 11.954055}, "exception": null, "extra": {}, "file": {"name": "main.py", "path": "C:\\Users\\melni\\PycharmProjects\\1xbet_parser\\main.py"}, "function": "get_league", "level": {"icon": "☠️", "name": "CRITICAL", "no": 50}, "line": 156, "message": "'NoneType' object has no attribute 'split'", "module": "main", "name": "__main__", "process": {"id": 9752, "name": "MainProcess"}, "thread": {"id": 7160, "name": "MainThread"}, "time": {"repr": "2024-08-29 02:59:05.252464+05:00", "timestamp": 1724882345.252464}}}
{"text": "2024-08-29T02:59:05.253464+0500 CRITICAL url doesnt written\n", "record": {"elapsed": {"repr": "0:00:11.955055", "seconds": 11.955055}, "exception": null, "extra": {}, "file": {"name": "main.py", "path": "C:\\Users\\melni\\PycharmProjects\\1xbet_parser\\main.py"}, "function": "get_league", "level": {"icon": "☠️", "name": "CRITICAL", "no": 50}, "line": 155, "message": "url doesnt written", "module": "main", "name": "__main__", "process": {"id": 9752, "name": "MainProcess"}, "thread": {"id": 7160, "name": "MainThread"}, "time": {"repr": "2024-08-29 02:59:05.253464+05:00", "timestamp": 1724882345.253464}}}
{"text": "2024-08-29T02:59:05.254465+0500 CRITICAL 'NoneType' object has no attribute 'split'\n", "record": {"elapsed": {"repr": "0:00:11.956056", "seconds": 11.956056}, "exception": null, "extra": {}, "file": {"name": "main.py", "path": "C:\\Users\\melni\\PycharmProjects\\1xbet_parser\\main.py"}, "function": "get_league", "level": {"icon": "☠️", "name": "CRITICAL", "no": 50}, "line": 156, "message": "'NoneType' object has no attribute 'split'", "module": "main", "name": "__main__", "process": {"id": 9752, "name": "MainProcess"}, "thread": {"id": 7160, "name": "MainThread"}, "time": {"repr": "2024-08-29 02:59:05.254465+05:00", "timestamp": 1724882345.254465}}}
{"text": "2024-08-29T02:59:05.255589+0500 CRITICAL url doesnt written\n", "record": {"elapsed": {"repr": "0:00:11.957180", "seconds": 11.95718}, "exception": null, "extra": {}, "file": {"name": "main.py", "path": "C:\\Users\\melni\\PycharmProjects\\1xbet_parser\\main.py"}, "function": "get_league", "level": {"icon": "☠️", "name": "CRITICAL", "no": 50}, "line": 155, "message": "url doesnt written", "module": "main", "name": "__main__", "process": {"id": 9752, "name": "MainProcess"}, "thread": {"id": 7160, "name": "MainThread"}, "time": {"repr": "2024-08-29 02:59:05.255589+05:00", "timestamp": 1724882345.255589}}}
{"text": "2024-08-29T02:59:05.256590+0500 CRITICAL 'NoneType' object has no attribute 'split'\n", "record": {"elapsed": {"repr": "0:00:11.958181", "seconds": 11.958181}, "exception": null, "extra": {}, "file": {"name": "main.py", "path": "C:\\Users\\melni\\PycharmProjects\\1xbet_parser\\main.py"}, "function": "get_league", "level": {"icon": "☠️", "name": "CRITICAL", "no": 50}, "line": 156, "message": "'NoneType' object has no attribute 'split'", "module": "main", "name": "__main__", "process": {"id": 9752, "name": "MainProcess"}, "thread": {"id": 7160, "name": "MainThread"}, "time": {"repr": "2024-08-29 02:59:05.256590+05:00", "timestamp": 1724882345.25659}}}
{"text": "2024-08-29T02:59:05.257591+0500 CRITICAL url doesnt written\n", "record": {"elapsed": {"repr": "0:00:11.959182", "seconds": 11.959182}, "exception": null, "extra": {}, "file": {"name": "main.py", "path": "C:\\Users\\melni\\PycharmProjects\\1xbet_parser\\main.py"}, "function": "get_league", "level": {"icon": "☠️", "name": "CRITICAL", "no": 50}, "line": 155, "message": "url doesnt written", "module": "main", "name": "__main__", "process": {"id": 9752, "name": "MainProcess"}, "thread": {"id": 7160, "name": "MainThread"}, "time": {"repr": "2024-08-29 02:59:05.257591+05:00", "timestamp": 1724882345.257591}}}
{"text": "2024-08-29T02:59:05.258592+0500 CRITICAL 'NoneType' object has no attribute 'split'\n", "record": {"elapsed": {"repr": "0:00:11.960183", "seconds": 11.960183}, "exception": null, "extra": {}, "file": {"name": "main.py", "path": "C:\\Users\\melni\\PycharmProjects\\1xbet_parser\\main.py"}, "function": "get_league", "level": {"icon": "☠️", "name": "CRITICAL", "no": 50}, "line": 156, "message": "'NoneType' object has no attribute 'split'", "module": "main", "name": "__main__", "process": {"id": 9752, "name": "MainProcess"}, "thread": {"id": 7160, "name": "MainThread"}, "time": {"repr": "2024-08-29 02:59:05.258592+05:00", "timestamp": 1724882345.258592}}}
{"text": "2024-08-29T02:59:05.258592+0500 CRITICAL url doesnt written\n", "record": {"elapsed": {"repr": "0:00:11.960183", "seconds": 11.960183}, "exception": null, "extra": {}, "file": {"name": "main.py", "path": "C:\\Users\\melni\\PycharmProjects\\1xbet_parser\\main.py"}, "function": "get_league", "level": {"icon": "☠️", "name": "CRITICAL", "no": 50}, "line": 155, "message": "url doesnt written", "module": "main", "name": "__main__", "process": {"id": 9752, "name": "MainProcess"}, "thread": {"id": 7160, "name": "MainThread"}, "time": {"repr": "2024-08-29 02:59:05.258592+05:00", "timestamp": 1724882345.258592}}}
{"text": "2024-08-29T02:59:05.259594+0500 CRITICAL 'NoneType' object has no attribute 'split'\n", "record": {"elapsed": {"repr": "0:00:11.961185", "seconds": 11.961185}, "exception": null, "extra": {}, "file": {"name": "main.py", "path": "C:\\Users\\melni\\PycharmProjects\\1xbet_parser\\main.py"}, "function": "get_league", "level": {"icon": "☠️", "name": "CRITICAL", "no": 50}, "line": 156, "message": "'NoneType' object has no attribute 'split'", "module": "main", "name": "__main__", "process": {"id": 9752, "name": "MainProcess"}, "thread": {"id": 7160, "name": "MainThread"}, "time": {"repr": "2024-08-29 02:59:05.259594+05:00", "timestamp": 1724882345.259594}}}
{"text": "2024-08-29T02:59:05.260713+0500 CRITICAL url doesnt written\n", "record": {"elapsed": {"repr": "0:00:11.962304", "seconds": 11.962304}, "exception": null, "extra": {}, "file": {"name": "main.py", "path": "C:\\Users\\melni\\PycharmProjects\\1xbet_parser\\main.py"}, "function": "get_league", "level": {"icon": "☠️", "name": "CRITICAL", "no": 50}, "line": 155, "message": "url doesnt written", "module": "main", "name": "__main__", "process": {"id": 9752, "name": "MainProcess"}, "thread": {"id": 7160, "name": "MainThread"}, "time": {"repr": "2024-08-29 02:59:05.260713+05:00", "timestamp": 1724882345.260713}}}
{"text": "2024-08-29T02:59:05.260713+0500 CRITICAL 'NoneType' object has no attribute 'split'\n", "record": {"elapsed": {"repr": "0:00:11.962304", "seconds": 11.962304}, "exception": null, "extra": {}, "file": {"name": "main.py", "path": "C:\\Users\\melni\\PycharmProjects\\1xbet_parser\\main.py"}, "function": "get_league", "level": {"icon": "☠️", "name": "CRITICAL", "no": 50}, "line": 156, "message": "'NoneType' object has no attribute 'split'", "module": "main", "name": "__main__", "process": {"id": 9752, "name": "MainProcess"}, "thread": {"id": 7160, "name": "MainThread"}, "time": {"repr": "2024-08-29 02:59:05.260713+05:00", "timestamp": 1724882345.260713}}}
{"text": "2024-08-29T02:59:05.261761+0500 CRITICAL url doesnt written\n", "record": {"elapsed": {"repr": "0:00:11.963352", "seconds": 11.963352}, "exception": null, "extra": {}, "file": {"name": "main.py", "path": "C:\\Users\\melni\\PycharmProjects\\1xbet_parser\\main.py"}, "function": "get_league", "level": {"icon": "☠️", "name": "CRITICAL", "no": 50}, "line": 155, "message": "url doesnt written", "module": "main", "name": "__main__", "process": {"id": 9752, "name": "MainProcess"}, "thread": {"id": 7160, "name": "MainThread"}, "time": {"repr": "2024-08-29 02:59:05.261761+05:00", "timestamp": 1724882345.261761}}}
{"text": "2024-08-29T02:59:05.264758+0500 CRITICAL 'NoneType' object has no attribute 'split'\n", "record": {"elapsed": {"repr": "0:00:11.966349", "seconds": 11.966349}, "exception": null, "extra": {}, "file": {"name": "main.py", "path": "C:\\Users\\melni\\PycharmProjects\\1xbet_parser\\main.py"}, "function": "get_league", "level": {"icon": "☠️", "name": "CRITICAL", "no": 50}, "line": 156, "message": "'NoneType' object has no attribute 'split'", "module": "main", "name": "__main__", "process": {"id": 9752, "name": "MainProcess"}, "thread": {"id": 7160, "name": "MainThread"}, "time": {"repr": "2024-08-29 02:59:05.264758+05:00", "timestamp": 1724882345.264758}}}
{"text": "2024-08-29T02:59:05.264758+0500 CRITICAL url doesnt written\n", "record": {"elapsed": {"repr": "0:00:11.966349", "seconds": 11.966349}, "exception": null, "extra": {}, "file": {"name": "main.py", "path": "C:\\Users\\melni\\PycharmProjects\\1xbet_parser\\main.py"}, "function": "get_league", "level": {"icon": "☠️", "name": "CRITICAL", "no": 50}, "line": 155, "message": "url doesnt written", "module": "main", "name": "__main__", "process": {"id": 9752, "name": "MainProcess"}, "thread": {"id": 7160, "name": "MainThread"}, "time": {"repr": "2024-08-29 02:59:05.264758+05:00", "timestamp": 1724882345.264758}}}
{"text": "2024-08-29T02:59:05.265763+0500 CRITICAL 'NoneType' object has no attribute 'split'\n", "record": {"elapsed": {"repr": "0:00:11.967354", "seconds": 11.967354}, "exception": null, "extra": {}, "file": {"name": "main.py", "path": "C:\\Users\\melni\\PycharmProjects\\1xbet_parser\\main.py"}, "function": "get_league", "level": {"icon": "☠️", "name": "CRITICAL", "no": 50}, "line": 156, "message": "'NoneType' object has no attribute 'split'", "module": "main", "name": "__main__", "process": {"id": 9752, "name": "MainProcess"}, "thread": {"id": 7160, "name": "MainThread"}, "time": {"repr": "2024-08-29 02:59:05.265763+05:00", "timestamp": 1724882345.265763}}}
{"text": "2024-08-29T02:59:05.266762+0500 CRITICAL url doesnt written\n", "record": {"elapsed": {"repr": "0:00:11.968353", "seconds": 11.968353}, "exception": null, "extra": {}, "file": {"name": "main.py", "path": "C:\\Users\\melni\\PycharmProjects\\1xbet_parser\\main.py"}, "function": "get_league", "level": {"icon": "☠️", "name": "CRITICAL", "no": 50}, "line": 155, "message": "url doesnt written", "module": "main", "name": "__main__", "process": {"id": 9752, "name": "MainProcess"}, "thread": {"id": 7160, "name": "MainThread"}, "time": {"repr": "2024-08-29 02:59:05.266762+05:00", "timestamp": 1724882345.266762}}}
{"text": "2024-08-29T02:59:05.266762+0500 CRITICAL 'NoneType' object has no attribute 'split'\n", "record": {"elapsed": {"repr": "0:00:11.968353", "seconds": 11.968353}, "exception": null, "extra": {}, "file": {"name": "main.py", "path": "C:\\Users\\melni\\PycharmProjects\\1xbet_parser\\main.py"}, "function": "get_league", "level": {"icon": "☠️", "name": "CRITICAL", "no": 50}, "line": 156, "message": "'NoneType' object has no attribute 'split'", "module": "main", "name": "__main__", "process": {"id": 9752, "name": "MainProcess"}, "thread": {"id": 7160, "name": "MainThread"}, "time": {"repr": "2024-08-29 02:59:05.266762+05:00", "timestamp": 1724882345.266762}}}
{"text": "2024-08-29T02:59:05.267764+0500 CRITICAL url doesnt written\n", "record": {"elapsed": {"repr": "0:00:11.969355", "seconds": 11.969355}, "exception": null, "extra": {}, "file": {"name": "main.py", "path": "C:\\Users\\melni\\PycharmProjects\\1xbet_parser\\main.py"}, "function": "get_league", "level": {"icon": "☠️", "name": "CRITICAL", "no": 50}, "line": 155, "message": "url doesnt written", "module": "main", "name": "__main__", "process": {"id": 9752, "name": "MainProcess"}, "thread": {"id": 7160, "name": "MainThread"}, "time": {"repr": "2024-08-29 02:59:05.267764+05:00", "timestamp": 1724882345.267764}}}
{"text": "2024-08-29T02:59:05.267764+0500 CRITICAL 'NoneType' object has no attribute 'split'\n", "record": {"elapsed": {"repr": "0:00:11.969355", "seconds": 11.969355}, "exception": null, "extra": {}, "file": {"name": "main.py", "path": "C:\\Users\\melni\\PycharmProjects\\1xbet_parser\\main.py"}, "function": "get_league", "level": {"icon": "☠️", "name": "CRITICAL", "no": 50}, "line": 156, "message": "'NoneType' object has no attribute 'split'", "module": "main", "name": "__main__", "process": {"id": 9752, "name": "MainProcess"}, "thread": {"id": 7160, "name": "MainThread"}, "time": {"repr": "2024-08-29 02:59:05.267764+05:00", "timestamp": 1724882345.267764}}}
{"text": "2024-08-29T02:59:05.268762+0500 CRITICAL url doesnt written\n", "record": {"elapsed": {"repr": "0:00:11.970353", "seconds": 11.970353}, "exception": null, "extra": {}, "file": {"name": "main.py", "path": "C:\\Users\\melni\\PycharmProjects\\1xbet_parser\\main.py"}, "function": "get_league", "level": {"icon": "☠️", "name": "CRITICAL", "no": 50}, "line": 155, "message": "url doesnt written", "module": "main", "name": "__main__", "process": {"id": 9752, "name": "MainProcess"}, "thread": {"id": 7160, "name": "MainThread"}, "time": {"repr": "2024-08-29 02:59:05.268762+05:00", "timestamp": 1724882345.268762}}}
{"text": "2024-08-29T02:59:05.269763+0500 CRITICAL 'NoneType' object has no attribute 'split'\n", "record": {"elapsed": {"repr": "0:00:11.971354", "seconds": 11.971354}, "exception": null, "extra": {}, "file": {"name": "main.py", "path": "C:\\Users\\melni\\PycharmProjects\\1xbet_parser\\main.py"}, "function": "get_league", "level": {"icon": "☠️", "name": "CRITICAL", "no": 50}, "line": 156, "message": "'NoneType' object has no attribute 'split'", "module": "main", "name": "__main__", "process": {"id": 9752, "name": "MainProcess"}, "thread": {"id": 7160, "name": "MainThread"}, "time": {"repr": "2024-08-29 02:59:05.269763+05:00", "timestamp": 1724882345.269763}}}
{"text": "2024-08-29T02:59:05.269763+0500 CRITICAL url doesnt written\n", "record": {"elapsed": {"repr": "0:00:11.971354", "seconds": 11.971354}, "exception": null, "extra": {}, "file": {"name": "main.py", "path": "C:\\Users\\melni\\PycharmProjects\\1xbet_parser\\main.py"}, "function": "get_league", "level": {"icon": "☠️", "name": "CRITICAL", "no": 50}, "line": 155, "message": "url doesnt written", "module": "main", "name": "__main__", "process": {"id": 9752, "name": "MainProcess"}, "thread": {"id": 7160, "name": "MainThread"}, "time": {"repr": "2024-08-29 02:59:05.269763+05:00", "timestamp": 1724882345.269763}}}
{"text": "2024-08-29T02:59:05.270897+0500 CRITICAL 'NoneType' object has no attribute 'split'\n", "record": {"elapsed": {"repr": "0:00:11.972488", "seconds": 11.972488}, "exception": null, "extra": {}, "file": {"name": "main.py", "path": "C:\\Users\\melni\\PycharmProjects\\1xbet_parser\\main.py"}, "function": "get_league", "level": {"icon": "☠️", "name": "CRITICAL", "no": 50}, "line": 156, "message": "'NoneType' object has no attribute 'split'", "module": "main", "name": "__main__", "process": {"id": 9752, "name": "MainProcess"}, "thread": {"id": 7160, "name": "MainThread"}, "time": {"repr": "2024-08-29 02:59:05.270897+05:00", "timestamp": 1724882345.270897}}}
{"text": "2024-08-29T02:59:05.270897+0500 CRITICAL url doesnt written\n", "record": {"elapsed": {"repr": "0:00:11.972488", "seconds": 11.972488}, "exception": null, "extra": {}, "file": {"name": "main.py", "path": "C:\\Users\\melni\\PycharmProjects\\1xbet_parser\\main.py"}, "function": "get_league", "level": {"icon": "☠️", "name": "CRITICAL", "no": 50}, "line": 155, "message": "url doesnt written", "module": "main", "name": "__main__", "process": {"id": 9752, "name": "MainProcess"}, "thread": {"id": 7160, "name": "MainThread"}, "time": {"repr": "2024-08-29 02:59:05.270897+05:00", "timestamp": 1724882345.270897}}}
{"text": "2024-08-29T02:59:05.271900+0500 CRITICAL 'NoneType' object has no attribute 'split'\n", "record": {"elapsed": {"repr": "0:00:11.973491", "seconds": 11.973491}, "exception": null, "extra": {}, "file": {"name": "main.py", "path": "C:\\Users\\melni\\PycharmProjects\\1xbet_parser\\main.py"}, "function": "get_league", "level": {"icon": "☠️", "name": "CRITICAL", "no": 50}, "line": 156, "message": "'NoneType' object has no attribute 'split'", "module": "main", "name": "__main__", "process": {"id": 9752, "name": "MainProcess"}, "thread": {"id": 7160, "name": "MainThread"}, "time": {"repr": "2024-08-29 02:59:05.271900+05:00", "timestamp": 1724882345.2719}}}
{"text": "2024-08-29T02:59:05.272901+0500 CRITICAL url doesnt written\n", "record": {"elapsed": {"repr": "0:00:11.974492", "seconds": 11.974492}, "exception": null, "extra": {}, "file": {"name": "main.py", "path": "C:\\Users\\melni\\PycharmProjects\\1xbet_parser\\main.py"}, "function": "get_league", "level": {"icon": "☠️", "name": "CRITICAL", "no": 50}, "line": 155, "message": "url doesnt written", "module": "main", "name": "__main__", "process": {"id": 9752, "name": "MainProcess"}, "thread": {"id": 7160, "name": "MainThread"}, "time": {"repr": "2024-08-29 02:59:05.272901+05:00", "timestamp": 1724882345.272901}}}
{"text": "2024-08-29T02:59:05.273901+0500 CRITICAL 'NoneType' object has no attribute 'split'\n", "record": {"elapsed": {"repr": "0:00:11.975492", "seconds": 11.975492}, "exception": null, "extra": {}, "file": {"name": "main.py", "path": "C:\\Users\\melni\\PycharmProjects\\1xbet_parser\\main.py"}, "function": "get_league", "level": {"icon": "☠️", "name": "CRITICAL", "no": 50}, "line": 156, "message": "'NoneType' object has no attribute 'split'", "module": "main", "name": "__main__", "process": {"id": 9752, "name": "MainProcess"}, "thread": {"id": 7160, "name": "MainThread"}, "time": {"repr": "2024-08-29 02:59:05.273901+05:00", "timestamp": 1724882345.273901}}}
{"text": "2024-08-29T02:59:05.273901+0500 CRITICAL url doesnt written\n", "record": {"elapsed": {"repr": "0:00:11.975492", "seconds": 11.975492}, "exception": null, "extra": {}, "file": {"name": "main.py", "path": "C:\\Users\\melni\\PycharmProjects\\1xbet_parser\\main.py"}, "function": "get_league", "level": {"icon": "☠️", "name": "CRITICAL", "no": 50}, "line": 155, "message": "url doesnt written", "module": "main", "name": "__main__", "process": {"id": 9752, "name": "MainProcess"}, "thread": {"id": 7160, "name": "MainThread"}, "time": {"repr": "2024-08-29 02:59:05.273901+05:00", "timestamp": 1724882345.273901}}}
{"text": "2024-08-29T02:59:05.275417+0500 CRITICAL 'NoneType' object has no attribute 'split'\n", "record": {"elapsed": {"repr": "0:00:11.977008", "seconds": 11.977008}, "exception": null, "extra": {}, "file": {"name": "main.py", "path": "C:\\Users\\melni\\PycharmProjects\\1xbet_parser\\main.py"}, "function": "get_league", "level": {"icon": "☠️", "name": "CRITICAL", "no": 50}, "line": 156, "message": "'NoneType' object has no attribute 'split'", "module": "main", "name": "__main__", "process": {"id": 9752, "name": "MainProcess"}, "thread": {"id": 7160, "name": "MainThread"}, "time": {"repr": "2024-08-29 02:59:05.275417+05:00", "timestamp": 1724882345.275417}}}
{"text": "2024-08-29T02:59:05.276650+0500 CRITICAL url doesnt written\n", "record": {"elapsed": {"repr": "0:00:11.978241", "seconds": 11.978241}, "exception": null, "extra": {}, "file": {"name": "main.py", "path": "C:\\Users\\melni\\PycharmProjects\\1xbet_parser\\main.py"}, "function": "get_league", "level": {"icon": "☠️", "name": "CRITICAL", "no": 50}, "line": 155, "message": "url doesnt written", "module": "main", "name": "__main__", "process": {"id": 9752, "name": "MainProcess"}, "thread": {"id": 7160, "name": "MainThread"}, "time": {"repr": "2024-08-29 02:59:05.276650+05:00", "timestamp": 1724882345.27665}}}
{"text": "2024-08-29T02:59:05.277653+0500 CRITICAL 'NoneType' object has no attribute 'split'\n", "record": {"elapsed": {"repr": "0:00:11.979244", "seconds": 11.979244}, "exception": null, "extra": {}, "file": {"name": "main.py", "path": "C:\\Users\\melni\\PycharmProjects\\1xbet_parser\\main.py"}, "function": "get_league", "level": {"icon": "☠️", "name": "CRITICAL", "no": 50}, "line": 156, "message": "'NoneType' object has no attribute 'split'", "module": "main", "name": "__main__", "process": {"id": 9752, "name": "MainProcess"}, "thread": {"id": 7160, "name": "MainThread"}, "time": {"repr": "2024-08-29 02:59:05.277653+05:00", "timestamp": 1724882345.277653}}}
{"text": "2024-08-29T02:59:05.278656+0500 CRITICAL url doesnt written\n", "record": {"elapsed": {"repr": "0:00:11.980247", "seconds": 11.980247}, "exception": null, "extra": {}, "file": {"name": "main.py", "path": "C:\\Users\\melni\\PycharmProjects\\1xbet_parser\\main.py"}, "function": "get_league", "level": {"icon": "☠️", "name": "CRITICAL", "no": 50}, "line": 155, "message": "url doesnt written", "module": "main", "name": "__main__", "process": {"id": 9752, "name": "MainProcess"}, "thread": {"id": 7160, "name": "MainThread"}, "time": {"repr": "2024-08-29 02:59:05.278656+05:00", "timestamp": 1724882345.278656}}}
{"text": "2024-08-29T02:59:05.279669+0500 CRITICAL 'NoneType' object has no attribute 'split'\n", "record": {"elapsed": {"repr": "0:00:11.981260", "seconds": 11.98126}, "exception": null, "extra": {}, "file": {"name": "main.py", "path": "C:\\Users\\melni\\PycharmProjects\\1xbet_parser\\main.py"}, "function": "get_league", "level": {"icon": "☠️", "name": "CRITICAL", "no": 50}, "line": 156, "message": "'NoneType' object has no attribute 'split'", "module": "main", "name": "__main__", "process": {"id": 9752, "name": "MainProcess"}, "thread": {"id": 7160, "name": "MainThread"}, "time": {"repr": "2024-08-29 02:59:05.279669+05:00", "timestamp": 1724882345.279669}}}
{"text": "2024-08-29T02:59:05.280652+0500 CRITICAL url doesnt written\n", "record": {"elapsed": {"repr": "0:00:11.982243", "seconds": 11.982243}, "exception": null, "extra": {}, "file": {"name": "main.py", "path": "C:\\Users\\melni\\PycharmProjects\\1xbet_parser\\main.py"}, "function": "get_league", "level": {"icon": "☠️", "name": "CRITICAL", "no": 50}, "line": 155, "message": "url doesnt written", "module": "main", "name": "__main__", "process": {"id": 9752, "name": "MainProcess"}, "thread": {"id": 7160, "name": "MainThread"}, "time": {"repr": "2024-08-29 02:59:05.280652+05:00", "timestamp": 1724882345.280652}}}
{"text": "2024-08-29T02:59:05.281822+0500 CRITICAL 'NoneType' object has no attribute 'split'\n", "record": {"elapsed": {"repr": "0:00:11.983413", "seconds": 11.983413}, "exception": null, "extra": {}, "file": {"name": "main.py", "path": "C:\\Users\\melni\\PycharmProjects\\1xbet_parser\\main.py"}, "function": "get_league", "level": {"icon": "☠️", "name": "CRITICAL", "no": 50}, "line": 156, "message": "'NoneType' object has no attribute 'split'", "module": "main", "name": "__main__", "process": {"id": 9752, "name": "MainProcess"}, "thread": {"id": 7160, "name": "MainThread"}, "time": {"repr": "2024-08-29 02:59:05.281822+05:00", "timestamp": 1724882345.281822}}}
{"text": "2024-08-29T02:59:05.282823+0500 CRITICAL url doesnt written\n", "record": {"elapsed": {"repr": "0:00:11.984414", "seconds": 11.984414}, "exception": null, "extra": {}, "file": {"name": "main.py", "path": "C:\\Users\\melni\\PycharmProjects\\1xbet_parser\\main.py"}, "function": "get_league", "level": {"icon": "☠️", "name": "CRITICAL", "no": 50}, "line": 155, "message": "url doesnt written", "module": "main", "name": "__main__", "process": {"id": 9752, "name": "MainProcess"}, "thread": {"id": 7160, "name": "MainThread"}, "time": {"repr": "2024-08-29 02:59:05.282823+05:00", "timestamp": 1724882345.282823}}}
{"text": "2024-08-29T02:59:05.282823+0500 CRITICAL 'NoneType' object has no attribute 'split'\n", "record": {"elapsed": {"repr": "0:00:11.984414", "seconds": 11.984414}, "exception": null, "extra": {}, "file": {"name": "main.py", "path": "C:\\Users\\melni\\PycharmProjects\\1xbet_parser\\main.py"}, "function": "get_league", "level": {"icon": "☠️", "name": "CRITICAL", "no": 50}, "line": 156, "message": "'NoneType' object has no attribute 'split'", "module": "main", "name": "__main__", "process": {"id": 9752, "name": "MainProcess"}, "thread": {"id": 7160, "name": "MainThread"}, "time": {"repr": "2024-08-29 02:59:05.282823+05:00", "timestamp": 1724882345.282823}}}
{"text": "2024-08-29T02:59:05.283827+0500 CRITICAL url doesnt written\n", "record": {"elapsed": {"repr": "0:00:11.985418", "seconds": 11.985418}, "exception": null, "extra": {}, "file": {"name": "main.py", "path": "C:\\Users\\melni\\PycharmProjects\\1xbet_parser\\main.py"}, "function": "get_league", "level": {"icon": "☠️", "name": "CRITICAL", "no": 50}, "line": 155, "message": "url doesnt written", "module": "main", "name": "__main__", "process": {"id": 9752, "name": "MainProcess"}, "thread": {"id": 7160, "name": "MainThread"}, "time": {"repr": "2024-08-29 02:59:05.283827+05:00", "timestamp": 1724882345.283827}}}
{"text": "2024-08-29T02:59:05.284829+0500 CRITICAL 'NoneType' object has no attribute 'split'\n", "record": {"elapsed": {"repr": "0:00:11.986420", "seconds": 11.98642}, "exception": null, "extra": {}, "file": {"name": "main.py", "path": "C:\\Users\\melni\\PycharmProjects\\1xbet_parser\\main.py"}, "function": "get_league", "level": {"icon": "☠️", "name": "CRITICAL", "no": 50}, "line": 156, "message": "'NoneType' object has no attribute 'split'", "module": "main", "name": "__main__", "process": {"id": 9752, "name": "MainProcess"}, "thread": {"id": 7160, "name": "MainThread"}, "time": {"repr": "2024-08-29 02:59:05.284829+05:00", "timestamp": 1724882345.284829}}}
{"text": "2024-08-29T02:59:05.285828+0500 CRITICAL url doesnt written\n", "record": {"elapsed": {"repr": "0:00:11.987419", "seconds": 11.987419}, "exception": null, "extra": {}, "file": {"name": "main.py", "path": "C:\\Users\\melni\\PycharmProjects\\1xbet_parser\\main.py"}, "function": "get_league", "level": {"icon": "☠️", "name": "CRITICAL", "no": 50}, "line": 155, "message": "url doesnt written", "module": "main", "name": "__main__", "process": {"id": 9752, "name": "MainProcess"}, "thread": {"id": 7160, "name": "MainThread"}, "time": {"repr": "2024-08-29 02:59:05.285828+05:00", "timestamp": 1724882345.285828}}}
{"text": "2024-08-29T02:59:05.287037+0500 CRITICAL 'NoneType' object has no attribute 'split'\n", "record": {"elapsed": {"repr": "0:00:11.988628", "seconds": 11.988628}, "exception": null, "extra": {}, "file": {"name": "main.py", "path": "C:\\Users\\melni\\PycharmProjects\\1xbet_parser\\main.py"}, "function": "get_league", "level": {"icon": "☠️", "name": "CRITICAL", "no": 50}, "line": 156, "message": "'NoneType' object has no attribute 'split'", "module": "main", "name": "__main__", "process": {"id": 9752, "name": "MainProcess"}, "thread": {"id": 7160, "name": "MainThread"}, "time": {"repr": "2024-08-29 02:59:05.287037+05:00", "timestamp": 1724882345.287037}}}
{"text": "2024-08-29T02:59:05.288040+0500 CRITICAL url doesnt written\n", "record": {"elapsed": {"repr": "0:00:11.989631", "seconds": 11.989631}, "exception": null, "extra": {}, "file": {"name": "main.py", "path": "C:\\Users\\melni\\PycharmProjects\\1xbet_parser\\main.py"}, "function": "get_league", "level": {"icon": "☠️", "name": "CRITICAL", "no": 50}, "line": 155, "message": "url doesnt written", "module": "main", "name": "__main__", "process": {"id": 9752, "name": "MainProcess"}, "thread": {"id": 7160, "name": "MainThread"}, "time": {"repr": "2024-08-29 02:59:05.288040+05:00", "timestamp": 1724882345.28804}}}
{"text": "2024-08-29T02:59:05.288040+0500 CRITICAL 'NoneType' object has no attribute 'split'\n", "record": {"elapsed": {"repr": "0:00:11.989631", "seconds": 11.989631}, "exception": null, "extra": {}, "file": {"name": "main.py", "path": "C:\\Users\\melni\\PycharmProjects\\1xbet_parser\\main.py"}, "function": "get_league", "level": {"icon": "☠️", "name": "CRITICAL", "no": 50}, "line": 156, "message": "'NoneType' object has no attribute 'split'", "module": "main", "name": "__main__", "process": {"id": 9752, "name": "MainProcess"}, "thread": {"id": 7160, "name": "MainThread"}, "time": {"repr": "2024-08-29 02:59:05.288040+05:00", "timestamp": 1724882345.28804}}}
{"text": "2024-08-29T02:59:05.288040+0500 CRITICAL url doesnt written\n", "record": {"elapsed": {"repr": "0:00:11.989631", "seconds": 11.989631}, "exception": null, "extra": {}, "file": {"name": "main.py", "path": "C:\\Users\\melni\\PycharmProjects\\1xbet_parser\\main.py"}, "function": "get_league", "level": {"icon": "☠️", "name": "CRITICAL", "no": 50}, "line": 155, "message": "url doesnt written", "module": "main", "name": "__main__", "process": {"id": 9752, "name": "MainProcess"}, "thread": {"id": 7160, "name": "MainThread"}, "time": {"repr": "2024-08-29 02:59:05.288040+05:00", "timestamp": 1724882345.28804}}}
{"text": "2024-08-29T02:59:05.289040+0500 CRITICAL 'NoneType' object has no attribute 'split'\n", "record": {"elapsed": {"repr": "0:00:11.990631", "seconds": 11.990631}, "exception": null, "extra": {}, "file": {"name": "main.py", "path": "C:\\Users\\melni\\PycharmProjects\\1xbet_parser\\main.py"}, "function": "get_league", "level": {"icon": "☠️", "name": "CRITICAL", "no": 50}, "line": 156, "message": "'NoneType' object has no attribute 'split'", "module": "main", "name": "__main__", "process": {"id": 9752, "name": "MainProcess"}, "thread": {"id": 7160, "name": "MainThread"}, "time": {"repr": "2024-08-29 02:59:05.289040+05:00", "timestamp": 1724882345.28904}}}
{"text": "2024-08-29T02:59:05.290038+0500 CRITICAL url doesnt written\n", "record": {"elapsed": {"repr": "0:00:11.991629", "seconds": 11.991629}, "exception": null, "extra": {}, "file": {"name": "main.py", "path": "C:\\Users\\melni\\PycharmProjects\\1xbet_parser\\main.py"}, "function": "get_league", "level": {"icon": "☠️", "name": "CRITICAL", "no": 50}, "line": 155, "message": "url doesnt written", "module": "main", "name": "__main__", "process": {"id": 9752, "name": "MainProcess"}, "thread": {"id": 7160, "name": "MainThread"}, "time": {"repr": "2024-08-29 02:59:05.290038+05:00", "timestamp": 1724882345.290038}}}
{"text": "2024-08-29T02:59:05.290038+0500 CRITICAL 'NoneType' object has no attribute 'split'\n", "record": {"elapsed": {"repr": "0:00:11.991629", "seconds": 11.991629}, "exception": null, "extra": {}, "file": {"name": "main.py", "path": "C:\\Users\\melni\\PycharmProjects\\1xbet_parser\\main.py"}, "function": "get_league", "level": {"icon": "☠️", "name": "CRITICAL", "no": 50}, "line": 156, "message": "'NoneType' object has no attribute 'split'", "module": "main", "name": "__main__", "process": {"id": 9752, "name": "MainProcess"}, "thread": {"id": 7160, "name": "MainThread"}, "time": {"repr": "2024-08-29 02:59:05.290038+05:00", "timestamp": 1724882345.290038}}}
{"text": "2024-08-29T02:59:05.291038+0500 CRITICAL url doesnt written\n", "record": {"elapsed": {"repr": "0:00:11.992629", "seconds": 11.992629}, "exception": null, "extra": {}, "file": {"name": "main.py", "path": "C:\\Users\\melni\\PycharmProjects\\1xbet_parser\\main.py"}, "function": "get_league", "level": {"icon": "☠️", "name": "CRITICAL", "no": 50}, "line": 155, "message": "url doesnt written", "module": "main", "name": "__main__", "process": {"id": 9752, "name": "MainProcess"}, "thread": {"id": 7160, "name": "MainThread"}, "time": {"repr": "2024-08-29 02:59:05.291038+05:00", "timestamp": 1724882345.291038}}}
{"text": "2024-08-29T02:59:05.316046+0500 CRITICAL 'NoneType' object has no attribute 'split'\n", "record": {"elapsed": {"repr": "0:00:12.017637", "seconds": 12.017637}, "exception": null, "extra": {}, "file": {"name": "main.py", "path": "C:\\Users\\melni\\PycharmProjects\\1xbet_parser\\main.py"}, "function": "get_league", "level": {"icon": "☠️", "name": "CRITICAL", "no": 50}, "line": 156, "message": "'NoneType' object has no attribute 'split'", "module": "main", "name": "__main__", "process": {"id": 9752, "name": "MainProcess"}, "thread": {"id": 7160, "name": "MainThread"}, "time": {"repr": "2024-08-29 02:59:05.316046+05:00", "timestamp": 1724882345.316046}}}
{"text": "2024-08-29T02:59:05.318045+0500 CRITICAL url doesnt written\n", "record": {"elapsed": {"repr": "0:00:12.019636", "seconds": 12.019636}, "exception": null, "extra": {}, "file": {"name": "main.py", "path": "C:\\Users\\melni\\PycharmProjects\\1xbet_parser\\main.py"}, "function": "get_league", "level": {"icon": "☠️", "name": "CRITICAL", "no": 50}, "line": 155, "message": "url doesnt written", "module": "main", "name": "__main__", "process": {"id": 9752, "name": "MainProcess"}, "thread": {"id": 7160, "name": "MainThread"}, "time": {"repr": "2024-08-29 02:59:05.318045+05:00", "timestamp": 1724882345.318045}}}
{"text": "2024-08-29T02:59:05.319047+0500 CRITICAL 'NoneType' object has no attribute 'split'\n", "record": {"elapsed": {"repr": "0:00:12.020638", "seconds": 12.020638}, "exception": null, "extra": {}, "file": {"name": "main.py", "path": "C:\\Users\\melni\\PycharmProjects\\1xbet_parser\\main.py"}, "function": "get_league", "level": {"icon": "☠️", "name": "CRITICAL", "no": 50}, "line": 156, "message": "'NoneType' object has no attribute 'split'", "module": "main", "name": "__main__", "process": {"id": 9752, "name": "MainProcess"}, "thread": {"id": 7160, "name": "MainThread"}, "time": {"repr": "2024-08-29 02:59:05.319047+05:00", "timestamp": 1724882345.319047}}}
{"text": "2024-08-29T02:59:05.320048+0500 CRITICAL url doesnt written\n", "record": {"elapsed": {"repr": "0:00:12.021639", "seconds": 12.021639}, "exception": null, "extra": {}, "file": {"name": "main.py", "path": "C:\\Users\\melni\\PycharmProjects\\1xbet_parser\\main.py"}, "function": "get_league", "level": {"icon": "☠️", "name": "CRITICAL", "no": 50}, "line": 155, "message": "url doesnt written", "module": "main", "name": "__main__", "process": {"id": 9752, "name": "MainProcess"}, "thread": {"id": 7160, "name": "MainThread"}, "time": {"repr": "2024-08-29 02:59:05.320048+05:00", "timestamp": 1724882345.320048}}}
{"text": "2024-08-29T02:59:05.321047+0500 CRITICAL 'NoneType' object has no attribute 'split'\n", "record": {"elapsed": {"repr": "0:00:12.022638", "seconds": 12.022638}, "exception": null, "extra": {}, "file": {"name": "main.py", "path": "C:\\Users\\melni\\PycharmProjects\\1xbet_parser\\main.py"}, "function": "get_league", "level": {"icon": "☠️", "name": "CRITICAL", "no": 50}, "line": 156, "message": "'NoneType' object has no attribute 'split'", "module": "main", "name": "__main__", "process": {"id": 9752, "name": "MainProcess"}, "thread": {"id": 7160, "name": "MainThread"}, "time": {"repr": "2024-08-29 02:59:05.321047+05:00", "timestamp": 1724882345.321047}}}
{"text": "2024-08-29T02:59:05.323213+0500 CRITICAL url doesnt written\n", "record": {"elapsed": {"repr": "0:00:12.024804", "seconds": 12.024804}, "exception": null, "extra": {}, "file": {"name": "main.py", "path": "C:\\Users\\melni\\PycharmProjects\\1xbet_parser\\main.py"}, "function": "get_league", "level": {"icon": "☠️", "name": "CRITICAL", "no": 50}, "line": 155, "message": "url doesnt written", "module": "main", "name": "__main__", "process": {"id": 9752, "name": "MainProcess"}, "thread": {"id": 7160, "name": "MainThread"}, "time": {"repr": "2024-08-29 02:59:05.323213+05:00", "timestamp": 1724882345.323213}}}
{"text": "2024-08-29T02:59:05.324262+0500 CRITICAL 'NoneType' object has no attribute 'split'\n", "record": {"elapsed": {"repr": "0:00:12.025853", "seconds": 12.025853}, "exception": null, "extra": {}, "file": {"name": "main.py", "path": "C:\\Users\\melni\\PycharmProjects\\1xbet_parser\\main.py"}, "function": "get_league", "level": {"icon": "☠️", "name": "CRITICAL", "no": 50}, "line": 156, "message": "'NoneType' object has no attribute 'split'", "module": "main", "name": "__main__", "process": {"id": 9752, "name": "MainProcess"}, "thread": {"id": 7160, "name": "MainThread"}, "time": {"repr": "2024-08-29 02:59:05.324262+05:00", "timestamp": 1724882345.324262}}}
{"text": "2024-08-29T02:59:05.327263+0500 CRITICAL url doesnt written\n", "record": {"elapsed": {"repr": "0:00:12.028854", "seconds": 12.028854}, "exception": null, "extra": {}, "file": {"name": "main.py", "path": "C:\\Users\\melni\\PycharmProjects\\1xbet_parser\\main.py"}, "function": "get_league", "level": {"icon": "☠️", "name": "CRITICAL", "no": 50}, "line": 155, "message": "url doesnt written", "module": "main", "name": "__main__", "process": {"id": 9752, "name": "MainProcess"}, "thread": {"id": 7160, "name": "MainThread"}, "time": {"repr": "2024-08-29 02:59:05.327263+05:00", "timestamp": 1724882345.327263}}}
{"text": "2024-08-29T02:59:05.328263+0500 CRITICAL 'NoneType' object has no attribute 'split'\n", "record": {"elapsed": {"repr": "0:00:12.029854", "seconds": 12.029854}, "exception": null, "extra": {}, "file": {"name": "main.py", "path": "C:\\Users\\melni\\PycharmProjects\\1xbet_parser\\main.py"}, "function": "get_league", "level": {"icon": "☠️", "name": "CRITICAL", "no": 50}, "line": 156, "message": "'NoneType' object has no attribute 'split'", "module": "main", "name": "__main__", "process": {"id": 9752, "name": "MainProcess"}, "thread": {"id": 7160, "name": "MainThread"}, "time": {"repr": "2024-08-29 02:59:05.328263+05:00", "timestamp": 1724882345.328263}}}
{"text": "2024-08-29T02:59:05.328263+0500 CRITICAL url doesnt written\n", "record": {"elapsed": {"repr": "0:00:12.029854", "seconds": 12.029854}, "exception": null, "extra": {}, "file": {"name": "main.py", "path": "C:\\Users\\melni\\PycharmProjects\\1xbet_parser\\main.py"}, "function": "get_league", "level": {"icon": "☠️", "name": "CRITICAL", "no": 50}, "line": 155, "message": "url doesnt written", "module": "main", "name": "__main__", "process": {"id": 9752, "name": "MainProcess"}, "thread": {"id": 7160, "name": "MainThread"}, "time": {"repr": "2024-08-29 02:59:05.328263+05:00", "timestamp": 1724882345.328263}}}
{"text": "2024-08-29T02:59:05.330263+0500 CRITICAL 'NoneType' object has no attribute 'split'\n", "record": {"elapsed": {"repr": "0:00:12.031854", "seconds": 12.031854}, "exception": null, "extra": {}, "file": {"name": "main.py", "path": "C:\\Users\\melni\\PycharmProjects\\1xbet_parser\\main.py"}, "function": "get_league", "level": {"icon": "☠️", "name": "CRITICAL", "no": 50}, "line": 156, "message": "'NoneType' object has no attribute 'split'", "module": "main", "name": "__main__", "process": {"id": 9752, "name": "MainProcess"}, "thread": {"id": 7160, "name": "MainThread"}, "time": {"repr": "2024-08-29 02:59:05.330263+05:00", "timestamp": 1724882345.330263}}}
{"text": "2024-08-29T02:59:05.331263+0500 CRITICAL url doesnt written\n", "record": {"elapsed": {"repr": "0:00:12.032854", "seconds": 12.032854}, "exception": null, "extra": {}, "file": {"name": "main.py", "path": "C:\\Users\\melni\\PycharmProjects\\1xbet_parser\\main.py"}, "function": "get_league", "level": {"icon": "☠️", "name": "CRITICAL", "no": 50}, "line": 155, "message": "url doesnt written", "module": "main", "name": "__main__", "process": {"id": 9752, "name": "MainProcess"}, "thread": {"id": 7160, "name": "MainThread"}, "time": {"repr": "2024-08-29 02:59:05.331263+05:00", "timestamp": 1724882345.331263}}}
{"text": "2024-08-29T02:59:05.332265+0500 CRITICAL 'NoneType' object has no attribute 'split'\n", "record": {"elapsed": {"repr": "0:00:12.033856", "seconds": 12.033856}, "exception": null, "extra": {}, "file": {"name": "main.py", "path": "C:\\Users\\melni\\PycharmProjects\\1xbet_parser\\main.py"}, "function": "get_league", "level": {"icon": "☠️", "name": "CRITICAL", "no": 50}, "line": 156, "message": "'NoneType' object has no attribute 'split'", "module": "main", "name": "__main__", "process": {"id": 9752, "name": "MainProcess"}, "thread": {"id": 7160, "name": "MainThread"}, "time": {"repr": "2024-08-29 02:59:05.332265+05:00", "timestamp": 1724882345.332265}}}
{"text": "2024-08-29T02:59:05.333266+0500 CRITICAL url doesnt written\n", "record": {"elapsed": {"repr": "0:00:12.034857", "seconds": 12.034857}, "exception": null, "extra": {}, "file": {"name": "main.py", "path": "C:\\Users\\melni\\PycharmProjects\\1xbet_parser\\main.py"}, "function": "get_league", "level": {"icon": "☠️", "name": "CRITICAL", "no": 50}, "line": 155, "message": "url doesnt written", "module": "main", "name": "__main__", "process": {"id": 9752, "name": "MainProcess"}, "thread": {"id": 7160, "name": "MainThread"}, "time": {"repr": "2024-08-29 02:59:05.333266+05:00", "timestamp": 1724882345.333266}}}
{"text": "2024-08-29T02:59:05.334268+0500 CRITICAL 'NoneType' object has no attribute 'split'\n", "record": {"elapsed": {"repr": "0:00:12.035859", "seconds": 12.035859}, "exception": null, "extra": {}, "file": {"name": "main.py", "path": "C:\\Users\\melni\\PycharmProjects\\1xbet_parser\\main.py"}, "function": "get_league", "level": {"icon": "☠️", "name": "CRITICAL", "no": 50}, "line": 156, "message": "'NoneType' object has no attribute 'split'", "module": "main", "name": "__main__", "process": {"id": 9752, "name": "MainProcess"}, "thread": {"id": 7160, "name": "MainThread"}, "time": {"repr": "2024-08-29 02:59:05.334268+05:00", "timestamp": 1724882345.334268}}}
{"text": "2024-08-29T02:59:05.335265+0500 CRITICAL url doesnt written\n", "record": {"elapsed": {"repr": "0:00:12.036856", "seconds": 12.036856}, "exception": null, "extra": {}, "file": {"name": "main.py", "path": "C:\\Users\\melni\\PycharmProjects\\1xbet_parser\\main.py"}, "function": "get_league", "level": {"icon": "☠️", "name": "CRITICAL", "no": 50}, "line": 155, "message": "url doesnt written", "module": "main", "name": "__main__", "process": {"id": 9752, "name": "MainProcess"}, "thread": {"id": 7160, "name": "MainThread"}, "time": {"repr": "2024-08-29 02:59:05.335265+05:00", "timestamp": 1724882345.335265}}}
{"text": "2024-08-29T02:59:05.336266+0500 CRITICAL 'NoneType' object has no attribute 'split'\n", "record": {"elapsed": {"repr": "0:00:12.037857", "seconds": 12.037857}, "exception": null, "extra": {}, "file": {"name": "main.py", "path": "C:\\Users\\melni\\PycharmProjects\\1xbet_parser\\main.py"}, "function": "get_league", "level": {"icon": "☠️", "name": "CRITICAL", "no": 50}, "line": 156, "message": "'NoneType' object has no attribute 'split'", "module": "main", "name": "__main__", "process": {"id": 9752, "name": "MainProcess"}, "thread": {"id": 7160, "name": "MainThread"}, "time": {"repr": "2024-08-29 02:59:05.336266+05:00", "timestamp": 1724882345.336266}}}
{"text": "2024-08-29T02:59:05.337265+0500 CRITICAL url doesnt written\n", "record": {"elapsed": {"repr": "0:00:12.038856", "seconds": 12.038856}, "exception": null, "extra": {}, "file": {"name": "main.py", "path": "C:\\Users\\melni\\PycharmProjects\\1xbet_parser\\main.py"}, "function": "get_league", "level": {"icon": "☠️", "name": "CRITICAL", "no": 50}, "line": 155, "message": "url doesnt written", "module": "main", "name": "__main__", "process": {"id": 9752, "name": "MainProcess"}, "thread": {"id": 7160, "name": "MainThread"}, "time": {"repr": "2024-08-29 02:59:05.337265+05:00", "timestamp": 1724882345.337265}}}
{"text": "2024-08-29T02:59:05.338267+0500 CRITICAL 'NoneType' object has no attribute 'split'\n", "record": {"elapsed": {"repr": "0:00:12.039858", "seconds": 12.039858}, "exception": null, "extra": {}, "file": {"name": "main.py", "path": "C:\\Users\\melni\\PycharmProjects\\1xbet_parser\\main.py"}, "function": "get_league", "level": {"icon": "☠️", "name": "CRITICAL", "no": 50}, "line": 156, "message": "'NoneType' object has no attribute 'split'", "module": "main", "name": "__main__", "process": {"id": 9752, "name": "MainProcess"}, "thread": {"id": 7160, "name": "MainThread"}, "time": {"repr": "2024-08-29 02:59:05.338267+05:00", "timestamp": 1724882345.338267}}}
{"text": "2024-08-29T02:59:05.339264+0500 CRITICAL url doesnt written\n", "record": {"elapsed": {"repr": "0:00:12.040855", "seconds": 12.040855}, "exception": null, "extra": {}, "file": {"name": "main.py", "path": "C:\\Users\\melni\\PycharmProjects\\1xbet_parser\\main.py"}, "function": "get_league", "level": {"icon": "☠️", "name": "CRITICAL", "no": 50}, "line": 155, "message": "url doesnt written", "module": "main", "name": "__main__", "process": {"id": 9752, "name": "MainProcess"}, "thread": {"id": 7160, "name": "MainThread"}, "time": {"repr": "2024-08-29 02:59:05.339264+05:00", "timestamp": 1724882345.339264}}}
{"text": "2024-08-29T02:59:05.340266+0500 CRITICAL 'NoneType' object has no attribute 'split'\n", "record": {"elapsed": {"repr": "0:00:12.041857", "seconds": 12.041857}, "exception": null, "extra": {}, "file": {"name": "main.py", "path": "C:\\Users\\melni\\PycharmProjects\\1xbet_parser\\main.py"}, "function": "get_league", "level": {"icon": "☠️", "name": "CRITICAL", "no": 50}, "line": 156, "message": "'NoneType' object has no attribute 'split'", "module": "main", "name": "__main__", "process": {"id": 9752, "name": "MainProcess"}, "thread": {"id": 7160, "name": "MainThread"}, "time": {"repr": "2024-08-29 02:59:05.340266+05:00", "timestamp": 1724882345.340266}}}
{"text": "2024-08-29T02:59:05.341265+0500 CRITICAL url doesnt written\n", "record": {"elapsed": {"repr": "0:00:12.042856", "seconds": 12.042856}, "exception": null, "extra": {}, "file": {"name": "main.py", "path": "C:\\Users\\melni\\PycharmProjects\\1xbet_parser\\main.py"}, "function": "get_league", "level": {"icon": "☠️", "name": "CRITICAL", "no": 50}, "line": 155, "message": "url doesnt written", "module": "main", "name": "__main__", "process": {"id": 9752, "name": "MainProcess"}, "thread": {"id": 7160, "name": "MainThread"}, "time": {"repr": "2024-08-29 02:59:05.341265+05:00", "timestamp": 1724882345.341265}}}
{"text": "2024-08-29T02:59:05.342265+0500 CRITICAL 'NoneType' object has no attribute 'split'\n", "record": {"elapsed": {"repr": "0:00:12.043856", "seconds": 12.043856}, "exception": null, "extra": {}, "file": {"name": "main.py", "path": "C:\\Users\\melni\\PycharmProjects\\1xbet_parser\\main.py"}, "function": "get_league", "level": {"icon": "☠️", "name": "CRITICAL", "no": 50}, "line": 156, "message": "'NoneType' object has no attribute 'split'", "module": "main", "name": "__main__", "process": {"id": 9752, "name": "MainProcess"}, "thread": {"id": 7160, "name": "MainThread"}, "time": {"repr": "2024-08-29 02:59:05.342265+05:00", "timestamp": 1724882345.342265}}}
{"text": "2024-08-29T02:59:05.343266+0500 CRITICAL url doesnt written\n", "record": {"elapsed": {"repr": "0:00:12.044857", "seconds": 12.044857}, "exception": null, "extra": {}, "file": {"name": "main.py", "path": "C:\\Users\\melni\\PycharmProjects\\1xbet_parser\\main.py"}, "function": "get_league", "level": {"icon": "☠️", "name": "CRITICAL", "no": 50}, "line": 155, "message": "url doesnt written", "module": "main", "name": "__main__", "process": {"id": 9752, "name": "MainProcess"}, "thread": {"id": 7160, "name": "MainThread"}, "time": {"repr": "2024-08-29 02:59:05.343266+05:00", "timestamp": 1724882345.343266}}}
{"text": "2024-08-29T02:59:05.344341+0500 CRITICAL 'NoneType' object has no attribute 'split'\n", "record": {"elapsed": {"repr": "0:00:12.045932", "seconds": 12.045932}, "exception": null, "extra": {}, "file": {"name": "main.py", "path": "C:\\Users\\melni\\PycharmProjects\\1xbet_parser\\main.py"}, "function": "get_league", "level": {"icon": "☠️", "name": "CRITICAL", "no": 50}, "line": 156, "message": "'NoneType' object has no attribute 'split'", "module": "main", "name": "__main__", "process": {"id": 9752, "name": "MainProcess"}, "thread": {"id": 7160, "name": "MainThread"}, "time": {"repr": "2024-08-29 02:59:05.344341+05:00", "timestamp": 1724882345.344341}}}
{"text": "2024-08-29T02:59:05.348390+0500 CRITICAL url doesnt written\n", "record": {"elapsed": {"repr": "0:00:12.049981", "seconds": 12.049981}, "exception": null, "extra": {}, "file": {"name": "main.py", "path": "C:\\Users\\melni\\PycharmProjects\\1xbet_parser\\main.py"}, "function": "get_league", "level": {"icon": "☠️", "name": "CRITICAL", "no": 50}, "line": 155, "message": "url doesnt written", "module": "main", "name": "__main__", "process": {"id": 9752, "name": "MainProcess"}, "thread": {"id": 7160, "name": "MainThread"}, "time": {"repr": "2024-08-29 02:59:05.348390+05:00", "timestamp": 1724882345.34839}}}
{"text": "2024-08-29T02:59:05.348390+0500 CRITICAL 'NoneType' object has no attribute 'split'\n", "record": {"elapsed": {"repr": "0:00:12.049981", "seconds": 12.049981}, "exception": null, "extra": {}, "file": {"name": "main.py", "path": "C:\\Users\\melni\\PycharmProjects\\1xbet_parser\\main.py"}, "function": "get_league", "level": {"icon": "☠️", "name": "CRITICAL", "no": 50}, "line": 156, "message": "'NoneType' object has no attribute 'split'", "module": "main", "name": "__main__", "process": {"id": 9752, "name": "MainProcess"}, "thread": {"id": 7160, "name": "MainThread"}, "time": {"repr": "2024-08-29 02:59:05.348390+05:00", "timestamp": 1724882345.34839}}}
{"text": "2024-08-29T02:59:05.350390+0500 CRITICAL url doesnt written\n", "record": {"elapsed": {"repr": "0:00:12.051981", "seconds": 12.051981}, "exception": null, "extra": {}, "file": {"name": "main.py", "path": "C:\\Users\\melni\\PycharmProjects\\1xbet_parser\\main.py"}, "function": "get_league", "level": {"icon": "☠️", "name": "CRITICAL", "no": 50}, "line": 155, "message": "url doesnt written", "module": "main", "name": "__main__", "process": {"id": 9752, "name": "MainProcess"}, "thread": {"id": 7160, "name": "MainThread"}, "time": {"repr": "2024-08-29 02:59:05.350390+05:00", "timestamp": 1724882345.35039}}}
{"text": "2024-08-29T02:59:05.350390+0500 CRITICAL 'NoneType' object has no attribute 'split'\n", "record": {"elapsed": {"repr": "0:00:12.051981", "seconds": 12.051981}, "exception": null, "extra": {}, "file": {"name": "main.py", "path": "C:\\Users\\melni\\PycharmProjects\\1xbet_parser\\main.py"}, "function": "get_league", "level": {"icon": "☠️", "name": "CRITICAL", "no": 50}, "line": 156, "message": "'NoneType' object has no attribute 'split'", "module": "main", "name": "__main__", "process": {"id": 9752, "name": "MainProcess"}, "thread": {"id": 7160, "name": "MainThread"}, "time": {"repr": "2024-08-29 02:59:05.350390+05:00", "timestamp": 1724882345.35039}}}
{"text": "2024-08-29T02:59:05.353391+0500 CRITICAL url doesnt written\n", "record": {"elapsed": {"repr": "0:00:12.054982", "seconds": 12.054982}, "exception": null, "extra": {}, "file": {"name": "main.py", "path": "C:\\Users\\melni\\PycharmProjects\\1xbet_parser\\main.py"}, "function": "get_league", "level": {"icon": "☠️", "name": "CRITICAL", "no": 50}, "line": 155, "message": "url doesnt written", "module": "main", "name": "__main__", "process": {"id": 9752, "name": "MainProcess"}, "thread": {"id": 7160, "name": "MainThread"}, "time": {"repr": "2024-08-29 02:59:05.353391+05:00", "timestamp": 1724882345.353391}}}
{"text": "2024-08-29T02:59:05.355392+0500 CRITICAL 'NoneType' object has no attribute 'split'\n", "record": {"elapsed": {"repr": "0:00:12.056983", "seconds": 12.056983}, "exception": null, "extra": {}, "file": {"name": "main.py", "path": "C:\\Users\\melni\\PycharmProjects\\1xbet_parser\\main.py"}, "function": "get_league", "level": {"icon": "☠️", "name": "CRITICAL", "no": 50}, "line": 156, "message": "'NoneType' object has no attribute 'split'", "module": "main", "name": "__main__", "process": {"id": 9752, "name": "MainProcess"}, "thread": {"id": 7160, "name": "MainThread"}, "time": {"repr": "2024-08-29 02:59:05.355392+05:00", "timestamp": 1724882345.355392}}}
{"text": "2024-08-29T02:59:05.362402+0500 CRITICAL url doesnt written\n", "record": {"elapsed": {"repr": "0:00:12.063993", "seconds": 12.063993}, "exception": null, "extra": {}, "file": {"name": "main.py", "path": "C:\\Users\\melni\\PycharmProjects\\1xbet_parser\\main.py"}, "function": "get_league", "level": {"icon": "☠️", "name": "CRITICAL", "no": 50}, "line": 155, "message": "url doesnt written", "module": "main", "name": "__main__", "process": {"id": 9752, "name": "MainProcess"}, "thread": {"id": 7160, "name": "MainThread"}, "time": {"repr": "2024-08-29 02:59:05.362402+05:00", "timestamp": 1724882345.362402}}}
{"text": "2024-08-29T02:59:05.364404+0500 CRITICAL 'NoneType' object has no attribute 'split'\n", "record": {"elapsed": {"repr": "0:00:12.065995", "seconds": 12.065995}, "exception": null, "extra": {}, "file": {"name": "main.py", "path": "C:\\Users\\melni\\PycharmProjects\\1xbet_parser\\main.py"}, "function": "get_league", "level": {"icon": "☠️", "name": "CRITICAL", "no": 50}, "line": 156, "message": "'NoneType' object has no attribute 'split'", "module": "main", "name": "__main__", "process": {"id": 9752, "name": "MainProcess"}, "thread": {"id": 7160, "name": "MainThread"}, "time": {"repr": "2024-08-29 02:59:05.364404+05:00", "timestamp": 1724882345.364404}}}
{"text": "2024-08-29T02:59:05.365402+0500 CRITICAL url doesnt written\n", "record": {"elapsed": {"repr": "0:00:12.066993", "seconds": 12.066993}, "exception": null, "extra": {}, "file": {"name": "main.py", "path": "C:\\Users\\melni\\PycharmProjects\\1xbet_parser\\main.py"}, "function": "get_league", "level": {"icon": "☠️", "name": "CRITICAL", "no": 50}, "line": 155, "message": "url doesnt written", "module": "main", "name": "__main__", "process": {"id": 9752, "name": "MainProcess"}, "thread": {"id": 7160, "name": "MainThread"}, "time": {"repr": "2024-08-29 02:59:05.365402+05:00", "timestamp": 1724882345.365402}}}
{"text": "2024-08-29T02:59:05.366404+0500 CRITICAL 'NoneType' object has no attribute 'split'\n", "record": {"elapsed": {"repr": "0:00:12.067995", "seconds": 12.067995}, "exception": null, "extra": {}, "file": {"name": "main.py", "path": "C:\\Users\\melni\\PycharmProjects\\1xbet_parser\\main.py"}, "function": "get_league", "level": {"icon": "☠️", "name": "CRITICAL", "no": 50}, "line": 156, "message": "'NoneType' object has no attribute 'split'", "module": "main", "name": "__main__", "process": {"id": 9752, "name": "MainProcess"}, "thread": {"id": 7160, "name": "MainThread"}, "time": {"repr": "2024-08-29 02:59:05.366404+05:00", "timestamp": 1724882345.366404}}}
{"text": "2024-08-29T02:59:05.366404+0500 CRITICAL url doesnt written\n", "record": {"elapsed": {"repr": "0:00:12.067995", "seconds": 12.067995}, "exception": null, "extra": {}, "file": {"name": "main.py", "path": "C:\\Users\\melni\\PycharmProjects\\1xbet_parser\\main.py"}, "function": "get_league", "level": {"icon": "☠️", "name": "CRITICAL", "no": 50}, "line": 155, "message": "url doesnt written", "module": "main", "name": "__main__", "process": {"id": 9752, "name": "MainProcess"}, "thread": {"id": 7160, "name": "MainThread"}, "time": {"repr": "2024-08-29 02:59:05.366404+05:00", "timestamp": 1724882345.366404}}}
{"text": "2024-08-29T02:59:05.371405+0500 CRITICAL 'NoneType' object has no attribute 'split'\n", "record": {"elapsed": {"repr": "0:00:12.072996", "seconds": 12.072996}, "exception": null, "extra": {}, "file": {"name": "main.py", "path": "C:\\Users\\melni\\PycharmProjects\\1xbet_parser\\main.py"}, "function": "get_league", "level": {"icon": "☠️", "name": "CRITICAL", "no": 50}, "line": 156, "message": "'NoneType' object has no attribute 'split'", "module": "main", "name": "__main__", "process": {"id": 9752, "name": "MainProcess"}, "thread": {"id": 7160, "name": "MainThread"}, "time": {"repr": "2024-08-29 02:59:05.371405+05:00", "timestamp": 1724882345.371405}}}
{"text": "2024-08-29T02:59:05.372407+0500 CRITICAL url doesnt written\n", "record": {"elapsed": {"repr": "0:00:12.073998", "seconds": 12.073998}, "exception": null, "extra": {}, "file": {"name": "main.py", "path": "C:\\Users\\melni\\PycharmProjects\\1xbet_parser\\main.py"}, "function": "get_league", "level": {"icon": "☠️", "name": "CRITICAL", "no": 50}, "line": 155, "message": "url doesnt written", "module": "main", "name": "__main__", "process": {"id": 9752, "name": "MainProcess"}, "thread": {"id": 7160, "name": "MainThread"}, "time": {"repr": "2024-08-29 02:59:05.372407+05:00", "timestamp": 1724882345.372407}}}
{"text": "2024-08-29T02:59:05.383119+0500 CRITICAL 'NoneType' object has no attribute 'split'\n", "record": {"elapsed": {"repr": "0:00:12.084710", "seconds": 12.08471}, "exception": null, "extra": {}, "file": {"name": "main.py", "path": "C:\\Users\\melni\\PycharmProjects\\1xbet_parser\\main.py"}, "function": "get_league", "level": {"icon": "☠️", "name": "CRITICAL", "no": 50}, "line": 156, "message": "'NoneType' object has no attribute 'split'", "module": "main", "name": "__main__", "process": {"id": 9752, "name": "MainProcess"}, "thread": {"id": 7160, "name": "MainThread"}, "time": {"repr": "2024-08-29 02:59:05.383119+05:00", "timestamp": 1724882345.383119}}}
{"text": "2024-08-29T02:59:05.384120+0500 CRITICAL url doesnt written\n", "record": {"elapsed": {"repr": "0:00:12.085711", "seconds": 12.085711}, "exception": null, "extra": {}, "file": {"name": "main.py", "path": "C:\\Users\\melni\\PycharmProjects\\1xbet_parser\\main.py"}, "function": "get_league", "level": {"icon": "☠️", "name": "CRITICAL", "no": 50}, "line": 155, "message": "url doesnt written", "module": "main", "name": "__main__", "process": {"id": 9752, "name": "MainProcess"}, "thread": {"id": 7160, "name": "MainThread"}, "time": {"repr": "2024-08-29 02:59:05.384120+05:00", "timestamp": 1724882345.38412}}}
{"text": "2024-08-29T02:59:05.386119+0500 CRITICAL 'NoneType' object has no attribute 'split'\n", "record": {"elapsed": {"repr": "0:00:12.087710", "seconds": 12.08771}, "exception": null, "extra": {}, "file": {"name": "main.py", "path": "C:\\Users\\melni\\PycharmProjects\\1xbet_parser\\main.py"}, "function": "get_league", "level": {"icon": "☠️", "name": "CRITICAL", "no": 50}, "line": 156, "message": "'NoneType' object has no attribute 'split'", "module": "main", "name": "__main__", "process": {"id": 9752, "name": "MainProcess"}, "thread": {"id": 7160, "name": "MainThread"}, "time": {"repr": "2024-08-29 02:59:05.386119+05:00", "timestamp": 1724882345.386119}}}
{"text": "2024-08-29T02:59:05.387122+0500 CRITICAL url doesnt written\n", "record": {"elapsed": {"repr": "0:00:12.088713", "seconds": 12.088713}, "exception": null, "extra": {}, "file": {"name": "main.py", "path": "C:\\Users\\melni\\PycharmProjects\\1xbet_parser\\main.py"}, "function": "get_league", "level": {"icon": "☠️", "name": "CRITICAL", "no": 50}, "line": 155, "message": "url doesnt written", "module": "main", "name": "__main__", "process": {"id": 9752, "name": "MainProcess"}, "thread": {"id": 7160, "name": "MainThread"}, "time": {"repr": "2024-08-29 02:59:05.387122+05:00", "timestamp": 1724882345.387122}}}
{"text": "2024-08-29T02:59:05.388119+0500 CRITICAL 'NoneType' object has no attribute 'split'\n", "record": {"elapsed": {"repr": "0:00:12.089710", "seconds": 12.08971}, "exception": null, "extra": {}, "file": {"name": "main.py", "path": "C:\\Users\\melni\\PycharmProjects\\1xbet_parser\\main.py"}, "function": "get_league", "level": {"icon": "☠️", "name": "CRITICAL", "no": 50}, "line": 156, "message": "'NoneType' object has no attribute 'split'", "module": "main", "name": "__main__", "process": {"id": 9752, "name": "MainProcess"}, "thread": {"id": 7160, "name": "MainThread"}, "time": {"repr": "2024-08-29 02:59:05.388119+05:00", "timestamp": 1724882345.388119}}}
{"text": "2024-08-29T02:59:05.389119+0500 CRITICAL url doesnt written\n", "record": {"elapsed": {"repr": "0:00:12.090710", "seconds": 12.09071}, "exception": null, "extra": {}, "file": {"name": "main.py", "path": "C:\\Users\\melni\\PycharmProjects\\1xbet_parser\\main.py"}, "function": "get_league", "level": {"icon": "☠️", "name": "CRITICAL", "no": 50}, "line": 155, "message": "url doesnt written", "module": "main", "name": "__main__", "process": {"id": 9752, "name": "MainProcess"}, "thread": {"id": 7160, "name": "MainThread"}, "time": {"repr": "2024-08-29 02:59:05.389119+05:00", "timestamp": 1724882345.389119}}}
{"text": "2024-08-29T02:59:05.389119+0500 CRITICAL 'NoneType' object has no attribute 'split'\n", "record": {"elapsed": {"repr": "0:00:12.090710", "seconds": 12.09071}, "exception": null, "extra": {}, "file": {"name": "main.py", "path": "C:\\Users\\melni\\PycharmProjects\\1xbet_parser\\main.py"}, "function": "get_league", "level": {"icon": "☠️", "name": "CRITICAL", "no": 50}, "line": 156, "message": "'NoneType' object has no attribute 'split'", "module": "main", "name": "__main__", "process": {"id": 9752, "name": "MainProcess"}, "thread": {"id": 7160, "name": "MainThread"}, "time": {"repr": "2024-08-29 02:59:05.389119+05:00", "timestamp": 1724882345.389119}}}
{"text": "2024-08-29T02:59:05.390120+0500 CRITICAL url doesnt written\n", "record": {"elapsed": {"repr": "0:00:12.091711", "seconds": 12.091711}, "exception": null, "extra": {}, "file": {"name": "main.py", "path": "C:\\Users\\melni\\PycharmProjects\\1xbet_parser\\main.py"}, "function": "get_league", "level": {"icon": "☠️", "name": "CRITICAL", "no": 50}, "line": 155, "message": "url doesnt written", "module": "main", "name": "__main__", "process": {"id": 9752, "name": "MainProcess"}, "thread": {"id": 7160, "name": "MainThread"}, "time": {"repr": "2024-08-29 02:59:05.390120+05:00", "timestamp": 1724882345.39012}}}
{"text": "2024-08-29T02:59:05.391120+0500 CRITICAL 'NoneType' object has no attribute 'split'\n", "record": {"elapsed": {"repr": "0:00:12.092711", "seconds": 12.092711}, "exception": null, "extra": {}, "file": {"name": "main.py", "path": "C:\\Users\\melni\\PycharmProjects\\1xbet_parser\\main.py"}, "function": "get_league", "level": {"icon": "☠️", "name": "CRITICAL", "no": 50}, "line": 156, "message": "'NoneType' object has no attribute 'split'", "module": "main", "name": "__main__", "process": {"id": 9752, "name": "MainProcess"}, "thread": {"id": 7160, "name": "MainThread"}, "time": {"repr": "2024-08-29 02:59:05.391120+05:00", "timestamp": 1724882345.39112}}}
{"text": "2024-08-29T02:59:05.391120+0500 CRITICAL url doesnt written\n", "record": {"elapsed": {"repr": "0:00:12.092711", "seconds": 12.092711}, "exception": null, "extra": {}, "file": {"name": "main.py", "path": "C:\\Users\\melni\\PycharmProjects\\1xbet_parser\\main.py"}, "function": "get_league", "level": {"icon": "☠️", "name": "CRITICAL", "no": 50}, "line": 155, "message": "url doesnt written", "module": "main", "name": "__main__", "process": {"id": 9752, "name": "MainProcess"}, "thread": {"id": 7160, "name": "MainThread"}, "time": {"repr": "2024-08-29 02:59:05.391120+05:00", "timestamp": 1724882345.39112}}}
{"text": "2024-08-29T02:59:05.392120+0500 CRITICAL 'NoneType' object has no attribute 'split'\n", "record": {"elapsed": {"repr": "0:00:12.093711", "seconds": 12.093711}, "exception": null, "extra": {}, "file": {"name": "main.py", "path": "C:\\Users\\melni\\PycharmProjects\\1xbet_parser\\main.py"}, "function": "get_league", "level": {"icon": "☠️", "name": "CRITICAL", "no": 50}, "line": 156, "message": "'NoneType' object has no attribute 'split'", "module": "main", "name": "__main__", "process": {"id": 9752, "name": "MainProcess"}, "thread": {"id": 7160, "name": "MainThread"}, "time": {"repr": "2024-08-29 02:59:05.392120+05:00", "timestamp": 1724882345.39212}}}
{"text": "2024-08-29T02:59:05.393188+0500 CRITICAL url doesnt written\n", "record": {"elapsed": {"repr": "0:00:12.094779", "seconds": 12.094779}, "exception": null, "extra": {}, "file": {"name": "main.py", "path": "C:\\Users\\melni\\PycharmProjects\\1xbet_parser\\main.py"}, "function": "get_league", "level": {"icon": "☠️", "name": "CRITICAL", "no": 50}, "line": 155, "message": "url doesnt written", "module": "main", "name": "__main__", "process": {"id": 9752, "name": "MainProcess"}, "thread": {"id": 7160, "name": "MainThread"}, "time": {"repr": "2024-08-29 02:59:05.393188+05:00", "timestamp": 1724882345.393188}}}
{"text": "2024-08-29T02:59:05.394228+0500 CRITICAL 'NoneType' object has no attribute 'split'\n", "record": {"elapsed": {"repr": "0:00:12.095819", "seconds": 12.095819}, "exception": null, "extra": {}, "file": {"name": "main.py", "path": "C:\\Users\\melni\\PycharmProjects\\1xbet_parser\\main.py"}, "function": "get_league", "level": {"icon": "☠️", "name": "CRITICAL", "no": 50}, "line": 156, "message": "'NoneType' object has no attribute 'split'", "module": "main", "name": "__main__", "process": {"id": 9752, "name": "MainProcess"}, "thread": {"id": 7160, "name": "MainThread"}, "time": {"repr": "2024-08-29 02:59:05.394228+05:00", "timestamp": 1724882345.394228}}}
{"text": "2024-08-29T02:59:05.395229+0500 CRITICAL url doesnt written\n", "record": {"elapsed": {"repr": "0:00:12.096820", "seconds": 12.09682}, "exception": null, "extra": {}, "file": {"name": "main.py", "path": "C:\\Users\\melni\\PycharmProjects\\1xbet_parser\\main.py"}, "function": "get_league", "level": {"icon": "☠️", "name": "CRITICAL", "no": 50}, "line": 155, "message": "url doesnt written", "module": "main", "name": "__main__", "process": {"id": 9752, "name": "MainProcess"}, "thread": {"id": 7160, "name": "MainThread"}, "time": {"repr": "2024-08-29 02:59:05.395229+05:00", "timestamp": 1724882345.395229}}}
{"text": "2024-08-29T02:59:05.398230+0500 CRITICAL 'NoneType' object has no attribute 'split'\n", "record": {"elapsed": {"repr": "0:00:12.099821", "seconds": 12.099821}, "exception": null, "extra": {}, "file": {"name": "main.py", "path": "C:\\Users\\melni\\PycharmProjects\\1xbet_parser\\main.py"}, "function": "get_league", "level": {"icon": "☠️", "name": "CRITICAL", "no": 50}, "line": 156, "message": "'NoneType' object has no attribute 'split'", "module": "main", "name": "__main__", "process": {"id": 9752, "name": "MainProcess"}, "thread": {"id": 7160, "name": "MainThread"}, "time": {"repr": "2024-08-29 02:59:05.398230+05:00", "timestamp": 1724882345.39823}}}
{"text": "2024-08-29T02:59:05.401231+0500 CRITICAL url doesnt written\n", "record": {"elapsed": {"repr": "0:00:12.102822", "seconds": 12.102822}, "exception": null, "extra": {}, "file": {"name": "main.py", "path": "C:\\Users\\melni\\PycharmProjects\\1xbet_parser\\main.py"}, "function": "get_league", "level": {"icon": "☠️", "name": "CRITICAL", "no": 50}, "line": 155, "message": "url doesnt written", "module": "main", "name": "__main__", "process": {"id": 9752, "name": "MainProcess"}, "thread": {"id": 7160, "name": "MainThread"}, "time": {"repr": "2024-08-29 02:59:05.401231+05:00", "timestamp": 1724882345.401231}}}
{"text": "2024-08-29T02:59:05.402232+0500 CRITICAL 'NoneType' object has no attribute 'split'\n", "record": {"elapsed": {"repr": "0:00:12.103823", "seconds": 12.103823}, "exception": null, "extra": {}, "file": {"name": "main.py", "path": "C:\\Users\\melni\\PycharmProjects\\1xbet_parser\\main.py"}, "function": "get_league", "level": {"icon": "☠️", "name": "CRITICAL", "no": 50}, "line": 156, "message": "'NoneType' object has no attribute 'split'", "module": "main", "name": "__main__", "process": {"id": 9752, "name": "MainProcess"}, "thread": {"id": 7160, "name": "MainThread"}, "time": {"repr": "2024-08-29 02:59:05.402232+05:00", "timestamp": 1724882345.402232}}}
{"text": "2024-08-29T02:59:05.404257+0500 CRITICAL url doesnt written\n", "record": {"elapsed": {"repr": "0:00:12.105848", "seconds": 12.105848}, "exception": null, "extra": {}, "file": {"name": "main.py", "path": "C:\\Users\\melni\\PycharmProjects\\1xbet_parser\\main.py"}, "function": "get_league", "level": {"icon": "☠️", "name": "CRITICAL", "no": 50}, "line": 155, "message": "url doesnt written", "module": "main", "name": "__main__", "process": {"id": 9752, "name": "MainProcess"}, "thread": {"id": 7160, "name": "MainThread"}, "time": {"repr": "2024-08-29 02:59:05.404257+05:00", "timestamp": 1724882345.404257}}}
{"text": "2024-08-29T02:59:05.407251+0500 CRITICAL 'NoneType' object has no attribute 'split'\n", "record": {"elapsed": {"repr": "0:00:12.108842", "seconds": 12.108842}, "exception": null, "extra": {}, "file": {"name": "main.py", "path": "C:\\Users\\melni\\PycharmProjects\\1xbet_parser\\main.py"}, "function": "get_league", "level": {"icon": "☠️", "name": "CRITICAL", "no": 50}, "line": 156, "message": "'NoneType' object has no attribute 'split'", "module": "main", "name": "__main__", "process": {"id": 9752, "name": "MainProcess"}, "thread": {"id": 7160, "name": "MainThread"}, "time": {"repr": "2024-08-29 02:59:05.407251+05:00", "timestamp": 1724882345.407251}}}
{"text": "2024-08-29T02:59:05.408231+0500 CRITICAL url doesnt written\n", "record": {"elapsed": {"repr": "0:00:12.109822", "seconds": 12.109822}, "exception": null, "extra": {}, "file": {"name": "main.py", "path": "C:\\Users\\melni\\PycharmProjects\\1xbet_parser\\main.py"}, "function": "get_league", "level": {"icon": "☠️", "name": "CRITICAL", "no": 50}, "line": 155, "message": "url doesnt written", "module": "main", "name": "__main__", "process": {"id": 9752, "name": "MainProcess"}, "thread": {"id": 7160, "name": "MainThread"}, "time": {"repr": "2024-08-29 02:59:05.408231+05:00", "timestamp": 1724882345.408231}}}
{"text": "2024-08-29T02:59:05.409233+0500 CRITICAL 'NoneType' object has no attribute 'split'\n", "record": {"elapsed": {"repr": "0:00:12.110824", "seconds": 12.110824}, "exception": null, "extra": {}, "file": {"name": "main.py", "path": "C:\\Users\\melni\\PycharmProjects\\1xbet_parser\\main.py"}, "function": "get_league", "level": {"icon": "☠️", "name": "CRITICAL", "no": 50}, "line": 156, "message": "'NoneType' object has no attribute 'split'", "module": "main", "name": "__main__", "process": {"id": 9752, "name": "MainProcess"}, "thread": {"id": 7160, "name": "MainThread"}, "time": {"repr": "2024-08-29 02:59:05.409233+05:00", "timestamp": 1724882345.409233}}}
{"text": "2024-08-29T02:59:05.410237+0500 CRITICAL url doesnt written\n", "record": {"elapsed": {"repr": "0:00:12.111828", "seconds": 12.111828}, "exception": null, "extra": {}, "file": {"name": "main.py", "path": "C:\\Users\\melni\\PycharmProjects\\1xbet_parser\\main.py"}, "function": "get_league", "level": {"icon": "☠️", "name": "CRITICAL", "no": 50}, "line": 155, "message": "url doesnt written", "module": "main", "name": "__main__", "process": {"id": 9752, "name": "MainProcess"}, "thread": {"id": 7160, "name": "MainThread"}, "time": {"repr": "2024-08-29 02:59:05.410237+05:00", "timestamp": 1724882345.410237}}}
{"text": "2024-08-29T02:59:05.411233+0500 CRITICAL 'NoneType' object has no attribute 'split'\n", "record": {"elapsed": {"repr": "0:00:12.112824", "seconds": 12.112824}, "exception": null, "extra": {}, "file": {"name": "main.py", "path": "C:\\Users\\melni\\PycharmProjects\\1xbet_parser\\main.py"}, "function": "get_league", "level": {"icon": "☠️", "name": "CRITICAL", "no": 50}, "line": 156, "message": "'NoneType' object has no attribute 'split'", "module": "main", "name": "__main__", "process": {"id": 9752, "name": "MainProcess"}, "thread": {"id": 7160, "name": "MainThread"}, "time": {"repr": "2024-08-29 02:59:05.411233+05:00", "timestamp": 1724882345.411233}}}
{"text": "2024-08-29T02:59:05.414260+0500 CRITICAL url doesnt written\n", "record": {"elapsed": {"repr": "0:00:12.115851", "seconds": 12.115851}, "exception": null, "extra": {}, "file": {"name": "main.py", "path": "C:\\Users\\melni\\PycharmProjects\\1xbet_parser\\main.py"}, "function": "get_league", "level": {"icon": "☠️", "name": "CRITICAL", "no": 50}, "line": 155, "message": "url doesnt written", "module": "main", "name": "__main__", "process": {"id": 9752, "name": "MainProcess"}, "thread": {"id": 7160, "name": "MainThread"}, "time": {"repr": "2024-08-29 02:59:05.414260+05:00", "timestamp": 1724882345.41426}}}
{"text": "2024-08-29T02:59:05.416249+0500 CRITICAL 'NoneType' object has no attribute 'split'\n", "record": {"elapsed": {"repr": "0:00:12.117840", "seconds": 12.11784}, "exception": null, "extra": {}, "file": {"name": "main.py", "path": "C:\\Users\\melni\\PycharmProjects\\1xbet_parser\\main.py"}, "function": "get_league", "level": {"icon": "☠️", "name": "CRITICAL", "no": 50}, "line": 156, "message": "'NoneType' object has no attribute 'split'", "module": "main", "name": "__main__", "process": {"id": 9752, "name": "MainProcess"}, "thread": {"id": 7160, "name": "MainThread"}, "time": {"repr": "2024-08-29 02:59:05.416249+05:00", "timestamp": 1724882345.416249}}}
{"text": "2024-08-29T02:59:05.417260+0500 CRITICAL url doesnt written\n", "record": {"elapsed": {"repr": "0:00:12.118851", "seconds": 12.118851}, "exception": null, "extra": {}, "file": {"name": "main.py", "path": "C:\\Users\\melni\\PycharmProjects\\1xbet_parser\\main.py"}, "function": "get_league", "level": {"icon": "☠️", "name": "CRITICAL", "no": 50}, "line": 155, "message": "url doesnt written", "module": "main", "name": "__main__", "process": {"id": 9752, "name": "MainProcess"}, "thread": {"id": 7160, "name": "MainThread"}, "time": {"repr": "2024-08-29 02:59:05.417260+05:00", "timestamp": 1724882345.41726}}}
{"text": "2024-08-29T02:59:05.418234+0500 CRITICAL 'NoneType' object has no attribute 'split'\n", "record": {"elapsed": {"repr": "0:00:12.119825", "seconds": 12.119825}, "exception": null, "extra": {}, "file": {"name": "main.py", "path": "C:\\Users\\melni\\PycharmProjects\\1xbet_parser\\main.py"}, "function": "get_league", "level": {"icon": "☠️", "name": "CRITICAL", "no": 50}, "line": 156, "message": "'NoneType' object has no attribute 'split'", "module": "main", "name": "__main__", "process": {"id": 9752, "name": "MainProcess"}, "thread": {"id": 7160, "name": "MainThread"}, "time": {"repr": "2024-08-29 02:59:05.418234+05:00", "timestamp": 1724882345.418234}}}
{"text": "2024-08-29T02:59:05.419235+0500 CRITICAL url doesnt written\n", "record": {"elapsed": {"repr": "0:00:12.120826", "seconds": 12.120826}, "exception": null, "extra": {}, "file": {"name": "main.py", "path": "C:\\Users\\melni\\PycharmProjects\\1xbet_parser\\main.py"}, "function": "get_league", "level": {"icon": "☠️", "name": "CRITICAL", "no": 50}, "line": 155, "message": "url doesnt written", "module": "main", "name": "__main__", "process": {"id": 9752, "name": "MainProcess"}, "thread": {"id": 7160, "name": "MainThread"}, "time": {"repr": "2024-08-29 02:59:05.419235+05:00", "timestamp": 1724882345.419235}}}
{"text": "2024-08-29T02:59:05.420234+0500 CRITICAL 'NoneType' object has no attribute 'split'\n", "record": {"elapsed": {"repr": "0:00:12.121825", "seconds": 12.121825}, "exception": null, "extra": {}, "file": {"name": "main.py", "path": "C:\\Users\\melni\\PycharmProjects\\1xbet_parser\\main.py"}, "function": "get_league", "level": {"icon": "☠️", "name": "CRITICAL", "no": 50}, "line": 156, "message": "'NoneType' object has no attribute 'split'", "module": "main", "name": "__main__", "process": {"id": 9752, "name": "MainProcess"}, "thread": {"id": 7160, "name": "MainThread"}, "time": {"repr": "2024-08-29 02:59:05.420234+05:00", "timestamp": 1724882345.420234}}}
{"text": "2024-08-29T02:59:05.421264+0500 CRITICAL url doesnt written\n", "record": {"elapsed": {"repr": "0:00:12.122855", "seconds": 12.122855}, "exception": null, "extra": {}, "file": {"name": "main.py", "path": "C:\\Users\\melni\\PycharmProjects\\1xbet_parser\\main.py"}, "function": "get_league", "level": {"icon": "☠️", "name": "CRITICAL", "no": 50}, "line": 155, "message": "url doesnt written", "module": "main", "name": "__main__", "process": {"id": 9752, "name": "MainProcess"}, "thread": {"id": 7160, "name": "MainThread"}, "time": {"repr": "2024-08-29 02:59:05.421264+05:00", "timestamp": 1724882345.421264}}}
{"text": "2024-08-29T02:59:05.422241+0500 CRITICAL 'NoneType' object has no attribute 'split'\n", "record": {"elapsed": {"repr": "0:00:12.123832", "seconds": 12.123832}, "exception": null, "extra": {}, "file": {"name": "main.py", "path": "C:\\Users\\melni\\PycharmProjects\\1xbet_parser\\main.py"}, "function": "get_league", "level": {"icon": "☠️", "name": "CRITICAL", "no": 50}, "line": 156, "message": "'NoneType' object has no attribute 'split'", "module": "main", "name": "__main__", "process": {"id": 9752, "name": "MainProcess"}, "thread": {"id": 7160, "name": "MainThread"}, "time": {"repr": "2024-08-29 02:59:05.422241+05:00", "timestamp": 1724882345.422241}}}
{"text": "2024-08-29T02:59:05.423236+0500 CRITICAL url doesnt written\n", "record": {"elapsed": {"repr": "0:00:12.124827", "seconds": 12.124827}, "exception": null, "extra": {}, "file": {"name": "main.py", "path": "C:\\Users\\melni\\PycharmProjects\\1xbet_parser\\main.py"}, "function": "get_league", "level": {"icon": "☠️", "name": "CRITICAL", "no": 50}, "line": 155, "message": "url doesnt written", "module": "main", "name": "__main__", "process": {"id": 9752, "name": "MainProcess"}, "thread": {"id": 7160, "name": "MainThread"}, "time": {"repr": "2024-08-29 02:59:05.423236+05:00", "timestamp": 1724882345.423236}}}
{"text": "2024-08-29T02:59:05.425393+0500 CRITICAL 'NoneType' object has no attribute 'split'\n", "record": {"elapsed": {"repr": "0:00:12.126984", "seconds": 12.126984}, "exception": null, "extra": {}, "file": {"name": "main.py", "path": "C:\\Users\\melni\\PycharmProjects\\1xbet_parser\\main.py"}, "function": "get_league", "level": {"icon": "☠️", "name": "CRITICAL", "no": 50}, "line": 156, "message": "'NoneType' object has no attribute 'split'", "module": "main", "name": "__main__", "process": {"id": 9752, "name": "MainProcess"}, "thread": {"id": 7160, "name": "MainThread"}, "time": {"repr": "2024-08-29 02:59:05.425393+05:00", "timestamp": 1724882345.425393}}}
{"text": "2024-08-29T02:59:05.427377+0500 CRITICAL url doesnt written\n", "record": {"elapsed": {"repr": "0:00:12.128968", "seconds": 12.128968}, "exception": null, "extra": {}, "file": {"name": "main.py", "path": "C:\\Users\\melni\\PycharmProjects\\1xbet_parser\\main.py"}, "function": "get_league", "level": {"icon": "☠️", "name": "CRITICAL", "no": 50}, "line": 155, "message": "url doesnt written", "module": "main", "name": "__main__", "process": {"id": 9752, "name": "MainProcess"}, "thread": {"id": 7160, "name": "MainThread"}, "time": {"repr": "2024-08-29 02:59:05.427377+05:00", "timestamp": 1724882345.427377}}}
{"text": "2024-08-29T02:59:05.428379+0500 CRITICAL 'NoneType' object has no attribute 'split'\n", "record": {"elapsed": {"repr": "0:00:12.129970", "seconds": 12.12997}, "exception": null, "extra": {}, "file": {"name": "main.py", "path": "C:\\Users\\melni\\PycharmProjects\\1xbet_parser\\main.py"}, "function": "get_league", "level": {"icon": "☠️", "name": "CRITICAL", "no": 50}, "line": 156, "message": "'NoneType' object has no attribute 'split'", "module": "main", "name": "__main__", "process": {"id": 9752, "name": "MainProcess"}, "thread": {"id": 7160, "name": "MainThread"}, "time": {"repr": "2024-08-29 02:59:05.428379+05:00", "timestamp": 1724882345.428379}}}
{"text": "2024-08-29T02:59:05.429460+0500 CRITICAL url doesnt written\n", "record": {"elapsed": {"repr": "0:00:12.131051", "seconds": 12.131051}, "exception": null, "extra": {}, "file": {"name": "main.py", "path": "C:\\Users\\melni\\PycharmProjects\\1xbet_parser\\main.py"}, "function": "get_league", "level": {"icon": "☠️", "name": "CRITICAL", "no": 50}, "line": 155, "message": "url doesnt written", "module": "main", "name": "__main__", "process": {"id": 9752, "name": "MainProcess"}, "thread": {"id": 7160, "name": "MainThread"}, "time": {"repr": "2024-08-29 02:59:05.429460+05:00", "timestamp": 1724882345.42946}}}
{"text": "2024-08-29T02:59:05.429773+0500 CRITICAL 'NoneType' object has no attribute 'split'\n", "record": {"elapsed": {"repr": "0:00:12.131364", "seconds": 12.131364}, "exception": null, "extra": {}, "file": {"name": "main.py", "path": "C:\\Users\\melni\\PycharmProjects\\1xbet_parser\\main.py"}, "function": "get_league", "level": {"icon": "☠️", "name": "CRITICAL", "no": 50}, "line": 156, "message": "'NoneType' object has no attribute 'split'", "module": "main", "name": "__main__", "process": {"id": 9752, "name": "MainProcess"}, "thread": {"id": 7160, "name": "MainThread"}, "time": {"repr": "2024-08-29 02:59:05.429773+05:00", "timestamp": 1724882345.429773}}}
{"text": "2024-08-29T02:59:05.430774+0500 CRITICAL url doesnt written\n", "record": {"elapsed": {"repr": "0:00:12.132365", "seconds": 12.132365}, "exception": null, "extra": {}, "file": {"name": "main.py", "path": "C:\\Users\\melni\\PycharmProjects\\1xbet_parser\\main.py"}, "function": "get_league", "level": {"icon": "☠️", "name": "CRITICAL", "no": 50}, "line": 155, "message": "url doesnt written", "module": "main", "name": "__main__", "process": {"id": 9752, "name": "MainProcess"}, "thread": {"id": 7160, "name": "MainThread"}, "time": {"repr": "2024-08-29 02:59:05.430774+05:00", "timestamp": 1724882345.430774}}}
{"text": "2024-08-29T02:59:05.430774+0500 CRITICAL 'NoneType' object has no attribute 'split'\n", "record": {"elapsed": {"repr": "0:00:12.132365", "seconds": 12.132365}, "exception": null, "extra": {}, "file": {"name": "main.py", "path": "C:\\Users\\melni\\PycharmProjects\\1xbet_parser\\main.py"}, "function": "get_league", "level": {"icon": "☠️", "name": "CRITICAL", "no": 50}, "line": 156, "message": "'NoneType' object has no attribute 'split'", "module": "main", "name": "__main__", "process": {"id": 9752, "name": "MainProcess"}, "thread": {"id": 7160, "name": "MainThread"}, "time": {"repr": "2024-08-29 02:59:05.430774+05:00", "timestamp": 1724882345.430774}}}
{"text": "2024-08-29T02:59:05.431775+0500 CRITICAL url doesnt written\n", "record": {"elapsed": {"repr": "0:00:12.133366", "seconds": 12.133366}, "exception": null, "extra": {}, "file": {"name": "main.py", "path": "C:\\Users\\melni\\PycharmProjects\\1xbet_parser\\main.py"}, "function": "get_league", "level": {"icon": "☠️", "name": "CRITICAL", "no": 50}, "line": 155, "message": "url doesnt written", "module": "main", "name": "__main__", "process": {"id": 9752, "name": "MainProcess"}, "thread": {"id": 7160, "name": "MainThread"}, "time": {"repr": "2024-08-29 02:59:05.431775+05:00", "timestamp": 1724882345.431775}}}
{"text": "2024-08-29T02:59:05.433775+0500 CRITICAL 'NoneType' object has no attribute 'split'\n", "record": {"elapsed": {"repr": "0:00:12.135366", "seconds": 12.135366}, "exception": null, "extra": {}, "file": {"name": "main.py", "path": "C:\\Users\\melni\\PycharmProjects\\1xbet_parser\\main.py"}, "function": "get_league", "level": {"icon": "☠️", "name": "CRITICAL", "no": 50}, "line": 156, "message": "'NoneType' object has no attribute 'split'", "module": "main", "name": "__main__", "process": {"id": 9752, "name": "MainProcess"}, "thread": {"id": 7160, "name": "MainThread"}, "time": {"repr": "2024-08-29 02:59:05.433775+05:00", "timestamp": 1724882345.433775}}}
{"text": "2024-08-29T02:59:05.433775+0500 CRITICAL url doesnt written\n", "record": {"elapsed": {"repr": "0:00:12.135366", "seconds": 12.135366}, "exception": null, "extra": {}, "file": {"name": "main.py", "path": "C:\\Users\\melni\\PycharmProjects\\1xbet_parser\\main.py"}, "function": "get_league", "level": {"icon": "☠️", "name": "CRITICAL", "no": 50}, "line": 155, "message": "url doesnt written", "module": "main", "name": "__main__", "process": {"id": 9752, "name": "MainProcess"}, "thread": {"id": 7160, "name": "MainThread"}, "time": {"repr": "2024-08-29 02:59:05.433775+05:00", "timestamp": 1724882345.433775}}}
{"text": "2024-08-29T02:59:05.434928+0500 CRITICAL 'NoneType' object has no attribute 'split'\n", "record": {"elapsed": {"repr": "0:00:12.136519", "seconds": 12.136519}, "exception": null, "extra": {}, "file": {"name": "main.py", "path": "C:\\Users\\melni\\PycharmProjects\\1xbet_parser\\main.py"}, "function": "get_league", "level": {"icon": "☠️", "name": "CRITICAL", "no": 50}, "line": 156, "message": "'NoneType' object has no attribute 'split'", "module": "main", "name": "__main__", "process": {"id": 9752, "name": "MainProcess"}, "thread": {"id": 7160, "name": "MainThread"}, "time": {"repr": "2024-08-29 02:59:05.434928+05:00", "timestamp": 1724882345.434928}}}
{"text": "2024-08-29T02:59:05.435931+0500 CRITICAL url doesnt written\n", "record": {"elapsed": {"repr": "0:00:12.137522", "seconds": 12.137522}, "exception": null, "extra": {}, "file": {"name": "main.py", "path": "C:\\Users\\melni\\PycharmProjects\\1xbet_parser\\main.py"}, "function": "get_league", "level": {"icon": "☠️", "name": "CRITICAL", "no": 50}, "line": 155, "message": "url doesnt written", "module": "main", "name": "__main__", "process": {"id": 9752, "name": "MainProcess"}, "thread": {"id": 7160, "name": "MainThread"}, "time": {"repr": "2024-08-29 02:59:05.435931+05:00", "timestamp": 1724882345.435931}}}
{"text": "2024-08-29T02:59:05.436932+0500 CRITICAL 'NoneType' object has no attribute 'split'\n", "record": {"elapsed": {"repr": "0:00:12.138523", "seconds": 12.138523}, "exception": null, "extra": {}, "file": {"name": "main.py", "path": "C:\\Users\\melni\\PycharmProjects\\1xbet_parser\\main.py"}, "function": "get_league", "level": {"icon": "☠️", "name": "CRITICAL", "no": 50}, "line": 156, "message": "'NoneType' object has no attribute 'split'", "module": "main", "name": "__main__", "process": {"id": 9752, "name": "MainProcess"}, "thread": {"id": 7160, "name": "MainThread"}, "time": {"repr": "2024-08-29 02:59:05.436932+05:00", "timestamp": 1724882345.436932}}}
{"text": "2024-08-29T02:59:05.438942+0500 CRITICAL url doesnt written\n", "record": {"elapsed": {"repr": "0:00:12.140533", "seconds": 12.140533}, "exception": null, "extra": {}, "file": {"name": "main.py", "path": "C:\\Users\\melni\\PycharmProjects\\1xbet_parser\\main.py"}, "function": "get_league", "level": {"icon": "☠️", "name": "CRITICAL", "no": 50}, "line": 155, "message": "url doesnt written", "module": "main", "name": "__main__", "process": {"id": 9752, "name": "MainProcess"}, "thread": {"id": 7160, "name": "MainThread"}, "time": {"repr": "2024-08-29 02:59:05.438942+05:00", "timestamp": 1724882345.438942}}}
{"text": "2024-08-29T02:59:05.440931+0500 CRITICAL 'NoneType' object has no attribute 'split'\n", "record": {"elapsed": {"repr": "0:00:12.142522", "seconds": 12.142522}, "exception": null, "extra": {}, "file": {"name": "main.py", "path": "C:\\Users\\melni\\PycharmProjects\\1xbet_parser\\main.py"}, "function": "get_league", "level": {"icon": "☠️", "name": "CRITICAL", "no": 50}, "line": 156, "message": "'NoneType' object has no attribute 'split'", "module": "main", "name": "__main__", "process": {"id": 9752, "name": "MainProcess"}, "thread": {"id": 7160, "name": "MainThread"}, "time": {"repr": "2024-08-29 02:59:05.440931+05:00", "timestamp": 1724882345.440931}}}
{"text": "2024-08-29T02:59:05.441931+0500 CRITICAL url doesnt written\n", "record": {"elapsed": {"repr": "0:00:12.143522", "seconds": 12.143522}, "exception": null, "extra": {}, "file": {"name": "main.py", "path": "C:\\Users\\melni\\PycharmProjects\\1xbet_parser\\main.py"}, "function": "get_league", "level": {"icon": "☠️", "name": "CRITICAL", "no": 50}, "line": 155, "message": "url doesnt written", "module": "main", "name": "__main__", "process": {"id": 9752, "name": "MainProcess"}, "thread": {"id": 7160, "name": "MainThread"}, "time": {"repr": "2024-08-29 02:59:05.441931+05:00", "timestamp": 1724882345.441931}}}
{"text": "2024-08-29T02:59:05.442930+0500 CRITICAL 'NoneType' object has no attribute 'split'\n", "record": {"elapsed": {"repr": "0:00:12.144521", "seconds": 12.144521}, "exception": null, "extra": {}, "file": {"name": "main.py", "path": "C:\\Users\\melni\\PycharmProjects\\1xbet_parser\\main.py"}, "function": "get_league", "level": {"icon": "☠️", "name": "CRITICAL", "no": 50}, "line": 156, "message": "'NoneType' object has no attribute 'split'", "module": "main", "name": "__main__", "process": {"id": 9752, "name": "MainProcess"}, "thread": {"id": 7160, "name": "MainThread"}, "time": {"repr": "2024-08-29 02:59:05.442930+05:00", "timestamp": 1724882345.44293}}}
{"text": "2024-08-29T02:59:05.445144+0500 CRITICAL url doesnt written\n", "record": {"elapsed": {"repr": "0:00:12.146735", "seconds": 12.146735}, "exception": null, "extra": {}, "file": {"name": "main.py", "path": "C:\\Users\\melni\\PycharmProjects\\1xbet_parser\\main.py"}, "function": "get_league", "level": {"icon": "☠️", "name": "CRITICAL", "no": 50}, "line": 155, "message": "url doesnt written", "module": "main", "name": "__main__", "process": {"id": 9752, "name": "MainProcess"}, "thread": {"id": 7160, "name": "MainThread"}, "time": {"repr": "2024-08-29 02:59:05.445144+05:00", "timestamp": 1724882345.445144}}}
{"text": "2024-08-29T02:59:05.446145+0500 CRITICAL 'NoneType' object has no attribute 'split'\n", "record": {"elapsed": {"repr": "0:00:12.147736", "seconds": 12.147736}, "exception": null, "extra": {}, "file": {"name": "main.py", "path": "C:\\Users\\melni\\PycharmProjects\\1xbet_parser\\main.py"}, "function": "get_league", "level": {"icon": "☠️", "name": "CRITICAL", "no": 50}, "line": 156, "message": "'NoneType' object has no attribute 'split'", "module": "main", "name": "__main__", "process": {"id": 9752, "name": "MainProcess"}, "thread": {"id": 7160, "name": "MainThread"}, "time": {"repr": "2024-08-29 02:59:05.446145+05:00", "timestamp": 1724882345.446145}}}
{"text": "2024-08-29T02:59:05.448145+0500 CRITICAL url doesnt written\n", "record": {"elapsed": {"repr": "0:00:12.149736", "seconds": 12.149736}, "exception": null, "extra": {}, "file": {"name": "main.py", "path": "C:\\Users\\melni\\PycharmProjects\\1xbet_parser\\main.py"}, "function": "get_league", "level": {"icon": "☠️", "name": "CRITICAL", "no": 50}, "line": 155, "message": "url doesnt written", "module": "main", "name": "__main__", "process": {"id": 9752, "name": "MainProcess"}, "thread": {"id": 7160, "name": "MainThread"}, "time": {"repr": "2024-08-29 02:59:05.448145+05:00", "timestamp": 1724882345.448145}}}
{"text": "2024-08-29T02:59:05.449146+0500 CRITICAL 'NoneType' object has no attribute 'split'\n", "record": {"elapsed": {"repr": "0:00:12.150737", "seconds": 12.150737}, "exception": null, "extra": {}, "file": {"name": "main.py", "path": "C:\\Users\\melni\\PycharmProjects\\1xbet_parser\\main.py"}, "function": "get_league", "level": {"icon": "☠️", "name": "CRITICAL", "no": 50}, "line": 156, "message": "'NoneType' object has no attribute 'split'", "module": "main", "name": "__main__", "process": {"id": 9752, "name": "MainProcess"}, "thread": {"id": 7160, "name": "MainThread"}, "time": {"repr": "2024-08-29 02:59:05.449146+05:00", "timestamp": 1724882345.449146}}}
{"text": "2024-08-29T02:59:05.450147+0500 CRITICAL url doesnt written\n", "record": {"elapsed": {"repr": "0:00:12.151738", "seconds": 12.151738}, "exception": null, "extra": {}, "file": {"name": "main.py", "path": "C:\\Users\\melni\\PycharmProjects\\1xbet_parser\\main.py"}, "function": "get_league", "level": {"icon": "☠️", "name": "CRITICAL", "no": 50}, "line": 155, "message": "url doesnt written", "module": "main", "name": "__main__", "process": {"id": 9752, "name": "MainProcess"}, "thread": {"id": 7160, "name": "MainThread"}, "time": {"repr": "2024-08-29 02:59:05.450147+05:00", "timestamp": 1724882345.450147}}}
{"text": "2024-08-29T02:59:05.451148+0500 CRITICAL 'NoneType' object has no attribute 'split'\n", "record": {"elapsed": {"repr": "0:00:12.152739", "seconds": 12.152739}, "exception": null, "extra": {}, "file": {"name": "main.py", "path": "C:\\Users\\melni\\PycharmProjects\\1xbet_parser\\main.py"}, "function": "get_league", "level": {"icon": "☠️", "name": "CRITICAL", "no": 50}, "line": 156, "message": "'NoneType' object has no attribute 'split'", "module": "main", "name": "__main__", "process": {"id": 9752, "name": "MainProcess"}, "thread": {"id": 7160, "name": "MainThread"}, "time": {"repr": "2024-08-29 02:59:05.451148+05:00", "timestamp": 1724882345.451148}}}
{"text": "2024-08-29T02:59:05.452150+0500 CRITICAL url doesnt written\n", "record": {"elapsed": {"repr": "0:00:12.153741", "seconds": 12.153741}, "exception": null, "extra": {}, "file": {"name": "main.py", "path": "C:\\Users\\melni\\PycharmProjects\\1xbet_parser\\main.py"}, "function": "get_league", "level": {"icon": "☠️", "name": "CRITICAL", "no": 50}, "line": 155, "message": "url doesnt written", "module": "main", "name": "__main__", "process": {"id": 9752, "name": "MainProcess"}, "thread": {"id": 7160, "name": "MainThread"}, "time": {"repr": "2024-08-29 02:59:05.452150+05:00", "timestamp": 1724882345.45215}}}
{"text": "2024-08-29T02:59:05.453150+0500 CRITICAL 'NoneType' object has no attribute 'split'\n", "record": {"elapsed": {"repr": "0:00:12.154741", "seconds": 12.154741}, "exception": null, "extra": {}, "file": {"name": "main.py", "path": "C:\\Users\\melni\\PycharmProjects\\1xbet_parser\\main.py"}, "function": "get_league", "level": {"icon": "☠️", "name": "CRITICAL", "no": 50}, "line": 156, "message": "'NoneType' object has no attribute 'split'", "module": "main", "name": "__main__", "process": {"id": 9752, "name": "MainProcess"}, "thread": {"id": 7160, "name": "MainThread"}, "time": {"repr": "2024-08-29 02:59:05.453150+05:00", "timestamp": 1724882345.45315}}}
{"text": "2024-08-29T02:59:05.454152+0500 CRITICAL url doesnt written\n", "record": {"elapsed": {"repr": "0:00:12.155743", "seconds": 12.155743}, "exception": null, "extra": {}, "file": {"name": "main.py", "path": "C:\\Users\\melni\\PycharmProjects\\1xbet_parser\\main.py"}, "function": "get_league", "level": {"icon": "☠️", "name": "CRITICAL", "no": 50}, "line": 155, "message": "url doesnt written", "module": "main", "name": "__main__", "process": {"id": 9752, "name": "MainProcess"}, "thread": {"id": 7160, "name": "MainThread"}, "time": {"repr": "2024-08-29 02:59:05.454152+05:00", "timestamp": 1724882345.454152}}}
{"text": "2024-08-29T02:59:05.458148+0500 CRITICAL 'NoneType' object has no attribute 'split'\n", "record": {"elapsed": {"repr": "0:00:12.159739", "seconds": 12.159739}, "exception": null, "extra": {}, "file": {"name": "main.py", "path": "C:\\Users\\melni\\PycharmProjects\\1xbet_parser\\main.py"}, "function": "get_league", "level": {"icon": "☠️", "name": "CRITICAL", "no": 50}, "line": 156, "message": "'NoneType' object has no attribute 'split'", "module": "main", "name": "__main__", "process": {"id": 9752, "name": "MainProcess"}, "thread": {"id": 7160, "name": "MainThread"}, "time": {"repr": "2024-08-29 02:59:05.458148+05:00", "timestamp": 1724882345.458148}}}
{"text": "2024-08-29T02:59:05.459149+0500 CRITICAL url doesnt written\n", "record": {"elapsed": {"repr": "0:00:12.160740", "seconds": 12.16074}, "exception": null, "extra": {}, "file": {"name": "main.py", "path": "C:\\Users\\melni\\PycharmProjects\\1xbet_parser\\main.py"}, "function": "get_league", "level": {"icon": "☠️", "name": "CRITICAL", "no": 50}, "line": 155, "message": "url doesnt written", "module": "main", "name": "__main__", "process": {"id": 9752, "name": "MainProcess"}, "thread": {"id": 7160, "name": "MainThread"}, "time": {"repr": "2024-08-29 02:59:05.459149+05:00", "timestamp": 1724882345.459149}}}
{"text": "2024-08-29T02:59:05.460151+0500 CRITICAL 'NoneType' object has no attribute 'split'\n", "record": {"elapsed": {"repr": "0:00:12.161742", "seconds": 12.161742}, "exception": null, "extra": {}, "file": {"name": "main.py", "path": "C:\\Users\\melni\\PycharmProjects\\1xbet_parser\\main.py"}, "function": "get_league", "level": {"icon": "☠️", "name": "CRITICAL", "no": 50}, "line": 156, "message": "'NoneType' object has no attribute 'split'", "module": "main", "name": "__main__", "process": {"id": 9752, "name": "MainProcess"}, "thread": {"id": 7160, "name": "MainThread"}, "time": {"repr": "2024-08-29 02:59:05.460151+05:00", "timestamp": 1724882345.460151}}}
{"text": "2024-08-29T02:59:05.461162+0500 CRITICAL url doesnt written\n", "record": {"elapsed": {"repr": "0:00:12.162753", "seconds": 12.162753}, "exception": null, "extra": {}, "file": {"name": "main.py", "path": "C:\\Users\\melni\\PycharmProjects\\1xbet_parser\\main.py"}, "function": "get_league", "level": {"icon": "☠️", "name": "CRITICAL", "no": 50}, "line": 155, "message": "url doesnt written", "module": "main", "name": "__main__", "process": {"id": 9752, "name": "MainProcess"}, "thread": {"id": 7160, "name": "MainThread"}, "time": {"repr": "2024-08-29 02:59:05.461162+05:00", "timestamp": 1724882345.461162}}}
{"text": "2024-08-29T02:59:05.461162+0500 CRITICAL 'NoneType' object has no attribute 'split'\n", "record": {"elapsed": {"repr": "0:00:12.162753", "seconds": 12.162753}, "exception": null, "extra": {}, "file": {"name": "main.py", "path": "C:\\Users\\melni\\PycharmProjects\\1xbet_parser\\main.py"}, "function": "get_league", "level": {"icon": "☠️", "name": "CRITICAL", "no": 50}, "line": 156, "message": "'NoneType' object has no attribute 'split'", "module": "main", "name": "__main__", "process": {"id": 9752, "name": "MainProcess"}, "thread": {"id": 7160, "name": "MainThread"}, "time": {"repr": "2024-08-29 02:59:05.461162+05:00", "timestamp": 1724882345.461162}}}
{"text": "2024-08-29T02:59:05.462162+0500 CRITICAL url doesnt written\n", "record": {"elapsed": {"repr": "0:00:12.163753", "seconds": 12.163753}, "exception": null, "extra": {}, "file": {"name": "main.py", "path": "C:\\Users\\melni\\PycharmProjects\\1xbet_parser\\main.py"}, "function": "get_league", "level": {"icon": "☠️", "name": "CRITICAL", "no": 50}, "line": 155, "message": "url doesnt written", "module": "main", "name": "__main__", "process": {"id": 9752, "name": "MainProcess"}, "thread": {"id": 7160, "name": "MainThread"}, "time": {"repr": "2024-08-29 02:59:05.462162+05:00", "timestamp": 1724882345.462162}}}
{"text": "2024-08-29T02:59:05.463162+0500 CRITICAL 'NoneType' object has no attribute 'split'\n", "record": {"elapsed": {"repr": "0:00:12.164753", "seconds": 12.164753}, "exception": null, "extra": {}, "file": {"name": "main.py", "path": "C:\\Users\\melni\\PycharmProjects\\1xbet_parser\\main.py"}, "function": "get_league", "level": {"icon": "☠️", "name": "CRITICAL", "no": 50}, "line": 156, "message": "'NoneType' object has no attribute 'split'", "module": "main", "name": "__main__", "process": {"id": 9752, "name": "MainProcess"}, "thread": {"id": 7160, "name": "MainThread"}, "time": {"repr": "2024-08-29 02:59:05.463162+05:00", "timestamp": 1724882345.463162}}}
{"text": "2024-08-29T02:59:05.463162+0500 CRITICAL url doesnt written\n", "record": {"elapsed": {"repr": "0:00:12.164753", "seconds": 12.164753}, "exception": null, "extra": {}, "file": {"name": "main.py", "path": "C:\\Users\\melni\\PycharmProjects\\1xbet_parser\\main.py"}, "function": "get_league", "level": {"icon": "☠️", "name": "CRITICAL", "no": 50}, "line": 155, "message": "url doesnt written", "module": "main", "name": "__main__", "process": {"id": 9752, "name": "MainProcess"}, "thread": {"id": 7160, "name": "MainThread"}, "time": {"repr": "2024-08-29 02:59:05.463162+05:00", "timestamp": 1724882345.463162}}}
