{"text": "2024-08-25T14:06:02.771890+0500 DEBUG finding coefficients\n", "record": {"elapsed": {"repr": "0:00:12.436622", "seconds": 12.436622}, "exception": null, "extra": {}, "file": {"name": "main.py", "path": "C:\\Users\\melni\\PycharmProjects\\betboom_parser\\main.py"}, "function": "get_bet", "level": {"icon": "🐞", "name": "DEBUG", "no": 10}, "line": 101, "message": "finding coefficients", "module": "main", "name": "__main__", "process": {"id": 2228, "name": "MainProcess"}, "thread": {"id": 2492, "name": "MainThread"}, "time": {"repr": "2024-08-25 14:06:02.771890+05:00", "timestamp": 1724576762.77189}}}
{"text": "2024-08-25T14:06:02.771890+0500 DEBUG reading db\n", "record": {"elapsed": {"repr": "0:00:12.436622", "seconds": 12.436622}, "exception": null, "extra": {}, "file": {"name": "main.py", "path": "C:\\Users\\melni\\PycharmProjects\\betboom_parser\\main.py"}, "function": "find_game", "level": {"icon": "🐞", "name": "DEBUG", "no": 10}, "line": 61, "message": "reading db", "module": "main", "name": "__main__", "process": {"id": 2228, "name": "MainProcess"}, "thread": {"id": 2492, "name": "MainThread"}, "time": {"repr": "2024-08-25 14:06:02.771890+05:00", "timestamp": 1724576762.77189}}}
{"text": "2024-08-25T14:06:02.771890+0500 DEBUG writing bet to db\n", "record": {"elapsed": {"repr": "0:00:12.436622", "seconds": 12.436622}, "exception": null, "extra": {}, "file": {"name": "main.py", "path": "C:\\Users\\melni\\PycharmProjects\\betboom_parser\\main.py"}, "function": "find_game", "level": {"icon": "🐞", "name": "DEBUG", "no": 10}, "line": 75, "message": "writing bet to db", "module": "main", "name": "__main__", "process": {"id": 2228, "name": "MainProcess"}, "thread": {"id": 2492, "name": "MainThread"}, "time": {"repr": "2024-08-25 14:06:02.771890+05:00", "timestamp": 1724576762.77189}}}
{"text": "2024-08-25T14:06:02.771890+0500 DEBUG finding coefficients\n", "record": {"elapsed": {"repr": "0:00:12.436622", "seconds": 12.436622}, "exception": null, "extra": {}, "file": {"name": "main.py", "path": "C:\\Users\\melni\\PycharmProjects\\betboom_parser\\main.py"}, "function": "get_bet", "level": {"icon": "🐞", "name": "DEBUG", "no": 10}, "line": 101, "message": "finding coefficients", "module": "main", "name": "__main__", "process": {"id": 2228, "name": "MainProcess"}, "thread": {"id": 2492, "name": "MainThread"}, "time": {"repr": "2024-08-25 14:06:02.771890+05:00", "timestamp": 1724576762.77189}}}
{"text": "2024-08-25T14:06:02.771890+0500 DEBUG reading db\n", "record": {"elapsed": {"repr": "0:00:12.436622", "seconds": 12.436622}, "exception": null, "extra": {}, "file": {"name": "main.py", "path": "C:\\Users\\melni\\PycharmProjects\\betboom_parser\\main.py"}, "function": "find_game", "level": {"icon": "🐞", "name": "DEBUG", "no": 10}, "line": 61, "message": "reading db", "module": "main", "name": "__main__", "process": {"id": 2228, "name": "MainProcess"}, "thread": {"id": 2492, "name": "MainThread"}, "time": {"repr": "2024-08-25 14:06:02.771890+05:00", "timestamp": 1724576762.77189}}}
{"text": "2024-08-25T14:06:02.771890+0500 DEBUG writing bet to db\n", "record": {"elapsed": {"repr": "0:00:12.436622", "seconds": 12.436622}, "exception": null, "extra": {}, "file": {"name": "main.py", "path": "C:\\Users\\melni\\PycharmProjects\\betboom_parser\\main.py"}, "function": "find_game", "level": {"icon": "🐞", "name": "DEBUG", "no": 10}, "line": 75, "message": "writing bet to db", "module": "main", "name": "__main__", "process": {"id": 2228, "name": "MainProcess"}, "thread": {"id": 2492, "name": "MainThread"}, "time": {"repr": "2024-08-25 14:06:02.771890+05:00", "timestamp": 1724576762.77189}}}
{"text": "2024-08-25T14:06:02.771890+0500 DEBUG finding coefficients\n", "record": {"elapsed": {"repr": "0:00:12.436622", "seconds": 12.436622}, "exception": null, "extra": {}, "file": {"name": "main.py", "path": "C:\\Users\\melni\\PycharmProjects\\betboom_parser\\main.py"}, "function": "get_bet", "level": {"icon": "🐞", "name": "DEBUG", "no": 10}, "line": 101, "message": "finding coefficients", "module": "main", "name": "__main__", "process": {"id": 2228, "name": "MainProcess"}, "thread": {"id": 2492, "name": "MainThread"}, "time": {"repr": "2024-08-25 14:06:02.771890+05:00", "timestamp": 1724576762.77189}}}
{"text": "2024-08-25T14:06:02.771890+0500 DEBUG getting info about match...\n", "record": {"elapsed": {"repr": "0:00:12.436622", "seconds": 12.436622}, "exception": null, "extra": {}, "file": {"name": "main.py", "path": "C:\\Users\\melni\\PycharmProjects\\betboom_parser\\main.py"}, "function": "get_match", "level": {"icon": "🐞", "name": "DEBUG", "no": 10}, "line": 126, "message": "getting info about match...", "module": "main", "name": "__main__", "process": {"id": 2228, "name": "MainProcess"}, "thread": {"id": 2492, "name": "MainThread"}, "time": {"repr": "2024-08-25 14:06:02.771890+05:00", "timestamp": 1724576762.77189}}}
{"text": "2024-08-25T14:06:03.022038+0500 DEBUG reading db\n", "record": {"elapsed": {"repr": "0:00:12.686770", "seconds": 12.68677}, "exception": null, "extra": {}, "file": {"name": "main.py", "path": "C:\\Users\\melni\\PycharmProjects\\betboom_parser\\main.py"}, "function": "find_game", "level": {"icon": "🐞", "name": "DEBUG", "no": 10}, "line": 61, "message": "reading db", "module": "main", "name": "__main__", "process": {"id": 2228, "name": "MainProcess"}, "thread": {"id": 2492, "name": "MainThread"}, "time": {"repr": "2024-08-25 14:06:03.022038+05:00", "timestamp": 1724576763.022038}}}
{"text": "2024-08-25T14:06:03.022038+0500 DEBUG writing bet to db\n", "record": {"elapsed": {"repr": "0:00:12.686770", "seconds": 12.68677}, "exception": null, "extra": {}, "file": {"name": "main.py", "path": "C:\\Users\\melni\\PycharmProjects\\betboom_parser\\main.py"}, "function": "find_game", "level": {"icon": "🐞", "name": "DEBUG", "no": 10}, "line": 75, "message": "writing bet to db", "module": "main", "name": "__main__", "process": {"id": 2228, "name": "MainProcess"}, "thread": {"id": 2492, "name": "MainThread"}, "time": {"repr": "2024-08-25 14:06:03.022038+05:00", "timestamp": 1724576763.022038}}}
{"text": "2024-08-25T14:06:03.022038+0500 DEBUG finding coefficients\n", "record": {"elapsed": {"repr": "0:00:12.686770", "seconds": 12.68677}, "exception": null, "extra": {}, "file": {"name": "main.py", "path": "C:\\Users\\melni\\PycharmProjects\\betboom_parser\\main.py"}, "function": "get_bet", "level": {"icon": "🐞", "name": "DEBUG", "no": 10}, "line": 101, "message": "finding coefficients", "module": "main", "name": "__main__", "process": {"id": 2228, "name": "MainProcess"}, "thread": {"id": 2492, "name": "MainThread"}, "time": {"repr": "2024-08-25 14:06:03.022038+05:00", "timestamp": 1724576763.022038}}}
{"text": "2024-08-25T14:06:03.022038+0500 DEBUG reading db\n", "record": {"elapsed": {"repr": "0:00:12.686770", "seconds": 12.68677}, "exception": null, "extra": {}, "file": {"name": "main.py", "path": "C:\\Users\\melni\\PycharmProjects\\betboom_parser\\main.py"}, "function": "find_game", "level": {"icon": "🐞", "name": "DEBUG", "no": 10}, "line": 61, "message": "reading db", "module": "main", "name": "__main__", "process": {"id": 2228, "name": "MainProcess"}, "thread": {"id": 2492, "name": "MainThread"}, "time": {"repr": "2024-08-25 14:06:03.022038+05:00", "timestamp": 1724576763.022038}}}
{"text": "2024-08-25T14:06:03.037662+0500 DEBUG writing bet to db\n", "record": {"elapsed": {"repr": "0:00:12.702394", "seconds": 12.702394}, "exception": null, "extra": {}, "file": {"name": "main.py", "path": "C:\\Users\\melni\\PycharmProjects\\betboom_parser\\main.py"}, "function": "find_game", "level": {"icon": "🐞", "name": "DEBUG", "no": 10}, "line": 75, "message": "writing bet to db", "module": "main", "name": "__main__", "process": {"id": 2228, "name": "MainProcess"}, "thread": {"id": 2492, "name": "MainThread"}, "time": {"repr": "2024-08-25 14:06:03.037662+05:00", "timestamp": 1724576763.037662}}}
{"text": "2024-08-25T14:06:03.037662+0500 DEBUG finding coefficients\n", "record": {"elapsed": {"repr": "0:00:12.702394", "seconds": 12.702394}, "exception": null, "extra": {}, "file": {"name": "main.py", "path": "C:\\Users\\melni\\PycharmProjects\\betboom_parser\\main.py"}, "function": "get_bet", "level": {"icon": "🐞", "name": "DEBUG", "no": 10}, "line": 101, "message": "finding coefficients", "module": "main", "name": "__main__", "process": {"id": 2228, "name": "MainProcess"}, "thread": {"id": 2492, "name": "MainThread"}, "time": {"repr": "2024-08-25 14:06:03.037662+05:00", "timestamp": 1724576763.037662}}}
{"text": "2024-08-25T14:06:03.037662+0500 DEBUG reading db\n", "record": {"elapsed": {"repr": "0:00:12.702394", "seconds": 12.702394}, "exception": null, "extra": {}, "file": {"name": "main.py", "path": "C:\\Users\\melni\\PycharmProjects\\betboom_parser\\main.py"}, "function": "find_game", "level": {"icon": "🐞", "name": "DEBUG", "no": 10}, "line": 61, "message": "reading db", "module": "main", "name": "__main__", "process": {"id": 2228, "name": "MainProcess"}, "thread": {"id": 2492, "name": "MainThread"}, "time": {"repr": "2024-08-25 14:06:03.037662+05:00", "timestamp": 1724576763.037662}}}
{"text": "2024-08-25T14:06:03.383822+0500 INFO CS 2. CCT Europe Series 9 (25.08 20:30)\nSinners - Young Ninjas\n\nold odds: 3-я карта -> 1.54\nnew odds: 3-я карта -> 1.57\n", "record": {"elapsed": {"repr": "0:00:13.048554", "seconds": 13.048554}, "exception": null, "extra": {}, "file": {"name": "main.py", "path": "C:\\Users\\melni\\PycharmProjects\\betboom_parser\\main.py"}, "function": "get_alter_message", "level": {"icon": "ℹ️", "name": "INFO", "no": 20}, "line": 48, "message": "CS 2. CCT Europe Series 9 (25.08 20:30)\nSinners - Young Ninjas\n\nold odds: 3-я карта -> 1.54\nnew odds: 3-я карта -> 1.57", "module": "main", "name": "__main__", "process": {"id": 2228, "name": "MainProcess"}, "thread": {"id": 2492, "name": "MainThread"}, "time": {"repr": "2024-08-25 14:06:03.383822+05:00", "timestamp": 1724576763.383822}}}
{"text": "2024-08-25T14:06:03.383822+0500 INFO message sent\n", "record": {"elapsed": {"repr": "0:00:13.048554", "seconds": 13.048554}, "exception": null, "extra": {}, "file": {"name": "main.py", "path": "C:\\Users\\melni\\PycharmProjects\\betboom_parser\\main.py"}, "function": "get_alter_message", "level": {"icon": "ℹ️", "name": "INFO", "no": 20}, "line": 49, "message": "message sent", "module": "main", "name": "__main__", "process": {"id": 2228, "name": "MainProcess"}, "thread": {"id": 2492, "name": "MainThread"}, "time": {"repr": "2024-08-25 14:06:03.383822+05:00", "timestamp": 1724576763.383822}}}
{"text": "2024-08-25T14:06:03.383822+0500 DEBUG writing bet to db\n", "record": {"elapsed": {"repr": "0:00:13.048554", "seconds": 13.048554}, "exception": null, "extra": {}, "file": {"name": "main.py", "path": "C:\\Users\\melni\\PycharmProjects\\betboom_parser\\main.py"}, "function": "find_game", "level": {"icon": "🐞", "name": "DEBUG", "no": 10}, "line": 75, "message": "writing bet to db", "module": "main", "name": "__main__", "process": {"id": 2228, "name": "MainProcess"}, "thread": {"id": 2492, "name": "MainThread"}, "time": {"repr": "2024-08-25 14:06:03.383822+05:00", "timestamp": 1724576763.383822}}}
{"text": "2024-08-25T14:06:03.383822+0500 DEBUG finding coefficients\n", "record": {"elapsed": {"repr": "0:00:13.048554", "seconds": 13.048554}, "exception": null, "extra": {}, "file": {"name": "main.py", "path": "C:\\Users\\melni\\PycharmProjects\\betboom_parser\\main.py"}, "function": "get_bet", "level": {"icon": "🐞", "name": "DEBUG", "no": 10}, "line": 101, "message": "finding coefficients", "module": "main", "name": "__main__", "process": {"id": 2228, "name": "MainProcess"}, "thread": {"id": 2492, "name": "MainThread"}, "time": {"repr": "2024-08-25 14:06:03.383822+05:00", "timestamp": 1724576763.383822}}}
{"text": "2024-08-25T14:06:03.383822+0500 DEBUG getting info about match...\n", "record": {"elapsed": {"repr": "0:00:13.048554", "seconds": 13.048554}, "exception": null, "extra": {}, "file": {"name": "main.py", "path": "C:\\Users\\melni\\PycharmProjects\\betboom_parser\\main.py"}, "function": "get_match", "level": {"icon": "🐞", "name": "DEBUG", "no": 10}, "line": 126, "message": "getting info about match...", "module": "main", "name": "__main__", "process": {"id": 2228, "name": "MainProcess"}, "thread": {"id": 2492, "name": "MainThread"}, "time": {"repr": "2024-08-25 14:06:03.383822+05:00", "timestamp": 1724576763.383822}}}
{"text": "2024-08-25T14:06:03.619314+0500 DEBUG reading db\n", "record": {"elapsed": {"repr": "0:00:13.284046", "seconds": 13.284046}, "exception": null, "extra": {}, "file": {"name": "main.py", "path": "C:\\Users\\melni\\PycharmProjects\\betboom_parser\\main.py"}, "function": "find_game", "level": {"icon": "🐞", "name": "DEBUG", "no": 10}, "line": 61, "message": "reading db", "module": "main", "name": "__main__", "process": {"id": 2228, "name": "MainProcess"}, "thread": {"id": 2492, "name": "MainThread"}, "time": {"repr": "2024-08-25 14:06:03.619314+05:00", "timestamp": 1724576763.619314}}}
{"text": "2024-08-25T14:06:03.619314+0500 DEBUG writing bet to db\n", "record": {"elapsed": {"repr": "0:00:13.284046", "seconds": 13.284046}, "exception": null, "extra": {}, "file": {"name": "main.py", "path": "C:\\Users\\melni\\PycharmProjects\\betboom_parser\\main.py"}, "function": "find_game", "level": {"icon": "🐞", "name": "DEBUG", "no": 10}, "line": 75, "message": "writing bet to db", "module": "main", "name": "__main__", "process": {"id": 2228, "name": "MainProcess"}, "thread": {"id": 2492, "name": "MainThread"}, "time": {"repr": "2024-08-25 14:06:03.619314+05:00", "timestamp": 1724576763.619314}}}
{"text": "2024-08-25T14:06:03.619314+0500 DEBUG finding coefficients\n", "record": {"elapsed": {"repr": "0:00:13.284046", "seconds": 13.284046}, "exception": null, "extra": {}, "file": {"name": "main.py", "path": "C:\\Users\\melni\\PycharmProjects\\betboom_parser\\main.py"}, "function": "get_bet", "level": {"icon": "🐞", "name": "DEBUG", "no": 10}, "line": 101, "message": "finding coefficients", "module": "main", "name": "__main__", "process": {"id": 2228, "name": "MainProcess"}, "thread": {"id": 2492, "name": "MainThread"}, "time": {"repr": "2024-08-25 14:06:03.619314+05:00", "timestamp": 1724576763.619314}}}
{"text": "2024-08-25T14:06:03.619314+0500 DEBUG reading db\n", "record": {"elapsed": {"repr": "0:00:13.284046", "seconds": 13.284046}, "exception": null, "extra": {}, "file": {"name": "main.py", "path": "C:\\Users\\melni\\PycharmProjects\\betboom_parser\\main.py"}, "function": "find_game", "level": {"icon": "🐞", "name": "DEBUG", "no": 10}, "line": 61, "message": "reading db", "module": "main", "name": "__main__", "process": {"id": 2228, "name": "MainProcess"}, "thread": {"id": 2492, "name": "MainThread"}, "time": {"repr": "2024-08-25 14:06:03.619314+05:00", "timestamp": 1724576763.619314}}}
{"text": "2024-08-25T14:06:03.619314+0500 DEBUG writing bet to db\n", "record": {"elapsed": {"repr": "0:00:13.284046", "seconds": 13.284046}, "exception": null, "extra": {}, "file": {"name": "main.py", "path": "C:\\Users\\melni\\PycharmProjects\\betboom_parser\\main.py"}, "function": "find_game", "level": {"icon": "🐞", "name": "DEBUG", "no": 10}, "line": 75, "message": "writing bet to db", "module": "main", "name": "__main__", "process": {"id": 2228, "name": "MainProcess"}, "thread": {"id": 2492, "name": "MainThread"}, "time": {"repr": "2024-08-25 14:06:03.619314+05:00", "timestamp": 1724576763.619314}}}
{"text": "2024-08-25T14:06:03.619314+0500 DEBUG finding coefficients\n", "record": {"elapsed": {"repr": "0:00:13.284046", "seconds": 13.284046}, "exception": null, "extra": {}, "file": {"name": "main.py", "path": "C:\\Users\\melni\\PycharmProjects\\betboom_parser\\main.py"}, "function": "get_bet", "level": {"icon": "🐞", "name": "DEBUG", "no": 10}, "line": 101, "message": "finding coefficients", "module": "main", "name": "__main__", "process": {"id": 2228, "name": "MainProcess"}, "thread": {"id": 2492, "name": "MainThread"}, "time": {"repr": "2024-08-25 14:06:03.619314+05:00", "timestamp": 1724576763.619314}}}
{"text": "2024-08-25T14:06:03.650565+0500 DEBUG reading db\n", "record": {"elapsed": {"repr": "0:00:13.315297", "seconds": 13.315297}, "exception": null, "extra": {}, "file": {"name": "main.py", "path": "C:\\Users\\melni\\PycharmProjects\\betboom_parser\\main.py"}, "function": "find_game", "level": {"icon": "🐞", "name": "DEBUG", "no": 10}, "line": 61, "message": "reading db", "module": "main", "name": "__main__", "process": {"id": 2228, "name": "MainProcess"}, "thread": {"id": 2492, "name": "MainThread"}, "time": {"repr": "2024-08-25 14:06:03.650565+05:00", "timestamp": 1724576763.650565}}}
{"text": "2024-08-25T14:06:04.012727+0500 INFO CS 2. CCT Europe Series 9 (25.08 23:30)\nPARIVISION - Monte Gen\n\nold odds: 3-я карта -> 1.37\nnew odds: 3-я карта -> 1.4\n", "record": {"elapsed": {"repr": "0:00:13.677459", "seconds": 13.677459}, "exception": null, "extra": {}, "file": {"name": "main.py", "path": "C:\\Users\\melni\\PycharmProjects\\betboom_parser\\main.py"}, "function": "get_alter_message", "level": {"icon": "ℹ️", "name": "INFO", "no": 20}, "line": 48, "message": "CS 2. CCT Europe Series 9 (25.08 23:30)\nPARIVISION - Monte Gen\n\nold odds: 3-я карта -> 1.37\nnew odds: 3-я карта -> 1.4", "module": "main", "name": "__main__", "process": {"id": 2228, "name": "MainProcess"}, "thread": {"id": 2492, "name": "MainThread"}, "time": {"repr": "2024-08-25 14:06:04.012727+05:00", "timestamp": 1724576764.012727}}}
{"text": "2024-08-25T14:06:04.012727+0500 INFO message sent\n", "record": {"elapsed": {"repr": "0:00:13.677459", "seconds": 13.677459}, "exception": null, "extra": {}, "file": {"name": "main.py", "path": "C:\\Users\\melni\\PycharmProjects\\betboom_parser\\main.py"}, "function": "get_alter_message", "level": {"icon": "ℹ️", "name": "INFO", "no": 20}, "line": 49, "message": "message sent", "module": "main", "name": "__main__", "process": {"id": 2228, "name": "MainProcess"}, "thread": {"id": 2492, "name": "MainThread"}, "time": {"repr": "2024-08-25 14:06:04.012727+05:00", "timestamp": 1724576764.012727}}}
{"text": "2024-08-25T14:06:04.012727+0500 DEBUG writing bet to db\n", "record": {"elapsed": {"repr": "0:00:13.677459", "seconds": 13.677459}, "exception": null, "extra": {}, "file": {"name": "main.py", "path": "C:\\Users\\melni\\PycharmProjects\\betboom_parser\\main.py"}, "function": "find_game", "level": {"icon": "🐞", "name": "DEBUG", "no": 10}, "line": 75, "message": "writing bet to db", "module": "main", "name": "__main__", "process": {"id": 2228, "name": "MainProcess"}, "thread": {"id": 2492, "name": "MainThread"}, "time": {"repr": "2024-08-25 14:06:04.012727+05:00", "timestamp": 1724576764.012727}}}
{"text": "2024-08-25T14:06:04.012727+0500 DEBUG finding coefficients\n", "record": {"elapsed": {"repr": "0:00:13.677459", "seconds": 13.677459}, "exception": null, "extra": {}, "file": {"name": "main.py", "path": "C:\\Users\\melni\\PycharmProjects\\betboom_parser\\main.py"}, "function": "get_bet", "level": {"icon": "🐞", "name": "DEBUG", "no": 10}, "line": 101, "message": "finding coefficients", "module": "main", "name": "__main__", "process": {"id": 2228, "name": "MainProcess"}, "thread": {"id": 2492, "name": "MainThread"}, "time": {"repr": "2024-08-25 14:06:04.012727+05:00", "timestamp": 1724576764.012727}}}
{"text": "2024-08-25T14:06:04.012727+0500 DEBUG getting info about match...\n", "record": {"elapsed": {"repr": "0:00:13.677459", "seconds": 13.677459}, "exception": null, "extra": {}, "file": {"name": "main.py", "path": "C:\\Users\\melni\\PycharmProjects\\betboom_parser\\main.py"}, "function": "get_match", "level": {"icon": "🐞", "name": "DEBUG", "no": 10}, "line": 126, "message": "getting info about match...", "module": "main", "name": "__main__", "process": {"id": 2228, "name": "MainProcess"}, "thread": {"id": 2492, "name": "MainThread"}, "time": {"repr": "2024-08-25 14:06:04.012727+05:00", "timestamp": 1724576764.012727}}}
{"text": "2024-08-25T14:06:04.373999+0500 DEBUG reading db\n", "record": {"elapsed": {"repr": "0:00:14.038731", "seconds": 14.038731}, "exception": null, "extra": {}, "file": {"name": "main.py", "path": "C:\\Users\\melni\\PycharmProjects\\betboom_parser\\main.py"}, "function": "find_game", "level": {"icon": "🐞", "name": "DEBUG", "no": 10}, "line": 61, "message": "reading db", "module": "main", "name": "__main__", "process": {"id": 2228, "name": "MainProcess"}, "thread": {"id": 2492, "name": "MainThread"}, "time": {"repr": "2024-08-25 14:06:04.373999+05:00", "timestamp": 1724576764.373999}}}
{"text": "2024-08-25T14:06:04.373999+0500 DEBUG writing bet to db\n", "record": {"elapsed": {"repr": "0:00:14.038731", "seconds": 14.038731}, "exception": null, "extra": {}, "file": {"name": "main.py", "path": "C:\\Users\\melni\\PycharmProjects\\betboom_parser\\main.py"}, "function": "find_game", "level": {"icon": "🐞", "name": "DEBUG", "no": 10}, "line": 75, "message": "writing bet to db", "module": "main", "name": "__main__", "process": {"id": 2228, "name": "MainProcess"}, "thread": {"id": 2492, "name": "MainThread"}, "time": {"repr": "2024-08-25 14:06:04.373999+05:00", "timestamp": 1724576764.373999}}}
{"text": "2024-08-25T14:06:04.373999+0500 DEBUG finding coefficients\n", "record": {"elapsed": {"repr": "0:00:14.038731", "seconds": 14.038731}, "exception": null, "extra": {}, "file": {"name": "main.py", "path": "C:\\Users\\melni\\PycharmProjects\\betboom_parser\\main.py"}, "function": "get_bet", "level": {"icon": "🐞", "name": "DEBUG", "no": 10}, "line": 101, "message": "finding coefficients", "module": "main", "name": "__main__", "process": {"id": 2228, "name": "MainProcess"}, "thread": {"id": 2492, "name": "MainThread"}, "time": {"repr": "2024-08-25 14:06:04.373999+05:00", "timestamp": 1724576764.373999}}}
{"text": "2024-08-25T14:06:04.389676+0500 DEBUG reading db\n", "record": {"elapsed": {"repr": "0:00:14.054408", "seconds": 14.054408}, "exception": null, "extra": {}, "file": {"name": "main.py", "path": "C:\\Users\\melni\\PycharmProjects\\betboom_parser\\main.py"}, "function": "find_game", "level": {"icon": "🐞", "name": "DEBUG", "no": 10}, "line": 61, "message": "reading db", "module": "main", "name": "__main__", "process": {"id": 2228, "name": "MainProcess"}, "thread": {"id": 2492, "name": "MainThread"}, "time": {"repr": "2024-08-25 14:06:04.389676+05:00", "timestamp": 1724576764.389676}}}
{"text": "2024-08-25T14:06:04.389676+0500 DEBUG writing bet to db\n", "record": {"elapsed": {"repr": "0:00:14.054408", "seconds": 14.054408}, "exception": null, "extra": {}, "file": {"name": "main.py", "path": "C:\\Users\\melni\\PycharmProjects\\betboom_parser\\main.py"}, "function": "find_game", "level": {"icon": "🐞", "name": "DEBUG", "no": 10}, "line": 75, "message": "writing bet to db", "module": "main", "name": "__main__", "process": {"id": 2228, "name": "MainProcess"}, "thread": {"id": 2492, "name": "MainThread"}, "time": {"repr": "2024-08-25 14:06:04.389676+05:00", "timestamp": 1724576764.389676}}}
{"text": "2024-08-25T14:06:04.389676+0500 DEBUG finding coefficients\n", "record": {"elapsed": {"repr": "0:00:14.054408", "seconds": 14.054408}, "exception": null, "extra": {}, "file": {"name": "main.py", "path": "C:\\Users\\melni\\PycharmProjects\\betboom_parser\\main.py"}, "function": "get_bet", "level": {"icon": "🐞", "name": "DEBUG", "no": 10}, "line": 101, "message": "finding coefficients", "module": "main", "name": "__main__", "process": {"id": 2228, "name": "MainProcess"}, "thread": {"id": 2492, "name": "MainThread"}, "time": {"repr": "2024-08-25 14:06:04.389676+05:00", "timestamp": 1724576764.389676}}}
{"text": "2024-08-25T14:06:04.389676+0500 DEBUG reading db\n", "record": {"elapsed": {"repr": "0:00:14.054408", "seconds": 14.054408}, "exception": null, "extra": {}, "file": {"name": "main.py", "path": "C:\\Users\\melni\\PycharmProjects\\betboom_parser\\main.py"}, "function": "find_game", "level": {"icon": "🐞", "name": "DEBUG", "no": 10}, "line": 61, "message": "reading db", "module": "main", "name": "__main__", "process": {"id": 2228, "name": "MainProcess"}, "thread": {"id": 2492, "name": "MainThread"}, "time": {"repr": "2024-08-25 14:06:04.389676+05:00", "timestamp": 1724576764.389676}}}
{"text": "2024-08-25T14:06:05.049001+0500 INFO CS 2. CCT Europe Series 9 (26.08 14:30)\nBIG - ALTERNATE aTTaX\n\nold odds: 3-я карта -> 1.26\nnew odds: 3-я карта -> 1.28\n", "record": {"elapsed": {"repr": "0:00:14.713733", "seconds": 14.713733}, "exception": null, "extra": {}, "file": {"name": "main.py", "path": "C:\\Users\\melni\\PycharmProjects\\betboom_parser\\main.py"}, "function": "get_alter_message", "level": {"icon": "ℹ️", "name": "INFO", "no": 20}, "line": 48, "message": "CS 2. CCT Europe Series 9 (26.08 14:30)\nBIG - ALTERNATE aTTaX\n\nold odds: 3-я карта -> 1.26\nnew odds: 3-я карта -> 1.28", "module": "main", "name": "__main__", "process": {"id": 2228, "name": "MainProcess"}, "thread": {"id": 2492, "name": "MainThread"}, "time": {"repr": "2024-08-25 14:06:05.049001+05:00", "timestamp": 1724576765.049001}}}
{"text": "2024-08-25T14:06:05.064045+0500 INFO message sent\n", "record": {"elapsed": {"repr": "0:00:14.728777", "seconds": 14.728777}, "exception": null, "extra": {}, "file": {"name": "main.py", "path": "C:\\Users\\melni\\PycharmProjects\\betboom_parser\\main.py"}, "function": "get_alter_message", "level": {"icon": "ℹ️", "name": "INFO", "no": 20}, "line": 49, "message": "message sent", "module": "main", "name": "__main__", "process": {"id": 2228, "name": "MainProcess"}, "thread": {"id": 2492, "name": "MainThread"}, "time": {"repr": "2024-08-25 14:06:05.064045+05:00", "timestamp": 1724576765.064045}}}
{"text": "2024-08-25T14:06:05.065083+0500 DEBUG writing bet to db\n", "record": {"elapsed": {"repr": "0:00:14.729815", "seconds": 14.729815}, "exception": null, "extra": {}, "file": {"name": "main.py", "path": "C:\\Users\\melni\\PycharmProjects\\betboom_parser\\main.py"}, "function": "find_game", "level": {"icon": "🐞", "name": "DEBUG", "no": 10}, "line": 75, "message": "writing bet to db", "module": "main", "name": "__main__", "process": {"id": 2228, "name": "MainProcess"}, "thread": {"id": 2492, "name": "MainThread"}, "time": {"repr": "2024-08-25 14:06:05.065083+05:00", "timestamp": 1724576765.065083}}}
{"text": "2024-08-25T14:06:05.065083+0500 DEBUG finding coefficients\n", "record": {"elapsed": {"repr": "0:00:14.729815", "seconds": 14.729815}, "exception": null, "extra": {}, "file": {"name": "main.py", "path": "C:\\Users\\melni\\PycharmProjects\\betboom_parser\\main.py"}, "function": "get_bet", "level": {"icon": "🐞", "name": "DEBUG", "no": 10}, "line": 101, "message": "finding coefficients", "module": "main", "name": "__main__", "process": {"id": 2228, "name": "MainProcess"}, "thread": {"id": 2492, "name": "MainThread"}, "time": {"repr": "2024-08-25 14:06:05.065083+05:00", "timestamp": 1724576765.065083}}}
{"text": "2024-08-25T14:06:05.065083+0500 DEBUG getting info about match...\n", "record": {"elapsed": {"repr": "0:00:14.729815", "seconds": 14.729815}, "exception": null, "extra": {}, "file": {"name": "main.py", "path": "C:\\Users\\melni\\PycharmProjects\\betboom_parser\\main.py"}, "function": "get_match", "level": {"icon": "🐞", "name": "DEBUG", "no": 10}, "line": 126, "message": "getting info about match...", "module": "main", "name": "__main__", "process": {"id": 2228, "name": "MainProcess"}, "thread": {"id": 2492, "name": "MainThread"}, "time": {"repr": "2024-08-25 14:06:05.065083+05:00", "timestamp": 1724576765.065083}}}
{"text": "2024-08-25T14:06:05.316094+0500 DEBUG reading db\n", "record": {"elapsed": {"repr": "0:00:14.980826", "seconds": 14.980826}, "exception": null, "extra": {}, "file": {"name": "main.py", "path": "C:\\Users\\melni\\PycharmProjects\\betboom_parser\\main.py"}, "function": "find_game", "level": {"icon": "🐞", "name": "DEBUG", "no": 10}, "line": 61, "message": "reading db", "module": "main", "name": "__main__", "process": {"id": 2228, "name": "MainProcess"}, "thread": {"id": 2492, "name": "MainThread"}, "time": {"repr": "2024-08-25 14:06:05.316094+05:00", "timestamp": 1724576765.316094}}}
{"text": "2024-08-25T14:06:05.316094+0500 DEBUG writing bet to db\n", "record": {"elapsed": {"repr": "0:00:14.980826", "seconds": 14.980826}, "exception": null, "extra": {}, "file": {"name": "main.py", "path": "C:\\Users\\melni\\PycharmProjects\\betboom_parser\\main.py"}, "function": "find_game", "level": {"icon": "🐞", "name": "DEBUG", "no": 10}, "line": 75, "message": "writing bet to db", "module": "main", "name": "__main__", "process": {"id": 2228, "name": "MainProcess"}, "thread": {"id": 2492, "name": "MainThread"}, "time": {"repr": "2024-08-25 14:06:05.316094+05:00", "timestamp": 1724576765.316094}}}
{"text": "2024-08-25T14:06:05.316094+0500 DEBUG finding coefficients\n", "record": {"elapsed": {"repr": "0:00:14.980826", "seconds": 14.980826}, "exception": null, "extra": {}, "file": {"name": "main.py", "path": "C:\\Users\\melni\\PycharmProjects\\betboom_parser\\main.py"}, "function": "get_bet", "level": {"icon": "🐞", "name": "DEBUG", "no": 10}, "line": 101, "message": "finding coefficients", "module": "main", "name": "__main__", "process": {"id": 2228, "name": "MainProcess"}, "thread": {"id": 2492, "name": "MainThread"}, "time": {"repr": "2024-08-25 14:06:05.316094+05:00", "timestamp": 1724576765.316094}}}
{"text": "2024-08-25T14:06:05.316094+0500 DEBUG reading db\n", "record": {"elapsed": {"repr": "0:00:14.980826", "seconds": 14.980826}, "exception": null, "extra": {}, "file": {"name": "main.py", "path": "C:\\Users\\melni\\PycharmProjects\\betboom_parser\\main.py"}, "function": "find_game", "level": {"icon": "🐞", "name": "DEBUG", "no": 10}, "line": 61, "message": "reading db", "module": "main", "name": "__main__", "process": {"id": 2228, "name": "MainProcess"}, "thread": {"id": 2492, "name": "MainThread"}, "time": {"repr": "2024-08-25 14:06:05.316094+05:00", "timestamp": 1724576765.316094}}}
{"text": "2024-08-25T14:06:05.316094+0500 DEBUG writing bet to db\n", "record": {"elapsed": {"repr": "0:00:14.980826", "seconds": 14.980826}, "exception": null, "extra": {}, "file": {"name": "main.py", "path": "C:\\Users\\melni\\PycharmProjects\\betboom_parser\\main.py"}, "function": "find_game", "level": {"icon": "🐞", "name": "DEBUG", "no": 10}, "line": 75, "message": "writing bet to db", "module": "main", "name": "__main__", "process": {"id": 2228, "name": "MainProcess"}, "thread": {"id": 2492, "name": "MainThread"}, "time": {"repr": "2024-08-25 14:06:05.316094+05:00", "timestamp": 1724576765.316094}}}
{"text": "2024-08-25T14:06:05.316094+0500 DEBUG finding coefficients\n", "record": {"elapsed": {"repr": "0:00:14.980826", "seconds": 14.980826}, "exception": null, "extra": {}, "file": {"name": "main.py", "path": "C:\\Users\\melni\\PycharmProjects\\betboom_parser\\main.py"}, "function": "get_bet", "level": {"icon": "🐞", "name": "DEBUG", "no": 10}, "line": 101, "message": "finding coefficients", "module": "main", "name": "__main__", "process": {"id": 2228, "name": "MainProcess"}, "thread": {"id": 2492, "name": "MainThread"}, "time": {"repr": "2024-08-25 14:06:05.316094+05:00", "timestamp": 1724576765.316094}}}
{"text": "2024-08-25T14:06:05.316094+0500 DEBUG reading db\n", "record": {"elapsed": {"repr": "0:00:14.980826", "seconds": 14.980826}, "exception": null, "extra": {}, "file": {"name": "main.py", "path": "C:\\Users\\melni\\PycharmProjects\\betboom_parser\\main.py"}, "function": "find_game", "level": {"icon": "🐞", "name": "DEBUG", "no": 10}, "line": 61, "message": "reading db", "module": "main", "name": "__main__", "process": {"id": 2228, "name": "MainProcess"}, "thread": {"id": 2492, "name": "MainThread"}, "time": {"repr": "2024-08-25 14:06:05.316094+05:00", "timestamp": 1724576765.316094}}}
{"text": "2024-08-25T14:06:05.316094+0500 DEBUG writing bet to db\n", "record": {"elapsed": {"repr": "0:00:14.980826", "seconds": 14.980826}, "exception": null, "extra": {}, "file": {"name": "main.py", "path": "C:\\Users\\melni\\PycharmProjects\\betboom_parser\\main.py"}, "function": "find_game", "level": {"icon": "🐞", "name": "DEBUG", "no": 10}, "line": 75, "message": "writing bet to db", "module": "main", "name": "__main__", "process": {"id": 2228, "name": "MainProcess"}, "thread": {"id": 2492, "name": "MainThread"}, "time": {"repr": "2024-08-25 14:06:05.316094+05:00", "timestamp": 1724576765.316094}}}
{"text": "2024-08-25T14:06:05.316094+0500 DEBUG finding coefficients\n", "record": {"elapsed": {"repr": "0:00:14.980826", "seconds": 14.980826}, "exception": null, "extra": {}, "file": {"name": "main.py", "path": "C:\\Users\\melni\\PycharmProjects\\betboom_parser\\main.py"}, "function": "get_bet", "level": {"icon": "🐞", "name": "DEBUG", "no": 10}, "line": 101, "message": "finding coefficients", "module": "main", "name": "__main__", "process": {"id": 2228, "name": "MainProcess"}, "thread": {"id": 2492, "name": "MainThread"}, "time": {"repr": "2024-08-25 14:06:05.316094+05:00", "timestamp": 1724576765.316094}}}
{"text": "2024-08-25T14:06:05.316094+0500 DEBUG getting info about match...\n", "record": {"elapsed": {"repr": "0:00:14.980826", "seconds": 14.980826}, "exception": null, "extra": {}, "file": {"name": "main.py", "path": "C:\\Users\\melni\\PycharmProjects\\betboom_parser\\main.py"}, "function": "get_match", "level": {"icon": "🐞", "name": "DEBUG", "no": 10}, "line": 126, "message": "getting info about match...", "module": "main", "name": "__main__", "process": {"id": 2228, "name": "MainProcess"}, "thread": {"id": 2492, "name": "MainThread"}, "time": {"repr": "2024-08-25 14:06:05.316094+05:00", "timestamp": 1724576765.316094}}}
{"text": "2024-08-25T14:06:05.630086+0500 DEBUG reading db\n", "record": {"elapsed": {"repr": "0:00:15.294818", "seconds": 15.294818}, "exception": null, "extra": {}, "file": {"name": "main.py", "path": "C:\\Users\\melni\\PycharmProjects\\betboom_parser\\main.py"}, "function": "find_game", "level": {"icon": "🐞", "name": "DEBUG", "no": 10}, "line": 61, "message": "reading db", "module": "main", "name": "__main__", "process": {"id": 2228, "name": "MainProcess"}, "thread": {"id": 2492, "name": "MainThread"}, "time": {"repr": "2024-08-25 14:06:05.630086+05:00", "timestamp": 1724576765.630086}}}
{"text": "2024-08-25T14:06:05.630086+0500 DEBUG writing bet to db\n", "record": {"elapsed": {"repr": "0:00:15.294818", "seconds": 15.294818}, "exception": null, "extra": {}, "file": {"name": "main.py", "path": "C:\\Users\\melni\\PycharmProjects\\betboom_parser\\main.py"}, "function": "find_game", "level": {"icon": "🐞", "name": "DEBUG", "no": 10}, "line": 75, "message": "writing bet to db", "module": "main", "name": "__main__", "process": {"id": 2228, "name": "MainProcess"}, "thread": {"id": 2492, "name": "MainThread"}, "time": {"repr": "2024-08-25 14:06:05.630086+05:00", "timestamp": 1724576765.630086}}}
{"text": "2024-08-25T14:06:05.630086+0500 DEBUG finding coefficients\n", "record": {"elapsed": {"repr": "0:00:15.294818", "seconds": 15.294818}, "exception": null, "extra": {}, "file": {"name": "main.py", "path": "C:\\Users\\melni\\PycharmProjects\\betboom_parser\\main.py"}, "function": "get_bet", "level": {"icon": "🐞", "name": "DEBUG", "no": 10}, "line": 101, "message": "finding coefficients", "module": "main", "name": "__main__", "process": {"id": 2228, "name": "MainProcess"}, "thread": {"id": 2492, "name": "MainThread"}, "time": {"repr": "2024-08-25 14:06:05.630086+05:00", "timestamp": 1724576765.630086}}}
{"text": "2024-08-25T14:06:05.630086+0500 DEBUG reading db\n", "record": {"elapsed": {"repr": "0:00:15.294818", "seconds": 15.294818}, "exception": null, "extra": {}, "file": {"name": "main.py", "path": "C:\\Users\\melni\\PycharmProjects\\betboom_parser\\main.py"}, "function": "find_game", "level": {"icon": "🐞", "name": "DEBUG", "no": 10}, "line": 61, "message": "reading db", "module": "main", "name": "__main__", "process": {"id": 2228, "name": "MainProcess"}, "thread": {"id": 2492, "name": "MainThread"}, "time": {"repr": "2024-08-25 14:06:05.630086+05:00", "timestamp": 1724576765.630086}}}
{"text": "2024-08-25T14:06:05.630086+0500 DEBUG writing bet to db\n", "record": {"elapsed": {"repr": "0:00:15.294818", "seconds": 15.294818}, "exception": null, "extra": {}, "file": {"name": "main.py", "path": "C:\\Users\\melni\\PycharmProjects\\betboom_parser\\main.py"}, "function": "find_game", "level": {"icon": "🐞", "name": "DEBUG", "no": 10}, "line": 75, "message": "writing bet to db", "module": "main", "name": "__main__", "process": {"id": 2228, "name": "MainProcess"}, "thread": {"id": 2492, "name": "MainThread"}, "time": {"repr": "2024-08-25 14:06:05.630086+05:00", "timestamp": 1724576765.630086}}}
{"text": "2024-08-25T14:06:05.630086+0500 DEBUG finding coefficients\n", "record": {"elapsed": {"repr": "0:00:15.294818", "seconds": 15.294818}, "exception": null, "extra": {}, "file": {"name": "main.py", "path": "C:\\Users\\melni\\PycharmProjects\\betboom_parser\\main.py"}, "function": "get_bet", "level": {"icon": "🐞", "name": "DEBUG", "no": 10}, "line": 101, "message": "finding coefficients", "module": "main", "name": "__main__", "process": {"id": 2228, "name": "MainProcess"}, "thread": {"id": 2492, "name": "MainThread"}, "time": {"repr": "2024-08-25 14:06:05.630086+05:00", "timestamp": 1724576765.630086}}}
{"text": "2024-08-25T14:06:05.630086+0500 DEBUG reading db\n", "record": {"elapsed": {"repr": "0:00:15.294818", "seconds": 15.294818}, "exception": null, "extra": {}, "file": {"name": "main.py", "path": "C:\\Users\\melni\\PycharmProjects\\betboom_parser\\main.py"}, "function": "find_game", "level": {"icon": "🐞", "name": "DEBUG", "no": 10}, "line": 61, "message": "reading db", "module": "main", "name": "__main__", "process": {"id": 2228, "name": "MainProcess"}, "thread": {"id": 2492, "name": "MainThread"}, "time": {"repr": "2024-08-25 14:06:05.630086+05:00", "timestamp": 1724576765.630086}}}
{"text": "2024-08-25T14:06:05.630086+0500 DEBUG writing bet to db\n", "record": {"elapsed": {"repr": "0:00:15.294818", "seconds": 15.294818}, "exception": null, "extra": {}, "file": {"name": "main.py", "path": "C:\\Users\\melni\\PycharmProjects\\betboom_parser\\main.py"}, "function": "find_game", "level": {"icon": "🐞", "name": "DEBUG", "no": 10}, "line": 75, "message": "writing bet to db", "module": "main", "name": "__main__", "process": {"id": 2228, "name": "MainProcess"}, "thread": {"id": 2492, "name": "MainThread"}, "time": {"repr": "2024-08-25 14:06:05.630086+05:00", "timestamp": 1724576765.630086}}}
{"text": "2024-08-25T14:06:05.645723+0500 DEBUG finding coefficients\n", "record": {"elapsed": {"repr": "0:00:15.310455", "seconds": 15.310455}, "exception": null, "extra": {}, "file": {"name": "main.py", "path": "C:\\Users\\melni\\PycharmProjects\\betboom_parser\\main.py"}, "function": "get_bet", "level": {"icon": "🐞", "name": "DEBUG", "no": 10}, "line": 101, "message": "finding coefficients", "module": "main", "name": "__main__", "process": {"id": 2228, "name": "MainProcess"}, "thread": {"id": 2492, "name": "MainThread"}, "time": {"repr": "2024-08-25 14:06:05.645723+05:00", "timestamp": 1724576765.645723}}}
{"text": "2024-08-25T14:06:05.645723+0500 DEBUG getting info about match...\n", "record": {"elapsed": {"repr": "0:00:15.310455", "seconds": 15.310455}, "exception": null, "extra": {}, "file": {"name": "main.py", "path": "C:\\Users\\melni\\PycharmProjects\\betboom_parser\\main.py"}, "function": "get_match", "level": {"icon": "🐞", "name": "DEBUG", "no": 10}, "line": 126, "message": "getting info about match...", "module": "main", "name": "__main__", "process": {"id": 2228, "name": "MainProcess"}, "thread": {"id": 2492, "name": "MainThread"}, "time": {"repr": "2024-08-25 14:06:05.645723+05:00", "timestamp": 1724576765.645723}}}
{"text": "2024-08-25T14:06:05.645723+0500 DEBUG getting matches...\n", "record": {"elapsed": {"repr": "0:00:15.310455", "seconds": 15.310455}, "exception": null, "extra": {}, "file": {"name": "main.py", "path": "C:\\Users\\melni\\PycharmProjects\\betboom_parser\\main.py"}, "function": "get_league", "level": {"icon": "🐞", "name": "DEBUG", "no": 10}, "line": 149, "message": "getting matches...", "module": "main", "name": "__main__", "process": {"id": 2228, "name": "MainProcess"}, "thread": {"id": 2492, "name": "MainThread"}, "time": {"repr": "2024-08-25 14:06:05.645723+05:00", "timestamp": 1724576765.645723}}}
{"text": "2024-08-25T14:06:05.645723+0500 INFO sleeping...\n", "record": {"elapsed": {"repr": "0:00:15.310455", "seconds": 15.310455}, "exception": null, "extra": {}, "file": {"name": "main.py", "path": "C:\\Users\\melni\\PycharmProjects\\betboom_parser\\main.py"}, "function": "<module>", "level": {"icon": "ℹ️", "name": "INFO", "no": 20}, "line": 156, "message": "sleeping...", "module": "main", "name": "__main__", "process": {"id": 2228, "name": "MainProcess"}, "thread": {"id": 2492, "name": "MainThread"}, "time": {"repr": "2024-08-25 14:06:05.645723+05:00", "timestamp": 1724576765.645723}}}
{"text": "2024-08-25T14:09:53.033588+0500 DEBUG reading db\n", "record": {"elapsed": {"repr": "0:00:17.140362", "seconds": 17.140362}, "exception": null, "extra": {}, "file": {"name": "main.py", "path": "C:\\Users\\melni\\PycharmProjects\\betboom_parser\\main.py"}, "function": "find_game", "level": {"icon": "🐞", "name": "DEBUG", "no": 10}, "line": 61, "message": "reading db", "module": "main", "name": "__main__", "process": {"id": 3280, "name": "MainProcess"}, "thread": {"id": 2736, "name": "MainThread"}, "time": {"repr": "2024-08-25 14:09:53.033588+05:00", "timestamp": 1724576993.033588}}}
{"text": "2024-08-25T14:09:53.034587+0500 DEBUG writing bet to db\n", "record": {"elapsed": {"repr": "0:00:17.141361", "seconds": 17.141361}, "exception": null, "extra": {}, "file": {"name": "main.py", "path": "C:\\Users\\melni\\PycharmProjects\\betboom_parser\\main.py"}, "function": "find_game", "level": {"icon": "🐞", "name": "DEBUG", "no": 10}, "line": 75, "message": "writing bet to db", "module": "main", "name": "__main__", "process": {"id": 3280, "name": "MainProcess"}, "thread": {"id": 2736, "name": "MainThread"}, "time": {"repr": "2024-08-25 14:09:53.034587+05:00", "timestamp": 1724576993.034587}}}
{"text": "2024-08-25T14:09:53.035588+0500 DEBUG finding coefficients\n", "record": {"elapsed": {"repr": "0:00:17.142362", "seconds": 17.142362}, "exception": null, "extra": {}, "file": {"name": "main.py", "path": "C:\\Users\\melni\\PycharmProjects\\betboom_parser\\main.py"}, "function": "get_bet", "level": {"icon": "🐞", "name": "DEBUG", "no": 10}, "line": 101, "message": "finding coefficients", "module": "main", "name": "__main__", "process": {"id": 3280, "name": "MainProcess"}, "thread": {"id": 2736, "name": "MainThread"}, "time": {"repr": "2024-08-25 14:09:53.035588+05:00", "timestamp": 1724576993.035588}}}
{"text": "2024-08-25T14:09:53.036589+0500 DEBUG reading db\n", "record": {"elapsed": {"repr": "0:00:17.143363", "seconds": 17.143363}, "exception": null, "extra": {}, "file": {"name": "main.py", "path": "C:\\Users\\melni\\PycharmProjects\\betboom_parser\\main.py"}, "function": "find_game", "level": {"icon": "🐞", "name": "DEBUG", "no": 10}, "line": 61, "message": "reading db", "module": "main", "name": "__main__", "process": {"id": 3280, "name": "MainProcess"}, "thread": {"id": 2736, "name": "MainThread"}, "time": {"repr": "2024-08-25 14:09:53.036589+05:00", "timestamp": 1724576993.036589}}}
{"text": "2024-08-25T14:09:53.037584+0500 DEBUG writing bet to db\n", "record": {"elapsed": {"repr": "0:00:17.144358", "seconds": 17.144358}, "exception": null, "extra": {}, "file": {"name": "main.py", "path": "C:\\Users\\melni\\PycharmProjects\\betboom_parser\\main.py"}, "function": "find_game", "level": {"icon": "🐞", "name": "DEBUG", "no": 10}, "line": 75, "message": "writing bet to db", "module": "main", "name": "__main__", "process": {"id": 3280, "name": "MainProcess"}, "thread": {"id": 2736, "name": "MainThread"}, "time": {"repr": "2024-08-25 14:09:53.037584+05:00", "timestamp": 1724576993.037584}}}
{"text": "2024-08-25T14:09:53.037584+0500 DEBUG finding coefficients\n", "record": {"elapsed": {"repr": "0:00:17.144358", "seconds": 17.144358}, "exception": null, "extra": {}, "file": {"name": "main.py", "path": "C:\\Users\\melni\\PycharmProjects\\betboom_parser\\main.py"}, "function": "get_bet", "level": {"icon": "🐞", "name": "DEBUG", "no": 10}, "line": 101, "message": "finding coefficients", "module": "main", "name": "__main__", "process": {"id": 3280, "name": "MainProcess"}, "thread": {"id": 2736, "name": "MainThread"}, "time": {"repr": "2024-08-25 14:09:53.037584+05:00", "timestamp": 1724576993.037584}}}
{"text": "2024-08-25T14:09:53.039107+0500 DEBUG reading db\n", "record": {"elapsed": {"repr": "0:00:17.145881", "seconds": 17.145881}, "exception": null, "extra": {}, "file": {"name": "main.py", "path": "C:\\Users\\melni\\PycharmProjects\\betboom_parser\\main.py"}, "function": "find_game", "level": {"icon": "🐞", "name": "DEBUG", "no": 10}, "line": 61, "message": "reading db", "module": "main", "name": "__main__", "process": {"id": 3280, "name": "MainProcess"}, "thread": {"id": 2736, "name": "MainThread"}, "time": {"repr": "2024-08-25 14:09:53.039107+05:00", "timestamp": 1724576993.039107}}}
{"text": "2024-08-25T14:09:53.040154+0500 DEBUG writing bet to db\n", "record": {"elapsed": {"repr": "0:00:17.146928", "seconds": 17.146928}, "exception": null, "extra": {}, "file": {"name": "main.py", "path": "C:\\Users\\melni\\PycharmProjects\\betboom_parser\\main.py"}, "function": "find_game", "level": {"icon": "🐞", "name": "DEBUG", "no": 10}, "line": 75, "message": "writing bet to db", "module": "main", "name": "__main__", "process": {"id": 3280, "name": "MainProcess"}, "thread": {"id": 2736, "name": "MainThread"}, "time": {"repr": "2024-08-25 14:09:53.040154+05:00", "timestamp": 1724576993.040154}}}
{"text": "2024-08-25T14:09:53.041156+0500 DEBUG finding coefficients\n", "record": {"elapsed": {"repr": "0:00:17.147930", "seconds": 17.14793}, "exception": null, "extra": {}, "file": {"name": "main.py", "path": "C:\\Users\\melni\\PycharmProjects\\betboom_parser\\main.py"}, "function": "get_bet", "level": {"icon": "🐞", "name": "DEBUG", "no": 10}, "line": 101, "message": "finding coefficients", "module": "main", "name": "__main__", "process": {"id": 3280, "name": "MainProcess"}, "thread": {"id": 2736, "name": "MainThread"}, "time": {"repr": "2024-08-25 14:09:53.041156+05:00", "timestamp": 1724576993.041156}}}
{"text": "2024-08-25T14:09:53.041156+0500 DEBUG getting info about match...\n", "record": {"elapsed": {"repr": "0:00:17.147930", "seconds": 17.14793}, "exception": null, "extra": {}, "file": {"name": "main.py", "path": "C:\\Users\\melni\\PycharmProjects\\betboom_parser\\main.py"}, "function": "get_match", "level": {"icon": "🐞", "name": "DEBUG", "no": 10}, "line": 126, "message": "getting info about match...", "module": "main", "name": "__main__", "process": {"id": 3280, "name": "MainProcess"}, "thread": {"id": 2736, "name": "MainThread"}, "time": {"repr": "2024-08-25 14:09:53.041156+05:00", "timestamp": 1724576993.041156}}}
{"text": "2024-08-25T14:09:53.265720+0500 DEBUG reading db\n", "record": {"elapsed": {"repr": "0:00:17.372494", "seconds": 17.372494}, "exception": null, "extra": {}, "file": {"name": "main.py", "path": "C:\\Users\\melni\\PycharmProjects\\betboom_parser\\main.py"}, "function": "find_game", "level": {"icon": "🐞", "name": "DEBUG", "no": 10}, "line": 61, "message": "reading db", "module": "main", "name": "__main__", "process": {"id": 3280, "name": "MainProcess"}, "thread": {"id": 2736, "name": "MainThread"}, "time": {"repr": "2024-08-25 14:09:53.265720+05:00", "timestamp": 1724576993.26572}}}
{"text": "2024-08-25T14:09:53.268707+0500 DEBUG writing bet to db\n", "record": {"elapsed": {"repr": "0:00:17.375481", "seconds": 17.375481}, "exception": null, "extra": {}, "file": {"name": "main.py", "path": "C:\\Users\\melni\\PycharmProjects\\betboom_parser\\main.py"}, "function": "find_game", "level": {"icon": "🐞", "name": "DEBUG", "no": 10}, "line": 75, "message": "writing bet to db", "module": "main", "name": "__main__", "process": {"id": 3280, "name": "MainProcess"}, "thread": {"id": 2736, "name": "MainThread"}, "time": {"repr": "2024-08-25 14:09:53.268707+05:00", "timestamp": 1724576993.268707}}}
{"text": "2024-08-25T14:09:53.269703+0500 DEBUG finding coefficients\n", "record": {"elapsed": {"repr": "0:00:17.376477", "seconds": 17.376477}, "exception": null, "extra": {}, "file": {"name": "main.py", "path": "C:\\Users\\melni\\PycharmProjects\\betboom_parser\\main.py"}, "function": "get_bet", "level": {"icon": "🐞", "name": "DEBUG", "no": 10}, "line": 101, "message": "finding coefficients", "module": "main", "name": "__main__", "process": {"id": 3280, "name": "MainProcess"}, "thread": {"id": 2736, "name": "MainThread"}, "time": {"repr": "2024-08-25 14:09:53.269703+05:00", "timestamp": 1724576993.269703}}}
{"text": "2024-08-25T14:09:53.270729+0500 DEBUG reading db\n", "record": {"elapsed": {"repr": "0:00:17.377503", "seconds": 17.377503}, "exception": null, "extra": {}, "file": {"name": "main.py", "path": "C:\\Users\\melni\\PycharmProjects\\betboom_parser\\main.py"}, "function": "find_game", "level": {"icon": "🐞", "name": "DEBUG", "no": 10}, "line": 61, "message": "reading db", "module": "main", "name": "__main__", "process": {"id": 3280, "name": "MainProcess"}, "thread": {"id": 2736, "name": "MainThread"}, "time": {"repr": "2024-08-25 14:09:53.270729+05:00", "timestamp": 1724576993.270729}}}
{"text": "2024-08-25T14:09:53.272712+0500 DEBUG writing bet to db\n", "record": {"elapsed": {"repr": "0:00:17.379486", "seconds": 17.379486}, "exception": null, "extra": {}, "file": {"name": "main.py", "path": "C:\\Users\\melni\\PycharmProjects\\betboom_parser\\main.py"}, "function": "find_game", "level": {"icon": "🐞", "name": "DEBUG", "no": 10}, "line": 75, "message": "writing bet to db", "module": "main", "name": "__main__", "process": {"id": 3280, "name": "MainProcess"}, "thread": {"id": 2736, "name": "MainThread"}, "time": {"repr": "2024-08-25 14:09:53.272712+05:00", "timestamp": 1724576993.272712}}}
{"text": "2024-08-25T14:09:53.272712+0500 DEBUG finding coefficients\n", "record": {"elapsed": {"repr": "0:00:17.379486", "seconds": 17.379486}, "exception": null, "extra": {}, "file": {"name": "main.py", "path": "C:\\Users\\melni\\PycharmProjects\\betboom_parser\\main.py"}, "function": "get_bet", "level": {"icon": "🐞", "name": "DEBUG", "no": 10}, "line": 101, "message": "finding coefficients", "module": "main", "name": "__main__", "process": {"id": 3280, "name": "MainProcess"}, "thread": {"id": 2736, "name": "MainThread"}, "time": {"repr": "2024-08-25 14:09:53.272712+05:00", "timestamp": 1724576993.272712}}}
{"text": "2024-08-25T14:09:53.273703+0500 DEBUG reading db\n", "record": {"elapsed": {"repr": "0:00:17.380477", "seconds": 17.380477}, "exception": null, "extra": {}, "file": {"name": "main.py", "path": "C:\\Users\\melni\\PycharmProjects\\betboom_parser\\main.py"}, "function": "find_game", "level": {"icon": "🐞", "name": "DEBUG", "no": 10}, "line": 61, "message": "reading db", "module": "main", "name": "__main__", "process": {"id": 3280, "name": "MainProcess"}, "thread": {"id": 2736, "name": "MainThread"}, "time": {"repr": "2024-08-25 14:09:53.273703+05:00", "timestamp": 1724576993.273703}}}
{"text": "2024-08-25T14:09:53.274723+0500 DEBUG writing bet to db\n", "record": {"elapsed": {"repr": "0:00:17.381497", "seconds": 17.381497}, "exception": null, "extra": {}, "file": {"name": "main.py", "path": "C:\\Users\\melni\\PycharmProjects\\betboom_parser\\main.py"}, "function": "find_game", "level": {"icon": "🐞", "name": "DEBUG", "no": 10}, "line": 75, "message": "writing bet to db", "module": "main", "name": "__main__", "process": {"id": 3280, "name": "MainProcess"}, "thread": {"id": 2736, "name": "MainThread"}, "time": {"repr": "2024-08-25 14:09:53.274723+05:00", "timestamp": 1724576993.274723}}}
{"text": "2024-08-25T14:09:53.276792+0500 DEBUG finding coefficients\n", "record": {"elapsed": {"repr": "0:00:17.383566", "seconds": 17.383566}, "exception": null, "extra": {}, "file": {"name": "main.py", "path": "C:\\Users\\melni\\PycharmProjects\\betboom_parser\\main.py"}, "function": "get_bet", "level": {"icon": "🐞", "name": "DEBUG", "no": 10}, "line": 101, "message": "finding coefficients", "module": "main", "name": "__main__", "process": {"id": 3280, "name": "MainProcess"}, "thread": {"id": 2736, "name": "MainThread"}, "time": {"repr": "2024-08-25 14:09:53.276792+05:00", "timestamp": 1724576993.276792}}}
{"text": "2024-08-25T14:09:53.277732+0500 DEBUG getting info about match...\n", "record": {"elapsed": {"repr": "0:00:17.384506", "seconds": 17.384506}, "exception": null, "extra": {}, "file": {"name": "main.py", "path": "C:\\Users\\melni\\PycharmProjects\\betboom_parser\\main.py"}, "function": "get_match", "level": {"icon": "🐞", "name": "DEBUG", "no": 10}, "line": 126, "message": "getting info about match...", "module": "main", "name": "__main__", "process": {"id": 3280, "name": "MainProcess"}, "thread": {"id": 2736, "name": "MainThread"}, "time": {"repr": "2024-08-25 14:09:53.277732+05:00", "timestamp": 1724576993.277732}}}
{"text": "2024-08-25T14:09:53.550694+0500 DEBUG reading db\n", "record": {"elapsed": {"repr": "0:00:17.657468", "seconds": 17.657468}, "exception": null, "extra": {}, "file": {"name": "main.py", "path": "C:\\Users\\melni\\PycharmProjects\\betboom_parser\\main.py"}, "function": "find_game", "level": {"icon": "🐞", "name": "DEBUG", "no": 10}, "line": 61, "message": "reading db", "module": "main", "name": "__main__", "process": {"id": 3280, "name": "MainProcess"}, "thread": {"id": 2736, "name": "MainThread"}, "time": {"repr": "2024-08-25 14:09:53.550694+05:00", "timestamp": 1724576993.550694}}}
{"text": "2024-08-25T14:09:53.551666+0500 DEBUG writing bet to db\n", "record": {"elapsed": {"repr": "0:00:17.658440", "seconds": 17.65844}, "exception": null, "extra": {}, "file": {"name": "main.py", "path": "C:\\Users\\melni\\PycharmProjects\\betboom_parser\\main.py"}, "function": "find_game", "level": {"icon": "🐞", "name": "DEBUG", "no": 10}, "line": 75, "message": "writing bet to db", "module": "main", "name": "__main__", "process": {"id": 3280, "name": "MainProcess"}, "thread": {"id": 2736, "name": "MainThread"}, "time": {"repr": "2024-08-25 14:09:53.551666+05:00", "timestamp": 1724576993.551666}}}
{"text": "2024-08-25T14:09:53.552666+0500 DEBUG finding coefficients\n", "record": {"elapsed": {"repr": "0:00:17.659440", "seconds": 17.65944}, "exception": null, "extra": {}, "file": {"name": "main.py", "path": "C:\\Users\\melni\\PycharmProjects\\betboom_parser\\main.py"}, "function": "get_bet", "level": {"icon": "🐞", "name": "DEBUG", "no": 10}, "line": 101, "message": "finding coefficients", "module": "main", "name": "__main__", "process": {"id": 3280, "name": "MainProcess"}, "thread": {"id": 2736, "name": "MainThread"}, "time": {"repr": "2024-08-25 14:09:53.552666+05:00", "timestamp": 1724576993.552666}}}
{"text": "2024-08-25T14:09:53.554648+0500 DEBUG reading db\n", "record": {"elapsed": {"repr": "0:00:17.661422", "seconds": 17.661422}, "exception": null, "extra": {}, "file": {"name": "main.py", "path": "C:\\Users\\melni\\PycharmProjects\\betboom_parser\\main.py"}, "function": "find_game", "level": {"icon": "🐞", "name": "DEBUG", "no": 10}, "line": 61, "message": "reading db", "module": "main", "name": "__main__", "process": {"id": 3280, "name": "MainProcess"}, "thread": {"id": 2736, "name": "MainThread"}, "time": {"repr": "2024-08-25 14:09:53.554648+05:00", "timestamp": 1724576993.554648}}}
{"text": "2024-08-25T14:09:53.556658+0500 DEBUG writing bet to db\n", "record": {"elapsed": {"repr": "0:00:17.663432", "seconds": 17.663432}, "exception": null, "extra": {}, "file": {"name": "main.py", "path": "C:\\Users\\melni\\PycharmProjects\\betboom_parser\\main.py"}, "function": "find_game", "level": {"icon": "🐞", "name": "DEBUG", "no": 10}, "line": 75, "message": "writing bet to db", "module": "main", "name": "__main__", "process": {"id": 3280, "name": "MainProcess"}, "thread": {"id": 2736, "name": "MainThread"}, "time": {"repr": "2024-08-25 14:09:53.556658+05:00", "timestamp": 1724576993.556658}}}
{"text": "2024-08-25T14:09:53.557657+0500 DEBUG finding coefficients\n", "record": {"elapsed": {"repr": "0:00:17.664431", "seconds": 17.664431}, "exception": null, "extra": {}, "file": {"name": "main.py", "path": "C:\\Users\\melni\\PycharmProjects\\betboom_parser\\main.py"}, "function": "get_bet", "level": {"icon": "🐞", "name": "DEBUG", "no": 10}, "line": 101, "message": "finding coefficients", "module": "main", "name": "__main__", "process": {"id": 3280, "name": "MainProcess"}, "thread": {"id": 2736, "name": "MainThread"}, "time": {"repr": "2024-08-25 14:09:53.557657+05:00", "timestamp": 1724576993.557657}}}
{"text": "2024-08-25T14:09:53.558645+0500 DEBUG reading db\n", "record": {"elapsed": {"repr": "0:00:17.665419", "seconds": 17.665419}, "exception": null, "extra": {}, "file": {"name": "main.py", "path": "C:\\Users\\melni\\PycharmProjects\\betboom_parser\\main.py"}, "function": "find_game", "level": {"icon": "🐞", "name": "DEBUG", "no": 10}, "line": 61, "message": "reading db", "module": "main", "name": "__main__", "process": {"id": 3280, "name": "MainProcess"}, "thread": {"id": 2736, "name": "MainThread"}, "time": {"repr": "2024-08-25 14:09:53.558645+05:00", "timestamp": 1724576993.558645}}}
{"text": "2024-08-25T14:09:53.881509+0500 INFO CS 2. CCT Europe Series 9 (25.08 20:30)\nSinners - Young Ninjas\n\nold odds: 3-я карта -> 1.54\nnew odds: 3-я карта -> 1.57\n", "record": {"elapsed": {"repr": "0:00:17.988283", "seconds": 17.988283}, "exception": null, "extra": {}, "file": {"name": "main.py", "path": "C:\\Users\\melni\\PycharmProjects\\betboom_parser\\main.py"}, "function": "get_alter_message", "level": {"icon": "ℹ️", "name": "INFO", "no": 20}, "line": 48, "message": "CS 2. CCT Europe Series 9 (25.08 20:30)\nSinners - Young Ninjas\n\nold odds: 3-я карта -> 1.54\nnew odds: 3-я карта -> 1.57", "module": "main", "name": "__main__", "process": {"id": 3280, "name": "MainProcess"}, "thread": {"id": 2736, "name": "MainThread"}, "time": {"repr": "2024-08-25 14:09:53.881509+05:00", "timestamp": 1724576993.881509}}}
{"text": "2024-08-25T14:09:53.881509+0500 INFO message sent\n", "record": {"elapsed": {"repr": "0:00:17.988283", "seconds": 17.988283}, "exception": null, "extra": {}, "file": {"name": "main.py", "path": "C:\\Users\\melni\\PycharmProjects\\betboom_parser\\main.py"}, "function": "get_alter_message", "level": {"icon": "ℹ️", "name": "INFO", "no": 20}, "line": 49, "message": "message sent", "module": "main", "name": "__main__", "process": {"id": 3280, "name": "MainProcess"}, "thread": {"id": 2736, "name": "MainThread"}, "time": {"repr": "2024-08-25 14:09:53.881509+05:00", "timestamp": 1724576993.881509}}}
{"text": "2024-08-25T14:09:53.882501+0500 DEBUG writing bet to db\n", "record": {"elapsed": {"repr": "0:00:17.989275", "seconds": 17.989275}, "exception": null, "extra": {}, "file": {"name": "main.py", "path": "C:\\Users\\melni\\PycharmProjects\\betboom_parser\\main.py"}, "function": "find_game", "level": {"icon": "🐞", "name": "DEBUG", "no": 10}, "line": 75, "message": "writing bet to db", "module": "main", "name": "__main__", "process": {"id": 3280, "name": "MainProcess"}, "thread": {"id": 2736, "name": "MainThread"}, "time": {"repr": "2024-08-25 14:09:53.882501+05:00", "timestamp": 1724576993.882501}}}
{"text": "2024-08-25T14:09:53.883512+0500 DEBUG finding coefficients\n", "record": {"elapsed": {"repr": "0:00:17.990286", "seconds": 17.990286}, "exception": null, "extra": {}, "file": {"name": "main.py", "path": "C:\\Users\\melni\\PycharmProjects\\betboom_parser\\main.py"}, "function": "get_bet", "level": {"icon": "🐞", "name": "DEBUG", "no": 10}, "line": 101, "message": "finding coefficients", "module": "main", "name": "__main__", "process": {"id": 3280, "name": "MainProcess"}, "thread": {"id": 2736, "name": "MainThread"}, "time": {"repr": "2024-08-25 14:09:53.883512+05:00", "timestamp": 1724576993.883512}}}
{"text": "2024-08-25T14:09:53.883512+0500 DEBUG getting info about match...\n", "record": {"elapsed": {"repr": "0:00:17.990286", "seconds": 17.990286}, "exception": null, "extra": {}, "file": {"name": "main.py", "path": "C:\\Users\\melni\\PycharmProjects\\betboom_parser\\main.py"}, "function": "get_match", "level": {"icon": "🐞", "name": "DEBUG", "no": 10}, "line": 126, "message": "getting info about match...", "module": "main", "name": "__main__", "process": {"id": 3280, "name": "MainProcess"}, "thread": {"id": 2736, "name": "MainThread"}, "time": {"repr": "2024-08-25 14:09:53.883512+05:00", "timestamp": 1724576993.883512}}}
{"text": "2024-08-25T14:09:54.098263+0500 DEBUG reading db\n", "record": {"elapsed": {"repr": "0:00:18.205037", "seconds": 18.205037}, "exception": null, "extra": {}, "file": {"name": "main.py", "path": "C:\\Users\\melni\\PycharmProjects\\betboom_parser\\main.py"}, "function": "find_game", "level": {"icon": "🐞", "name": "DEBUG", "no": 10}, "line": 61, "message": "reading db", "module": "main", "name": "__main__", "process": {"id": 3280, "name": "MainProcess"}, "thread": {"id": 2736, "name": "MainThread"}, "time": {"repr": "2024-08-25 14:09:54.098263+05:00", "timestamp": 1724576994.098263}}}
{"text": "2024-08-25T14:09:54.101249+0500 DEBUG writing bet to db\n", "record": {"elapsed": {"repr": "0:00:18.208023", "seconds": 18.208023}, "exception": null, "extra": {}, "file": {"name": "main.py", "path": "C:\\Users\\melni\\PycharmProjects\\betboom_parser\\main.py"}, "function": "find_game", "level": {"icon": "🐞", "name": "DEBUG", "no": 10}, "line": 75, "message": "writing bet to db", "module": "main", "name": "__main__", "process": {"id": 3280, "name": "MainProcess"}, "thread": {"id": 2736, "name": "MainThread"}, "time": {"repr": "2024-08-25 14:09:54.101249+05:00", "timestamp": 1724576994.101249}}}
{"text": "2024-08-25T14:09:54.102280+0500 DEBUG finding coefficients\n", "record": {"elapsed": {"repr": "0:00:18.209054", "seconds": 18.209054}, "exception": null, "extra": {}, "file": {"name": "main.py", "path": "C:\\Users\\melni\\PycharmProjects\\betboom_parser\\main.py"}, "function": "get_bet", "level": {"icon": "🐞", "name": "DEBUG", "no": 10}, "line": 101, "message": "finding coefficients", "module": "main", "name": "__main__", "process": {"id": 3280, "name": "MainProcess"}, "thread": {"id": 2736, "name": "MainThread"}, "time": {"repr": "2024-08-25 14:09:54.102280+05:00", "timestamp": 1724576994.10228}}}
{"text": "2024-08-25T14:09:54.103266+0500 DEBUG reading db\n", "record": {"elapsed": {"repr": "0:00:18.210040", "seconds": 18.21004}, "exception": null, "extra": {}, "file": {"name": "main.py", "path": "C:\\Users\\melni\\PycharmProjects\\betboom_parser\\main.py"}, "function": "find_game", "level": {"icon": "🐞", "name": "DEBUG", "no": 10}, "line": 61, "message": "reading db", "module": "main", "name": "__main__", "process": {"id": 3280, "name": "MainProcess"}, "thread": {"id": 2736, "name": "MainThread"}, "time": {"repr": "2024-08-25 14:09:54.103266+05:00", "timestamp": 1724576994.103266}}}
{"text": "2024-08-25T14:09:54.106289+0500 DEBUG writing bet to db\n", "record": {"elapsed": {"repr": "0:00:18.213063", "seconds": 18.213063}, "exception": null, "extra": {}, "file": {"name": "main.py", "path": "C:\\Users\\melni\\PycharmProjects\\betboom_parser\\main.py"}, "function": "find_game", "level": {"icon": "🐞", "name": "DEBUG", "no": 10}, "line": 75, "message": "writing bet to db", "module": "main", "name": "__main__", "process": {"id": 3280, "name": "MainProcess"}, "thread": {"id": 2736, "name": "MainThread"}, "time": {"repr": "2024-08-25 14:09:54.106289+05:00", "timestamp": 1724576994.106289}}}
{"text": "2024-08-25T14:09:54.107269+0500 DEBUG finding coefficients\n", "record": {"elapsed": {"repr": "0:00:18.214043", "seconds": 18.214043}, "exception": null, "extra": {}, "file": {"name": "main.py", "path": "C:\\Users\\melni\\PycharmProjects\\betboom_parser\\main.py"}, "function": "get_bet", "level": {"icon": "🐞", "name": "DEBUG", "no": 10}, "line": 101, "message": "finding coefficients", "module": "main", "name": "__main__", "process": {"id": 3280, "name": "MainProcess"}, "thread": {"id": 2736, "name": "MainThread"}, "time": {"repr": "2024-08-25 14:09:54.107269+05:00", "timestamp": 1724576994.107269}}}
{"text": "2024-08-25T14:09:54.108265+0500 DEBUG reading db\n", "record": {"elapsed": {"repr": "0:00:18.215039", "seconds": 18.215039}, "exception": null, "extra": {}, "file": {"name": "main.py", "path": "C:\\Users\\melni\\PycharmProjects\\betboom_parser\\main.py"}, "function": "find_game", "level": {"icon": "🐞", "name": "DEBUG", "no": 10}, "line": 61, "message": "reading db", "module": "main", "name": "__main__", "process": {"id": 3280, "name": "MainProcess"}, "thread": {"id": 2736, "name": "MainThread"}, "time": {"repr": "2024-08-25 14:09:54.108265+05:00", "timestamp": 1724576994.108265}}}
{"text": "2024-08-25T14:09:54.479058+0500 INFO CS 2. CCT Europe Series 9 (25.08 23:30)\nPARIVISION - Monte Gen\n\nold odds: 3-я карта -> 1.37\nnew odds: 3-я карта -> 1.4\n", "record": {"elapsed": {"repr": "0:00:18.585832", "seconds": 18.585832}, "exception": null, "extra": {}, "file": {"name": "main.py", "path": "C:\\Users\\melni\\PycharmProjects\\betboom_parser\\main.py"}, "function": "get_alter_message", "level": {"icon": "ℹ️", "name": "INFO", "no": 20}, "line": 48, "message": "CS 2. CCT Europe Series 9 (25.08 23:30)\nPARIVISION - Monte Gen\n\nold odds: 3-я карта -> 1.37\nnew odds: 3-я карта -> 1.4", "module": "main", "name": "__main__", "process": {"id": 3280, "name": "MainProcess"}, "thread": {"id": 2736, "name": "MainThread"}, "time": {"repr": "2024-08-25 14:09:54.479058+05:00", "timestamp": 1724576994.479058}}}
{"text": "2024-08-25T14:09:54.479058+0500 INFO message sent\n", "record": {"elapsed": {"repr": "0:00:18.585832", "seconds": 18.585832}, "exception": null, "extra": {}, "file": {"name": "main.py", "path": "C:\\Users\\melni\\PycharmProjects\\betboom_parser\\main.py"}, "function": "get_alter_message", "level": {"icon": "ℹ️", "name": "INFO", "no": 20}, "line": 49, "message": "message sent", "module": "main", "name": "__main__", "process": {"id": 3280, "name": "MainProcess"}, "thread": {"id": 2736, "name": "MainThread"}, "time": {"repr": "2024-08-25 14:09:54.479058+05:00", "timestamp": 1724576994.479058}}}
{"text": "2024-08-25T14:09:54.480057+0500 DEBUG writing bet to db\n", "record": {"elapsed": {"repr": "0:00:18.586831", "seconds": 18.586831}, "exception": null, "extra": {}, "file": {"name": "main.py", "path": "C:\\Users\\melni\\PycharmProjects\\betboom_parser\\main.py"}, "function": "find_game", "level": {"icon": "🐞", "name": "DEBUG", "no": 10}, "line": 75, "message": "writing bet to db", "module": "main", "name": "__main__", "process": {"id": 3280, "name": "MainProcess"}, "thread": {"id": 2736, "name": "MainThread"}, "time": {"repr": "2024-08-25 14:09:54.480057+05:00", "timestamp": 1724576994.480057}}}
{"text": "2024-08-25T14:09:54.480057+0500 DEBUG finding coefficients\n", "record": {"elapsed": {"repr": "0:00:18.586831", "seconds": 18.586831}, "exception": null, "extra": {}, "file": {"name": "main.py", "path": "C:\\Users\\melni\\PycharmProjects\\betboom_parser\\main.py"}, "function": "get_bet", "level": {"icon": "🐞", "name": "DEBUG", "no": 10}, "line": 101, "message": "finding coefficients", "module": "main", "name": "__main__", "process": {"id": 3280, "name": "MainProcess"}, "thread": {"id": 2736, "name": "MainThread"}, "time": {"repr": "2024-08-25 14:09:54.480057+05:00", "timestamp": 1724576994.480057}}}
{"text": "2024-08-25T14:09:54.481060+0500 DEBUG getting info about match...\n", "record": {"elapsed": {"repr": "0:00:18.587834", "seconds": 18.587834}, "exception": null, "extra": {}, "file": {"name": "main.py", "path": "C:\\Users\\melni\\PycharmProjects\\betboom_parser\\main.py"}, "function": "get_match", "level": {"icon": "🐞", "name": "DEBUG", "no": 10}, "line": 126, "message": "getting info about match...", "module": "main", "name": "__main__", "process": {"id": 3280, "name": "MainProcess"}, "thread": {"id": 2736, "name": "MainThread"}, "time": {"repr": "2024-08-25 14:09:54.481060+05:00", "timestamp": 1724576994.48106}}}
{"text": "2024-08-25T14:09:54.673611+0500 DEBUG reading db\n", "record": {"elapsed": {"repr": "0:00:18.780385", "seconds": 18.780385}, "exception": null, "extra": {}, "file": {"name": "main.py", "path": "C:\\Users\\melni\\PycharmProjects\\betboom_parser\\main.py"}, "function": "find_game", "level": {"icon": "🐞", "name": "DEBUG", "no": 10}, "line": 61, "message": "reading db", "module": "main", "name": "__main__", "process": {"id": 3280, "name": "MainProcess"}, "thread": {"id": 2736, "name": "MainThread"}, "time": {"repr": "2024-08-25 14:09:54.673611+05:00", "timestamp": 1724576994.673611}}}
{"text": "2024-08-25T14:09:54.674614+0500 DEBUG writing bet to db\n", "record": {"elapsed": {"repr": "0:00:18.781388", "seconds": 18.781388}, "exception": null, "extra": {}, "file": {"name": "main.py", "path": "C:\\Users\\melni\\PycharmProjects\\betboom_parser\\main.py"}, "function": "find_game", "level": {"icon": "🐞", "name": "DEBUG", "no": 10}, "line": 75, "message": "writing bet to db", "module": "main", "name": "__main__", "process": {"id": 3280, "name": "MainProcess"}, "thread": {"id": 2736, "name": "MainThread"}, "time": {"repr": "2024-08-25 14:09:54.674614+05:00", "timestamp": 1724576994.674614}}}
{"text": "2024-08-25T14:09:54.676633+0500 DEBUG finding coefficients\n", "record": {"elapsed": {"repr": "0:00:18.783407", "seconds": 18.783407}, "exception": null, "extra": {}, "file": {"name": "main.py", "path": "C:\\Users\\melni\\PycharmProjects\\betboom_parser\\main.py"}, "function": "get_bet", "level": {"icon": "🐞", "name": "DEBUG", "no": 10}, "line": 101, "message": "finding coefficients", "module": "main", "name": "__main__", "process": {"id": 3280, "name": "MainProcess"}, "thread": {"id": 2736, "name": "MainThread"}, "time": {"repr": "2024-08-25 14:09:54.676633+05:00", "timestamp": 1724576994.676633}}}
{"text": "2024-08-25T14:09:54.677627+0500 DEBUG reading db\n", "record": {"elapsed": {"repr": "0:00:18.784401", "seconds": 18.784401}, "exception": null, "extra": {}, "file": {"name": "main.py", "path": "C:\\Users\\melni\\PycharmProjects\\betboom_parser\\main.py"}, "function": "find_game", "level": {"icon": "🐞", "name": "DEBUG", "no": 10}, "line": 61, "message": "reading db", "module": "main", "name": "__main__", "process": {"id": 3280, "name": "MainProcess"}, "thread": {"id": 2736, "name": "MainThread"}, "time": {"repr": "2024-08-25 14:09:54.677627+05:00", "timestamp": 1724576994.677627}}}
{"text": "2024-08-25T14:09:54.678627+0500 DEBUG writing bet to db\n", "record": {"elapsed": {"repr": "0:00:18.785401", "seconds": 18.785401}, "exception": null, "extra": {}, "file": {"name": "main.py", "path": "C:\\Users\\melni\\PycharmProjects\\betboom_parser\\main.py"}, "function": "find_game", "level": {"icon": "🐞", "name": "DEBUG", "no": 10}, "line": 75, "message": "writing bet to db", "module": "main", "name": "__main__", "process": {"id": 3280, "name": "MainProcess"}, "thread": {"id": 2736, "name": "MainThread"}, "time": {"repr": "2024-08-25 14:09:54.678627+05:00", "timestamp": 1724576994.678627}}}
{"text": "2024-08-25T14:09:54.678627+0500 DEBUG finding coefficients\n", "record": {"elapsed": {"repr": "0:00:18.785401", "seconds": 18.785401}, "exception": null, "extra": {}, "file": {"name": "main.py", "path": "C:\\Users\\melni\\PycharmProjects\\betboom_parser\\main.py"}, "function": "get_bet", "level": {"icon": "🐞", "name": "DEBUG", "no": 10}, "line": 101, "message": "finding coefficients", "module": "main", "name": "__main__", "process": {"id": 3280, "name": "MainProcess"}, "thread": {"id": 2736, "name": "MainThread"}, "time": {"repr": "2024-08-25 14:09:54.678627+05:00", "timestamp": 1724576994.678627}}}
{"text": "2024-08-25T14:09:54.679606+0500 DEBUG reading db\n", "record": {"elapsed": {"repr": "0:00:18.786380", "seconds": 18.78638}, "exception": null, "extra": {}, "file": {"name": "main.py", "path": "C:\\Users\\melni\\PycharmProjects\\betboom_parser\\main.py"}, "function": "find_game", "level": {"icon": "🐞", "name": "DEBUG", "no": 10}, "line": 61, "message": "reading db", "module": "main", "name": "__main__", "process": {"id": 3280, "name": "MainProcess"}, "thread": {"id": 2736, "name": "MainThread"}, "time": {"repr": "2024-08-25 14:09:54.679606+05:00", "timestamp": 1724576994.679606}}}
{"text": "2024-08-25T14:09:55.060836+0500 INFO CS 2. CCT Europe Series 9 (26.08 14:30)\nBIG - ALTERNATE aTTaX\n\nold odds: 3-я карта -> 1.26\nnew odds: 3-я карта -> 1.28\n", "record": {"elapsed": {"repr": "0:00:19.167610", "seconds": 19.16761}, "exception": null, "extra": {}, "file": {"name": "main.py", "path": "C:\\Users\\melni\\PycharmProjects\\betboom_parser\\main.py"}, "function": "get_alter_message", "level": {"icon": "ℹ️", "name": "INFO", "no": 20}, "line": 48, "message": "CS 2. CCT Europe Series 9 (26.08 14:30)\nBIG - ALTERNATE aTTaX\n\nold odds: 3-я карта -> 1.26\nnew odds: 3-я карта -> 1.28", "module": "main", "name": "__main__", "process": {"id": 3280, "name": "MainProcess"}, "thread": {"id": 2736, "name": "MainThread"}, "time": {"repr": "2024-08-25 14:09:55.060836+05:00", "timestamp": 1724576995.060836}}}
{"text": "2024-08-25T14:09:55.061840+0500 INFO message sent\n", "record": {"elapsed": {"repr": "0:00:19.168614", "seconds": 19.168614}, "exception": null, "extra": {}, "file": {"name": "main.py", "path": "C:\\Users\\melni\\PycharmProjects\\betboom_parser\\main.py"}, "function": "get_alter_message", "level": {"icon": "ℹ️", "name": "INFO", "no": 20}, "line": 49, "message": "message sent", "module": "main", "name": "__main__", "process": {"id": 3280, "name": "MainProcess"}, "thread": {"id": 2736, "name": "MainThread"}, "time": {"repr": "2024-08-25 14:09:55.061840+05:00", "timestamp": 1724576995.06184}}}
{"text": "2024-08-25T14:09:55.061840+0500 DEBUG writing bet to db\n", "record": {"elapsed": {"repr": "0:00:19.168614", "seconds": 19.168614}, "exception": null, "extra": {}, "file": {"name": "main.py", "path": "C:\\Users\\melni\\PycharmProjects\\betboom_parser\\main.py"}, "function": "find_game", "level": {"icon": "🐞", "name": "DEBUG", "no": 10}, "line": 75, "message": "writing bet to db", "module": "main", "name": "__main__", "process": {"id": 3280, "name": "MainProcess"}, "thread": {"id": 2736, "name": "MainThread"}, "time": {"repr": "2024-08-25 14:09:55.061840+05:00", "timestamp": 1724576995.06184}}}
{"text": "2024-08-25T14:09:55.062841+0500 DEBUG finding coefficients\n", "record": {"elapsed": {"repr": "0:00:19.169615", "seconds": 19.169615}, "exception": null, "extra": {}, "file": {"name": "main.py", "path": "C:\\Users\\melni\\PycharmProjects\\betboom_parser\\main.py"}, "function": "get_bet", "level": {"icon": "🐞", "name": "DEBUG", "no": 10}, "line": 101, "message": "finding coefficients", "module": "main", "name": "__main__", "process": {"id": 3280, "name": "MainProcess"}, "thread": {"id": 2736, "name": "MainThread"}, "time": {"repr": "2024-08-25 14:09:55.062841+05:00", "timestamp": 1724576995.062841}}}
{"text": "2024-08-25T14:09:55.062841+0500 DEBUG getting info about match...\n", "record": {"elapsed": {"repr": "0:00:19.169615", "seconds": 19.169615}, "exception": null, "extra": {}, "file": {"name": "main.py", "path": "C:\\Users\\melni\\PycharmProjects\\betboom_parser\\main.py"}, "function": "get_match", "level": {"icon": "🐞", "name": "DEBUG", "no": 10}, "line": 126, "message": "getting info about match...", "module": "main", "name": "__main__", "process": {"id": 3280, "name": "MainProcess"}, "thread": {"id": 2736, "name": "MainThread"}, "time": {"repr": "2024-08-25 14:09:55.062841+05:00", "timestamp": 1724576995.062841}}}
{"text": "2024-08-25T14:09:55.063839+0500 DEBUG getting matches...\n", "record": {"elapsed": {"repr": "0:00:19.170613", "seconds": 19.170613}, "exception": null, "extra": {}, "file": {"name": "main.py", "path": "C:\\Users\\melni\\PycharmProjects\\betboom_parser\\main.py"}, "function": "get_league", "level": {"icon": "🐞", "name": "DEBUG", "no": 10}, "line": 149, "message": "getting matches...", "module": "main", "name": "__main__", "process": {"id": 3280, "name": "MainProcess"}, "thread": {"id": 2736, "name": "MainThread"}, "time": {"repr": "2024-08-25 14:09:55.063839+05:00", "timestamp": 1724576995.063839}}}
{"text": "2024-08-25T14:09:55.064835+0500 INFO sleeping...\n", "record": {"elapsed": {"repr": "0:00:19.171609", "seconds": 19.171609}, "exception": null, "extra": {}, "file": {"name": "main.py", "path": "C:\\Users\\melni\\PycharmProjects\\betboom_parser\\main.py"}, "function": "<module>", "level": {"icon": "ℹ️", "name": "INFO", "no": 20}, "line": 156, "message": "sleeping...", "module": "main", "name": "__main__", "process": {"id": 3280, "name": "MainProcess"}, "thread": {"id": 2736, "name": "MainThread"}, "time": {"repr": "2024-08-25 14:09:55.064835+05:00", "timestamp": 1724576995.064835}}}
{"text": "2024-08-28T22:53:03.235113+0500 DEBUG reading db\n", "record": {"elapsed": {"repr": "0:02:42.244551", "seconds": 162.244551}, "exception": null, "extra": {}, "file": {"name": "main.py", "path": "C:\\Users\\melni\\PycharmProjects\\1xbet_parser\\main.py"}, "function": "find_game", "level": {"icon": "🐞", "name": "DEBUG", "no": 10}, "line": 60, "message": "reading db", "module": "main", "name": "__main__", "process": {"id": 7840, "name": "MainProcess"}, "thread": {"id": 6968, "name": "MainThread"}, "time": {"repr": "2024-08-28 22:53:03.235113+05:00", "timestamp": 1724867583.235113}}}
{"text": "2024-08-28T22:53:03.736646+0500 INFO CS 2. ESEA Advanced. Europe (28.08 23:00)\nAurora Young Blood - esmagaB\n\n1-я карта -> 1.41 & 2.754\n", "record": {"elapsed": {"repr": "0:02:42.746084", "seconds": 162.746084}, "exception": null, "extra": {}, "file": {"name": "main.py", "path": "C:\\Users\\melni\\PycharmProjects\\1xbet_parser\\main.py"}, "function": "get_message", "level": {"icon": "ℹ️", "name": "INFO", "no": 20}, "line": 30, "message": "CS 2. ESEA Advanced. Europe (28.08 23:00)\nAurora Young Blood - esmagaB\n\n1-я карта -> 1.41 & 2.754", "module": "main", "name": "__main__", "process": {"id": 7840, "name": "MainProcess"}, "thread": {"id": 6968, "name": "MainThread"}, "time": {"repr": "2024-08-28 22:53:03.736646+05:00", "timestamp": 1724867583.736646}}}
{"text": "2024-08-28T22:53:03.736646+0500 INFO message sent\n", "record": {"elapsed": {"repr": "0:02:42.746084", "seconds": 162.746084}, "exception": null, "extra": {}, "file": {"name": "main.py", "path": "C:\\Users\\melni\\PycharmProjects\\1xbet_parser\\main.py"}, "function": "get_message", "level": {"icon": "ℹ️", "name": "INFO", "no": 20}, "line": 31, "message": "message sent", "module": "main", "name": "__main__", "process": {"id": 7840, "name": "MainProcess"}, "thread": {"id": 6968, "name": "MainThread"}, "time": {"repr": "2024-08-28 22:53:03.736646+05:00", "timestamp": 1724867583.736646}}}
{"text": "2024-08-28T22:53:03.736646+0500 DEBUG writing bet to db\n", "record": {"elapsed": {"repr": "0:02:42.746084", "seconds": 162.746084}, "exception": null, "extra": {}, "file": {"name": "main.py", "path": "C:\\Users\\melni\\PycharmProjects\\1xbet_parser\\main.py"}, "function": "find_game", "level": {"icon": "🐞", "name": "DEBUG", "no": 10}, "line": 74, "message": "writing bet to db", "module": "main", "name": "__main__", "process": {"id": 7840, "name": "MainProcess"}, "thread": {"id": 6968, "name": "MainThread"}, "time": {"repr": "2024-08-28 22:53:03.736646+05:00", "timestamp": 1724867583.736646}}}
{"text": "2024-08-28T22:53:03.736646+0500 DEBUG finding coefficients\n", "record": {"elapsed": {"repr": "0:02:42.746084", "seconds": 162.746084}, "exception": null, "extra": {}, "file": {"name": "main.py", "path": "C:\\Users\\melni\\PycharmProjects\\1xbet_parser\\main.py"}, "function": "get_bet", "level": {"icon": "🐞", "name": "DEBUG", "no": 10}, "line": 100, "message": "finding coefficients", "module": "main", "name": "__main__", "process": {"id": 7840, "name": "MainProcess"}, "thread": {"id": 6968, "name": "MainThread"}, "time": {"repr": "2024-08-28 22:53:03.736646+05:00", "timestamp": 1724867583.736646}}}
{"text": "2024-08-28T22:53:03.736646+0500 DEBUG getting info about match...\n", "record": {"elapsed": {"repr": "0:02:42.746084", "seconds": 162.746084}, "exception": null, "extra": {}, "file": {"name": "main.py", "path": "C:\\Users\\melni\\PycharmProjects\\1xbet_parser\\main.py"}, "function": "get_match", "level": {"icon": "🐞", "name": "DEBUG", "no": 10}, "line": 125, "message": "getting info about match...", "module": "main", "name": "__main__", "process": {"id": 7840, "name": "MainProcess"}, "thread": {"id": 6968, "name": "MainThread"}, "time": {"repr": "2024-08-28 22:53:03.736646+05:00", "timestamp": 1724867583.736646}}}
{"text": "2024-08-28T22:53:04.208170+0500 DEBUG reading db\n", "record": {"elapsed": {"repr": "0:02:43.217608", "seconds": 163.217608}, "exception": null, "extra": {}, "file": {"name": "main.py", "path": "C:\\Users\\melni\\PycharmProjects\\1xbet_parser\\main.py"}, "function": "find_game", "level": {"icon": "🐞", "name": "DEBUG", "no": 10}, "line": 60, "message": "reading db", "module": "main", "name": "__main__", "process": {"id": 7840, "name": "MainProcess"}, "thread": {"id": 6968, "name": "MainThread"}, "time": {"repr": "2024-08-28 22:53:04.208170+05:00", "timestamp": 1724867584.20817}}}
{"text": "2024-08-28T22:53:04.506213+0500 INFO CS 2. ESEA Advanced. Europe (28.08 23:00)\nCYBERSHOKE - Grannys Knockers\n\n1-я карта -> 1.69 & 2.109\n", "record": {"elapsed": {"repr": "0:02:43.515651", "seconds": 163.515651}, "exception": null, "extra": {}, "file": {"name": "main.py", "path": "C:\\Users\\melni\\PycharmProjects\\1xbet_parser\\main.py"}, "function": "get_message", "level": {"icon": "ℹ️", "name": "INFO", "no": 20}, "line": 30, "message": "CS 2. ESEA Advanced. Europe (28.08 23:00)\nCYBERSHOKE - Grannys Knockers\n\n1-я карта -> 1.69 & 2.109", "module": "main", "name": "__main__", "process": {"id": 7840, "name": "MainProcess"}, "thread": {"id": 6968, "name": "MainThread"}, "time": {"repr": "2024-08-28 22:53:04.506213+05:00", "timestamp": 1724867584.506213}}}
{"text": "2024-08-28T22:53:04.506213+0500 INFO message sent\n", "record": {"elapsed": {"repr": "0:02:43.515651", "seconds": 163.515651}, "exception": null, "extra": {}, "file": {"name": "main.py", "path": "C:\\Users\\melni\\PycharmProjects\\1xbet_parser\\main.py"}, "function": "get_message", "level": {"icon": "ℹ️", "name": "INFO", "no": 20}, "line": 31, "message": "message sent", "module": "main", "name": "__main__", "process": {"id": 7840, "name": "MainProcess"}, "thread": {"id": 6968, "name": "MainThread"}, "time": {"repr": "2024-08-28 22:53:04.506213+05:00", "timestamp": 1724867584.506213}}}
{"text": "2024-08-28T22:53:04.506213+0500 DEBUG writing bet to db\n", "record": {"elapsed": {"repr": "0:02:43.515651", "seconds": 163.515651}, "exception": null, "extra": {}, "file": {"name": "main.py", "path": "C:\\Users\\melni\\PycharmProjects\\1xbet_parser\\main.py"}, "function": "find_game", "level": {"icon": "🐞", "name": "DEBUG", "no": 10}, "line": 74, "message": "writing bet to db", "module": "main", "name": "__main__", "process": {"id": 7840, "name": "MainProcess"}, "thread": {"id": 6968, "name": "MainThread"}, "time": {"repr": "2024-08-28 22:53:04.506213+05:00", "timestamp": 1724867584.506213}}}
{"text": "2024-08-28T22:53:04.506213+0500 DEBUG finding coefficients\n", "record": {"elapsed": {"repr": "0:02:43.515651", "seconds": 163.515651}, "exception": null, "extra": {}, "file": {"name": "main.py", "path": "C:\\Users\\melni\\PycharmProjects\\1xbet_parser\\main.py"}, "function": "get_bet", "level": {"icon": "🐞", "name": "DEBUG", "no": 10}, "line": 100, "message": "finding coefficients", "module": "main", "name": "__main__", "process": {"id": 7840, "name": "MainProcess"}, "thread": {"id": 6968, "name": "MainThread"}, "time": {"repr": "2024-08-28 22:53:04.506213+05:00", "timestamp": 1724867584.506213}}}
{"text": "2024-08-28T22:53:04.506213+0500 DEBUG getting info about match...\n", "record": {"elapsed": {"repr": "0:02:43.515651", "seconds": 163.515651}, "exception": null, "extra": {}, "file": {"name": "main.py", "path": "C:\\Users\\melni\\PycharmProjects\\1xbet_parser\\main.py"}, "function": "get_match", "level": {"icon": "🐞", "name": "DEBUG", "no": 10}, "line": 125, "message": "getting info about match...", "module": "main", "name": "__main__", "process": {"id": 7840, "name": "MainProcess"}, "thread": {"id": 6968, "name": "MainThread"}, "time": {"repr": "2024-08-28 22:53:04.506213+05:00", "timestamp": 1724867584.506213}}}
{"text": "2024-08-28T22:53:04.803778+0500 DEBUG reading db\n", "record": {"elapsed": {"repr": "0:02:43.813216", "seconds": 163.813216}, "exception": null, "extra": {}, "file": {"name": "main.py", "path": "C:\\Users\\melni\\PycharmProjects\\1xbet_parser\\main.py"}, "function": "find_game", "level": {"icon": "🐞", "name": "DEBUG", "no": 10}, "line": 60, "message": "reading db", "module": "main", "name": "__main__", "process": {"id": 7840, "name": "MainProcess"}, "thread": {"id": 6968, "name": "MainThread"}, "time": {"repr": "2024-08-28 22:53:04.803778+05:00", "timestamp": 1724867584.803778}}}
{"text": "2024-08-28T22:53:05.148506+0500 INFO CS 2. ESEA Advanced. Europe (28.08 23:00)\nFORZE Reload - Illuminar\n\n1-я карта -> 2.322 & 1.57\n", "record": {"elapsed": {"repr": "0:02:44.157944", "seconds": 164.157944}, "exception": null, "extra": {}, "file": {"name": "main.py", "path": "C:\\Users\\melni\\PycharmProjects\\1xbet_parser\\main.py"}, "function": "get_message", "level": {"icon": "ℹ️", "name": "INFO", "no": 20}, "line": 30, "message": "CS 2. ESEA Advanced. Europe (28.08 23:00)\nFORZE Reload - Illuminar\n\n1-я карта -> 2.322 & 1.57", "module": "main", "name": "__main__", "process": {"id": 7840, "name": "MainProcess"}, "thread": {"id": 6968, "name": "MainThread"}, "time": {"repr": "2024-08-28 22:53:05.148506+05:00", "timestamp": 1724867585.148506}}}
{"text": "2024-08-28T22:53:05.148506+0500 INFO message sent\n", "record": {"elapsed": {"repr": "0:02:44.157944", "seconds": 164.157944}, "exception": null, "extra": {}, "file": {"name": "main.py", "path": "C:\\Users\\melni\\PycharmProjects\\1xbet_parser\\main.py"}, "function": "get_message", "level": {"icon": "ℹ️", "name": "INFO", "no": 20}, "line": 31, "message": "message sent", "module": "main", "name": "__main__", "process": {"id": 7840, "name": "MainProcess"}, "thread": {"id": 6968, "name": "MainThread"}, "time": {"repr": "2024-08-28 22:53:05.148506+05:00", "timestamp": 1724867585.148506}}}
{"text": "2024-08-28T22:53:05.148506+0500 DEBUG writing bet to db\n", "record": {"elapsed": {"repr": "0:02:44.157944", "seconds": 164.157944}, "exception": null, "extra": {}, "file": {"name": "main.py", "path": "C:\\Users\\melni\\PycharmProjects\\1xbet_parser\\main.py"}, "function": "find_game", "level": {"icon": "🐞", "name": "DEBUG", "no": 10}, "line": 74, "message": "writing bet to db", "module": "main", "name": "__main__", "process": {"id": 7840, "name": "MainProcess"}, "thread": {"id": 6968, "name": "MainThread"}, "time": {"repr": "2024-08-28 22:53:05.148506+05:00", "timestamp": 1724867585.148506}}}
{"text": "2024-08-28T22:53:05.148506+0500 DEBUG finding coefficients\n", "record": {"elapsed": {"repr": "0:02:44.157944", "seconds": 164.157944}, "exception": null, "extra": {}, "file": {"name": "main.py", "path": "C:\\Users\\melni\\PycharmProjects\\1xbet_parser\\main.py"}, "function": "get_bet", "level": {"icon": "🐞", "name": "DEBUG", "no": 10}, "line": 100, "message": "finding coefficients", "module": "main", "name": "__main__", "process": {"id": 7840, "name": "MainProcess"}, "thread": {"id": 6968, "name": "MainThread"}, "time": {"repr": "2024-08-28 22:53:05.148506+05:00", "timestamp": 1724867585.148506}}}
{"text": "2024-08-28T22:53:05.148506+0500 DEBUG getting info about match...\n", "record": {"elapsed": {"repr": "0:02:44.157944", "seconds": 164.157944}, "exception": null, "extra": {}, "file": {"name": "main.py", "path": "C:\\Users\\melni\\PycharmProjects\\1xbet_parser\\main.py"}, "function": "get_match", "level": {"icon": "🐞", "name": "DEBUG", "no": 10}, "line": 125, "message": "getting info about match...", "module": "main", "name": "__main__", "process": {"id": 7840, "name": "MainProcess"}, "thread": {"id": 6968, "name": "MainThread"}, "time": {"repr": "2024-08-28 22:53:05.148506+05:00", "timestamp": 1724867585.148506}}}
{"text": "2024-08-28T22:53:05.524320+0500 DEBUG reading db\n", "record": {"elapsed": {"repr": "0:02:44.533758", "seconds": 164.533758}, "exception": null, "extra": {}, "file": {"name": "main.py", "path": "C:\\Users\\melni\\PycharmProjects\\1xbet_parser\\main.py"}, "function": "find_game", "level": {"icon": "🐞", "name": "DEBUG", "no": 10}, "line": 60, "message": "reading db", "module": "main", "name": "__main__", "process": {"id": 7840, "name": "MainProcess"}, "thread": {"id": 6968, "name": "MainThread"}, "time": {"repr": "2024-08-28 22:53:05.524320+05:00", "timestamp": 1724867585.52432}}}
{"text": "2024-08-28T22:53:05.900609+0500 INFO CS 2. ESEA Advanced. Europe (28.08 23:00)\nHeimo Esports - Passion UA\n\n1-я карта -> 3.99 & 1.21\n", "record": {"elapsed": {"repr": "0:02:44.910047", "seconds": 164.910047}, "exception": null, "extra": {}, "file": {"name": "main.py", "path": "C:\\Users\\melni\\PycharmProjects\\1xbet_parser\\main.py"}, "function": "get_message", "level": {"icon": "ℹ️", "name": "INFO", "no": 20}, "line": 30, "message": "CS 2. ESEA Advanced. Europe (28.08 23:00)\nHeimo Esports - Passion UA\n\n1-я карта -> 3.99 & 1.21", "module": "main", "name": "__main__", "process": {"id": 7840, "name": "MainProcess"}, "thread": {"id": 6968, "name": "MainThread"}, "time": {"repr": "2024-08-28 22:53:05.900609+05:00", "timestamp": 1724867585.900609}}}
{"text": "2024-08-28T22:53:05.900609+0500 INFO message sent\n", "record": {"elapsed": {"repr": "0:02:44.910047", "seconds": 164.910047}, "exception": null, "extra": {}, "file": {"name": "main.py", "path": "C:\\Users\\melni\\PycharmProjects\\1xbet_parser\\main.py"}, "function": "get_message", "level": {"icon": "ℹ️", "name": "INFO", "no": 20}, "line": 31, "message": "message sent", "module": "main", "name": "__main__", "process": {"id": 7840, "name": "MainProcess"}, "thread": {"id": 6968, "name": "MainThread"}, "time": {"repr": "2024-08-28 22:53:05.900609+05:00", "timestamp": 1724867585.900609}}}
{"text": "2024-08-28T22:53:05.900609+0500 DEBUG writing bet to db\n", "record": {"elapsed": {"repr": "0:02:44.910047", "seconds": 164.910047}, "exception": null, "extra": {}, "file": {"name": "main.py", "path": "C:\\Users\\melni\\PycharmProjects\\1xbet_parser\\main.py"}, "function": "find_game", "level": {"icon": "🐞", "name": "DEBUG", "no": 10}, "line": 74, "message": "writing bet to db", "module": "main", "name": "__main__", "process": {"id": 7840, "name": "MainProcess"}, "thread": {"id": 6968, "name": "MainThread"}, "time": {"repr": "2024-08-28 22:53:05.900609+05:00", "timestamp": 1724867585.900609}}}
{"text": "2024-08-28T22:53:05.900609+0500 DEBUG finding coefficients\n", "record": {"elapsed": {"repr": "0:02:44.910047", "seconds": 164.910047}, "exception": null, "extra": {}, "file": {"name": "main.py", "path": "C:\\Users\\melni\\PycharmProjects\\1xbet_parser\\main.py"}, "function": "get_bet", "level": {"icon": "🐞", "name": "DEBUG", "no": 10}, "line": 100, "message": "finding coefficients", "module": "main", "name": "__main__", "process": {"id": 7840, "name": "MainProcess"}, "thread": {"id": 6968, "name": "MainThread"}, "time": {"repr": "2024-08-28 22:53:05.900609+05:00", "timestamp": 1724867585.900609}}}
{"text": "2024-08-28T22:53:05.900609+0500 DEBUG getting info about match...\n", "record": {"elapsed": {"repr": "0:02:44.910047", "seconds": 164.910047}, "exception": null, "extra": {}, "file": {"name": "main.py", "path": "C:\\Users\\melni\\PycharmProjects\\1xbet_parser\\main.py"}, "function": "get_match", "level": {"icon": "🐞", "name": "DEBUG", "no": 10}, "line": 125, "message": "getting info about match...", "module": "main", "name": "__main__", "process": {"id": 7840, "name": "MainProcess"}, "thread": {"id": 6968, "name": "MainThread"}, "time": {"repr": "2024-08-28 22:53:05.900609+05:00", "timestamp": 1724867585.900609}}}
{"text": "2024-08-28T22:53:06.213217+0500 DEBUG reading db\n", "record": {"elapsed": {"repr": "0:02:45.222655", "seconds": 165.222655}, "exception": null, "extra": {}, "file": {"name": "main.py", "path": "C:\\Users\\melni\\PycharmProjects\\1xbet_parser\\main.py"}, "function": "find_game", "level": {"icon": "🐞", "name": "DEBUG", "no": 10}, "line": 60, "message": "reading db", "module": "main", "name": "__main__", "process": {"id": 7840, "name": "MainProcess"}, "thread": {"id": 6968, "name": "MainThread"}, "time": {"repr": "2024-08-28 22:53:06.213217+05:00", "timestamp": 1724867586.213217}}}
{"text": "2024-08-28T22:53:06.557829+0500 INFO CS 2. ESEA Advanced. Europe (28.08 23:00)\nSpirit Academy - UNiTY\n\n1-я карта -> 2 & 1.72\n", "record": {"elapsed": {"repr": "0:02:45.567267", "seconds": 165.567267}, "exception": null, "extra": {}, "file": {"name": "main.py", "path": "C:\\Users\\melni\\PycharmProjects\\1xbet_parser\\main.py"}, "function": "get_message", "level": {"icon": "ℹ️", "name": "INFO", "no": 20}, "line": 30, "message": "CS 2. ESEA Advanced. Europe (28.08 23:00)\nSpirit Academy - UNiTY\n\n1-я карта -> 2 & 1.72", "module": "main", "name": "__main__", "process": {"id": 7840, "name": "MainProcess"}, "thread": {"id": 6968, "name": "MainThread"}, "time": {"repr": "2024-08-28 22:53:06.557829+05:00", "timestamp": 1724867586.557829}}}
{"text": "2024-08-28T22:53:06.557829+0500 INFO message sent\n", "record": {"elapsed": {"repr": "0:02:45.567267", "seconds": 165.567267}, "exception": null, "extra": {}, "file": {"name": "main.py", "path": "C:\\Users\\melni\\PycharmProjects\\1xbet_parser\\main.py"}, "function": "get_message", "level": {"icon": "ℹ️", "name": "INFO", "no": 20}, "line": 31, "message": "message sent", "module": "main", "name": "__main__", "process": {"id": 7840, "name": "MainProcess"}, "thread": {"id": 6968, "name": "MainThread"}, "time": {"repr": "2024-08-28 22:53:06.557829+05:00", "timestamp": 1724867586.557829}}}
{"text": "2024-08-28T22:53:06.557829+0500 DEBUG writing bet to db\n", "record": {"elapsed": {"repr": "0:02:45.567267", "seconds": 165.567267}, "exception": null, "extra": {}, "file": {"name": "main.py", "path": "C:\\Users\\melni\\PycharmProjects\\1xbet_parser\\main.py"}, "function": "find_game", "level": {"icon": "🐞", "name": "DEBUG", "no": 10}, "line": 74, "message": "writing bet to db", "module": "main", "name": "__main__", "process": {"id": 7840, "name": "MainProcess"}, "thread": {"id": 6968, "name": "MainThread"}, "time": {"repr": "2024-08-28 22:53:06.557829+05:00", "timestamp": 1724867586.557829}}}
{"text": "2024-08-28T22:53:06.557829+0500 DEBUG finding coefficients\n", "record": {"elapsed": {"repr": "0:02:45.567267", "seconds": 165.567267}, "exception": null, "extra": {}, "file": {"name": "main.py", "path": "C:\\Users\\melni\\PycharmProjects\\1xbet_parser\\main.py"}, "function": "get_bet", "level": {"icon": "🐞", "name": "DEBUG", "no": 10}, "line": 100, "message": "finding coefficients", "module": "main", "name": "__main__", "process": {"id": 7840, "name": "MainProcess"}, "thread": {"id": 6968, "name": "MainThread"}, "time": {"repr": "2024-08-28 22:53:06.557829+05:00", "timestamp": 1724867586.557829}}}
{"text": "2024-08-28T22:53:06.557829+0500 DEBUG getting info about match...\n", "record": {"elapsed": {"repr": "0:02:45.567267", "seconds": 165.567267}, "exception": null, "extra": {}, "file": {"name": "main.py", "path": "C:\\Users\\melni\\PycharmProjects\\1xbet_parser\\main.py"}, "function": "get_match", "level": {"icon": "🐞", "name": "DEBUG", "no": 10}, "line": 125, "message": "getting info about match...", "module": "main", "name": "__main__", "process": {"id": 7840, "name": "MainProcess"}, "thread": {"id": 6968, "name": "MainThread"}, "time": {"repr": "2024-08-28 22:53:06.557829+05:00", "timestamp": 1724867586.557829}}}
{"text": "2024-08-28T22:53:06.573336+0500 DEBUG getting matches...\n", "record": {"elapsed": {"repr": "0:02:45.582774", "seconds": 165.582774}, "exception": null, "extra": {}, "file": {"name": "main.py", "path": "C:\\Users\\melni\\PycharmProjects\\1xbet_parser\\main.py"}, "function": "get_league", "level": {"icon": "🐞", "name": "DEBUG", "no": 10}, "line": 149, "message": "getting matches...", "module": "main", "name": "__main__", "process": {"id": 7840, "name": "MainProcess"}, "thread": {"id": 6968, "name": "MainThread"}, "time": {"repr": "2024-08-28 22:53:06.573336+05:00", "timestamp": 1724867586.573336}}}
{"text": "2024-08-28T22:53:06.573336+0500 INFO sleeping...\n", "record": {"elapsed": {"repr": "0:02:45.582774", "seconds": 165.582774}, "exception": null, "extra": {}, "file": {"name": "main.py", "path": "C:\\Users\\melni\\PycharmProjects\\1xbet_parser\\main.py"}, "function": "<module>", "level": {"icon": "ℹ️", "name": "INFO", "no": 20}, "line": 158, "message": "sleeping...", "module": "main", "name": "__main__", "process": {"id": 7840, "name": "MainProcess"}, "thread": {"id": 6968, "name": "MainThread"}, "time": {"repr": "2024-08-28 22:53:06.573336+05:00", "timestamp": 1724867586.573336}}}
{"text": "2024-08-28T23:18:21.285481+0500 CRITICAL url doesnt written\n", "record": {"elapsed": {"repr": "0:00:01.319267", "seconds": 1.319267}, "exception": null, "extra": {}, "file": {"name": "main.py", "path": "C:\\Users\\melni\\PycharmProjects\\1xbet_parser\\main.py"}, "function": "get_league", "level": {"icon": "☠️", "name": "CRITICAL", "no": 50}, "line": 151, "message": "url doesnt written", "module": "main", "name": "__main__", "process": {"id": 5844, "name": "MainProcess"}, "thread": {"id": 6232, "name": "MainThread"}, "time": {"repr": "2024-08-28 23:18:21.285481+05:00", "timestamp": 1724869101.285481}}}
{"text": "2024-08-28T23:18:21.332340+0500 INFO sleeping...\n", "record": {"elapsed": {"repr": "0:00:01.366126", "seconds": 1.366126}, "exception": null, "extra": {}, "file": {"name": "main.py", "path": "C:\\Users\\melni\\PycharmProjects\\1xbet_parser\\main.py"}, "function": "<module>", "level": {"icon": "ℹ️", "name": "INFO", "no": 20}, "line": 158, "message": "sleeping...", "module": "main", "name": "__main__", "process": {"id": 5844, "name": "MainProcess"}, "thread": {"id": 6232, "name": "MainThread"}, "time": {"repr": "2024-08-28 23:18:21.332340+05:00", "timestamp": 1724869101.33234}}}
