{"text": "2024-08-25T13:48:08.223760+0500 INFO CS 2. BB Dacha (25.08 14:00)\nTeam Falcons - BETBOOM TEAM\n\nold odds: 2-я карта -> 1.83\nnew odds: 2-я карта -> 1.71\n", "record": {"elapsed": {"repr": "0:00:16.519431", "seconds": 16.519431}, "exception": null, "extra": {}, "file": {"name": "main.py", "path": "C:\\Users\\melni\\PycharmProjects\\betboom_parser\\main.py"}, "function": "get_alter_message", "level": {"icon": "ℹ️", "name": "INFO", "no": 20}, "line": 48, "message": "CS 2. BB Dacha (25.08 14:00)\nTeam Falcons - BETBOOM TEAM\n\nold odds: 2-я карта -> 1.83\nnew odds: 2-я карта -> 1.71", "module": "main", "name": "__main__", "process": {"id": 6940, "name": "MainProcess"}, "thread": {"id": 6400, "name": "MainThread"}, "time": {"repr": "2024-08-25 13:48:08.223760+05:00", "timestamp": 1724575688.22376}}}
{"text": "2024-08-25T13:48:08.231763+0500 INFO message sent\n", "record": {"elapsed": {"repr": "0:00:16.527434", "seconds": 16.527434}, "exception": null, "extra": {}, "file": {"name": "main.py", "path": "C:\\Users\\melni\\PycharmProjects\\betboom_parser\\main.py"}, "function": "get_alter_message", "level": {"icon": "ℹ️", "name": "INFO", "no": 20}, "line": 49, "message": "message sent", "module": "main", "name": "__main__", "process": {"id": 6940, "name": "MainProcess"}, "thread": {"id": 6400, "name": "MainThread"}, "time": {"repr": "2024-08-25 13:48:08.231763+05:00", "timestamp": 1724575688.231763}}}
{"text": "2024-08-25T13:48:08.231763+0500 DEBUG writing bet to db\n", "record": {"elapsed": {"repr": "0:00:16.527434", "seconds": 16.527434}, "exception": null, "extra": {}, "file": {"name": "main.py", "path": "C:\\Users\\melni\\PycharmProjects\\betboom_parser\\main.py"}, "function": "find_game", "level": {"icon": "🐞", "name": "DEBUG", "no": 10}, "line": 73, "message": "writing bet to db", "module": "main", "name": "__main__", "process": {"id": 6940, "name": "MainProcess"}, "thread": {"id": 6400, "name": "MainThread"}, "time": {"repr": "2024-08-25 13:48:08.231763+05:00", "timestamp": 1724575688.231763}}}
{"text": "2024-08-25T13:48:08.232773+0500 DEBUG finding coefficients\n", "record": {"elapsed": {"repr": "0:00:16.528444", "seconds": 16.528444}, "exception": null, "extra": {}, "file": {"name": "main.py", "path": "C:\\Users\\melni\\PycharmProjects\\betboom_parser\\main.py"}, "function": "get_bet", "level": {"icon": "🐞", "name": "DEBUG", "no": 10}, "line": 99, "message": "finding coefficients", "module": "main", "name": "__main__", "process": {"id": 6940, "name": "MainProcess"}, "thread": {"id": 6400, "name": "MainThread"}, "time": {"repr": "2024-08-25 13:48:08.232773+05:00", "timestamp": 1724575688.232773}}}
{"text": "2024-08-25T13:48:08.233755+0500 DEBUG getting info about match...\n", "record": {"elapsed": {"repr": "0:00:16.529426", "seconds": 16.529426}, "exception": null, "extra": {}, "file": {"name": "main.py", "path": "C:\\Users\\melni\\PycharmProjects\\betboom_parser\\main.py"}, "function": "get_match", "level": {"icon": "🐞", "name": "DEBUG", "no": 10}, "line": 124, "message": "getting info about match...", "module": "main", "name": "__main__", "process": {"id": 6940, "name": "MainProcess"}, "thread": {"id": 6400, "name": "MainThread"}, "time": {"repr": "2024-08-25 13:48:08.233755+05:00", "timestamp": 1724575688.233755}}}
{"text": "2024-08-25T13:48:08.520216+0500 DEBUG reading db\n", "record": {"elapsed": {"repr": "0:00:16.815887", "seconds": 16.815887}, "exception": null, "extra": {}, "file": {"name": "main.py", "path": "C:\\Users\\melni\\PycharmProjects\\betboom_parser\\main.py"}, "function": "find_game", "level": {"icon": "🐞", "name": "DEBUG", "no": 10}, "line": 59, "message": "reading db", "module": "main", "name": "__main__", "process": {"id": 6940, "name": "MainProcess"}, "thread": {"id": 6400, "name": "MainThread"}, "time": {"repr": "2024-08-25 13:48:08.520216+05:00", "timestamp": 1724575688.520216}}}
{"text": "2024-08-25T13:48:08.933567+0500 INFO CS 2. CCT Europe Series 9 (25.08 14:30)\nZero Tenacity - Permitta Esports\n\n1-я карта -> 1.54 & 2.406\n", "record": {"elapsed": {"repr": "0:00:17.229238", "seconds": 17.229238}, "exception": null, "extra": {}, "file": {"name": "main.py", "path": "C:\\Users\\melni\\PycharmProjects\\betboom_parser\\main.py"}, "function": "get_message", "level": {"icon": "ℹ️", "name": "INFO", "no": 20}, "line": 31, "message": "CS 2. CCT Europe Series 9 (25.08 14:30)\nZero Tenacity - Permitta Esports\n\n1-я карта -> 1.54 & 2.406", "module": "main", "name": "__main__", "process": {"id": 6940, "name": "MainProcess"}, "thread": {"id": 6400, "name": "MainThread"}, "time": {"repr": "2024-08-25 13:48:08.933567+05:00", "timestamp": 1724575688.933567}}}
{"text": "2024-08-25T13:48:08.934563+0500 INFO message sent\n", "record": {"elapsed": {"repr": "0:00:17.230234", "seconds": 17.230234}, "exception": null, "extra": {}, "file": {"name": "main.py", "path": "C:\\Users\\melni\\PycharmProjects\\betboom_parser\\main.py"}, "function": "get_message", "level": {"icon": "ℹ️", "name": "INFO", "no": 20}, "line": 32, "message": "message sent", "module": "main", "name": "__main__", "process": {"id": 6940, "name": "MainProcess"}, "thread": {"id": 6400, "name": "MainThread"}, "time": {"repr": "2024-08-25 13:48:08.934563+05:00", "timestamp": 1724575688.934563}}}
{"text": "2024-08-25T13:48:08.934563+0500 DEBUG writing bet to db\n", "record": {"elapsed": {"repr": "0:00:17.230234", "seconds": 17.230234}, "exception": null, "extra": {}, "file": {"name": "main.py", "path": "C:\\Users\\melni\\PycharmProjects\\betboom_parser\\main.py"}, "function": "find_game", "level": {"icon": "🐞", "name": "DEBUG", "no": 10}, "line": 73, "message": "writing bet to db", "module": "main", "name": "__main__", "process": {"id": 6940, "name": "MainProcess"}, "thread": {"id": 6400, "name": "MainThread"}, "time": {"repr": "2024-08-25 13:48:08.934563+05:00", "timestamp": 1724575688.934563}}}
{"text": "2024-08-25T13:48:08.935577+0500 DEBUG finding coefficients\n", "record": {"elapsed": {"repr": "0:00:17.231248", "seconds": 17.231248}, "exception": null, "extra": {}, "file": {"name": "main.py", "path": "C:\\Users\\melni\\PycharmProjects\\betboom_parser\\main.py"}, "function": "get_bet", "level": {"icon": "🐞", "name": "DEBUG", "no": 10}, "line": 99, "message": "finding coefficients", "module": "main", "name": "__main__", "process": {"id": 6940, "name": "MainProcess"}, "thread": {"id": 6400, "name": "MainThread"}, "time": {"repr": "2024-08-25 13:48:08.935577+05:00", "timestamp": 1724575688.935577}}}
{"text": "2024-08-25T13:48:08.936574+0500 DEBUG reading db\n", "record": {"elapsed": {"repr": "0:00:17.232245", "seconds": 17.232245}, "exception": null, "extra": {}, "file": {"name": "main.py", "path": "C:\\Users\\melni\\PycharmProjects\\betboom_parser\\main.py"}, "function": "find_game", "level": {"icon": "🐞", "name": "DEBUG", "no": 10}, "line": 59, "message": "reading db", "module": "main", "name": "__main__", "process": {"id": 6940, "name": "MainProcess"}, "thread": {"id": 6400, "name": "MainThread"}, "time": {"repr": "2024-08-25 13:48:08.936574+05:00", "timestamp": 1724575688.936574}}}
{"text": "2024-08-25T13:48:11.001355+0500 INFO CS 2. CCT Europe Series 9 (25.08 14:30)\nZero Tenacity - Permitta Esports\n\n2-я карта -> 1.54 & 2.406\n", "record": {"elapsed": {"repr": "0:00:19.297026", "seconds": 19.297026}, "exception": null, "extra": {}, "file": {"name": "main.py", "path": "C:\\Users\\melni\\PycharmProjects\\betboom_parser\\main.py"}, "function": "get_message", "level": {"icon": "ℹ️", "name": "INFO", "no": 20}, "line": 31, "message": "CS 2. CCT Europe Series 9 (25.08 14:30)\nZero Tenacity - Permitta Esports\n\n2-я карта -> 1.54 & 2.406", "module": "main", "name": "__main__", "process": {"id": 6940, "name": "MainProcess"}, "thread": {"id": 6400, "name": "MainThread"}, "time": {"repr": "2024-08-25 13:48:11.001355+05:00", "timestamp": 1724575691.001355}}}
{"text": "2024-08-25T13:48:11.001355+0500 INFO message sent\n", "record": {"elapsed": {"repr": "0:00:19.297026", "seconds": 19.297026}, "exception": null, "extra": {}, "file": {"name": "main.py", "path": "C:\\Users\\melni\\PycharmProjects\\betboom_parser\\main.py"}, "function": "get_message", "level": {"icon": "ℹ️", "name": "INFO", "no": 20}, "line": 32, "message": "message sent", "module": "main", "name": "__main__", "process": {"id": 6940, "name": "MainProcess"}, "thread": {"id": 6400, "name": "MainThread"}, "time": {"repr": "2024-08-25 13:48:11.001355+05:00", "timestamp": 1724575691.001355}}}
{"text": "2024-08-25T13:48:11.002350+0500 DEBUG writing bet to db\n", "record": {"elapsed": {"repr": "0:00:19.298021", "seconds": 19.298021}, "exception": null, "extra": {}, "file": {"name": "main.py", "path": "C:\\Users\\melni\\PycharmProjects\\betboom_parser\\main.py"}, "function": "find_game", "level": {"icon": "🐞", "name": "DEBUG", "no": 10}, "line": 73, "message": "writing bet to db", "module": "main", "name": "__main__", "process": {"id": 6940, "name": "MainProcess"}, "thread": {"id": 6400, "name": "MainThread"}, "time": {"repr": "2024-08-25 13:48:11.002350+05:00", "timestamp": 1724575691.00235}}}
{"text": "2024-08-25T13:48:11.003356+0500 DEBUG finding coefficients\n", "record": {"elapsed": {"repr": "0:00:19.299027", "seconds": 19.299027}, "exception": null, "extra": {}, "file": {"name": "main.py", "path": "C:\\Users\\melni\\PycharmProjects\\betboom_parser\\main.py"}, "function": "get_bet", "level": {"icon": "🐞", "name": "DEBUG", "no": 10}, "line": 99, "message": "finding coefficients", "module": "main", "name": "__main__", "process": {"id": 6940, "name": "MainProcess"}, "thread": {"id": 6400, "name": "MainThread"}, "time": {"repr": "2024-08-25 13:48:11.003356+05:00", "timestamp": 1724575691.003356}}}
{"text": "2024-08-25T13:48:11.004393+0500 DEBUG reading db\n", "record": {"elapsed": {"repr": "0:00:19.300064", "seconds": 19.300064}, "exception": null, "extra": {}, "file": {"name": "main.py", "path": "C:\\Users\\melni\\PycharmProjects\\betboom_parser\\main.py"}, "function": "find_game", "level": {"icon": "🐞", "name": "DEBUG", "no": 10}, "line": 59, "message": "reading db", "module": "main", "name": "__main__", "process": {"id": 6940, "name": "MainProcess"}, "thread": {"id": 6400, "name": "MainThread"}, "time": {"repr": "2024-08-25 13:48:11.004393+05:00", "timestamp": 1724575691.004393}}}
{"text": "2024-08-25T13:48:14.313261+0500 INFO CS 2. CCT Europe Series 9 (25.08 14:30)\nZero Tenacity - Permitta Esports\n\n3-я карта -> 1.54 & 2.406\n", "record": {"elapsed": {"repr": "0:00:22.608932", "seconds": 22.608932}, "exception": null, "extra": {}, "file": {"name": "main.py", "path": "C:\\Users\\melni\\PycharmProjects\\betboom_parser\\main.py"}, "function": "get_message", "level": {"icon": "ℹ️", "name": "INFO", "no": 20}, "line": 31, "message": "CS 2. CCT Europe Series 9 (25.08 14:30)\nZero Tenacity - Permitta Esports\n\n3-я карта -> 1.54 & 2.406", "module": "main", "name": "__main__", "process": {"id": 6940, "name": "MainProcess"}, "thread": {"id": 6400, "name": "MainThread"}, "time": {"repr": "2024-08-25 13:48:14.313261+05:00", "timestamp": 1724575694.313261}}}
{"text": "2024-08-25T13:48:14.314229+0500 INFO message sent\n", "record": {"elapsed": {"repr": "0:00:22.609900", "seconds": 22.6099}, "exception": null, "extra": {}, "file": {"name": "main.py", "path": "C:\\Users\\melni\\PycharmProjects\\betboom_parser\\main.py"}, "function": "get_message", "level": {"icon": "ℹ️", "name": "INFO", "no": 20}, "line": 32, "message": "message sent", "module": "main", "name": "__main__", "process": {"id": 6940, "name": "MainProcess"}, "thread": {"id": 6400, "name": "MainThread"}, "time": {"repr": "2024-08-25 13:48:14.314229+05:00", "timestamp": 1724575694.314229}}}
{"text": "2024-08-25T13:48:14.315251+0500 DEBUG writing bet to db\n", "record": {"elapsed": {"repr": "0:00:22.610922", "seconds": 22.610922}, "exception": null, "extra": {}, "file": {"name": "main.py", "path": "C:\\Users\\melni\\PycharmProjects\\betboom_parser\\main.py"}, "function": "find_game", "level": {"icon": "🐞", "name": "DEBUG", "no": 10}, "line": 73, "message": "writing bet to db", "module": "main", "name": "__main__", "process": {"id": 6940, "name": "MainProcess"}, "thread": {"id": 6400, "name": "MainThread"}, "time": {"repr": "2024-08-25 13:48:14.315251+05:00", "timestamp": 1724575694.315251}}}
{"text": "2024-08-25T13:48:14.316256+0500 DEBUG finding coefficients\n", "record": {"elapsed": {"repr": "0:00:22.611927", "seconds": 22.611927}, "exception": null, "extra": {}, "file": {"name": "main.py", "path": "C:\\Users\\melni\\PycharmProjects\\betboom_parser\\main.py"}, "function": "get_bet", "level": {"icon": "🐞", "name": "DEBUG", "no": 10}, "line": 99, "message": "finding coefficients", "module": "main", "name": "__main__", "process": {"id": 6940, "name": "MainProcess"}, "thread": {"id": 6400, "name": "MainThread"}, "time": {"repr": "2024-08-25 13:48:14.316256+05:00", "timestamp": 1724575694.316256}}}
{"text": "2024-08-25T13:48:14.317232+0500 DEBUG getting info about match...\n", "record": {"elapsed": {"repr": "0:00:22.612903", "seconds": 22.612903}, "exception": null, "extra": {}, "file": {"name": "main.py", "path": "C:\\Users\\melni\\PycharmProjects\\betboom_parser\\main.py"}, "function": "get_match", "level": {"icon": "🐞", "name": "DEBUG", "no": 10}, "line": 124, "message": "getting info about match...", "module": "main", "name": "__main__", "process": {"id": 6940, "name": "MainProcess"}, "thread": {"id": 6400, "name": "MainThread"}, "time": {"repr": "2024-08-25 13:48:14.317232+05:00", "timestamp": 1724575694.317232}}}
{"text": "2024-08-25T13:48:14.602474+0500 DEBUG reading db\n", "record": {"elapsed": {"repr": "0:00:22.898145", "seconds": 22.898145}, "exception": null, "extra": {}, "file": {"name": "main.py", "path": "C:\\Users\\melni\\PycharmProjects\\betboom_parser\\main.py"}, "function": "find_game", "level": {"icon": "🐞", "name": "DEBUG", "no": 10}, "line": 59, "message": "reading db", "module": "main", "name": "__main__", "process": {"id": 6940, "name": "MainProcess"}, "thread": {"id": 6400, "name": "MainThread"}, "time": {"repr": "2024-08-25 13:48:14.602474+05:00", "timestamp": 1724575694.602474}}}
{"text": "2024-08-25T13:48:15.000612+0500 INFO CS 2. European Pro League (25.08 15:30)\nECSTATIC - Dynamo Eclot\n\n1-я карта -> 2.05 & 1.7\n", "record": {"elapsed": {"repr": "0:00:23.296283", "seconds": 23.296283}, "exception": null, "extra": {}, "file": {"name": "main.py", "path": "C:\\Users\\melni\\PycharmProjects\\betboom_parser\\main.py"}, "function": "get_message", "level": {"icon": "ℹ️", "name": "INFO", "no": 20}, "line": 31, "message": "CS 2. European Pro League (25.08 15:30)\nECSTATIC - Dynamo Eclot\n\n1-я карта -> 2.05 & 1.7", "module": "main", "name": "__main__", "process": {"id": 6940, "name": "MainProcess"}, "thread": {"id": 6400, "name": "MainThread"}, "time": {"repr": "2024-08-25 13:48:15.000612+05:00", "timestamp": 1724575695.000612}}}
{"text": "2024-08-25T13:48:15.001614+0500 INFO message sent\n", "record": {"elapsed": {"repr": "0:00:23.297285", "seconds": 23.297285}, "exception": null, "extra": {}, "file": {"name": "main.py", "path": "C:\\Users\\melni\\PycharmProjects\\betboom_parser\\main.py"}, "function": "get_message", "level": {"icon": "ℹ️", "name": "INFO", "no": 20}, "line": 32, "message": "message sent", "module": "main", "name": "__main__", "process": {"id": 6940, "name": "MainProcess"}, "thread": {"id": 6400, "name": "MainThread"}, "time": {"repr": "2024-08-25 13:48:15.001614+05:00", "timestamp": 1724575695.001614}}}
{"text": "2024-08-25T13:48:15.001614+0500 DEBUG writing bet to db\n", "record": {"elapsed": {"repr": "0:00:23.297285", "seconds": 23.297285}, "exception": null, "extra": {}, "file": {"name": "main.py", "path": "C:\\Users\\melni\\PycharmProjects\\betboom_parser\\main.py"}, "function": "find_game", "level": {"icon": "🐞", "name": "DEBUG", "no": 10}, "line": 73, "message": "writing bet to db", "module": "main", "name": "__main__", "process": {"id": 6940, "name": "MainProcess"}, "thread": {"id": 6400, "name": "MainThread"}, "time": {"repr": "2024-08-25 13:48:15.001614+05:00", "timestamp": 1724575695.001614}}}
{"text": "2024-08-25T13:48:15.002614+0500 DEBUG finding coefficients\n", "record": {"elapsed": {"repr": "0:00:23.298285", "seconds": 23.298285}, "exception": null, "extra": {}, "file": {"name": "main.py", "path": "C:\\Users\\melni\\PycharmProjects\\betboom_parser\\main.py"}, "function": "get_bet", "level": {"icon": "🐞", "name": "DEBUG", "no": 10}, "line": 99, "message": "finding coefficients", "module": "main", "name": "__main__", "process": {"id": 6940, "name": "MainProcess"}, "thread": {"id": 6400, "name": "MainThread"}, "time": {"repr": "2024-08-25 13:48:15.002614+05:00", "timestamp": 1724575695.002614}}}
{"text": "2024-08-25T13:48:15.003610+0500 DEBUG reading db\n", "record": {"elapsed": {"repr": "0:00:23.299281", "seconds": 23.299281}, "exception": null, "extra": {}, "file": {"name": "main.py", "path": "C:\\Users\\melni\\PycharmProjects\\betboom_parser\\main.py"}, "function": "find_game", "level": {"icon": "🐞", "name": "DEBUG", "no": 10}, "line": 59, "message": "reading db", "module": "main", "name": "__main__", "process": {"id": 6940, "name": "MainProcess"}, "thread": {"id": 6400, "name": "MainThread"}, "time": {"repr": "2024-08-25 13:48:15.003610+05:00", "timestamp": 1724575695.00361}}}
{"text": "2024-08-25T13:48:15.347628+0500 INFO CS 2. European Pro League (25.08 15:30)\nECSTATIC - Dynamo Eclot\n\n2-я карта -> 2.05 & 1.7\n", "record": {"elapsed": {"repr": "0:00:23.643299", "seconds": 23.643299}, "exception": null, "extra": {}, "file": {"name": "main.py", "path": "C:\\Users\\melni\\PycharmProjects\\betboom_parser\\main.py"}, "function": "get_message", "level": {"icon": "ℹ️", "name": "INFO", "no": 20}, "line": 31, "message": "CS 2. European Pro League (25.08 15:30)\nECSTATIC - Dynamo Eclot\n\n2-я карта -> 2.05 & 1.7", "module": "main", "name": "__main__", "process": {"id": 6940, "name": "MainProcess"}, "thread": {"id": 6400, "name": "MainThread"}, "time": {"repr": "2024-08-25 13:48:15.347628+05:00", "timestamp": 1724575695.347628}}}
{"text": "2024-08-25T13:48:15.348645+0500 INFO message sent\n", "record": {"elapsed": {"repr": "0:00:23.644316", "seconds": 23.644316}, "exception": null, "extra": {}, "file": {"name": "main.py", "path": "C:\\Users\\melni\\PycharmProjects\\betboom_parser\\main.py"}, "function": "get_message", "level": {"icon": "ℹ️", "name": "INFO", "no": 20}, "line": 32, "message": "message sent", "module": "main", "name": "__main__", "process": {"id": 6940, "name": "MainProcess"}, "thread": {"id": 6400, "name": "MainThread"}, "time": {"repr": "2024-08-25 13:48:15.348645+05:00", "timestamp": 1724575695.348645}}}
{"text": "2024-08-25T13:48:15.349631+0500 DEBUG writing bet to db\n", "record": {"elapsed": {"repr": "0:00:23.645302", "seconds": 23.645302}, "exception": null, "extra": {}, "file": {"name": "main.py", "path": "C:\\Users\\melni\\PycharmProjects\\betboom_parser\\main.py"}, "function": "find_game", "level": {"icon": "🐞", "name": "DEBUG", "no": 10}, "line": 73, "message": "writing bet to db", "module": "main", "name": "__main__", "process": {"id": 6940, "name": "MainProcess"}, "thread": {"id": 6400, "name": "MainThread"}, "time": {"repr": "2024-08-25 13:48:15.349631+05:00", "timestamp": 1724575695.349631}}}
{"text": "2024-08-25T13:48:15.349631+0500 DEBUG finding coefficients\n", "record": {"elapsed": {"repr": "0:00:23.645302", "seconds": 23.645302}, "exception": null, "extra": {}, "file": {"name": "main.py", "path": "C:\\Users\\melni\\PycharmProjects\\betboom_parser\\main.py"}, "function": "get_bet", "level": {"icon": "🐞", "name": "DEBUG", "no": 10}, "line": 99, "message": "finding coefficients", "module": "main", "name": "__main__", "process": {"id": 6940, "name": "MainProcess"}, "thread": {"id": 6400, "name": "MainThread"}, "time": {"repr": "2024-08-25 13:48:15.349631+05:00", "timestamp": 1724575695.349631}}}
{"text": "2024-08-25T13:48:15.350628+0500 DEBUG reading db\n", "record": {"elapsed": {"repr": "0:00:23.646299", "seconds": 23.646299}, "exception": null, "extra": {}, "file": {"name": "main.py", "path": "C:\\Users\\melni\\PycharmProjects\\betboom_parser\\main.py"}, "function": "find_game", "level": {"icon": "🐞", "name": "DEBUG", "no": 10}, "line": 59, "message": "reading db", "module": "main", "name": "__main__", "process": {"id": 6940, "name": "MainProcess"}, "thread": {"id": 6400, "name": "MainThread"}, "time": {"repr": "2024-08-25 13:48:15.350628+05:00", "timestamp": 1724575695.350628}}}
{"text": "2024-08-25T13:48:15.707154+0500 INFO CS 2. European Pro League (25.08 15:30)\nECSTATIC - Dynamo Eclot\n\n3-я карта -> 2.05 & 1.7\n", "record": {"elapsed": {"repr": "0:00:24.002825", "seconds": 24.002825}, "exception": null, "extra": {}, "file": {"name": "main.py", "path": "C:\\Users\\melni\\PycharmProjects\\betboom_parser\\main.py"}, "function": "get_message", "level": {"icon": "ℹ️", "name": "INFO", "no": 20}, "line": 31, "message": "CS 2. European Pro League (25.08 15:30)\nECSTATIC - Dynamo Eclot\n\n3-я карта -> 2.05 & 1.7", "module": "main", "name": "__main__", "process": {"id": 6940, "name": "MainProcess"}, "thread": {"id": 6400, "name": "MainThread"}, "time": {"repr": "2024-08-25 13:48:15.707154+05:00", "timestamp": 1724575695.707154}}}
{"text": "2024-08-25T13:48:15.708156+0500 INFO message sent\n", "record": {"elapsed": {"repr": "0:00:24.003827", "seconds": 24.003827}, "exception": null, "extra": {}, "file": {"name": "main.py", "path": "C:\\Users\\melni\\PycharmProjects\\betboom_parser\\main.py"}, "function": "get_message", "level": {"icon": "ℹ️", "name": "INFO", "no": 20}, "line": 32, "message": "message sent", "module": "main", "name": "__main__", "process": {"id": 6940, "name": "MainProcess"}, "thread": {"id": 6400, "name": "MainThread"}, "time": {"repr": "2024-08-25 13:48:15.708156+05:00", "timestamp": 1724575695.708156}}}
{"text": "2024-08-25T13:48:15.708156+0500 DEBUG writing bet to db\n", "record": {"elapsed": {"repr": "0:00:24.003827", "seconds": 24.003827}, "exception": null, "extra": {}, "file": {"name": "main.py", "path": "C:\\Users\\melni\\PycharmProjects\\betboom_parser\\main.py"}, "function": "find_game", "level": {"icon": "🐞", "name": "DEBUG", "no": 10}, "line": 73, "message": "writing bet to db", "module": "main", "name": "__main__", "process": {"id": 6940, "name": "MainProcess"}, "thread": {"id": 6400, "name": "MainThread"}, "time": {"repr": "2024-08-25 13:48:15.708156+05:00", "timestamp": 1724575695.708156}}}
{"text": "2024-08-25T13:48:15.710163+0500 DEBUG finding coefficients\n", "record": {"elapsed": {"repr": "0:00:24.005834", "seconds": 24.005834}, "exception": null, "extra": {}, "file": {"name": "main.py", "path": "C:\\Users\\melni\\PycharmProjects\\betboom_parser\\main.py"}, "function": "get_bet", "level": {"icon": "🐞", "name": "DEBUG", "no": 10}, "line": 99, "message": "finding coefficients", "module": "main", "name": "__main__", "process": {"id": 6940, "name": "MainProcess"}, "thread": {"id": 6400, "name": "MainThread"}, "time": {"repr": "2024-08-25 13:48:15.710163+05:00", "timestamp": 1724575695.710163}}}
{"text": "2024-08-25T13:48:15.710163+0500 DEBUG getting info about match...\n", "record": {"elapsed": {"repr": "0:00:24.005834", "seconds": 24.005834}, "exception": null, "extra": {}, "file": {"name": "main.py", "path": "C:\\Users\\melni\\PycharmProjects\\betboom_parser\\main.py"}, "function": "get_match", "level": {"icon": "🐞", "name": "DEBUG", "no": 10}, "line": 124, "message": "getting info about match...", "module": "main", "name": "__main__", "process": {"id": 6940, "name": "MainProcess"}, "thread": {"id": 6400, "name": "MainThread"}, "time": {"repr": "2024-08-25 13:48:15.710163+05:00", "timestamp": 1724575695.710163}}}
{"text": "2024-08-25T13:48:15.990319+0500 DEBUG reading db\n", "record": {"elapsed": {"repr": "0:00:24.285990", "seconds": 24.28599}, "exception": null, "extra": {}, "file": {"name": "main.py", "path": "C:\\Users\\melni\\PycharmProjects\\betboom_parser\\main.py"}, "function": "find_game", "level": {"icon": "🐞", "name": "DEBUG", "no": 10}, "line": 59, "message": "reading db", "module": "main", "name": "__main__", "process": {"id": 6940, "name": "MainProcess"}, "thread": {"id": 6400, "name": "MainThread"}, "time": {"repr": "2024-08-25 13:48:15.990319+05:00", "timestamp": 1724575695.990319}}}
{"text": "2024-08-25T13:48:16.321040+0500 INFO CS 2. BB Dacha (25.08 17:30)\n9z - paiN\n\n1-я карта -> 1.85 & 1.98\n", "record": {"elapsed": {"repr": "0:00:24.616711", "seconds": 24.616711}, "exception": null, "extra": {}, "file": {"name": "main.py", "path": "C:\\Users\\melni\\PycharmProjects\\betboom_parser\\main.py"}, "function": "get_message", "level": {"icon": "ℹ️", "name": "INFO", "no": 20}, "line": 31, "message": "CS 2. BB Dacha (25.08 17:30)\n9z - paiN\n\n1-я карта -> 1.85 & 1.98", "module": "main", "name": "__main__", "process": {"id": 6940, "name": "MainProcess"}, "thread": {"id": 6400, "name": "MainThread"}, "time": {"repr": "2024-08-25 13:48:16.321040+05:00", "timestamp": 1724575696.32104}}}
{"text": "2024-08-25T13:48:16.322041+0500 INFO message sent\n", "record": {"elapsed": {"repr": "0:00:24.617712", "seconds": 24.617712}, "exception": null, "extra": {}, "file": {"name": "main.py", "path": "C:\\Users\\melni\\PycharmProjects\\betboom_parser\\main.py"}, "function": "get_message", "level": {"icon": "ℹ️", "name": "INFO", "no": 20}, "line": 32, "message": "message sent", "module": "main", "name": "__main__", "process": {"id": 6940, "name": "MainProcess"}, "thread": {"id": 6400, "name": "MainThread"}, "time": {"repr": "2024-08-25 13:48:16.322041+05:00", "timestamp": 1724575696.322041}}}
{"text": "2024-08-25T13:48:16.323042+0500 DEBUG writing bet to db\n", "record": {"elapsed": {"repr": "0:00:24.618713", "seconds": 24.618713}, "exception": null, "extra": {}, "file": {"name": "main.py", "path": "C:\\Users\\melni\\PycharmProjects\\betboom_parser\\main.py"}, "function": "find_game", "level": {"icon": "🐞", "name": "DEBUG", "no": 10}, "line": 73, "message": "writing bet to db", "module": "main", "name": "__main__", "process": {"id": 6940, "name": "MainProcess"}, "thread": {"id": 6400, "name": "MainThread"}, "time": {"repr": "2024-08-25 13:48:16.323042+05:00", "timestamp": 1724575696.323042}}}
{"text": "2024-08-25T13:48:16.324042+0500 DEBUG finding coefficients\n", "record": {"elapsed": {"repr": "0:00:24.619713", "seconds": 24.619713}, "exception": null, "extra": {}, "file": {"name": "main.py", "path": "C:\\Users\\melni\\PycharmProjects\\betboom_parser\\main.py"}, "function": "get_bet", "level": {"icon": "🐞", "name": "DEBUG", "no": 10}, "line": 99, "message": "finding coefficients", "module": "main", "name": "__main__", "process": {"id": 6940, "name": "MainProcess"}, "thread": {"id": 6400, "name": "MainThread"}, "time": {"repr": "2024-08-25 13:48:16.324042+05:00", "timestamp": 1724575696.324042}}}
{"text": "2024-08-25T13:48:16.325045+0500 DEBUG reading db\n", "record": {"elapsed": {"repr": "0:00:24.620716", "seconds": 24.620716}, "exception": null, "extra": {}, "file": {"name": "main.py", "path": "C:\\Users\\melni\\PycharmProjects\\betboom_parser\\main.py"}, "function": "find_game", "level": {"icon": "🐞", "name": "DEBUG", "no": 10}, "line": 59, "message": "reading db", "module": "main", "name": "__main__", "process": {"id": 6940, "name": "MainProcess"}, "thread": {"id": 6400, "name": "MainThread"}, "time": {"repr": "2024-08-25 13:48:16.325045+05:00", "timestamp": 1724575696.325045}}}
{"text": "2024-08-25T13:48:19.629809+0500 INFO CS 2. BB Dacha (25.08 17:30)\n9z - paiN\n\n2-я карта -> 1.85 & 1.97\n", "record": {"elapsed": {"repr": "0:00:27.925480", "seconds": 27.92548}, "exception": null, "extra": {}, "file": {"name": "main.py", "path": "C:\\Users\\melni\\PycharmProjects\\betboom_parser\\main.py"}, "function": "get_message", "level": {"icon": "ℹ️", "name": "INFO", "no": 20}, "line": 31, "message": "CS 2. BB Dacha (25.08 17:30)\n9z - paiN\n\n2-я карта -> 1.85 & 1.97", "module": "main", "name": "__main__", "process": {"id": 6940, "name": "MainProcess"}, "thread": {"id": 6400, "name": "MainThread"}, "time": {"repr": "2024-08-25 13:48:19.629809+05:00", "timestamp": 1724575699.629809}}}
{"text": "2024-08-25T13:48:19.631806+0500 INFO message sent\n", "record": {"elapsed": {"repr": "0:00:27.927477", "seconds": 27.927477}, "exception": null, "extra": {}, "file": {"name": "main.py", "path": "C:\\Users\\melni\\PycharmProjects\\betboom_parser\\main.py"}, "function": "get_message", "level": {"icon": "ℹ️", "name": "INFO", "no": 20}, "line": 32, "message": "message sent", "module": "main", "name": "__main__", "process": {"id": 6940, "name": "MainProcess"}, "thread": {"id": 6400, "name": "MainThread"}, "time": {"repr": "2024-08-25 13:48:19.631806+05:00", "timestamp": 1724575699.631806}}}
{"text": "2024-08-25T13:48:19.631806+0500 DEBUG writing bet to db\n", "record": {"elapsed": {"repr": "0:00:27.927477", "seconds": 27.927477}, "exception": null, "extra": {}, "file": {"name": "main.py", "path": "C:\\Users\\melni\\PycharmProjects\\betboom_parser\\main.py"}, "function": "find_game", "level": {"icon": "🐞", "name": "DEBUG", "no": 10}, "line": 73, "message": "writing bet to db", "module": "main", "name": "__main__", "process": {"id": 6940, "name": "MainProcess"}, "thread": {"id": 6400, "name": "MainThread"}, "time": {"repr": "2024-08-25 13:48:19.631806+05:00", "timestamp": 1724575699.631806}}}
{"text": "2024-08-25T13:48:19.632806+0500 DEBUG finding coefficients\n", "record": {"elapsed": {"repr": "0:00:27.928477", "seconds": 27.928477}, "exception": null, "extra": {}, "file": {"name": "main.py", "path": "C:\\Users\\melni\\PycharmProjects\\betboom_parser\\main.py"}, "function": "get_bet", "level": {"icon": "🐞", "name": "DEBUG", "no": 10}, "line": 99, "message": "finding coefficients", "module": "main", "name": "__main__", "process": {"id": 6940, "name": "MainProcess"}, "thread": {"id": 6400, "name": "MainThread"}, "time": {"repr": "2024-08-25 13:48:19.632806+05:00", "timestamp": 1724575699.632806}}}
{"text": "2024-08-25T13:48:19.632806+0500 DEBUG getting info about match...\n", "record": {"elapsed": {"repr": "0:00:27.928477", "seconds": 27.928477}, "exception": null, "extra": {}, "file": {"name": "main.py", "path": "C:\\Users\\melni\\PycharmProjects\\betboom_parser\\main.py"}, "function": "get_match", "level": {"icon": "🐞", "name": "DEBUG", "no": 10}, "line": 124, "message": "getting info about match...", "module": "main", "name": "__main__", "process": {"id": 6940, "name": "MainProcess"}, "thread": {"id": 6400, "name": "MainThread"}, "time": {"repr": "2024-08-25 13:48:19.632806+05:00", "timestamp": 1724575699.632806}}}
{"text": "2024-08-25T13:48:19.830139+0500 DEBUG reading db\n", "record": {"elapsed": {"repr": "0:00:28.125810", "seconds": 28.12581}, "exception": null, "extra": {}, "file": {"name": "main.py", "path": "C:\\Users\\melni\\PycharmProjects\\betboom_parser\\main.py"}, "function": "find_game", "level": {"icon": "🐞", "name": "DEBUG", "no": 10}, "line": 59, "message": "reading db", "module": "main", "name": "__main__", "process": {"id": 6940, "name": "MainProcess"}, "thread": {"id": 6400, "name": "MainThread"}, "time": {"repr": "2024-08-25 13:48:19.830139+05:00", "timestamp": 1724575699.830139}}}
{"text": "2024-08-25T13:48:20.140657+0500 INFO CS 2. CCT Europe Series 9 (25.08 17:30)\nB8 - Revenant Esports\n\n1-я карта -> 1.46 & 2.629\n", "record": {"elapsed": {"repr": "0:00:28.436328", "seconds": 28.436328}, "exception": null, "extra": {}, "file": {"name": "main.py", "path": "C:\\Users\\melni\\PycharmProjects\\betboom_parser\\main.py"}, "function": "get_message", "level": {"icon": "ℹ️", "name": "INFO", "no": 20}, "line": 31, "message": "CS 2. CCT Europe Series 9 (25.08 17:30)\nB8 - Revenant Esports\n\n1-я карта -> 1.46 & 2.629", "module": "main", "name": "__main__", "process": {"id": 6940, "name": "MainProcess"}, "thread": {"id": 6400, "name": "MainThread"}, "time": {"repr": "2024-08-25 13:48:20.140657+05:00", "timestamp": 1724575700.140657}}}
{"text": "2024-08-25T13:48:20.141646+0500 INFO message sent\n", "record": {"elapsed": {"repr": "0:00:28.437317", "seconds": 28.437317}, "exception": null, "extra": {}, "file": {"name": "main.py", "path": "C:\\Users\\melni\\PycharmProjects\\betboom_parser\\main.py"}, "function": "get_message", "level": {"icon": "ℹ️", "name": "INFO", "no": 20}, "line": 32, "message": "message sent", "module": "main", "name": "__main__", "process": {"id": 6940, "name": "MainProcess"}, "thread": {"id": 6400, "name": "MainThread"}, "time": {"repr": "2024-08-25 13:48:20.141646+05:00", "timestamp": 1724575700.141646}}}
{"text": "2024-08-25T13:48:20.142650+0500 DEBUG writing bet to db\n", "record": {"elapsed": {"repr": "0:00:28.438321", "seconds": 28.438321}, "exception": null, "extra": {}, "file": {"name": "main.py", "path": "C:\\Users\\melni\\PycharmProjects\\betboom_parser\\main.py"}, "function": "find_game", "level": {"icon": "🐞", "name": "DEBUG", "no": 10}, "line": 73, "message": "writing bet to db", "module": "main", "name": "__main__", "process": {"id": 6940, "name": "MainProcess"}, "thread": {"id": 6400, "name": "MainThread"}, "time": {"repr": "2024-08-25 13:48:20.142650+05:00", "timestamp": 1724575700.14265}}}
{"text": "2024-08-25T13:48:20.143640+0500 DEBUG finding coefficients\n", "record": {"elapsed": {"repr": "0:00:28.439311", "seconds": 28.439311}, "exception": null, "extra": {}, "file": {"name": "main.py", "path": "C:\\Users\\melni\\PycharmProjects\\betboom_parser\\main.py"}, "function": "get_bet", "level": {"icon": "🐞", "name": "DEBUG", "no": 10}, "line": 99, "message": "finding coefficients", "module": "main", "name": "__main__", "process": {"id": 6940, "name": "MainProcess"}, "thread": {"id": 6400, "name": "MainThread"}, "time": {"repr": "2024-08-25 13:48:20.143640+05:00", "timestamp": 1724575700.14364}}}
{"text": "2024-08-25T13:48:20.143640+0500 DEBUG reading db\n", "record": {"elapsed": {"repr": "0:00:28.439311", "seconds": 28.439311}, "exception": null, "extra": {}, "file": {"name": "main.py", "path": "C:\\Users\\melni\\PycharmProjects\\betboom_parser\\main.py"}, "function": "find_game", "level": {"icon": "🐞", "name": "DEBUG", "no": 10}, "line": 59, "message": "reading db", "module": "main", "name": "__main__", "process": {"id": 6940, "name": "MainProcess"}, "thread": {"id": 6400, "name": "MainThread"}, "time": {"repr": "2024-08-25 13:48:20.143640+05:00", "timestamp": 1724575700.14364}}}
{"text": "2024-08-25T13:48:20.457333+0500 INFO CS 2. CCT Europe Series 9 (25.08 17:30)\nB8 - Revenant Esports\n\n2-я карта -> 1.46 & 2.629\n", "record": {"elapsed": {"repr": "0:00:28.753004", "seconds": 28.753004}, "exception": null, "extra": {}, "file": {"name": "main.py", "path": "C:\\Users\\melni\\PycharmProjects\\betboom_parser\\main.py"}, "function": "get_message", "level": {"icon": "ℹ️", "name": "INFO", "no": 20}, "line": 31, "message": "CS 2. CCT Europe Series 9 (25.08 17:30)\nB8 - Revenant Esports\n\n2-я карта -> 1.46 & 2.629", "module": "main", "name": "__main__", "process": {"id": 6940, "name": "MainProcess"}, "thread": {"id": 6400, "name": "MainThread"}, "time": {"repr": "2024-08-25 13:48:20.457333+05:00", "timestamp": 1724575700.457333}}}
{"text": "2024-08-25T13:48:20.458316+0500 INFO message sent\n", "record": {"elapsed": {"repr": "0:00:28.753987", "seconds": 28.753987}, "exception": null, "extra": {}, "file": {"name": "main.py", "path": "C:\\Users\\melni\\PycharmProjects\\betboom_parser\\main.py"}, "function": "get_message", "level": {"icon": "ℹ️", "name": "INFO", "no": 20}, "line": 32, "message": "message sent", "module": "main", "name": "__main__", "process": {"id": 6940, "name": "MainProcess"}, "thread": {"id": 6400, "name": "MainThread"}, "time": {"repr": "2024-08-25 13:48:20.458316+05:00", "timestamp": 1724575700.458316}}}
{"text": "2024-08-25T13:48:20.458316+0500 DEBUG writing bet to db\n", "record": {"elapsed": {"repr": "0:00:28.753987", "seconds": 28.753987}, "exception": null, "extra": {}, "file": {"name": "main.py", "path": "C:\\Users\\melni\\PycharmProjects\\betboom_parser\\main.py"}, "function": "find_game", "level": {"icon": "🐞", "name": "DEBUG", "no": 10}, "line": 73, "message": "writing bet to db", "module": "main", "name": "__main__", "process": {"id": 6940, "name": "MainProcess"}, "thread": {"id": 6400, "name": "MainThread"}, "time": {"repr": "2024-08-25 13:48:20.458316+05:00", "timestamp": 1724575700.458316}}}
{"text": "2024-08-25T13:48:20.459333+0500 DEBUG finding coefficients\n", "record": {"elapsed": {"repr": "0:00:28.755004", "seconds": 28.755004}, "exception": null, "extra": {}, "file": {"name": "main.py", "path": "C:\\Users\\melni\\PycharmProjects\\betboom_parser\\main.py"}, "function": "get_bet", "level": {"icon": "🐞", "name": "DEBUG", "no": 10}, "line": 99, "message": "finding coefficients", "module": "main", "name": "__main__", "process": {"id": 6940, "name": "MainProcess"}, "thread": {"id": 6400, "name": "MainThread"}, "time": {"repr": "2024-08-25 13:48:20.459333+05:00", "timestamp": 1724575700.459333}}}
{"text": "2024-08-25T13:48:20.460334+0500 DEBUG reading db\n", "record": {"elapsed": {"repr": "0:00:28.756005", "seconds": 28.756005}, "exception": null, "extra": {}, "file": {"name": "main.py", "path": "C:\\Users\\melni\\PycharmProjects\\betboom_parser\\main.py"}, "function": "find_game", "level": {"icon": "🐞", "name": "DEBUG", "no": 10}, "line": 59, "message": "reading db", "module": "main", "name": "__main__", "process": {"id": 6940, "name": "MainProcess"}, "thread": {"id": 6400, "name": "MainThread"}, "time": {"repr": "2024-08-25 13:48:20.460334+05:00", "timestamp": 1724575700.460334}}}
{"text": "2024-08-25T13:48:20.746326+0500 INFO CS 2. CCT Europe Series 9 (25.08 17:30)\nB8 - Revenant Esports\n\n3-я карта -> 1.46 & 2.629\n", "record": {"elapsed": {"repr": "0:00:29.041997", "seconds": 29.041997}, "exception": null, "extra": {}, "file": {"name": "main.py", "path": "C:\\Users\\melni\\PycharmProjects\\betboom_parser\\main.py"}, "function": "get_message", "level": {"icon": "ℹ️", "name": "INFO", "no": 20}, "line": 31, "message": "CS 2. CCT Europe Series 9 (25.08 17:30)\nB8 - Revenant Esports\n\n3-я карта -> 1.46 & 2.629", "module": "main", "name": "__main__", "process": {"id": 6940, "name": "MainProcess"}, "thread": {"id": 6400, "name": "MainThread"}, "time": {"repr": "2024-08-25 13:48:20.746326+05:00", "timestamp": 1724575700.746326}}}
{"text": "2024-08-25T13:48:20.749273+0500 INFO message sent\n", "record": {"elapsed": {"repr": "0:00:29.044944", "seconds": 29.044944}, "exception": null, "extra": {}, "file": {"name": "main.py", "path": "C:\\Users\\melni\\PycharmProjects\\betboom_parser\\main.py"}, "function": "get_message", "level": {"icon": "ℹ️", "name": "INFO", "no": 20}, "line": 32, "message": "message sent", "module": "main", "name": "__main__", "process": {"id": 6940, "name": "MainProcess"}, "thread": {"id": 6400, "name": "MainThread"}, "time": {"repr": "2024-08-25 13:48:20.749273+05:00", "timestamp": 1724575700.749273}}}
{"text": "2024-08-25T13:48:20.751279+0500 DEBUG writing bet to db\n", "record": {"elapsed": {"repr": "0:00:29.046950", "seconds": 29.04695}, "exception": null, "extra": {}, "file": {"name": "main.py", "path": "C:\\Users\\melni\\PycharmProjects\\betboom_parser\\main.py"}, "function": "find_game", "level": {"icon": "🐞", "name": "DEBUG", "no": 10}, "line": 73, "message": "writing bet to db", "module": "main", "name": "__main__", "process": {"id": 6940, "name": "MainProcess"}, "thread": {"id": 6400, "name": "MainThread"}, "time": {"repr": "2024-08-25 13:48:20.751279+05:00", "timestamp": 1724575700.751279}}}
{"text": "2024-08-25T13:48:20.752336+0500 DEBUG finding coefficients\n", "record": {"elapsed": {"repr": "0:00:29.048007", "seconds": 29.048007}, "exception": null, "extra": {}, "file": {"name": "main.py", "path": "C:\\Users\\melni\\PycharmProjects\\betboom_parser\\main.py"}, "function": "get_bet", "level": {"icon": "🐞", "name": "DEBUG", "no": 10}, "line": 99, "message": "finding coefficients", "module": "main", "name": "__main__", "process": {"id": 6940, "name": "MainProcess"}, "thread": {"id": 6400, "name": "MainThread"}, "time": {"repr": "2024-08-25 13:48:20.752336+05:00", "timestamp": 1724575700.752336}}}
{"text": "2024-08-25T13:48:20.753295+0500 DEBUG getting info about match...\n", "record": {"elapsed": {"repr": "0:00:29.048966", "seconds": 29.048966}, "exception": null, "extra": {}, "file": {"name": "main.py", "path": "C:\\Users\\melni\\PycharmProjects\\betboom_parser\\main.py"}, "function": "get_match", "level": {"icon": "🐞", "name": "DEBUG", "no": 10}, "line": 124, "message": "getting info about match...", "module": "main", "name": "__main__", "process": {"id": 6940, "name": "MainProcess"}, "thread": {"id": 6400, "name": "MainThread"}, "time": {"repr": "2024-08-25 13:48:20.753295+05:00", "timestamp": 1724575700.753295}}}
{"text": "2024-08-25T13:51:34.659603+0500 DEBUG reading db\n", "record": {"elapsed": {"repr": "0:00:09.328347", "seconds": 9.328347}, "exception": null, "extra": {}, "file": {"name": "main.py", "path": "C:\\Users\\melni\\PycharmProjects\\betboom_parser\\main.py"}, "function": "find_game", "level": {"icon": "🐞", "name": "DEBUG", "no": 10}, "line": 59, "message": "reading db", "module": "main", "name": "__main__", "process": {"id": 2272, "name": "MainProcess"}, "thread": {"id": 2320, "name": "MainThread"}, "time": {"repr": "2024-08-25 13:51:34.659603+05:00", "timestamp": 1724575894.659603}}}
{"text": "2024-08-25T13:51:35.177685+0500 INFO CS 2. CCT Europe Series 9 (25.08 14:30)\nZero Tenacity - Permitta Esports\n\n1-я карта -> 1.54 & 2.406\n", "record": {"elapsed": {"repr": "0:00:09.846429", "seconds": 9.846429}, "exception": null, "extra": {}, "file": {"name": "main.py", "path": "C:\\Users\\melni\\PycharmProjects\\betboom_parser\\main.py"}, "function": "get_message", "level": {"icon": "ℹ️", "name": "INFO", "no": 20}, "line": 31, "message": "CS 2. CCT Europe Series 9 (25.08 14:30)\nZero Tenacity - Permitta Esports\n\n1-я карта -> 1.54 & 2.406", "module": "main", "name": "__main__", "process": {"id": 2272, "name": "MainProcess"}, "thread": {"id": 2320, "name": "MainThread"}, "time": {"repr": "2024-08-25 13:51:35.177685+05:00", "timestamp": 1724575895.177685}}}
{"text": "2024-08-25T13:51:35.178707+0500 INFO message sent\n", "record": {"elapsed": {"repr": "0:00:09.847451", "seconds": 9.847451}, "exception": null, "extra": {}, "file": {"name": "main.py", "path": "C:\\Users\\melni\\PycharmProjects\\betboom_parser\\main.py"}, "function": "get_message", "level": {"icon": "ℹ️", "name": "INFO", "no": 20}, "line": 32, "message": "message sent", "module": "main", "name": "__main__", "process": {"id": 2272, "name": "MainProcess"}, "thread": {"id": 2320, "name": "MainThread"}, "time": {"repr": "2024-08-25 13:51:35.178707+05:00", "timestamp": 1724575895.178707}}}
{"text": "2024-08-25T13:51:35.178707+0500 DEBUG writing bet to db\n", "record": {"elapsed": {"repr": "0:00:09.847451", "seconds": 9.847451}, "exception": null, "extra": {}, "file": {"name": "main.py", "path": "C:\\Users\\melni\\PycharmProjects\\betboom_parser\\main.py"}, "function": "find_game", "level": {"icon": "🐞", "name": "DEBUG", "no": 10}, "line": 73, "message": "writing bet to db", "module": "main", "name": "__main__", "process": {"id": 2272, "name": "MainProcess"}, "thread": {"id": 2320, "name": "MainThread"}, "time": {"repr": "2024-08-25 13:51:35.178707+05:00", "timestamp": 1724575895.178707}}}
{"text": "2024-08-25T13:51:35.179726+0500 DEBUG finding coefficients\n", "record": {"elapsed": {"repr": "0:00:09.848470", "seconds": 9.84847}, "exception": null, "extra": {}, "file": {"name": "main.py", "path": "C:\\Users\\melni\\PycharmProjects\\betboom_parser\\main.py"}, "function": "get_bet", "level": {"icon": "🐞", "name": "DEBUG", "no": 10}, "line": 99, "message": "finding coefficients", "module": "main", "name": "__main__", "process": {"id": 2272, "name": "MainProcess"}, "thread": {"id": 2320, "name": "MainThread"}, "time": {"repr": "2024-08-25 13:51:35.179726+05:00", "timestamp": 1724575895.179726}}}
{"text": "2024-08-25T13:51:35.180718+0500 DEBUG reading db\n", "record": {"elapsed": {"repr": "0:00:09.849462", "seconds": 9.849462}, "exception": null, "extra": {}, "file": {"name": "main.py", "path": "C:\\Users\\melni\\PycharmProjects\\betboom_parser\\main.py"}, "function": "find_game", "level": {"icon": "🐞", "name": "DEBUG", "no": 10}, "line": 59, "message": "reading db", "module": "main", "name": "__main__", "process": {"id": 2272, "name": "MainProcess"}, "thread": {"id": 2320, "name": "MainThread"}, "time": {"repr": "2024-08-25 13:51:35.180718+05:00", "timestamp": 1724575895.180718}}}
{"text": "2024-08-25T13:51:35.534005+0500 INFO CS 2. CCT Europe Series 9 (25.08 14:30)\nZero Tenacity - Permitta Esports\n\n2-я карта -> 1.54 & 2.406\n", "record": {"elapsed": {"repr": "0:00:10.202749", "seconds": 10.202749}, "exception": null, "extra": {}, "file": {"name": "main.py", "path": "C:\\Users\\melni\\PycharmProjects\\betboom_parser\\main.py"}, "function": "get_message", "level": {"icon": "ℹ️", "name": "INFO", "no": 20}, "line": 31, "message": "CS 2. CCT Europe Series 9 (25.08 14:30)\nZero Tenacity - Permitta Esports\n\n2-я карта -> 1.54 & 2.406", "module": "main", "name": "__main__", "process": {"id": 2272, "name": "MainProcess"}, "thread": {"id": 2320, "name": "MainThread"}, "time": {"repr": "2024-08-25 13:51:35.534005+05:00", "timestamp": 1724575895.534005}}}
{"text": "2024-08-25T13:51:35.535007+0500 INFO message sent\n", "record": {"elapsed": {"repr": "0:00:10.203751", "seconds": 10.203751}, "exception": null, "extra": {}, "file": {"name": "main.py", "path": "C:\\Users\\melni\\PycharmProjects\\betboom_parser\\main.py"}, "function": "get_message", "level": {"icon": "ℹ️", "name": "INFO", "no": 20}, "line": 32, "message": "message sent", "module": "main", "name": "__main__", "process": {"id": 2272, "name": "MainProcess"}, "thread": {"id": 2320, "name": "MainThread"}, "time": {"repr": "2024-08-25 13:51:35.535007+05:00", "timestamp": 1724575895.535007}}}
{"text": "2024-08-25T13:51:35.535999+0500 DEBUG writing bet to db\n", "record": {"elapsed": {"repr": "0:00:10.204743", "seconds": 10.204743}, "exception": null, "extra": {}, "file": {"name": "main.py", "path": "C:\\Users\\melni\\PycharmProjects\\betboom_parser\\main.py"}, "function": "find_game", "level": {"icon": "🐞", "name": "DEBUG", "no": 10}, "line": 73, "message": "writing bet to db", "module": "main", "name": "__main__", "process": {"id": 2272, "name": "MainProcess"}, "thread": {"id": 2320, "name": "MainThread"}, "time": {"repr": "2024-08-25 13:51:35.535999+05:00", "timestamp": 1724575895.535999}}}
{"text": "2024-08-25T13:51:35.537006+0500 DEBUG finding coefficients\n", "record": {"elapsed": {"repr": "0:00:10.205750", "seconds": 10.20575}, "exception": null, "extra": {}, "file": {"name": "main.py", "path": "C:\\Users\\melni\\PycharmProjects\\betboom_parser\\main.py"}, "function": "get_bet", "level": {"icon": "🐞", "name": "DEBUG", "no": 10}, "line": 99, "message": "finding coefficients", "module": "main", "name": "__main__", "process": {"id": 2272, "name": "MainProcess"}, "thread": {"id": 2320, "name": "MainThread"}, "time": {"repr": "2024-08-25 13:51:35.537006+05:00", "timestamp": 1724575895.537006}}}
{"text": "2024-08-25T13:51:35.538010+0500 DEBUG reading db\n", "record": {"elapsed": {"repr": "0:00:10.206754", "seconds": 10.206754}, "exception": null, "extra": {}, "file": {"name": "main.py", "path": "C:\\Users\\melni\\PycharmProjects\\betboom_parser\\main.py"}, "function": "find_game", "level": {"icon": "🐞", "name": "DEBUG", "no": 10}, "line": 59, "message": "reading db", "module": "main", "name": "__main__", "process": {"id": 2272, "name": "MainProcess"}, "thread": {"id": 2320, "name": "MainThread"}, "time": {"repr": "2024-08-25 13:51:35.538010+05:00", "timestamp": 1724575895.53801}}}
{"text": "2024-08-25T13:51:37.831945+0500 INFO CS 2. CCT Europe Series 9 (25.08 14:30)\nZero Tenacity - Permitta Esports\n\n3-я карта -> 1.54 & 2.406\n", "record": {"elapsed": {"repr": "0:00:12.500689", "seconds": 12.500689}, "exception": null, "extra": {}, "file": {"name": "main.py", "path": "C:\\Users\\melni\\PycharmProjects\\betboom_parser\\main.py"}, "function": "get_message", "level": {"icon": "ℹ️", "name": "INFO", "no": 20}, "line": 31, "message": "CS 2. CCT Europe Series 9 (25.08 14:30)\nZero Tenacity - Permitta Esports\n\n3-я карта -> 1.54 & 2.406", "module": "main", "name": "__main__", "process": {"id": 2272, "name": "MainProcess"}, "thread": {"id": 2320, "name": "MainThread"}, "time": {"repr": "2024-08-25 13:51:37.831945+05:00", "timestamp": 1724575897.831945}}}
{"text": "2024-08-25T13:51:37.831945+0500 INFO message sent\n", "record": {"elapsed": {"repr": "0:00:12.500689", "seconds": 12.500689}, "exception": null, "extra": {}, "file": {"name": "main.py", "path": "C:\\Users\\melni\\PycharmProjects\\betboom_parser\\main.py"}, "function": "get_message", "level": {"icon": "ℹ️", "name": "INFO", "no": 20}, "line": 32, "message": "message sent", "module": "main", "name": "__main__", "process": {"id": 2272, "name": "MainProcess"}, "thread": {"id": 2320, "name": "MainThread"}, "time": {"repr": "2024-08-25 13:51:37.831945+05:00", "timestamp": 1724575897.831945}}}
{"text": "2024-08-25T13:51:37.832961+0500 DEBUG writing bet to db\n", "record": {"elapsed": {"repr": "0:00:12.501705", "seconds": 12.501705}, "exception": null, "extra": {}, "file": {"name": "main.py", "path": "C:\\Users\\melni\\PycharmProjects\\betboom_parser\\main.py"}, "function": "find_game", "level": {"icon": "🐞", "name": "DEBUG", "no": 10}, "line": 73, "message": "writing bet to db", "module": "main", "name": "__main__", "process": {"id": 2272, "name": "MainProcess"}, "thread": {"id": 2320, "name": "MainThread"}, "time": {"repr": "2024-08-25 13:51:37.832961+05:00", "timestamp": 1724575897.832961}}}
{"text": "2024-08-25T13:51:37.834040+0500 DEBUG finding coefficients\n", "record": {"elapsed": {"repr": "0:00:12.502784", "seconds": 12.502784}, "exception": null, "extra": {}, "file": {"name": "main.py", "path": "C:\\Users\\melni\\PycharmProjects\\betboom_parser\\main.py"}, "function": "get_bet", "level": {"icon": "🐞", "name": "DEBUG", "no": 10}, "line": 99, "message": "finding coefficients", "module": "main", "name": "__main__", "process": {"id": 2272, "name": "MainProcess"}, "thread": {"id": 2320, "name": "MainThread"}, "time": {"repr": "2024-08-25 13:51:37.834040+05:00", "timestamp": 1724575897.83404}}}
{"text": "2024-08-25T13:51:37.834953+0500 DEBUG getting info about match...\n", "record": {"elapsed": {"repr": "0:00:12.503697", "seconds": 12.503697}, "exception": null, "extra": {}, "file": {"name": "main.py", "path": "C:\\Users\\melni\\PycharmProjects\\betboom_parser\\main.py"}, "function": "get_match", "level": {"icon": "🐞", "name": "DEBUG", "no": 10}, "line": 124, "message": "getting info about match...", "module": "main", "name": "__main__", "process": {"id": 2272, "name": "MainProcess"}, "thread": {"id": 2320, "name": "MainThread"}, "time": {"repr": "2024-08-25 13:51:37.834953+05:00", "timestamp": 1724575897.834953}}}
{"text": "2024-08-25T13:51:38.036328+0500 DEBUG reading db\n", "record": {"elapsed": {"repr": "0:00:12.705072", "seconds": 12.705072}, "exception": null, "extra": {}, "file": {"name": "main.py", "path": "C:\\Users\\melni\\PycharmProjects\\betboom_parser\\main.py"}, "function": "find_game", "level": {"icon": "🐞", "name": "DEBUG", "no": 10}, "line": 59, "message": "reading db", "module": "main", "name": "__main__", "process": {"id": 2272, "name": "MainProcess"}, "thread": {"id": 2320, "name": "MainThread"}, "time": {"repr": "2024-08-25 13:51:38.036328+05:00", "timestamp": 1724575898.036328}}}
{"text": "2024-08-25T13:51:38.361855+0500 INFO CS 2. CCT Europe Series 9 (25.08 17:30)\nB8 - Revenant Esports\n\n1-я карта -> 1.46 & 2.629\n", "record": {"elapsed": {"repr": "0:00:13.030599", "seconds": 13.030599}, "exception": null, "extra": {}, "file": {"name": "main.py", "path": "C:\\Users\\melni\\PycharmProjects\\betboom_parser\\main.py"}, "function": "get_message", "level": {"icon": "ℹ️", "name": "INFO", "no": 20}, "line": 31, "message": "CS 2. CCT Europe Series 9 (25.08 17:30)\nB8 - Revenant Esports\n\n1-я карта -> 1.46 & 2.629", "module": "main", "name": "__main__", "process": {"id": 2272, "name": "MainProcess"}, "thread": {"id": 2320, "name": "MainThread"}, "time": {"repr": "2024-08-25 13:51:38.361855+05:00", "timestamp": 1724575898.361855}}}
{"text": "2024-08-25T13:51:38.363850+0500 INFO message sent\n", "record": {"elapsed": {"repr": "0:00:13.032594", "seconds": 13.032594}, "exception": null, "extra": {}, "file": {"name": "main.py", "path": "C:\\Users\\melni\\PycharmProjects\\betboom_parser\\main.py"}, "function": "get_message", "level": {"icon": "ℹ️", "name": "INFO", "no": 20}, "line": 32, "message": "message sent", "module": "main", "name": "__main__", "process": {"id": 2272, "name": "MainProcess"}, "thread": {"id": 2320, "name": "MainThread"}, "time": {"repr": "2024-08-25 13:51:38.363850+05:00", "timestamp": 1724575898.36385}}}
{"text": "2024-08-25T13:51:38.364852+0500 DEBUG writing bet to db\n", "record": {"elapsed": {"repr": "0:00:13.033596", "seconds": 13.033596}, "exception": null, "extra": {}, "file": {"name": "main.py", "path": "C:\\Users\\melni\\PycharmProjects\\betboom_parser\\main.py"}, "function": "find_game", "level": {"icon": "🐞", "name": "DEBUG", "no": 10}, "line": 73, "message": "writing bet to db", "module": "main", "name": "__main__", "process": {"id": 2272, "name": "MainProcess"}, "thread": {"id": 2320, "name": "MainThread"}, "time": {"repr": "2024-08-25 13:51:38.364852+05:00", "timestamp": 1724575898.364852}}}
{"text": "2024-08-25T13:51:38.365858+0500 DEBUG finding coefficients\n", "record": {"elapsed": {"repr": "0:00:13.034602", "seconds": 13.034602}, "exception": null, "extra": {}, "file": {"name": "main.py", "path": "C:\\Users\\melni\\PycharmProjects\\betboom_parser\\main.py"}, "function": "get_bet", "level": {"icon": "🐞", "name": "DEBUG", "no": 10}, "line": 99, "message": "finding coefficients", "module": "main", "name": "__main__", "process": {"id": 2272, "name": "MainProcess"}, "thread": {"id": 2320, "name": "MainThread"}, "time": {"repr": "2024-08-25 13:51:38.365858+05:00", "timestamp": 1724575898.365858}}}
{"text": "2024-08-25T13:51:38.366859+0500 DEBUG reading db\n", "record": {"elapsed": {"repr": "0:00:13.035603", "seconds": 13.035603}, "exception": null, "extra": {}, "file": {"name": "main.py", "path": "C:\\Users\\melni\\PycharmProjects\\betboom_parser\\main.py"}, "function": "find_game", "level": {"icon": "🐞", "name": "DEBUG", "no": 10}, "line": 59, "message": "reading db", "module": "main", "name": "__main__", "process": {"id": 2272, "name": "MainProcess"}, "thread": {"id": 2320, "name": "MainThread"}, "time": {"repr": "2024-08-25 13:51:38.366859+05:00", "timestamp": 1724575898.366859}}}
{"text": "2024-08-25T13:51:39.043821+0500 INFO CS 2. CCT Europe Series 9 (25.08 17:30)\nB8 - Revenant Esports\n\n2-я карта -> 1.46 & 2.629\n", "record": {"elapsed": {"repr": "0:00:13.712565", "seconds": 13.712565}, "exception": null, "extra": {}, "file": {"name": "main.py", "path": "C:\\Users\\melni\\PycharmProjects\\betboom_parser\\main.py"}, "function": "get_message", "level": {"icon": "ℹ️", "name": "INFO", "no": 20}, "line": 31, "message": "CS 2. CCT Europe Series 9 (25.08 17:30)\nB8 - Revenant Esports\n\n2-я карта -> 1.46 & 2.629", "module": "main", "name": "__main__", "process": {"id": 2272, "name": "MainProcess"}, "thread": {"id": 2320, "name": "MainThread"}, "time": {"repr": "2024-08-25 13:51:39.043821+05:00", "timestamp": 1724575899.043821}}}
{"text": "2024-08-25T13:51:39.044796+0500 INFO message sent\n", "record": {"elapsed": {"repr": "0:00:13.713540", "seconds": 13.71354}, "exception": null, "extra": {}, "file": {"name": "main.py", "path": "C:\\Users\\melni\\PycharmProjects\\betboom_parser\\main.py"}, "function": "get_message", "level": {"icon": "ℹ️", "name": "INFO", "no": 20}, "line": 32, "message": "message sent", "module": "main", "name": "__main__", "process": {"id": 2272, "name": "MainProcess"}, "thread": {"id": 2320, "name": "MainThread"}, "time": {"repr": "2024-08-25 13:51:39.044796+05:00", "timestamp": 1724575899.044796}}}
{"text": "2024-08-25T13:51:39.044796+0500 DEBUG writing bet to db\n", "record": {"elapsed": {"repr": "0:00:13.713540", "seconds": 13.71354}, "exception": null, "extra": {}, "file": {"name": "main.py", "path": "C:\\Users\\melni\\PycharmProjects\\betboom_parser\\main.py"}, "function": "find_game", "level": {"icon": "🐞", "name": "DEBUG", "no": 10}, "line": 73, "message": "writing bet to db", "module": "main", "name": "__main__", "process": {"id": 2272, "name": "MainProcess"}, "thread": {"id": 2320, "name": "MainThread"}, "time": {"repr": "2024-08-25 13:51:39.044796+05:00", "timestamp": 1724575899.044796}}}
{"text": "2024-08-25T13:51:39.045814+0500 DEBUG finding coefficients\n", "record": {"elapsed": {"repr": "0:00:13.714558", "seconds": 13.714558}, "exception": null, "extra": {}, "file": {"name": "main.py", "path": "C:\\Users\\melni\\PycharmProjects\\betboom_parser\\main.py"}, "function": "get_bet", "level": {"icon": "🐞", "name": "DEBUG", "no": 10}, "line": 99, "message": "finding coefficients", "module": "main", "name": "__main__", "process": {"id": 2272, "name": "MainProcess"}, "thread": {"id": 2320, "name": "MainThread"}, "time": {"repr": "2024-08-25 13:51:39.045814+05:00", "timestamp": 1724575899.045814}}}
{"text": "2024-08-25T13:51:39.046807+0500 DEBUG reading db\n", "record": {"elapsed": {"repr": "0:00:13.715551", "seconds": 13.715551}, "exception": null, "extra": {}, "file": {"name": "main.py", "path": "C:\\Users\\melni\\PycharmProjects\\betboom_parser\\main.py"}, "function": "find_game", "level": {"icon": "🐞", "name": "DEBUG", "no": 10}, "line": 59, "message": "reading db", "module": "main", "name": "__main__", "process": {"id": 2272, "name": "MainProcess"}, "thread": {"id": 2320, "name": "MainThread"}, "time": {"repr": "2024-08-25 13:51:39.046807+05:00", "timestamp": 1724575899.046807}}}
{"text": "2024-08-25T13:51:42.658485+0500 INFO CS 2. CCT Europe Series 9 (25.08 17:30)\nB8 - Revenant Esports\n\n3-я карта -> 1.46 & 2.629\n", "record": {"elapsed": {"repr": "0:00:17.327229", "seconds": 17.327229}, "exception": null, "extra": {}, "file": {"name": "main.py", "path": "C:\\Users\\melni\\PycharmProjects\\betboom_parser\\main.py"}, "function": "get_message", "level": {"icon": "ℹ️", "name": "INFO", "no": 20}, "line": 31, "message": "CS 2. CCT Europe Series 9 (25.08 17:30)\nB8 - Revenant Esports\n\n3-я карта -> 1.46 & 2.629", "module": "main", "name": "__main__", "process": {"id": 2272, "name": "MainProcess"}, "thread": {"id": 2320, "name": "MainThread"}, "time": {"repr": "2024-08-25 13:51:42.658485+05:00", "timestamp": 1724575902.658485}}}
{"text": "2024-08-25T13:51:42.659463+0500 INFO message sent\n", "record": {"elapsed": {"repr": "0:00:17.328207", "seconds": 17.328207}, "exception": null, "extra": {}, "file": {"name": "main.py", "path": "C:\\Users\\melni\\PycharmProjects\\betboom_parser\\main.py"}, "function": "get_message", "level": {"icon": "ℹ️", "name": "INFO", "no": 20}, "line": 32, "message": "message sent", "module": "main", "name": "__main__", "process": {"id": 2272, "name": "MainProcess"}, "thread": {"id": 2320, "name": "MainThread"}, "time": {"repr": "2024-08-25 13:51:42.659463+05:00", "timestamp": 1724575902.659463}}}
{"text": "2024-08-25T13:51:42.660477+0500 DEBUG writing bet to db\n", "record": {"elapsed": {"repr": "0:00:17.329221", "seconds": 17.329221}, "exception": null, "extra": {}, "file": {"name": "main.py", "path": "C:\\Users\\melni\\PycharmProjects\\betboom_parser\\main.py"}, "function": "find_game", "level": {"icon": "🐞", "name": "DEBUG", "no": 10}, "line": 73, "message": "writing bet to db", "module": "main", "name": "__main__", "process": {"id": 2272, "name": "MainProcess"}, "thread": {"id": 2320, "name": "MainThread"}, "time": {"repr": "2024-08-25 13:51:42.660477+05:00", "timestamp": 1724575902.660477}}}
{"text": "2024-08-25T13:51:42.660477+0500 DEBUG finding coefficients\n", "record": {"elapsed": {"repr": "0:00:17.329221", "seconds": 17.329221}, "exception": null, "extra": {}, "file": {"name": "main.py", "path": "C:\\Users\\melni\\PycharmProjects\\betboom_parser\\main.py"}, "function": "get_bet", "level": {"icon": "🐞", "name": "DEBUG", "no": 10}, "line": 99, "message": "finding coefficients", "module": "main", "name": "__main__", "process": {"id": 2272, "name": "MainProcess"}, "thread": {"id": 2320, "name": "MainThread"}, "time": {"repr": "2024-08-25 13:51:42.660477+05:00", "timestamp": 1724575902.660477}}}
{"text": "2024-08-25T13:51:42.661503+0500 DEBUG getting info about match...\n", "record": {"elapsed": {"repr": "0:00:17.330247", "seconds": 17.330247}, "exception": null, "extra": {}, "file": {"name": "main.py", "path": "C:\\Users\\melni\\PycharmProjects\\betboom_parser\\main.py"}, "function": "get_match", "level": {"icon": "🐞", "name": "DEBUG", "no": 10}, "line": 124, "message": "getting info about match...", "module": "main", "name": "__main__", "process": {"id": 2272, "name": "MainProcess"}, "thread": {"id": 2320, "name": "MainThread"}, "time": {"repr": "2024-08-25 13:51:42.661503+05:00", "timestamp": 1724575902.661503}}}
{"text": "2024-08-25T13:51:42.944431+0500 DEBUG reading db\n", "record": {"elapsed": {"repr": "0:00:17.613175", "seconds": 17.613175}, "exception": null, "extra": {}, "file": {"name": "main.py", "path": "C:\\Users\\melni\\PycharmProjects\\betboom_parser\\main.py"}, "function": "find_game", "level": {"icon": "🐞", "name": "DEBUG", "no": 10}, "line": 59, "message": "reading db", "module": "main", "name": "__main__", "process": {"id": 2272, "name": "MainProcess"}, "thread": {"id": 2320, "name": "MainThread"}, "time": {"repr": "2024-08-25 13:51:42.944431+05:00", "timestamp": 1724575902.944431}}}
{"text": "2024-08-25T13:51:44.030598+0500 INFO CS 2. CCT Europe Series 9 (25.08 20:30)\nSinners - Young Ninjas\n\n1-я карта -> 1.54 & 2.398\n", "record": {"elapsed": {"repr": "0:00:18.699342", "seconds": 18.699342}, "exception": null, "extra": {}, "file": {"name": "main.py", "path": "C:\\Users\\melni\\PycharmProjects\\betboom_parser\\main.py"}, "function": "get_message", "level": {"icon": "ℹ️", "name": "INFO", "no": 20}, "line": 31, "message": "CS 2. CCT Europe Series 9 (25.08 20:30)\nSinners - Young Ninjas\n\n1-я карта -> 1.54 & 2.398", "module": "main", "name": "__main__", "process": {"id": 2272, "name": "MainProcess"}, "thread": {"id": 2320, "name": "MainThread"}, "time": {"repr": "2024-08-25 13:51:44.030598+05:00", "timestamp": 1724575904.030598}}}
{"text": "2024-08-25T13:51:44.031581+0500 INFO message sent\n", "record": {"elapsed": {"repr": "0:00:18.700325", "seconds": 18.700325}, "exception": null, "extra": {}, "file": {"name": "main.py", "path": "C:\\Users\\melni\\PycharmProjects\\betboom_parser\\main.py"}, "function": "get_message", "level": {"icon": "ℹ️", "name": "INFO", "no": 20}, "line": 32, "message": "message sent", "module": "main", "name": "__main__", "process": {"id": 2272, "name": "MainProcess"}, "thread": {"id": 2320, "name": "MainThread"}, "time": {"repr": "2024-08-25 13:51:44.031581+05:00", "timestamp": 1724575904.031581}}}
{"text": "2024-08-25T13:51:44.032593+0500 DEBUG writing bet to db\n", "record": {"elapsed": {"repr": "0:00:18.701337", "seconds": 18.701337}, "exception": null, "extra": {}, "file": {"name": "main.py", "path": "C:\\Users\\melni\\PycharmProjects\\betboom_parser\\main.py"}, "function": "find_game", "level": {"icon": "🐞", "name": "DEBUG", "no": 10}, "line": 73, "message": "writing bet to db", "module": "main", "name": "__main__", "process": {"id": 2272, "name": "MainProcess"}, "thread": {"id": 2320, "name": "MainThread"}, "time": {"repr": "2024-08-25 13:51:44.032593+05:00", "timestamp": 1724575904.032593}}}
{"text": "2024-08-25T13:51:44.033581+0500 DEBUG finding coefficients\n", "record": {"elapsed": {"repr": "0:00:18.702325", "seconds": 18.702325}, "exception": null, "extra": {}, "file": {"name": "main.py", "path": "C:\\Users\\melni\\PycharmProjects\\betboom_parser\\main.py"}, "function": "get_bet", "level": {"icon": "🐞", "name": "DEBUG", "no": 10}, "line": 99, "message": "finding coefficients", "module": "main", "name": "__main__", "process": {"id": 2272, "name": "MainProcess"}, "thread": {"id": 2320, "name": "MainThread"}, "time": {"repr": "2024-08-25 13:51:44.033581+05:00", "timestamp": 1724575904.033581}}}
{"text": "2024-08-25T13:51:44.033581+0500 DEBUG reading db\n", "record": {"elapsed": {"repr": "0:00:18.702325", "seconds": 18.702325}, "exception": null, "extra": {}, "file": {"name": "main.py", "path": "C:\\Users\\melni\\PycharmProjects\\betboom_parser\\main.py"}, "function": "find_game", "level": {"icon": "🐞", "name": "DEBUG", "no": 10}, "line": 59, "message": "reading db", "module": "main", "name": "__main__", "process": {"id": 2272, "name": "MainProcess"}, "thread": {"id": 2320, "name": "MainThread"}, "time": {"repr": "2024-08-25 13:51:44.033581+05:00", "timestamp": 1724575904.033581}}}
{"text": "2024-08-25T13:51:44.412534+0500 INFO CS 2. CCT Europe Series 9 (25.08 20:30)\nSinners - Young Ninjas\n\n2-я карта -> 1.54 & 2.398\n", "record": {"elapsed": {"repr": "0:00:19.081278", "seconds": 19.081278}, "exception": null, "extra": {}, "file": {"name": "main.py", "path": "C:\\Users\\melni\\PycharmProjects\\betboom_parser\\main.py"}, "function": "get_message", "level": {"icon": "ℹ️", "name": "INFO", "no": 20}, "line": 31, "message": "CS 2. CCT Europe Series 9 (25.08 20:30)\nSinners - Young Ninjas\n\n2-я карта -> 1.54 & 2.398", "module": "main", "name": "__main__", "process": {"id": 2272, "name": "MainProcess"}, "thread": {"id": 2320, "name": "MainThread"}, "time": {"repr": "2024-08-25 13:51:44.412534+05:00", "timestamp": 1724575904.412534}}}
{"text": "2024-08-25T13:51:44.413519+0500 INFO message sent\n", "record": {"elapsed": {"repr": "0:00:19.082263", "seconds": 19.082263}, "exception": null, "extra": {}, "file": {"name": "main.py", "path": "C:\\Users\\melni\\PycharmProjects\\betboom_parser\\main.py"}, "function": "get_message", "level": {"icon": "ℹ️", "name": "INFO", "no": 20}, "line": 32, "message": "message sent", "module": "main", "name": "__main__", "process": {"id": 2272, "name": "MainProcess"}, "thread": {"id": 2320, "name": "MainThread"}, "time": {"repr": "2024-08-25 13:51:44.413519+05:00", "timestamp": 1724575904.413519}}}
{"text": "2024-08-25T13:51:44.414530+0500 DEBUG writing bet to db\n", "record": {"elapsed": {"repr": "0:00:19.083274", "seconds": 19.083274}, "exception": null, "extra": {}, "file": {"name": "main.py", "path": "C:\\Users\\melni\\PycharmProjects\\betboom_parser\\main.py"}, "function": "find_game", "level": {"icon": "🐞", "name": "DEBUG", "no": 10}, "line": 73, "message": "writing bet to db", "module": "main", "name": "__main__", "process": {"id": 2272, "name": "MainProcess"}, "thread": {"id": 2320, "name": "MainThread"}, "time": {"repr": "2024-08-25 13:51:44.414530+05:00", "timestamp": 1724575904.41453}}}
{"text": "2024-08-25T13:51:44.414530+0500 DEBUG finding coefficients\n", "record": {"elapsed": {"repr": "0:00:19.083274", "seconds": 19.083274}, "exception": null, "extra": {}, "file": {"name": "main.py", "path": "C:\\Users\\melni\\PycharmProjects\\betboom_parser\\main.py"}, "function": "get_bet", "level": {"icon": "🐞", "name": "DEBUG", "no": 10}, "line": 99, "message": "finding coefficients", "module": "main", "name": "__main__", "process": {"id": 2272, "name": "MainProcess"}, "thread": {"id": 2320, "name": "MainThread"}, "time": {"repr": "2024-08-25 13:51:44.414530+05:00", "timestamp": 1724575904.41453}}}
{"text": "2024-08-25T13:51:44.415515+0500 DEBUG reading db\n", "record": {"elapsed": {"repr": "0:00:19.084259", "seconds": 19.084259}, "exception": null, "extra": {}, "file": {"name": "main.py", "path": "C:\\Users\\melni\\PycharmProjects\\betboom_parser\\main.py"}, "function": "find_game", "level": {"icon": "🐞", "name": "DEBUG", "no": 10}, "line": 59, "message": "reading db", "module": "main", "name": "__main__", "process": {"id": 2272, "name": "MainProcess"}, "thread": {"id": 2320, "name": "MainThread"}, "time": {"repr": "2024-08-25 13:51:44.415515+05:00", "timestamp": 1724575904.415515}}}
{"text": "2024-08-25T13:51:44.748047+0500 INFO CS 2. CCT Europe Series 9 (25.08 20:30)\nSinners - Young Ninjas\n\n3-я карта -> 1.57 & 2.33\n", "record": {"elapsed": {"repr": "0:00:19.416791", "seconds": 19.416791}, "exception": null, "extra": {}, "file": {"name": "main.py", "path": "C:\\Users\\melni\\PycharmProjects\\betboom_parser\\main.py"}, "function": "get_message", "level": {"icon": "ℹ️", "name": "INFO", "no": 20}, "line": 31, "message": "CS 2. CCT Europe Series 9 (25.08 20:30)\nSinners - Young Ninjas\n\n3-я карта -> 1.57 & 2.33", "module": "main", "name": "__main__", "process": {"id": 2272, "name": "MainProcess"}, "thread": {"id": 2320, "name": "MainThread"}, "time": {"repr": "2024-08-25 13:51:44.748047+05:00", "timestamp": 1724575904.748047}}}
{"text": "2024-08-25T13:51:44.748047+0500 INFO message sent\n", "record": {"elapsed": {"repr": "0:00:19.416791", "seconds": 19.416791}, "exception": null, "extra": {}, "file": {"name": "main.py", "path": "C:\\Users\\melni\\PycharmProjects\\betboom_parser\\main.py"}, "function": "get_message", "level": {"icon": "ℹ️", "name": "INFO", "no": 20}, "line": 32, "message": "message sent", "module": "main", "name": "__main__", "process": {"id": 2272, "name": "MainProcess"}, "thread": {"id": 2320, "name": "MainThread"}, "time": {"repr": "2024-08-25 13:51:44.748047+05:00", "timestamp": 1724575904.748047}}}
{"text": "2024-08-25T13:51:45.109359+0500 INFO CS 2. CCT Europe Series 9 (25.08 20:30)\nSinners - Young Ninjas\n\nold odds: 3-я карта -> 1.54\nnew odds: 3-я карта -> 1.57\n", "record": {"elapsed": {"repr": "0:00:19.778103", "seconds": 19.778103}, "exception": null, "extra": {}, "file": {"name": "main.py", "path": "C:\\Users\\melni\\PycharmProjects\\betboom_parser\\main.py"}, "function": "get_alter_message", "level": {"icon": "ℹ️", "name": "INFO", "no": 20}, "line": 48, "message": "CS 2. CCT Europe Series 9 (25.08 20:30)\nSinners - Young Ninjas\n\nold odds: 3-я карта -> 1.54\nnew odds: 3-я карта -> 1.57", "module": "main", "name": "__main__", "process": {"id": 2272, "name": "MainProcess"}, "thread": {"id": 2320, "name": "MainThread"}, "time": {"repr": "2024-08-25 13:51:45.109359+05:00", "timestamp": 1724575905.109359}}}
{"text": "2024-08-25T13:51:45.110363+0500 INFO message sent\n", "record": {"elapsed": {"repr": "0:00:19.779107", "seconds": 19.779107}, "exception": null, "extra": {}, "file": {"name": "main.py", "path": "C:\\Users\\melni\\PycharmProjects\\betboom_parser\\main.py"}, "function": "get_alter_message", "level": {"icon": "ℹ️", "name": "INFO", "no": 20}, "line": 49, "message": "message sent", "module": "main", "name": "__main__", "process": {"id": 2272, "name": "MainProcess"}, "thread": {"id": 2320, "name": "MainThread"}, "time": {"repr": "2024-08-25 13:51:45.110363+05:00", "timestamp": 1724575905.110363}}}
{"text": "2024-08-25T13:51:45.110363+0500 DEBUG writing bet to db\n", "record": {"elapsed": {"repr": "0:00:19.779107", "seconds": 19.779107}, "exception": null, "extra": {}, "file": {"name": "main.py", "path": "C:\\Users\\melni\\PycharmProjects\\betboom_parser\\main.py"}, "function": "find_game", "level": {"icon": "🐞", "name": "DEBUG", "no": 10}, "line": 73, "message": "writing bet to db", "module": "main", "name": "__main__", "process": {"id": 2272, "name": "MainProcess"}, "thread": {"id": 2320, "name": "MainThread"}, "time": {"repr": "2024-08-25 13:51:45.110363+05:00", "timestamp": 1724575905.110363}}}
{"text": "2024-08-25T13:51:45.111378+0500 DEBUG finding coefficients\n", "record": {"elapsed": {"repr": "0:00:19.780122", "seconds": 19.780122}, "exception": null, "extra": {}, "file": {"name": "main.py", "path": "C:\\Users\\melni\\PycharmProjects\\betboom_parser\\main.py"}, "function": "get_bet", "level": {"icon": "🐞", "name": "DEBUG", "no": 10}, "line": 99, "message": "finding coefficients", "module": "main", "name": "__main__", "process": {"id": 2272, "name": "MainProcess"}, "thread": {"id": 2320, "name": "MainThread"}, "time": {"repr": "2024-08-25 13:51:45.111378+05:00", "timestamp": 1724575905.111378}}}
{"text": "2024-08-25T13:51:45.112370+0500 DEBUG getting info about match...\n", "record": {"elapsed": {"repr": "0:00:19.781114", "seconds": 19.781114}, "exception": null, "extra": {}, "file": {"name": "main.py", "path": "C:\\Users\\melni\\PycharmProjects\\betboom_parser\\main.py"}, "function": "get_match", "level": {"icon": "🐞", "name": "DEBUG", "no": 10}, "line": 124, "message": "getting info about match...", "module": "main", "name": "__main__", "process": {"id": 2272, "name": "MainProcess"}, "thread": {"id": 2320, "name": "MainThread"}, "time": {"repr": "2024-08-25 13:51:45.112370+05:00", "timestamp": 1724575905.11237}}}
{"text": "2024-08-25T13:51:45.357142+0500 DEBUG reading db\n", "record": {"elapsed": {"repr": "0:00:20.025886", "seconds": 20.025886}, "exception": null, "extra": {}, "file": {"name": "main.py", "path": "C:\\Users\\melni\\PycharmProjects\\betboom_parser\\main.py"}, "function": "find_game", "level": {"icon": "🐞", "name": "DEBUG", "no": 10}, "line": 59, "message": "reading db", "module": "main", "name": "__main__", "process": {"id": 2272, "name": "MainProcess"}, "thread": {"id": 2320, "name": "MainThread"}, "time": {"repr": "2024-08-25 13:51:45.357142+05:00", "timestamp": 1724575905.357142}}}
{"text": "2024-08-25T13:51:48.767681+0500 INFO CS 2. CCT Europe Series 9 (25.08 23:30)\nPARIVISION - Monte Gen\n\n1-я карта -> 1.37 & 2.974\n", "record": {"elapsed": {"repr": "0:00:23.436425", "seconds": 23.436425}, "exception": null, "extra": {}, "file": {"name": "main.py", "path": "C:\\Users\\melni\\PycharmProjects\\betboom_parser\\main.py"}, "function": "get_message", "level": {"icon": "ℹ️", "name": "INFO", "no": 20}, "line": 31, "message": "CS 2. CCT Europe Series 9 (25.08 23:30)\nPARIVISION - Monte Gen\n\n1-я карта -> 1.37 & 2.974", "module": "main", "name": "__main__", "process": {"id": 2272, "name": "MainProcess"}, "thread": {"id": 2320, "name": "MainThread"}, "time": {"repr": "2024-08-25 13:51:48.767681+05:00", "timestamp": 1724575908.767681}}}
{"text": "2024-08-25T13:51:48.768684+0500 INFO message sent\n", "record": {"elapsed": {"repr": "0:00:23.437428", "seconds": 23.437428}, "exception": null, "extra": {}, "file": {"name": "main.py", "path": "C:\\Users\\melni\\PycharmProjects\\betboom_parser\\main.py"}, "function": "get_message", "level": {"icon": "ℹ️", "name": "INFO", "no": 20}, "line": 32, "message": "message sent", "module": "main", "name": "__main__", "process": {"id": 2272, "name": "MainProcess"}, "thread": {"id": 2320, "name": "MainThread"}, "time": {"repr": "2024-08-25 13:51:48.768684+05:00", "timestamp": 1724575908.768684}}}
{"text": "2024-08-25T13:51:48.768684+0500 DEBUG writing bet to db\n", "record": {"elapsed": {"repr": "0:00:23.437428", "seconds": 23.437428}, "exception": null, "extra": {}, "file": {"name": "main.py", "path": "C:\\Users\\melni\\PycharmProjects\\betboom_parser\\main.py"}, "function": "find_game", "level": {"icon": "🐞", "name": "DEBUG", "no": 10}, "line": 73, "message": "writing bet to db", "module": "main", "name": "__main__", "process": {"id": 2272, "name": "MainProcess"}, "thread": {"id": 2320, "name": "MainThread"}, "time": {"repr": "2024-08-25 13:51:48.768684+05:00", "timestamp": 1724575908.768684}}}
{"text": "2024-08-25T13:51:48.769683+0500 DEBUG finding coefficients\n", "record": {"elapsed": {"repr": "0:00:23.438427", "seconds": 23.438427}, "exception": null, "extra": {}, "file": {"name": "main.py", "path": "C:\\Users\\melni\\PycharmProjects\\betboom_parser\\main.py"}, "function": "get_bet", "level": {"icon": "🐞", "name": "DEBUG", "no": 10}, "line": 99, "message": "finding coefficients", "module": "main", "name": "__main__", "process": {"id": 2272, "name": "MainProcess"}, "thread": {"id": 2320, "name": "MainThread"}, "time": {"repr": "2024-08-25 13:51:48.769683+05:00", "timestamp": 1724575908.769683}}}
{"text": "2024-08-25T13:51:48.770681+0500 DEBUG reading db\n", "record": {"elapsed": {"repr": "0:00:23.439425", "seconds": 23.439425}, "exception": null, "extra": {}, "file": {"name": "main.py", "path": "C:\\Users\\melni\\PycharmProjects\\betboom_parser\\main.py"}, "function": "find_game", "level": {"icon": "🐞", "name": "DEBUG", "no": 10}, "line": 59, "message": "reading db", "module": "main", "name": "__main__", "process": {"id": 2272, "name": "MainProcess"}, "thread": {"id": 2320, "name": "MainThread"}, "time": {"repr": "2024-08-25 13:51:48.770681+05:00", "timestamp": 1724575908.770681}}}
{"text": "2024-08-25T13:51:49.157974+0500 INFO CS 2. CCT Europe Series 9 (25.08 23:30)\nPARIVISION - Monte Gen\n\n2-я карта -> 1.37 & 2.974\n", "record": {"elapsed": {"repr": "0:00:23.826718", "seconds": 23.826718}, "exception": null, "extra": {}, "file": {"name": "main.py", "path": "C:\\Users\\melni\\PycharmProjects\\betboom_parser\\main.py"}, "function": "get_message", "level": {"icon": "ℹ️", "name": "INFO", "no": 20}, "line": 31, "message": "CS 2. CCT Europe Series 9 (25.08 23:30)\nPARIVISION - Monte Gen\n\n2-я карта -> 1.37 & 2.974", "module": "main", "name": "__main__", "process": {"id": 2272, "name": "MainProcess"}, "thread": {"id": 2320, "name": "MainThread"}, "time": {"repr": "2024-08-25 13:51:49.157974+05:00", "timestamp": 1724575909.157974}}}
{"text": "2024-08-25T13:51:49.158956+0500 INFO message sent\n", "record": {"elapsed": {"repr": "0:00:23.827700", "seconds": 23.8277}, "exception": null, "extra": {}, "file": {"name": "main.py", "path": "C:\\Users\\melni\\PycharmProjects\\betboom_parser\\main.py"}, "function": "get_message", "level": {"icon": "ℹ️", "name": "INFO", "no": 20}, "line": 32, "message": "message sent", "module": "main", "name": "__main__", "process": {"id": 2272, "name": "MainProcess"}, "thread": {"id": 2320, "name": "MainThread"}, "time": {"repr": "2024-08-25 13:51:49.158956+05:00", "timestamp": 1724575909.158956}}}
{"text": "2024-08-25T13:51:49.159972+0500 DEBUG writing bet to db\n", "record": {"elapsed": {"repr": "0:00:23.828716", "seconds": 23.828716}, "exception": null, "extra": {}, "file": {"name": "main.py", "path": "C:\\Users\\melni\\PycharmProjects\\betboom_parser\\main.py"}, "function": "find_game", "level": {"icon": "🐞", "name": "DEBUG", "no": 10}, "line": 73, "message": "writing bet to db", "module": "main", "name": "__main__", "process": {"id": 2272, "name": "MainProcess"}, "thread": {"id": 2320, "name": "MainThread"}, "time": {"repr": "2024-08-25 13:51:49.159972+05:00", "timestamp": 1724575909.159972}}}
{"text": "2024-08-25T13:51:49.160981+0500 DEBUG finding coefficients\n", "record": {"elapsed": {"repr": "0:00:23.829725", "seconds": 23.829725}, "exception": null, "extra": {}, "file": {"name": "main.py", "path": "C:\\Users\\melni\\PycharmProjects\\betboom_parser\\main.py"}, "function": "get_bet", "level": {"icon": "🐞", "name": "DEBUG", "no": 10}, "line": 99, "message": "finding coefficients", "module": "main", "name": "__main__", "process": {"id": 2272, "name": "MainProcess"}, "thread": {"id": 2320, "name": "MainThread"}, "time": {"repr": "2024-08-25 13:51:49.160981+05:00", "timestamp": 1724575909.160981}}}
{"text": "2024-08-25T13:51:49.161986+0500 DEBUG reading db\n", "record": {"elapsed": {"repr": "0:00:23.830730", "seconds": 23.83073}, "exception": null, "extra": {}, "file": {"name": "main.py", "path": "C:\\Users\\melni\\PycharmProjects\\betboom_parser\\main.py"}, "function": "find_game", "level": {"icon": "🐞", "name": "DEBUG", "no": 10}, "line": 59, "message": "reading db", "module": "main", "name": "__main__", "process": {"id": 2272, "name": "MainProcess"}, "thread": {"id": 2320, "name": "MainThread"}, "time": {"repr": "2024-08-25 13:51:49.161986+05:00", "timestamp": 1724575909.161986}}}
{"text": "2024-08-25T13:51:49.582191+0500 INFO CS 2. CCT Europe Series 9 (25.08 23:30)\nPARIVISION - Monte Gen\n\n3-я карта -> 1.4 & 2.863\n", "record": {"elapsed": {"repr": "0:00:24.250935", "seconds": 24.250935}, "exception": null, "extra": {}, "file": {"name": "main.py", "path": "C:\\Users\\melni\\PycharmProjects\\betboom_parser\\main.py"}, "function": "get_message", "level": {"icon": "ℹ️", "name": "INFO", "no": 20}, "line": 31, "message": "CS 2. CCT Europe Series 9 (25.08 23:30)\nPARIVISION - Monte Gen\n\n3-я карта -> 1.4 & 2.863", "module": "main", "name": "__main__", "process": {"id": 2272, "name": "MainProcess"}, "thread": {"id": 2320, "name": "MainThread"}, "time": {"repr": "2024-08-25 13:51:49.582191+05:00", "timestamp": 1724575909.582191}}}
{"text": "2024-08-25T13:51:49.582191+0500 INFO message sent\n", "record": {"elapsed": {"repr": "0:00:24.250935", "seconds": 24.250935}, "exception": null, "extra": {}, "file": {"name": "main.py", "path": "C:\\Users\\melni\\PycharmProjects\\betboom_parser\\main.py"}, "function": "get_message", "level": {"icon": "ℹ️", "name": "INFO", "no": 20}, "line": 32, "message": "message sent", "module": "main", "name": "__main__", "process": {"id": 2272, "name": "MainProcess"}, "thread": {"id": 2320, "name": "MainThread"}, "time": {"repr": "2024-08-25 13:51:49.582191+05:00", "timestamp": 1724575909.582191}}}
{"text": "2024-08-25T13:51:49.950748+0500 INFO CS 2. CCT Europe Series 9 (25.08 23:30)\nPARIVISION - Monte Gen\n\nold odds: 3-я карта -> 1.37\nnew odds: 3-я карта -> 1.4\n", "record": {"elapsed": {"repr": "0:00:24.619492", "seconds": 24.619492}, "exception": null, "extra": {}, "file": {"name": "main.py", "path": "C:\\Users\\melni\\PycharmProjects\\betboom_parser\\main.py"}, "function": "get_alter_message", "level": {"icon": "ℹ️", "name": "INFO", "no": 20}, "line": 48, "message": "CS 2. CCT Europe Series 9 (25.08 23:30)\nPARIVISION - Monte Gen\n\nold odds: 3-я карта -> 1.37\nnew odds: 3-я карта -> 1.4", "module": "main", "name": "__main__", "process": {"id": 2272, "name": "MainProcess"}, "thread": {"id": 2320, "name": "MainThread"}, "time": {"repr": "2024-08-25 13:51:49.950748+05:00", "timestamp": 1724575909.950748}}}
{"text": "2024-08-25T13:51:49.951719+0500 INFO message sent\n", "record": {"elapsed": {"repr": "0:00:24.620463", "seconds": 24.620463}, "exception": null, "extra": {}, "file": {"name": "main.py", "path": "C:\\Users\\melni\\PycharmProjects\\betboom_parser\\main.py"}, "function": "get_alter_message", "level": {"icon": "ℹ️", "name": "INFO", "no": 20}, "line": 49, "message": "message sent", "module": "main", "name": "__main__", "process": {"id": 2272, "name": "MainProcess"}, "thread": {"id": 2320, "name": "MainThread"}, "time": {"repr": "2024-08-25 13:51:49.951719+05:00", "timestamp": 1724575909.951719}}}
{"text": "2024-08-25T13:51:49.951719+0500 DEBUG writing bet to db\n", "record": {"elapsed": {"repr": "0:00:24.620463", "seconds": 24.620463}, "exception": null, "extra": {}, "file": {"name": "main.py", "path": "C:\\Users\\melni\\PycharmProjects\\betboom_parser\\main.py"}, "function": "find_game", "level": {"icon": "🐞", "name": "DEBUG", "no": 10}, "line": 73, "message": "writing bet to db", "module": "main", "name": "__main__", "process": {"id": 2272, "name": "MainProcess"}, "thread": {"id": 2320, "name": "MainThread"}, "time": {"repr": "2024-08-25 13:51:49.951719+05:00", "timestamp": 1724575909.951719}}}
{"text": "2024-08-25T13:51:49.952751+0500 DEBUG finding coefficients\n", "record": {"elapsed": {"repr": "0:00:24.621495", "seconds": 24.621495}, "exception": null, "extra": {}, "file": {"name": "main.py", "path": "C:\\Users\\melni\\PycharmProjects\\betboom_parser\\main.py"}, "function": "get_bet", "level": {"icon": "🐞", "name": "DEBUG", "no": 10}, "line": 99, "message": "finding coefficients", "module": "main", "name": "__main__", "process": {"id": 2272, "name": "MainProcess"}, "thread": {"id": 2320, "name": "MainThread"}, "time": {"repr": "2024-08-25 13:51:49.952751+05:00", "timestamp": 1724575909.952751}}}
{"text": "2024-08-25T13:51:49.953791+0500 DEBUG getting info about match...\n", "record": {"elapsed": {"repr": "0:00:24.622535", "seconds": 24.622535}, "exception": null, "extra": {}, "file": {"name": "main.py", "path": "C:\\Users\\melni\\PycharmProjects\\betboom_parser\\main.py"}, "function": "get_match", "level": {"icon": "🐞", "name": "DEBUG", "no": 10}, "line": 124, "message": "getting info about match...", "module": "main", "name": "__main__", "process": {"id": 2272, "name": "MainProcess"}, "thread": {"id": 2320, "name": "MainThread"}, "time": {"repr": "2024-08-25 13:51:49.953791+05:00", "timestamp": 1724575909.953791}}}
{"text": "2024-08-25T13:51:50.171898+0500 DEBUG reading db\n", "record": {"elapsed": {"repr": "0:00:24.840642", "seconds": 24.840642}, "exception": null, "extra": {}, "file": {"name": "main.py", "path": "C:\\Users\\melni\\PycharmProjects\\betboom_parser\\main.py"}, "function": "find_game", "level": {"icon": "🐞", "name": "DEBUG", "no": 10}, "line": 59, "message": "reading db", "module": "main", "name": "__main__", "process": {"id": 2272, "name": "MainProcess"}, "thread": {"id": 2320, "name": "MainThread"}, "time": {"repr": "2024-08-25 13:51:50.171898+05:00", "timestamp": 1724575910.171898}}}
{"text": "2024-08-25T13:51:50.523440+0500 INFO CS 2. CCT Europe Series 9 (26.08 14:30)\nBIG - ALTERNATE aTTaX\n\n1-я карта -> 1.26 & 3.69\n", "record": {"elapsed": {"repr": "0:00:25.192184", "seconds": 25.192184}, "exception": null, "extra": {}, "file": {"name": "main.py", "path": "C:\\Users\\melni\\PycharmProjects\\betboom_parser\\main.py"}, "function": "get_message", "level": {"icon": "ℹ️", "name": "INFO", "no": 20}, "line": 31, "message": "CS 2. CCT Europe Series 9 (26.08 14:30)\nBIG - ALTERNATE aTTaX\n\n1-я карта -> 1.26 & 3.69", "module": "main", "name": "__main__", "process": {"id": 2272, "name": "MainProcess"}, "thread": {"id": 2320, "name": "MainThread"}, "time": {"repr": "2024-08-25 13:51:50.523440+05:00", "timestamp": 1724575910.52344}}}
{"text": "2024-08-25T13:51:50.524420+0500 INFO message sent\n", "record": {"elapsed": {"repr": "0:00:25.193164", "seconds": 25.193164}, "exception": null, "extra": {}, "file": {"name": "main.py", "path": "C:\\Users\\melni\\PycharmProjects\\betboom_parser\\main.py"}, "function": "get_message", "level": {"icon": "ℹ️", "name": "INFO", "no": 20}, "line": 32, "message": "message sent", "module": "main", "name": "__main__", "process": {"id": 2272, "name": "MainProcess"}, "thread": {"id": 2320, "name": "MainThread"}, "time": {"repr": "2024-08-25 13:51:50.524420+05:00", "timestamp": 1724575910.52442}}}
{"text": "2024-08-25T13:51:50.525432+0500 DEBUG writing bet to db\n", "record": {"elapsed": {"repr": "0:00:25.194176", "seconds": 25.194176}, "exception": null, "extra": {}, "file": {"name": "main.py", "path": "C:\\Users\\melni\\PycharmProjects\\betboom_parser\\main.py"}, "function": "find_game", "level": {"icon": "🐞", "name": "DEBUG", "no": 10}, "line": 73, "message": "writing bet to db", "module": "main", "name": "__main__", "process": {"id": 2272, "name": "MainProcess"}, "thread": {"id": 2320, "name": "MainThread"}, "time": {"repr": "2024-08-25 13:51:50.525432+05:00", "timestamp": 1724575910.525432}}}
{"text": "2024-08-25T13:51:50.527425+0500 DEBUG finding coefficients\n", "record": {"elapsed": {"repr": "0:00:25.196169", "seconds": 25.196169}, "exception": null, "extra": {}, "file": {"name": "main.py", "path": "C:\\Users\\melni\\PycharmProjects\\betboom_parser\\main.py"}, "function": "get_bet", "level": {"icon": "🐞", "name": "DEBUG", "no": 10}, "line": 99, "message": "finding coefficients", "module": "main", "name": "__main__", "process": {"id": 2272, "name": "MainProcess"}, "thread": {"id": 2320, "name": "MainThread"}, "time": {"repr": "2024-08-25 13:51:50.527425+05:00", "timestamp": 1724575910.527425}}}
{"text": "2024-08-25T13:51:50.528441+0500 DEBUG reading db\n", "record": {"elapsed": {"repr": "0:00:25.197185", "seconds": 25.197185}, "exception": null, "extra": {}, "file": {"name": "main.py", "path": "C:\\Users\\melni\\PycharmProjects\\betboom_parser\\main.py"}, "function": "find_game", "level": {"icon": "🐞", "name": "DEBUG", "no": 10}, "line": 59, "message": "reading db", "module": "main", "name": "__main__", "process": {"id": 2272, "name": "MainProcess"}, "thread": {"id": 2320, "name": "MainThread"}, "time": {"repr": "2024-08-25 13:51:50.528441+05:00", "timestamp": 1724575910.528441}}}
{"text": "2024-08-25T13:51:53.840777+0500 INFO CS 2. CCT Europe Series 9 (26.08 14:30)\nBIG - ALTERNATE aTTaX\n\n2-я карта -> 1.26 & 3.69\n", "record": {"elapsed": {"repr": "0:00:28.509521", "seconds": 28.509521}, "exception": null, "extra": {}, "file": {"name": "main.py", "path": "C:\\Users\\melni\\PycharmProjects\\betboom_parser\\main.py"}, "function": "get_message", "level": {"icon": "ℹ️", "name": "INFO", "no": 20}, "line": 31, "message": "CS 2. CCT Europe Series 9 (26.08 14:30)\nBIG - ALTERNATE aTTaX\n\n2-я карта -> 1.26 & 3.69", "module": "main", "name": "__main__", "process": {"id": 2272, "name": "MainProcess"}, "thread": {"id": 2320, "name": "MainThread"}, "time": {"repr": "2024-08-25 13:51:53.840777+05:00", "timestamp": 1724575913.840777}}}
{"text": "2024-08-25T13:51:53.841754+0500 INFO message sent\n", "record": {"elapsed": {"repr": "0:00:28.510498", "seconds": 28.510498}, "exception": null, "extra": {}, "file": {"name": "main.py", "path": "C:\\Users\\melni\\PycharmProjects\\betboom_parser\\main.py"}, "function": "get_message", "level": {"icon": "ℹ️", "name": "INFO", "no": 20}, "line": 32, "message": "message sent", "module": "main", "name": "__main__", "process": {"id": 2272, "name": "MainProcess"}, "thread": {"id": 2320, "name": "MainThread"}, "time": {"repr": "2024-08-25 13:51:53.841754+05:00", "timestamp": 1724575913.841754}}}
{"text": "2024-08-25T13:51:53.842766+0500 DEBUG writing bet to db\n", "record": {"elapsed": {"repr": "0:00:28.511510", "seconds": 28.51151}, "exception": null, "extra": {}, "file": {"name": "main.py", "path": "C:\\Users\\melni\\PycharmProjects\\betboom_parser\\main.py"}, "function": "find_game", "level": {"icon": "🐞", "name": "DEBUG", "no": 10}, "line": 73, "message": "writing bet to db", "module": "main", "name": "__main__", "process": {"id": 2272, "name": "MainProcess"}, "thread": {"id": 2320, "name": "MainThread"}, "time": {"repr": "2024-08-25 13:51:53.842766+05:00", "timestamp": 1724575913.842766}}}
{"text": "2024-08-25T13:51:53.843775+0500 DEBUG finding coefficients\n", "record": {"elapsed": {"repr": "0:00:28.512519", "seconds": 28.512519}, "exception": null, "extra": {}, "file": {"name": "main.py", "path": "C:\\Users\\melni\\PycharmProjects\\betboom_parser\\main.py"}, "function": "get_bet", "level": {"icon": "🐞", "name": "DEBUG", "no": 10}, "line": 99, "message": "finding coefficients", "module": "main", "name": "__main__", "process": {"id": 2272, "name": "MainProcess"}, "thread": {"id": 2320, "name": "MainThread"}, "time": {"repr": "2024-08-25 13:51:53.843775+05:00", "timestamp": 1724575913.843775}}}
{"text": "2024-08-25T13:51:53.844755+0500 DEBUG reading db\n", "record": {"elapsed": {"repr": "0:00:28.513499", "seconds": 28.513499}, "exception": null, "extra": {}, "file": {"name": "main.py", "path": "C:\\Users\\melni\\PycharmProjects\\betboom_parser\\main.py"}, "function": "find_game", "level": {"icon": "🐞", "name": "DEBUG", "no": 10}, "line": 59, "message": "reading db", "module": "main", "name": "__main__", "process": {"id": 2272, "name": "MainProcess"}, "thread": {"id": 2320, "name": "MainThread"}, "time": {"repr": "2024-08-25 13:51:53.844755+05:00", "timestamp": 1724575913.844755}}}
{"text": "2024-08-25T13:51:54.171983+0500 INFO CS 2. CCT Europe Series 9 (26.08 14:30)\nBIG - ALTERNATE aTTaX\n\n3-я карта -> 1.28 & 3.545\n", "record": {"elapsed": {"repr": "0:00:28.840727", "seconds": 28.840727}, "exception": null, "extra": {}, "file": {"name": "main.py", "path": "C:\\Users\\melni\\PycharmProjects\\betboom_parser\\main.py"}, "function": "get_message", "level": {"icon": "ℹ️", "name": "INFO", "no": 20}, "line": 31, "message": "CS 2. CCT Europe Series 9 (26.08 14:30)\nBIG - ALTERNATE aTTaX\n\n3-я карта -> 1.28 & 3.545", "module": "main", "name": "__main__", "process": {"id": 2272, "name": "MainProcess"}, "thread": {"id": 2320, "name": "MainThread"}, "time": {"repr": "2024-08-25 13:51:54.171983+05:00", "timestamp": 1724575914.171983}}}
{"text": "2024-08-25T13:51:54.172972+0500 INFO message sent\n", "record": {"elapsed": {"repr": "0:00:28.841716", "seconds": 28.841716}, "exception": null, "extra": {}, "file": {"name": "main.py", "path": "C:\\Users\\melni\\PycharmProjects\\betboom_parser\\main.py"}, "function": "get_message", "level": {"icon": "ℹ️", "name": "INFO", "no": 20}, "line": 32, "message": "message sent", "module": "main", "name": "__main__", "process": {"id": 2272, "name": "MainProcess"}, "thread": {"id": 2320, "name": "MainThread"}, "time": {"repr": "2024-08-25 13:51:54.172972+05:00", "timestamp": 1724575914.172972}}}
{"text": "2024-08-25T13:51:54.455711+0500 INFO CS 2. CCT Europe Series 9 (26.08 14:30)\nBIG - ALTERNATE aTTaX\n\nold odds: 3-я карта -> 1.26\nnew odds: 3-я карта -> 1.28\n", "record": {"elapsed": {"repr": "0:00:29.124455", "seconds": 29.124455}, "exception": null, "extra": {}, "file": {"name": "main.py", "path": "C:\\Users\\melni\\PycharmProjects\\betboom_parser\\main.py"}, "function": "get_alter_message", "level": {"icon": "ℹ️", "name": "INFO", "no": 20}, "line": 48, "message": "CS 2. CCT Europe Series 9 (26.08 14:30)\nBIG - ALTERNATE aTTaX\n\nold odds: 3-я карта -> 1.26\nnew odds: 3-я карта -> 1.28", "module": "main", "name": "__main__", "process": {"id": 2272, "name": "MainProcess"}, "thread": {"id": 2320, "name": "MainThread"}, "time": {"repr": "2024-08-25 13:51:54.455711+05:00", "timestamp": 1724575914.455711}}}
{"text": "2024-08-25T13:51:54.455711+0500 INFO message sent\n", "record": {"elapsed": {"repr": "0:00:29.124455", "seconds": 29.124455}, "exception": null, "extra": {}, "file": {"name": "main.py", "path": "C:\\Users\\melni\\PycharmProjects\\betboom_parser\\main.py"}, "function": "get_alter_message", "level": {"icon": "ℹ️", "name": "INFO", "no": 20}, "line": 49, "message": "message sent", "module": "main", "name": "__main__", "process": {"id": 2272, "name": "MainProcess"}, "thread": {"id": 2320, "name": "MainThread"}, "time": {"repr": "2024-08-25 13:51:54.455711+05:00", "timestamp": 1724575914.455711}}}
{"text": "2024-08-25T13:51:54.456711+0500 DEBUG writing bet to db\n", "record": {"elapsed": {"repr": "0:00:29.125455", "seconds": 29.125455}, "exception": null, "extra": {}, "file": {"name": "main.py", "path": "C:\\Users\\melni\\PycharmProjects\\betboom_parser\\main.py"}, "function": "find_game", "level": {"icon": "🐞", "name": "DEBUG", "no": 10}, "line": 73, "message": "writing bet to db", "module": "main", "name": "__main__", "process": {"id": 2272, "name": "MainProcess"}, "thread": {"id": 2320, "name": "MainThread"}, "time": {"repr": "2024-08-25 13:51:54.456711+05:00", "timestamp": 1724575914.456711}}}
{"text": "2024-08-25T13:51:54.457721+0500 DEBUG finding coefficients\n", "record": {"elapsed": {"repr": "0:00:29.126465", "seconds": 29.126465}, "exception": null, "extra": {}, "file": {"name": "main.py", "path": "C:\\Users\\melni\\PycharmProjects\\betboom_parser\\main.py"}, "function": "get_bet", "level": {"icon": "🐞", "name": "DEBUG", "no": 10}, "line": 99, "message": "finding coefficients", "module": "main", "name": "__main__", "process": {"id": 2272, "name": "MainProcess"}, "thread": {"id": 2320, "name": "MainThread"}, "time": {"repr": "2024-08-25 13:51:54.457721+05:00", "timestamp": 1724575914.457721}}}
{"text": "2024-08-25T13:51:54.457721+0500 DEBUG getting info about match...\n", "record": {"elapsed": {"repr": "0:00:29.126465", "seconds": 29.126465}, "exception": null, "extra": {}, "file": {"name": "main.py", "path": "C:\\Users\\melni\\PycharmProjects\\betboom_parser\\main.py"}, "function": "get_match", "level": {"icon": "🐞", "name": "DEBUG", "no": 10}, "line": 124, "message": "getting info about match...", "module": "main", "name": "__main__", "process": {"id": 2272, "name": "MainProcess"}, "thread": {"id": 2320, "name": "MainThread"}, "time": {"repr": "2024-08-25 13:51:54.457721+05:00", "timestamp": 1724575914.457721}}}
{"text": "2024-08-25T13:51:54.718286+0500 DEBUG reading db\n", "record": {"elapsed": {"repr": "0:00:29.387030", "seconds": 29.38703}, "exception": null, "extra": {}, "file": {"name": "main.py", "path": "C:\\Users\\melni\\PycharmProjects\\betboom_parser\\main.py"}, "function": "find_game", "level": {"icon": "🐞", "name": "DEBUG", "no": 10}, "line": 59, "message": "reading db", "module": "main", "name": "__main__", "process": {"id": 2272, "name": "MainProcess"}, "thread": {"id": 2320, "name": "MainThread"}, "time": {"repr": "2024-08-25 13:51:54.718286+05:00", "timestamp": 1724575914.718286}}}
{"text": "2024-08-25T13:51:55.074829+0500 INFO CS 2. CCT Europe Series 9 (26.08 17:30)\nKOI - ECSTATIC\n\n1-я карта -> 1.65 & 2.176\n", "record": {"elapsed": {"repr": "0:00:29.743573", "seconds": 29.743573}, "exception": null, "extra": {}, "file": {"name": "main.py", "path": "C:\\Users\\melni\\PycharmProjects\\betboom_parser\\main.py"}, "function": "get_message", "level": {"icon": "ℹ️", "name": "INFO", "no": 20}, "line": 31, "message": "CS 2. CCT Europe Series 9 (26.08 17:30)\nKOI - ECSTATIC\n\n1-я карта -> 1.65 & 2.176", "module": "main", "name": "__main__", "process": {"id": 2272, "name": "MainProcess"}, "thread": {"id": 2320, "name": "MainThread"}, "time": {"repr": "2024-08-25 13:51:55.074829+05:00", "timestamp": 1724575915.074829}}}
{"text": "2024-08-25T13:51:55.075831+0500 INFO message sent\n", "record": {"elapsed": {"repr": "0:00:29.744575", "seconds": 29.744575}, "exception": null, "extra": {}, "file": {"name": "main.py", "path": "C:\\Users\\melni\\PycharmProjects\\betboom_parser\\main.py"}, "function": "get_message", "level": {"icon": "ℹ️", "name": "INFO", "no": 20}, "line": 32, "message": "message sent", "module": "main", "name": "__main__", "process": {"id": 2272, "name": "MainProcess"}, "thread": {"id": 2320, "name": "MainThread"}, "time": {"repr": "2024-08-25 13:51:55.075831+05:00", "timestamp": 1724575915.075831}}}
{"text": "2024-08-25T13:51:55.075831+0500 DEBUG writing bet to db\n", "record": {"elapsed": {"repr": "0:00:29.744575", "seconds": 29.744575}, "exception": null, "extra": {}, "file": {"name": "main.py", "path": "C:\\Users\\melni\\PycharmProjects\\betboom_parser\\main.py"}, "function": "find_game", "level": {"icon": "🐞", "name": "DEBUG", "no": 10}, "line": 73, "message": "writing bet to db", "module": "main", "name": "__main__", "process": {"id": 2272, "name": "MainProcess"}, "thread": {"id": 2320, "name": "MainThread"}, "time": {"repr": "2024-08-25 13:51:55.075831+05:00", "timestamp": 1724575915.075831}}}
