{"text": "2024-08-25T13:51:55.076867+0500 DEBUG finding coefficients\n", "record": {"elapsed": {"repr": "0:00:29.745611", "seconds": 29.745611}, "exception": null, "extra": {}, "file": {"name": "main.py", "path": "C:\\Users\\melni\\PycharmProjects\\betboom_parser\\main.py"}, "function": "get_bet", "level": {"icon": "🐞", "name": "DEBUG", "no": 10}, "line": 99, "message": "finding coefficients", "module": "main", "name": "__main__", "process": {"id": 2272, "name": "MainProcess"}, "thread": {"id": 2320, "name": "MainThread"}, "time": {"repr": "2024-08-25 13:51:55.076867+05:00", "timestamp": 1724575915.076867}}}
{"text": "2024-08-25T13:51:55.187785+0500 DEBUG reading db\n", "record": {"elapsed": {"repr": "0:00:29.856529", "seconds": 29.856529}, "exception": null, "extra": {}, "file": {"name": "main.py", "path": "C:\\Users\\melni\\PycharmProjects\\betboom_parser\\main.py"}, "function": "find_game", "level": {"icon": "🐞", "name": "DEBUG", "no": 10}, "line": 59, "message": "reading db", "module": "main", "name": "__main__", "process": {"id": 2272, "name": "MainProcess"}, "thread": {"id": 2320, "name": "MainThread"}, "time": {"repr": "2024-08-25 13:51:55.187785+05:00", "timestamp": 1724575915.187785}}}
{"text": "2024-08-25T13:51:55.506140+0500 INFO CS 2. CCT Europe Series 9 (26.08 17:30)\nKOI - ECSTATIC\n\n2-я карта -> 1.65 & 2.176\n", "record": {"elapsed": {"repr": "0:00:30.174884", "seconds": 30.174884}, "exception": null, "extra": {}, "file": {"name": "main.py", "path": "C:\\Users\\melni\\PycharmProjects\\betboom_parser\\main.py"}, "function": "get_message", "level": {"icon": "ℹ️", "name": "INFO", "no": 20}, "line": 31, "message": "CS 2. CCT Europe Series 9 (26.08 17:30)\nKOI - ECSTATIC\n\n2-я карта -> 1.65 & 2.176", "module": "main", "name": "__main__", "process": {"id": 2272, "name": "MainProcess"}, "thread": {"id": 2320, "name": "MainThread"}, "time": {"repr": "2024-08-25 13:51:55.506140+05:00", "timestamp": 1724575915.50614}}}
{"text": "2024-08-25T13:51:55.507141+0500 INFO message sent\n", "record": {"elapsed": {"repr": "0:00:30.175885", "seconds": 30.175885}, "exception": null, "extra": {}, "file": {"name": "main.py", "path": "C:\\Users\\melni\\PycharmProjects\\betboom_parser\\main.py"}, "function": "get_message", "level": {"icon": "ℹ️", "name": "INFO", "no": 20}, "line": 32, "message": "message sent", "module": "main", "name": "__main__", "process": {"id": 2272, "name": "MainProcess"}, "thread": {"id": 2320, "name": "MainThread"}, "time": {"repr": "2024-08-25 13:51:55.507141+05:00", "timestamp": 1724575915.507141}}}
{"text": "2024-08-25T13:51:55.507141+0500 DEBUG writing bet to db\n", "record": {"elapsed": {"repr": "0:00:30.175885", "seconds": 30.175885}, "exception": null, "extra": {}, "file": {"name": "main.py", "path": "C:\\Users\\melni\\PycharmProjects\\betboom_parser\\main.py"}, "function": "find_game", "level": {"icon": "🐞", "name": "DEBUG", "no": 10}, "line": 73, "message": "writing bet to db", "module": "main", "name": "__main__", "process": {"id": 2272, "name": "MainProcess"}, "thread": {"id": 2320, "name": "MainThread"}, "time": {"repr": "2024-08-25 13:51:55.507141+05:00", "timestamp": 1724575915.507141}}}
{"text": "2024-08-25T13:51:55.508160+0500 DEBUG finding coefficients\n", "record": {"elapsed": {"repr": "0:00:30.176904", "seconds": 30.176904}, "exception": null, "extra": {}, "file": {"name": "main.py", "path": "C:\\Users\\melni\\PycharmProjects\\betboom_parser\\main.py"}, "function": "get_bet", "level": {"icon": "🐞", "name": "DEBUG", "no": 10}, "line": 99, "message": "finding coefficients", "module": "main", "name": "__main__", "process": {"id": 2272, "name": "MainProcess"}, "thread": {"id": 2320, "name": "MainThread"}, "time": {"repr": "2024-08-25 13:51:55.508160+05:00", "timestamp": 1724575915.50816}}}
{"text": "2024-08-25T13:51:55.509212+0500 DEBUG reading db\n", "record": {"elapsed": {"repr": "0:00:30.177956", "seconds": 30.177956}, "exception": null, "extra": {}, "file": {"name": "main.py", "path": "C:\\Users\\melni\\PycharmProjects\\betboom_parser\\main.py"}, "function": "find_game", "level": {"icon": "🐞", "name": "DEBUG", "no": 10}, "line": 59, "message": "reading db", "module": "main", "name": "__main__", "process": {"id": 2272, "name": "MainProcess"}, "thread": {"id": 2320, "name": "MainThread"}, "time": {"repr": "2024-08-25 13:51:55.509212+05:00", "timestamp": 1724575915.509212}}}
{"text": "2024-08-25T13:53:24.797489+0500 DEBUG reading db\n", "record": {"elapsed": {"repr": "0:00:09.494642", "seconds": 9.494642}, "exception": null, "extra": {}, "file": {"name": "main.py", "path": "C:\\Users\\melni\\PycharmProjects\\betboom_parser\\main.py"}, "function": "find_game", "level": {"icon": "🐞", "name": "DEBUG", "no": 10}, "line": 59, "message": "reading db", "module": "main", "name": "__main__", "process": {"id": 7056, "name": "MainProcess"}, "thread": {"id": 6700, "name": "MainThread"}, "time": {"repr": "2024-08-25 13:53:24.797489+05:00", "timestamp": 1724576004.797489}}}
{"text": "2024-08-25T13:53:24.810505+0500 DEBUG writing bet to db\n", "record": {"elapsed": {"repr": "0:00:09.507658", "seconds": 9.507658}, "exception": null, "extra": {}, "file": {"name": "main.py", "path": "C:\\Users\\melni\\PycharmProjects\\betboom_parser\\main.py"}, "function": "find_game", "level": {"icon": "🐞", "name": "DEBUG", "no": 10}, "line": 73, "message": "writing bet to db", "module": "main", "name": "__main__", "process": {"id": 7056, "name": "MainProcess"}, "thread": {"id": 6700, "name": "MainThread"}, "time": {"repr": "2024-08-25 13:53:24.810505+05:00", "timestamp": 1724576004.810505}}}
{"text": "2024-08-25T13:53:24.810505+0500 DEBUG finding coefficients\n", "record": {"elapsed": {"repr": "0:00:09.507658", "seconds": 9.507658}, "exception": null, "extra": {}, "file": {"name": "main.py", "path": "C:\\Users\\melni\\PycharmProjects\\betboom_parser\\main.py"}, "function": "get_bet", "level": {"icon": "🐞", "name": "DEBUG", "no": 10}, "line": 99, "message": "finding coefficients", "module": "main", "name": "__main__", "process": {"id": 7056, "name": "MainProcess"}, "thread": {"id": 6700, "name": "MainThread"}, "time": {"repr": "2024-08-25 13:53:24.810505+05:00", "timestamp": 1724576004.810505}}}
{"text": "2024-08-25T13:53:24.811486+0500 DEBUG reading db\n", "record": {"elapsed": {"repr": "0:00:09.508639", "seconds": 9.508639}, "exception": null, "extra": {}, "file": {"name": "main.py", "path": "C:\\Users\\melni\\PycharmProjects\\betboom_parser\\main.py"}, "function": "find_game", "level": {"icon": "🐞", "name": "DEBUG", "no": 10}, "line": 59, "message": "reading db", "module": "main", "name": "__main__", "process": {"id": 7056, "name": "MainProcess"}, "thread": {"id": 6700, "name": "MainThread"}, "time": {"repr": "2024-08-25 13:53:24.811486+05:00", "timestamp": 1724576004.811486}}}
{"text": "2024-08-25T13:53:24.812510+0500 DEBUG writing bet to db\n", "record": {"elapsed": {"repr": "0:00:09.509663", "seconds": 9.509663}, "exception": null, "extra": {}, "file": {"name": "main.py", "path": "C:\\Users\\melni\\PycharmProjects\\betboom_parser\\main.py"}, "function": "find_game", "level": {"icon": "🐞", "name": "DEBUG", "no": 10}, "line": 73, "message": "writing bet to db", "module": "main", "name": "__main__", "process": {"id": 7056, "name": "MainProcess"}, "thread": {"id": 6700, "name": "MainThread"}, "time": {"repr": "2024-08-25 13:53:24.812510+05:00", "timestamp": 1724576004.81251}}}
{"text": "2024-08-25T13:53:24.813504+0500 DEBUG finding coefficients\n", "record": {"elapsed": {"repr": "0:00:09.510657", "seconds": 9.510657}, "exception": null, "extra": {}, "file": {"name": "main.py", "path": "C:\\Users\\melni\\PycharmProjects\\betboom_parser\\main.py"}, "function": "get_bet", "level": {"icon": "🐞", "name": "DEBUG", "no": 10}, "line": 99, "message": "finding coefficients", "module": "main", "name": "__main__", "process": {"id": 7056, "name": "MainProcess"}, "thread": {"id": 6700, "name": "MainThread"}, "time": {"repr": "2024-08-25 13:53:24.813504+05:00", "timestamp": 1724576004.813504}}}
{"text": "2024-08-25T13:53:24.814509+0500 DEBUG reading db\n", "record": {"elapsed": {"repr": "0:00:09.511662", "seconds": 9.511662}, "exception": null, "extra": {}, "file": {"name": "main.py", "path": "C:\\Users\\melni\\PycharmProjects\\betboom_parser\\main.py"}, "function": "find_game", "level": {"icon": "🐞", "name": "DEBUG", "no": 10}, "line": 59, "message": "reading db", "module": "main", "name": "__main__", "process": {"id": 7056, "name": "MainProcess"}, "thread": {"id": 6700, "name": "MainThread"}, "time": {"repr": "2024-08-25 13:53:24.814509+05:00", "timestamp": 1724576004.814509}}}
{"text": "2024-08-25T13:53:24.815513+0500 DEBUG writing bet to db\n", "record": {"elapsed": {"repr": "0:00:09.512666", "seconds": 9.512666}, "exception": null, "extra": {}, "file": {"name": "main.py", "path": "C:\\Users\\melni\\PycharmProjects\\betboom_parser\\main.py"}, "function": "find_game", "level": {"icon": "🐞", "name": "DEBUG", "no": 10}, "line": 73, "message": "writing bet to db", "module": "main", "name": "__main__", "process": {"id": 7056, "name": "MainProcess"}, "thread": {"id": 6700, "name": "MainThread"}, "time": {"repr": "2024-08-25 13:53:24.815513+05:00", "timestamp": 1724576004.815513}}}
{"text": "2024-08-25T13:53:24.815513+0500 DEBUG finding coefficients\n", "record": {"elapsed": {"repr": "0:00:09.512666", "seconds": 9.512666}, "exception": null, "extra": {}, "file": {"name": "main.py", "path": "C:\\Users\\melni\\PycharmProjects\\betboom_parser\\main.py"}, "function": "get_bet", "level": {"icon": "🐞", "name": "DEBUG", "no": 10}, "line": 99, "message": "finding coefficients", "module": "main", "name": "__main__", "process": {"id": 7056, "name": "MainProcess"}, "thread": {"id": 6700, "name": "MainThread"}, "time": {"repr": "2024-08-25 13:53:24.815513+05:00", "timestamp": 1724576004.815513}}}
{"text": "2024-08-25T13:53:24.816490+0500 DEBUG getting info about match...\n", "record": {"elapsed": {"repr": "0:00:09.513643", "seconds": 9.513643}, "exception": null, "extra": {}, "file": {"name": "main.py", "path": "C:\\Users\\melni\\PycharmProjects\\betboom_parser\\main.py"}, "function": "get_match", "level": {"icon": "🐞", "name": "DEBUG", "no": 10}, "line": 124, "message": "getting info about match...", "module": "main", "name": "__main__", "process": {"id": 7056, "name": "MainProcess"}, "thread": {"id": 6700, "name": "MainThread"}, "time": {"repr": "2024-08-25 13:53:24.816490+05:00", "timestamp": 1724576004.81649}}}
{"text": "2024-08-25T13:53:25.056213+0500 DEBUG reading db\n", "record": {"elapsed": {"repr": "0:00:09.753366", "seconds": 9.753366}, "exception": null, "extra": {}, "file": {"name": "main.py", "path": "C:\\Users\\melni\\PycharmProjects\\betboom_parser\\main.py"}, "function": "find_game", "level": {"icon": "🐞", "name": "DEBUG", "no": 10}, "line": 59, "message": "reading db", "module": "main", "name": "__main__", "process": {"id": 7056, "name": "MainProcess"}, "thread": {"id": 6700, "name": "MainThread"}, "time": {"repr": "2024-08-25 13:53:25.056213+05:00", "timestamp": 1724576005.056213}}}
{"text": "2024-08-25T13:53:25.414555+0500 INFO CS 2. CCT Europe Series 9 (25.08 17:30)\nB8 - Revenant Esports\n\n1-я карта -> 1.46 & 2.629\n", "record": {"elapsed": {"repr": "0:00:10.111708", "seconds": 10.111708}, "exception": null, "extra": {}, "file": {"name": "main.py", "path": "C:\\Users\\melni\\PycharmProjects\\betboom_parser\\main.py"}, "function": "get_message", "level": {"icon": "ℹ️", "name": "INFO", "no": 20}, "line": 31, "message": "CS 2. CCT Europe Series 9 (25.08 17:30)\nB8 - Revenant Esports\n\n1-я карта -> 1.46 & 2.629", "module": "main", "name": "__main__", "process": {"id": 7056, "name": "MainProcess"}, "thread": {"id": 6700, "name": "MainThread"}, "time": {"repr": "2024-08-25 13:53:25.414555+05:00", "timestamp": 1724576005.414555}}}
{"text": "2024-08-25T13:53:25.415550+0500 INFO message sent\n", "record": {"elapsed": {"repr": "0:00:10.112703", "seconds": 10.112703}, "exception": null, "extra": {}, "file": {"name": "main.py", "path": "C:\\Users\\melni\\PycharmProjects\\betboom_parser\\main.py"}, "function": "get_message", "level": {"icon": "ℹ️", "name": "INFO", "no": 20}, "line": 32, "message": "message sent", "module": "main", "name": "__main__", "process": {"id": 7056, "name": "MainProcess"}, "thread": {"id": 6700, "name": "MainThread"}, "time": {"repr": "2024-08-25 13:53:25.415550+05:00", "timestamp": 1724576005.41555}}}
{"text": "2024-08-25T13:53:25.416550+0500 DEBUG writing bet to db\n", "record": {"elapsed": {"repr": "0:00:10.113703", "seconds": 10.113703}, "exception": null, "extra": {}, "file": {"name": "main.py", "path": "C:\\Users\\melni\\PycharmProjects\\betboom_parser\\main.py"}, "function": "find_game", "level": {"icon": "🐞", "name": "DEBUG", "no": 10}, "line": 73, "message": "writing bet to db", "module": "main", "name": "__main__", "process": {"id": 7056, "name": "MainProcess"}, "thread": {"id": 6700, "name": "MainThread"}, "time": {"repr": "2024-08-25 13:53:25.416550+05:00", "timestamp": 1724576005.41655}}}
{"text": "2024-08-25T13:53:25.417550+0500 DEBUG finding coefficients\n", "record": {"elapsed": {"repr": "0:00:10.114703", "seconds": 10.114703}, "exception": null, "extra": {}, "file": {"name": "main.py", "path": "C:\\Users\\melni\\PycharmProjects\\betboom_parser\\main.py"}, "function": "get_bet", "level": {"icon": "🐞", "name": "DEBUG", "no": 10}, "line": 99, "message": "finding coefficients", "module": "main", "name": "__main__", "process": {"id": 7056, "name": "MainProcess"}, "thread": {"id": 6700, "name": "MainThread"}, "time": {"repr": "2024-08-25 13:53:25.417550+05:00", "timestamp": 1724576005.41755}}}
{"text": "2024-08-25T13:53:25.418551+0500 DEBUG reading db\n", "record": {"elapsed": {"repr": "0:00:10.115704", "seconds": 10.115704}, "exception": null, "extra": {}, "file": {"name": "main.py", "path": "C:\\Users\\melni\\PycharmProjects\\betboom_parser\\main.py"}, "function": "find_game", "level": {"icon": "🐞", "name": "DEBUG", "no": 10}, "line": 59, "message": "reading db", "module": "main", "name": "__main__", "process": {"id": 7056, "name": "MainProcess"}, "thread": {"id": 6700, "name": "MainThread"}, "time": {"repr": "2024-08-25 13:53:25.418551+05:00", "timestamp": 1724576005.418551}}}
{"text": "2024-08-25T13:53:25.747474+0500 INFO CS 2. CCT Europe Series 9 (25.08 17:30)\nB8 - Revenant Esports\n\n2-я карта -> 1.46 & 2.629\n", "record": {"elapsed": {"repr": "0:00:10.444627", "seconds": 10.444627}, "exception": null, "extra": {}, "file": {"name": "main.py", "path": "C:\\Users\\melni\\PycharmProjects\\betboom_parser\\main.py"}, "function": "get_message", "level": {"icon": "ℹ️", "name": "INFO", "no": 20}, "line": 31, "message": "CS 2. CCT Europe Series 9 (25.08 17:30)\nB8 - Revenant Esports\n\n2-я карта -> 1.46 & 2.629", "module": "main", "name": "__main__", "process": {"id": 7056, "name": "MainProcess"}, "thread": {"id": 6700, "name": "MainThread"}, "time": {"repr": "2024-08-25 13:53:25.747474+05:00", "timestamp": 1724576005.747474}}}
{"text": "2024-08-25T13:53:25.747474+0500 INFO message sent\n", "record": {"elapsed": {"repr": "0:00:10.444627", "seconds": 10.444627}, "exception": null, "extra": {}, "file": {"name": "main.py", "path": "C:\\Users\\melni\\PycharmProjects\\betboom_parser\\main.py"}, "function": "get_message", "level": {"icon": "ℹ️", "name": "INFO", "no": 20}, "line": 32, "message": "message sent", "module": "main", "name": "__main__", "process": {"id": 7056, "name": "MainProcess"}, "thread": {"id": 6700, "name": "MainThread"}, "time": {"repr": "2024-08-25 13:53:25.747474+05:00", "timestamp": 1724576005.747474}}}
{"text": "2024-08-25T13:53:25.748488+0500 DEBUG writing bet to db\n", "record": {"elapsed": {"repr": "0:00:10.445641", "seconds": 10.445641}, "exception": null, "extra": {}, "file": {"name": "main.py", "path": "C:\\Users\\melni\\PycharmProjects\\betboom_parser\\main.py"}, "function": "find_game", "level": {"icon": "🐞", "name": "DEBUG", "no": 10}, "line": 73, "message": "writing bet to db", "module": "main", "name": "__main__", "process": {"id": 7056, "name": "MainProcess"}, "thread": {"id": 6700, "name": "MainThread"}, "time": {"repr": "2024-08-25 13:53:25.748488+05:00", "timestamp": 1724576005.748488}}}
{"text": "2024-08-25T13:53:25.749482+0500 DEBUG finding coefficients\n", "record": {"elapsed": {"repr": "0:00:10.446635", "seconds": 10.446635}, "exception": null, "extra": {}, "file": {"name": "main.py", "path": "C:\\Users\\melni\\PycharmProjects\\betboom_parser\\main.py"}, "function": "get_bet", "level": {"icon": "🐞", "name": "DEBUG", "no": 10}, "line": 99, "message": "finding coefficients", "module": "main", "name": "__main__", "process": {"id": 7056, "name": "MainProcess"}, "thread": {"id": 6700, "name": "MainThread"}, "time": {"repr": "2024-08-25 13:53:25.749482+05:00", "timestamp": 1724576005.749482}}}
{"text": "2024-08-25T13:53:25.750480+0500 DEBUG reading db\n", "record": {"elapsed": {"repr": "0:00:10.447633", "seconds": 10.447633}, "exception": null, "extra": {}, "file": {"name": "main.py", "path": "C:\\Users\\melni\\PycharmProjects\\betboom_parser\\main.py"}, "function": "find_game", "level": {"icon": "🐞", "name": "DEBUG", "no": 10}, "line": 59, "message": "reading db", "module": "main", "name": "__main__", "process": {"id": 7056, "name": "MainProcess"}, "thread": {"id": 6700, "name": "MainThread"}, "time": {"repr": "2024-08-25 13:53:25.750480+05:00", "timestamp": 1724576005.75048}}}
{"text": "2024-08-25T13:53:26.088221+0500 INFO CS 2. CCT Europe Series 9 (25.08 17:30)\nB8 - Revenant Esports\n\n3-я карта -> 1.46 & 2.629\n", "record": {"elapsed": {"repr": "0:00:10.785374", "seconds": 10.785374}, "exception": null, "extra": {}, "file": {"name": "main.py", "path": "C:\\Users\\melni\\PycharmProjects\\betboom_parser\\main.py"}, "function": "get_message", "level": {"icon": "ℹ️", "name": "INFO", "no": 20}, "line": 31, "message": "CS 2. CCT Europe Series 9 (25.08 17:30)\nB8 - Revenant Esports\n\n3-я карта -> 1.46 & 2.629", "module": "main", "name": "__main__", "process": {"id": 7056, "name": "MainProcess"}, "thread": {"id": 6700, "name": "MainThread"}, "time": {"repr": "2024-08-25 13:53:26.088221+05:00", "timestamp": 1724576006.088221}}}
{"text": "2024-08-25T13:53:26.089209+0500 INFO message sent\n", "record": {"elapsed": {"repr": "0:00:10.786362", "seconds": 10.786362}, "exception": null, "extra": {}, "file": {"name": "main.py", "path": "C:\\Users\\melni\\PycharmProjects\\betboom_parser\\main.py"}, "function": "get_message", "level": {"icon": "ℹ️", "name": "INFO", "no": 20}, "line": 32, "message": "message sent", "module": "main", "name": "__main__", "process": {"id": 7056, "name": "MainProcess"}, "thread": {"id": 6700, "name": "MainThread"}, "time": {"repr": "2024-08-25 13:53:26.089209+05:00", "timestamp": 1724576006.089209}}}
{"text": "2024-08-25T13:53:26.089209+0500 DEBUG writing bet to db\n", "record": {"elapsed": {"repr": "0:00:10.786362", "seconds": 10.786362}, "exception": null, "extra": {}, "file": {"name": "main.py", "path": "C:\\Users\\melni\\PycharmProjects\\betboom_parser\\main.py"}, "function": "find_game", "level": {"icon": "🐞", "name": "DEBUG", "no": 10}, "line": 73, "message": "writing bet to db", "module": "main", "name": "__main__", "process": {"id": 7056, "name": "MainProcess"}, "thread": {"id": 6700, "name": "MainThread"}, "time": {"repr": "2024-08-25 13:53:26.089209+05:00", "timestamp": 1724576006.089209}}}
{"text": "2024-08-25T13:53:26.090220+0500 DEBUG finding coefficients\n", "record": {"elapsed": {"repr": "0:00:10.787373", "seconds": 10.787373}, "exception": null, "extra": {}, "file": {"name": "main.py", "path": "C:\\Users\\melni\\PycharmProjects\\betboom_parser\\main.py"}, "function": "get_bet", "level": {"icon": "🐞", "name": "DEBUG", "no": 10}, "line": 99, "message": "finding coefficients", "module": "main", "name": "__main__", "process": {"id": 7056, "name": "MainProcess"}, "thread": {"id": 6700, "name": "MainThread"}, "time": {"repr": "2024-08-25 13:53:26.090220+05:00", "timestamp": 1724576006.09022}}}
{"text": "2024-08-25T13:53:26.091207+0500 DEBUG getting info about match...\n", "record": {"elapsed": {"repr": "0:00:10.788360", "seconds": 10.78836}, "exception": null, "extra": {}, "file": {"name": "main.py", "path": "C:\\Users\\melni\\PycharmProjects\\betboom_parser\\main.py"}, "function": "get_match", "level": {"icon": "🐞", "name": "DEBUG", "no": 10}, "line": 124, "message": "getting info about match...", "module": "main", "name": "__main__", "process": {"id": 7056, "name": "MainProcess"}, "thread": {"id": 6700, "name": "MainThread"}, "time": {"repr": "2024-08-25 13:53:26.091207+05:00", "timestamp": 1724576006.091207}}}
{"text": "2024-08-25T13:53:26.314572+0500 DEBUG reading db\n", "record": {"elapsed": {"repr": "0:00:11.011725", "seconds": 11.011725}, "exception": null, "extra": {}, "file": {"name": "main.py", "path": "C:\\Users\\melni\\PycharmProjects\\betboom_parser\\main.py"}, "function": "find_game", "level": {"icon": "🐞", "name": "DEBUG", "no": 10}, "line": 59, "message": "reading db", "module": "main", "name": "__main__", "process": {"id": 7056, "name": "MainProcess"}, "thread": {"id": 6700, "name": "MainThread"}, "time": {"repr": "2024-08-25 13:53:26.314572+05:00", "timestamp": 1724576006.314572}}}
{"text": "2024-08-25T13:53:26.650665+0500 INFO CS 2. CCT Europe Series 9 (25.08 20:30)\nSinners - Young Ninjas\n\n1-я карта -> 1.54 & 2.406\n", "record": {"elapsed": {"repr": "0:00:11.347818", "seconds": 11.347818}, "exception": null, "extra": {}, "file": {"name": "main.py", "path": "C:\\Users\\melni\\PycharmProjects\\betboom_parser\\main.py"}, "function": "get_message", "level": {"icon": "ℹ️", "name": "INFO", "no": 20}, "line": 31, "message": "CS 2. CCT Europe Series 9 (25.08 20:30)\nSinners - Young Ninjas\n\n1-я карта -> 1.54 & 2.406", "module": "main", "name": "__main__", "process": {"id": 7056, "name": "MainProcess"}, "thread": {"id": 6700, "name": "MainThread"}, "time": {"repr": "2024-08-25 13:53:26.650665+05:00", "timestamp": 1724576006.650665}}}
{"text": "2024-08-25T13:53:26.650665+0500 INFO message sent\n", "record": {"elapsed": {"repr": "0:00:11.347818", "seconds": 11.347818}, "exception": null, "extra": {}, "file": {"name": "main.py", "path": "C:\\Users\\melni\\PycharmProjects\\betboom_parser\\main.py"}, "function": "get_message", "level": {"icon": "ℹ️", "name": "INFO", "no": 20}, "line": 32, "message": "message sent", "module": "main", "name": "__main__", "process": {"id": 7056, "name": "MainProcess"}, "thread": {"id": 6700, "name": "MainThread"}, "time": {"repr": "2024-08-25 13:53:26.650665+05:00", "timestamp": 1724576006.650665}}}
{"text": "2024-08-25T13:53:26.651650+0500 DEBUG writing bet to db\n", "record": {"elapsed": {"repr": "0:00:11.348803", "seconds": 11.348803}, "exception": null, "extra": {}, "file": {"name": "main.py", "path": "C:\\Users\\melni\\PycharmProjects\\betboom_parser\\main.py"}, "function": "find_game", "level": {"icon": "🐞", "name": "DEBUG", "no": 10}, "line": 73, "message": "writing bet to db", "module": "main", "name": "__main__", "process": {"id": 7056, "name": "MainProcess"}, "thread": {"id": 6700, "name": "MainThread"}, "time": {"repr": "2024-08-25 13:53:26.651650+05:00", "timestamp": 1724576006.65165}}}
{"text": "2024-08-25T13:53:26.652671+0500 DEBUG finding coefficients\n", "record": {"elapsed": {"repr": "0:00:11.349824", "seconds": 11.349824}, "exception": null, "extra": {}, "file": {"name": "main.py", "path": "C:\\Users\\melni\\PycharmProjects\\betboom_parser\\main.py"}, "function": "get_bet", "level": {"icon": "🐞", "name": "DEBUG", "no": 10}, "line": 99, "message": "finding coefficients", "module": "main", "name": "__main__", "process": {"id": 7056, "name": "MainProcess"}, "thread": {"id": 6700, "name": "MainThread"}, "time": {"repr": "2024-08-25 13:53:26.652671+05:00", "timestamp": 1724576006.652671}}}
{"text": "2024-08-25T13:53:26.652671+0500 DEBUG reading db\n", "record": {"elapsed": {"repr": "0:00:11.349824", "seconds": 11.349824}, "exception": null, "extra": {}, "file": {"name": "main.py", "path": "C:\\Users\\melni\\PycharmProjects\\betboom_parser\\main.py"}, "function": "find_game", "level": {"icon": "🐞", "name": "DEBUG", "no": 10}, "line": 59, "message": "reading db", "module": "main", "name": "__main__", "process": {"id": 7056, "name": "MainProcess"}, "thread": {"id": 6700, "name": "MainThread"}, "time": {"repr": "2024-08-25 13:53:26.652671+05:00", "timestamp": 1724576006.652671}}}
{"text": "2024-08-25T13:53:26.958662+0500 INFO CS 2. CCT Europe Series 9 (25.08 20:30)\nSinners - Young Ninjas\n\n2-я карта -> 1.54 & 2.398\n", "record": {"elapsed": {"repr": "0:00:11.655815", "seconds": 11.655815}, "exception": null, "extra": {}, "file": {"name": "main.py", "path": "C:\\Users\\melni\\PycharmProjects\\betboom_parser\\main.py"}, "function": "get_message", "level": {"icon": "ℹ️", "name": "INFO", "no": 20}, "line": 31, "message": "CS 2. CCT Europe Series 9 (25.08 20:30)\nSinners - Young Ninjas\n\n2-я карта -> 1.54 & 2.398", "module": "main", "name": "__main__", "process": {"id": 7056, "name": "MainProcess"}, "thread": {"id": 6700, "name": "MainThread"}, "time": {"repr": "2024-08-25 13:53:26.958662+05:00", "timestamp": 1724576006.958662}}}
{"text": "2024-08-25T13:53:26.959664+0500 INFO message sent\n", "record": {"elapsed": {"repr": "0:00:11.656817", "seconds": 11.656817}, "exception": null, "extra": {}, "file": {"name": "main.py", "path": "C:\\Users\\melni\\PycharmProjects\\betboom_parser\\main.py"}, "function": "get_message", "level": {"icon": "ℹ️", "name": "INFO", "no": 20}, "line": 32, "message": "message sent", "module": "main", "name": "__main__", "process": {"id": 7056, "name": "MainProcess"}, "thread": {"id": 6700, "name": "MainThread"}, "time": {"repr": "2024-08-25 13:53:26.959664+05:00", "timestamp": 1724576006.959664}}}
{"text": "2024-08-25T13:53:26.960665+0500 DEBUG writing bet to db\n", "record": {"elapsed": {"repr": "0:00:11.657818", "seconds": 11.657818}, "exception": null, "extra": {}, "file": {"name": "main.py", "path": "C:\\Users\\melni\\PycharmProjects\\betboom_parser\\main.py"}, "function": "find_game", "level": {"icon": "🐞", "name": "DEBUG", "no": 10}, "line": 73, "message": "writing bet to db", "module": "main", "name": "__main__", "process": {"id": 7056, "name": "MainProcess"}, "thread": {"id": 6700, "name": "MainThread"}, "time": {"repr": "2024-08-25 13:53:26.960665+05:00", "timestamp": 1724576006.960665}}}
{"text": "2024-08-25T13:53:26.961665+0500 DEBUG finding coefficients\n", "record": {"elapsed": {"repr": "0:00:11.658818", "seconds": 11.658818}, "exception": null, "extra": {}, "file": {"name": "main.py", "path": "C:\\Users\\melni\\PycharmProjects\\betboom_parser\\main.py"}, "function": "get_bet", "level": {"icon": "🐞", "name": "DEBUG", "no": 10}, "line": 99, "message": "finding coefficients", "module": "main", "name": "__main__", "process": {"id": 7056, "name": "MainProcess"}, "thread": {"id": 6700, "name": "MainThread"}, "time": {"repr": "2024-08-25 13:53:26.961665+05:00", "timestamp": 1724576006.961665}}}
{"text": "2024-08-25T13:53:26.965665+0500 DEBUG reading db\n", "record": {"elapsed": {"repr": "0:00:11.662818", "seconds": 11.662818}, "exception": null, "extra": {}, "file": {"name": "main.py", "path": "C:\\Users\\melni\\PycharmProjects\\betboom_parser\\main.py"}, "function": "find_game", "level": {"icon": "🐞", "name": "DEBUG", "no": 10}, "line": 59, "message": "reading db", "module": "main", "name": "__main__", "process": {"id": 7056, "name": "MainProcess"}, "thread": {"id": 6700, "name": "MainThread"}, "time": {"repr": "2024-08-25 13:53:26.965665+05:00", "timestamp": 1724576006.965665}}}
{"text": "2024-08-25T13:53:33.427679+0500 INFO CS 2. CCT Europe Series 9 (25.08 20:30)\nSinners - Young Ninjas\n\n3-я карта -> 1.57 & 2.339\n", "record": {"elapsed": {"repr": "0:00:18.124832", "seconds": 18.124832}, "exception": null, "extra": {}, "file": {"name": "main.py", "path": "C:\\Users\\melni\\PycharmProjects\\betboom_parser\\main.py"}, "function": "get_message", "level": {"icon": "ℹ️", "name": "INFO", "no": 20}, "line": 31, "message": "CS 2. CCT Europe Series 9 (25.08 20:30)\nSinners - Young Ninjas\n\n3-я карта -> 1.57 & 2.339", "module": "main", "name": "__main__", "process": {"id": 7056, "name": "MainProcess"}, "thread": {"id": 6700, "name": "MainThread"}, "time": {"repr": "2024-08-25 13:53:33.427679+05:00", "timestamp": 1724576013.427679}}}
{"text": "2024-08-25T13:53:33.428686+0500 INFO message sent\n", "record": {"elapsed": {"repr": "0:00:18.125839", "seconds": 18.125839}, "exception": null, "extra": {}, "file": {"name": "main.py", "path": "C:\\Users\\melni\\PycharmProjects\\betboom_parser\\main.py"}, "function": "get_message", "level": {"icon": "ℹ️", "name": "INFO", "no": 20}, "line": 32, "message": "message sent", "module": "main", "name": "__main__", "process": {"id": 7056, "name": "MainProcess"}, "thread": {"id": 6700, "name": "MainThread"}, "time": {"repr": "2024-08-25 13:53:33.428686+05:00", "timestamp": 1724576013.428686}}}
{"text": "2024-08-25T13:53:33.794751+0500 INFO CS 2. CCT Europe Series 9 (25.08 20:30)\nSinners - Young Ninjas\n\nold odds: 3-я карта -> 1.54\nnew odds: 3-я карта -> 1.57\n", "record": {"elapsed": {"repr": "0:00:18.491904", "seconds": 18.491904}, "exception": null, "extra": {}, "file": {"name": "main.py", "path": "C:\\Users\\melni\\PycharmProjects\\betboom_parser\\main.py"}, "function": "get_alter_message", "level": {"icon": "ℹ️", "name": "INFO", "no": 20}, "line": 48, "message": "CS 2. CCT Europe Series 9 (25.08 20:30)\nSinners - Young Ninjas\n\nold odds: 3-я карта -> 1.54\nnew odds: 3-я карта -> 1.57", "module": "main", "name": "__main__", "process": {"id": 7056, "name": "MainProcess"}, "thread": {"id": 6700, "name": "MainThread"}, "time": {"repr": "2024-08-25 13:53:33.794751+05:00", "timestamp": 1724576013.794751}}}
{"text": "2024-08-25T13:53:33.795752+0500 INFO message sent\n", "record": {"elapsed": {"repr": "0:00:18.492905", "seconds": 18.492905}, "exception": null, "extra": {}, "file": {"name": "main.py", "path": "C:\\Users\\melni\\PycharmProjects\\betboom_parser\\main.py"}, "function": "get_alter_message", "level": {"icon": "ℹ️", "name": "INFO", "no": 20}, "line": 49, "message": "message sent", "module": "main", "name": "__main__", "process": {"id": 7056, "name": "MainProcess"}, "thread": {"id": 6700, "name": "MainThread"}, "time": {"repr": "2024-08-25 13:53:33.795752+05:00", "timestamp": 1724576013.795752}}}
{"text": "2024-08-25T13:53:33.797749+0500 DEBUG writing bet to db\n", "record": {"elapsed": {"repr": "0:00:18.494902", "seconds": 18.494902}, "exception": null, "extra": {}, "file": {"name": "main.py", "path": "C:\\Users\\melni\\PycharmProjects\\betboom_parser\\main.py"}, "function": "find_game", "level": {"icon": "🐞", "name": "DEBUG", "no": 10}, "line": 73, "message": "writing bet to db", "module": "main", "name": "__main__", "process": {"id": 7056, "name": "MainProcess"}, "thread": {"id": 6700, "name": "MainThread"}, "time": {"repr": "2024-08-25 13:53:33.797749+05:00", "timestamp": 1724576013.797749}}}
{"text": "2024-08-25T13:53:33.798752+0500 DEBUG finding coefficients\n", "record": {"elapsed": {"repr": "0:00:18.495905", "seconds": 18.495905}, "exception": null, "extra": {}, "file": {"name": "main.py", "path": "C:\\Users\\melni\\PycharmProjects\\betboom_parser\\main.py"}, "function": "get_bet", "level": {"icon": "🐞", "name": "DEBUG", "no": 10}, "line": 99, "message": "finding coefficients", "module": "main", "name": "__main__", "process": {"id": 7056, "name": "MainProcess"}, "thread": {"id": 6700, "name": "MainThread"}, "time": {"repr": "2024-08-25 13:53:33.798752+05:00", "timestamp": 1724576013.798752}}}
{"text": "2024-08-25T13:53:33.798752+0500 DEBUG getting info about match...\n", "record": {"elapsed": {"repr": "0:00:18.495905", "seconds": 18.495905}, "exception": null, "extra": {}, "file": {"name": "main.py", "path": "C:\\Users\\melni\\PycharmProjects\\betboom_parser\\main.py"}, "function": "get_match", "level": {"icon": "🐞", "name": "DEBUG", "no": 10}, "line": 124, "message": "getting info about match...", "module": "main", "name": "__main__", "process": {"id": 7056, "name": "MainProcess"}, "thread": {"id": 6700, "name": "MainThread"}, "time": {"repr": "2024-08-25 13:53:33.798752+05:00", "timestamp": 1724576013.798752}}}
{"text": "2024-08-25T13:53:33.799749+0500 DEBUG getting matches...\n", "record": {"elapsed": {"repr": "0:00:18.496902", "seconds": 18.496902}, "exception": null, "extra": {}, "file": {"name": "main.py", "path": "C:\\Users\\melni\\PycharmProjects\\betboom_parser\\main.py"}, "function": "get_league", "level": {"icon": "🐞", "name": "DEBUG", "no": 10}, "line": 147, "message": "getting matches...", "module": "main", "name": "__main__", "process": {"id": 7056, "name": "MainProcess"}, "thread": {"id": 6700, "name": "MainThread"}, "time": {"repr": "2024-08-25 13:53:33.799749+05:00", "timestamp": 1724576013.799749}}}
{"text": "2024-08-25T13:53:33.800748+0500 INFO sleeping...\n", "record": {"elapsed": {"repr": "0:00:18.497901", "seconds": 18.497901}, "exception": null, "extra": {}, "file": {"name": "main.py", "path": "C:\\Users\\melni\\PycharmProjects\\betboom_parser\\main.py"}, "function": "<module>", "level": {"icon": "ℹ️", "name": "INFO", "no": 20}, "line": 154, "message": "sleeping...", "module": "main", "name": "__main__", "process": {"id": 7056, "name": "MainProcess"}, "thread": {"id": 6700, "name": "MainThread"}, "time": {"repr": "2024-08-25 13:53:33.800748+05:00", "timestamp": 1724576013.800748}}}
{"text": "2024-08-25T13:56:41.663704+0500 DEBUG reading db\n", "record": {"elapsed": {"repr": "0:00:09.024316", "seconds": 9.024316}, "exception": null, "extra": {}, "file": {"name": "main.py", "path": "C:\\Users\\melni\\PycharmProjects\\betboom_parser\\main.py"}, "function": "find_game", "level": {"icon": "🐞", "name": "DEBUG", "no": 10}, "line": 60, "message": "reading db", "module": "main", "name": "__main__", "process": {"id": 7100, "name": "MainProcess"}, "thread": {"id": 4804, "name": "MainThread"}, "time": {"repr": "2024-08-25 13:56:41.663704+05:00", "timestamp": 1724576201.663704}}}
{"text": "2024-08-25T13:56:41.664741+0500 DEBUG writing bet to db\n", "record": {"elapsed": {"repr": "0:00:09.025353", "seconds": 9.025353}, "exception": null, "extra": {}, "file": {"name": "main.py", "path": "C:\\Users\\melni\\PycharmProjects\\betboom_parser\\main.py"}, "function": "find_game", "level": {"icon": "🐞", "name": "DEBUG", "no": 10}, "line": 74, "message": "writing bet to db", "module": "main", "name": "__main__", "process": {"id": 7100, "name": "MainProcess"}, "thread": {"id": 4804, "name": "MainThread"}, "time": {"repr": "2024-08-25 13:56:41.664741+05:00", "timestamp": 1724576201.664741}}}
{"text": "2024-08-25T13:56:41.665728+0500 DEBUG finding coefficients\n", "record": {"elapsed": {"repr": "0:00:09.026340", "seconds": 9.02634}, "exception": null, "extra": {}, "file": {"name": "main.py", "path": "C:\\Users\\melni\\PycharmProjects\\betboom_parser\\main.py"}, "function": "get_bet", "level": {"icon": "🐞", "name": "DEBUG", "no": 10}, "line": 100, "message": "finding coefficients", "module": "main", "name": "__main__", "process": {"id": 7100, "name": "MainProcess"}, "thread": {"id": 4804, "name": "MainThread"}, "time": {"repr": "2024-08-25 13:56:41.665728+05:00", "timestamp": 1724576201.665728}}}
{"text": "2024-08-25T13:56:41.666721+0500 DEBUG reading db\n", "record": {"elapsed": {"repr": "0:00:09.027333", "seconds": 9.027333}, "exception": null, "extra": {}, "file": {"name": "main.py", "path": "C:\\Users\\melni\\PycharmProjects\\betboom_parser\\main.py"}, "function": "find_game", "level": {"icon": "🐞", "name": "DEBUG", "no": 10}, "line": 60, "message": "reading db", "module": "main", "name": "__main__", "process": {"id": 7100, "name": "MainProcess"}, "thread": {"id": 4804, "name": "MainThread"}, "time": {"repr": "2024-08-25 13:56:41.666721+05:00", "timestamp": 1724576201.666721}}}
{"text": "2024-08-25T13:56:41.667728+0500 DEBUG writing bet to db\n", "record": {"elapsed": {"repr": "0:00:09.028340", "seconds": 9.02834}, "exception": null, "extra": {}, "file": {"name": "main.py", "path": "C:\\Users\\melni\\PycharmProjects\\betboom_parser\\main.py"}, "function": "find_game", "level": {"icon": "🐞", "name": "DEBUG", "no": 10}, "line": 74, "message": "writing bet to db", "module": "main", "name": "__main__", "process": {"id": 7100, "name": "MainProcess"}, "thread": {"id": 4804, "name": "MainThread"}, "time": {"repr": "2024-08-25 13:56:41.667728+05:00", "timestamp": 1724576201.667728}}}
{"text": "2024-08-25T13:56:41.668753+0500 DEBUG finding coefficients\n", "record": {"elapsed": {"repr": "0:00:09.029365", "seconds": 9.029365}, "exception": null, "extra": {}, "file": {"name": "main.py", "path": "C:\\Users\\melni\\PycharmProjects\\betboom_parser\\main.py"}, "function": "get_bet", "level": {"icon": "🐞", "name": "DEBUG", "no": 10}, "line": 100, "message": "finding coefficients", "module": "main", "name": "__main__", "process": {"id": 7100, "name": "MainProcess"}, "thread": {"id": 4804, "name": "MainThread"}, "time": {"repr": "2024-08-25 13:56:41.668753+05:00", "timestamp": 1724576201.668753}}}
{"text": "2024-08-25T13:56:41.669753+0500 DEBUG reading db\n", "record": {"elapsed": {"repr": "0:00:09.030365", "seconds": 9.030365}, "exception": null, "extra": {}, "file": {"name": "main.py", "path": "C:\\Users\\melni\\PycharmProjects\\betboom_parser\\main.py"}, "function": "find_game", "level": {"icon": "🐞", "name": "DEBUG", "no": 10}, "line": 60, "message": "reading db", "module": "main", "name": "__main__", "process": {"id": 7100, "name": "MainProcess"}, "thread": {"id": 4804, "name": "MainThread"}, "time": {"repr": "2024-08-25 13:56:41.669753+05:00", "timestamp": 1724576201.669753}}}
{"text": "2024-08-25T13:56:41.669753+0500 DEBUG writing bet to db\n", "record": {"elapsed": {"repr": "0:00:09.030365", "seconds": 9.030365}, "exception": null, "extra": {}, "file": {"name": "main.py", "path": "C:\\Users\\melni\\PycharmProjects\\betboom_parser\\main.py"}, "function": "find_game", "level": {"icon": "🐞", "name": "DEBUG", "no": 10}, "line": 74, "message": "writing bet to db", "module": "main", "name": "__main__", "process": {"id": 7100, "name": "MainProcess"}, "thread": {"id": 4804, "name": "MainThread"}, "time": {"repr": "2024-08-25 13:56:41.669753+05:00", "timestamp": 1724576201.669753}}}
{"text": "2024-08-25T13:56:41.670753+0500 DEBUG finding coefficients\n", "record": {"elapsed": {"repr": "0:00:09.031365", "seconds": 9.031365}, "exception": null, "extra": {}, "file": {"name": "main.py", "path": "C:\\Users\\melni\\PycharmProjects\\betboom_parser\\main.py"}, "function": "get_bet", "level": {"icon": "🐞", "name": "DEBUG", "no": 10}, "line": 100, "message": "finding coefficients", "module": "main", "name": "__main__", "process": {"id": 7100, "name": "MainProcess"}, "thread": {"id": 4804, "name": "MainThread"}, "time": {"repr": "2024-08-25 13:56:41.670753+05:00", "timestamp": 1724576201.670753}}}
{"text": "2024-08-25T13:56:41.671755+0500 DEBUG getting info about match...\n", "record": {"elapsed": {"repr": "0:00:09.032367", "seconds": 9.032367}, "exception": null, "extra": {}, "file": {"name": "main.py", "path": "C:\\Users\\melni\\PycharmProjects\\betboom_parser\\main.py"}, "function": "get_match", "level": {"icon": "🐞", "name": "DEBUG", "no": 10}, "line": 125, "message": "getting info about match...", "module": "main", "name": "__main__", "process": {"id": 7100, "name": "MainProcess"}, "thread": {"id": 4804, "name": "MainThread"}, "time": {"repr": "2024-08-25 13:56:41.671755+05:00", "timestamp": 1724576201.671755}}}
{"text": "2024-08-25T13:56:41.920859+0500 DEBUG reading db\n", "record": {"elapsed": {"repr": "0:00:09.281471", "seconds": 9.281471}, "exception": null, "extra": {}, "file": {"name": "main.py", "path": "C:\\Users\\melni\\PycharmProjects\\betboom_parser\\main.py"}, "function": "find_game", "level": {"icon": "🐞", "name": "DEBUG", "no": 10}, "line": 60, "message": "reading db", "module": "main", "name": "__main__", "process": {"id": 7100, "name": "MainProcess"}, "thread": {"id": 4804, "name": "MainThread"}, "time": {"repr": "2024-08-25 13:56:41.920859+05:00", "timestamp": 1724576201.920859}}}
{"text": "2024-08-25T13:56:41.921856+0500 DEBUG writing bet to db\n", "record": {"elapsed": {"repr": "0:00:09.282468", "seconds": 9.282468}, "exception": null, "extra": {}, "file": {"name": "main.py", "path": "C:\\Users\\melni\\PycharmProjects\\betboom_parser\\main.py"}, "function": "find_game", "level": {"icon": "🐞", "name": "DEBUG", "no": 10}, "line": 74, "message": "writing bet to db", "module": "main", "name": "__main__", "process": {"id": 7100, "name": "MainProcess"}, "thread": {"id": 4804, "name": "MainThread"}, "time": {"repr": "2024-08-25 13:56:41.921856+05:00", "timestamp": 1724576201.921856}}}
{"text": "2024-08-25T13:56:41.921856+0500 DEBUG finding coefficients\n", "record": {"elapsed": {"repr": "0:00:09.282468", "seconds": 9.282468}, "exception": null, "extra": {}, "file": {"name": "main.py", "path": "C:\\Users\\melni\\PycharmProjects\\betboom_parser\\main.py"}, "function": "get_bet", "level": {"icon": "🐞", "name": "DEBUG", "no": 10}, "line": 100, "message": "finding coefficients", "module": "main", "name": "__main__", "process": {"id": 7100, "name": "MainProcess"}, "thread": {"id": 4804, "name": "MainThread"}, "time": {"repr": "2024-08-25 13:56:41.921856+05:00", "timestamp": 1724576201.921856}}}
{"text": "2024-08-25T13:56:41.922855+0500 DEBUG reading db\n", "record": {"elapsed": {"repr": "0:00:09.283467", "seconds": 9.283467}, "exception": null, "extra": {}, "file": {"name": "main.py", "path": "C:\\Users\\melni\\PycharmProjects\\betboom_parser\\main.py"}, "function": "find_game", "level": {"icon": "🐞", "name": "DEBUG", "no": 10}, "line": 60, "message": "reading db", "module": "main", "name": "__main__", "process": {"id": 7100, "name": "MainProcess"}, "thread": {"id": 4804, "name": "MainThread"}, "time": {"repr": "2024-08-25 13:56:41.922855+05:00", "timestamp": 1724576201.922855}}}
{"text": "2024-08-25T13:56:41.924877+0500 DEBUG writing bet to db\n", "record": {"elapsed": {"repr": "0:00:09.285489", "seconds": 9.285489}, "exception": null, "extra": {}, "file": {"name": "main.py", "path": "C:\\Users\\melni\\PycharmProjects\\betboom_parser\\main.py"}, "function": "find_game", "level": {"icon": "🐞", "name": "DEBUG", "no": 10}, "line": 74, "message": "writing bet to db", "module": "main", "name": "__main__", "process": {"id": 7100, "name": "MainProcess"}, "thread": {"id": 4804, "name": "MainThread"}, "time": {"repr": "2024-08-25 13:56:41.924877+05:00", "timestamp": 1724576201.924877}}}
{"text": "2024-08-25T13:56:41.925875+0500 DEBUG finding coefficients\n", "record": {"elapsed": {"repr": "0:00:09.286487", "seconds": 9.286487}, "exception": null, "extra": {}, "file": {"name": "main.py", "path": "C:\\Users\\melni\\PycharmProjects\\betboom_parser\\main.py"}, "function": "get_bet", "level": {"icon": "🐞", "name": "DEBUG", "no": 10}, "line": 100, "message": "finding coefficients", "module": "main", "name": "__main__", "process": {"id": 7100, "name": "MainProcess"}, "thread": {"id": 4804, "name": "MainThread"}, "time": {"repr": "2024-08-25 13:56:41.925875+05:00", "timestamp": 1724576201.925875}}}
{"text": "2024-08-25T13:56:41.925875+0500 DEBUG reading db\n", "record": {"elapsed": {"repr": "0:00:09.286487", "seconds": 9.286487}, "exception": null, "extra": {}, "file": {"name": "main.py", "path": "C:\\Users\\melni\\PycharmProjects\\betboom_parser\\main.py"}, "function": "find_game", "level": {"icon": "🐞", "name": "DEBUG", "no": 10}, "line": 60, "message": "reading db", "module": "main", "name": "__main__", "process": {"id": 7100, "name": "MainProcess"}, "thread": {"id": 4804, "name": "MainThread"}, "time": {"repr": "2024-08-25 13:56:41.925875+05:00", "timestamp": 1724576201.925875}}}
{"text": "2024-08-25T13:56:41.927878+0500 DEBUG writing bet to db\n", "record": {"elapsed": {"repr": "0:00:09.288490", "seconds": 9.28849}, "exception": null, "extra": {}, "file": {"name": "main.py", "path": "C:\\Users\\melni\\PycharmProjects\\betboom_parser\\main.py"}, "function": "find_game", "level": {"icon": "🐞", "name": "DEBUG", "no": 10}, "line": 74, "message": "writing bet to db", "module": "main", "name": "__main__", "process": {"id": 7100, "name": "MainProcess"}, "thread": {"id": 4804, "name": "MainThread"}, "time": {"repr": "2024-08-25 13:56:41.927878+05:00", "timestamp": 1724576201.927878}}}
{"text": "2024-08-25T13:56:41.930881+0500 DEBUG finding coefficients\n", "record": {"elapsed": {"repr": "0:00:09.291493", "seconds": 9.291493}, "exception": null, "extra": {}, "file": {"name": "main.py", "path": "C:\\Users\\melni\\PycharmProjects\\betboom_parser\\main.py"}, "function": "get_bet", "level": {"icon": "🐞", "name": "DEBUG", "no": 10}, "line": 100, "message": "finding coefficients", "module": "main", "name": "__main__", "process": {"id": 7100, "name": "MainProcess"}, "thread": {"id": 4804, "name": "MainThread"}, "time": {"repr": "2024-08-25 13:56:41.930881+05:00", "timestamp": 1724576201.930881}}}
{"text": "2024-08-25T13:56:41.931876+0500 DEBUG getting info about match...\n", "record": {"elapsed": {"repr": "0:00:09.292488", "seconds": 9.292488}, "exception": null, "extra": {}, "file": {"name": "main.py", "path": "C:\\Users\\melni\\PycharmProjects\\betboom_parser\\main.py"}, "function": "get_match", "level": {"icon": "🐞", "name": "DEBUG", "no": 10}, "line": 125, "message": "getting info about match...", "module": "main", "name": "__main__", "process": {"id": 7100, "name": "MainProcess"}, "thread": {"id": 4804, "name": "MainThread"}, "time": {"repr": "2024-08-25 13:56:41.931876+05:00", "timestamp": 1724576201.931876}}}
{"text": "2024-08-25T13:56:42.257643+0500 DEBUG reading db\n", "record": {"elapsed": {"repr": "0:00:09.618255", "seconds": 9.618255}, "exception": null, "extra": {}, "file": {"name": "main.py", "path": "C:\\Users\\melni\\PycharmProjects\\betboom_parser\\main.py"}, "function": "find_game", "level": {"icon": "🐞", "name": "DEBUG", "no": 10}, "line": 60, "message": "reading db", "module": "main", "name": "__main__", "process": {"id": 7100, "name": "MainProcess"}, "thread": {"id": 4804, "name": "MainThread"}, "time": {"repr": "2024-08-25 13:56:42.257643+05:00", "timestamp": 1724576202.257643}}}
{"text": "2024-08-25T13:56:42.257643+0500 DEBUG writing bet to db\n", "record": {"elapsed": {"repr": "0:00:09.618255", "seconds": 9.618255}, "exception": null, "extra": {}, "file": {"name": "main.py", "path": "C:\\Users\\melni\\PycharmProjects\\betboom_parser\\main.py"}, "function": "find_game", "level": {"icon": "🐞", "name": "DEBUG", "no": 10}, "line": 74, "message": "writing bet to db", "module": "main", "name": "__main__", "process": {"id": 7100, "name": "MainProcess"}, "thread": {"id": 4804, "name": "MainThread"}, "time": {"repr": "2024-08-25 13:56:42.257643+05:00", "timestamp": 1724576202.257643}}}
{"text": "2024-08-25T13:56:42.258661+0500 DEBUG finding coefficients\n", "record": {"elapsed": {"repr": "0:00:09.619273", "seconds": 9.619273}, "exception": null, "extra": {}, "file": {"name": "main.py", "path": "C:\\Users\\melni\\PycharmProjects\\betboom_parser\\main.py"}, "function": "get_bet", "level": {"icon": "🐞", "name": "DEBUG", "no": 10}, "line": 100, "message": "finding coefficients", "module": "main", "name": "__main__", "process": {"id": 7100, "name": "MainProcess"}, "thread": {"id": 4804, "name": "MainThread"}, "time": {"repr": "2024-08-25 13:56:42.258661+05:00", "timestamp": 1724576202.258661}}}
{"text": "2024-08-25T13:56:42.259645+0500 DEBUG reading db\n", "record": {"elapsed": {"repr": "0:00:09.620257", "seconds": 9.620257}, "exception": null, "extra": {}, "file": {"name": "main.py", "path": "C:\\Users\\melni\\PycharmProjects\\betboom_parser\\main.py"}, "function": "find_game", "level": {"icon": "🐞", "name": "DEBUG", "no": 10}, "line": 60, "message": "reading db", "module": "main", "name": "__main__", "process": {"id": 7100, "name": "MainProcess"}, "thread": {"id": 4804, "name": "MainThread"}, "time": {"repr": "2024-08-25 13:56:42.259645+05:00", "timestamp": 1724576202.259645}}}
{"text": "2024-08-25T13:56:42.259645+0500 DEBUG writing bet to db\n", "record": {"elapsed": {"repr": "0:00:09.620257", "seconds": 9.620257}, "exception": null, "extra": {}, "file": {"name": "main.py", "path": "C:\\Users\\melni\\PycharmProjects\\betboom_parser\\main.py"}, "function": "find_game", "level": {"icon": "🐞", "name": "DEBUG", "no": 10}, "line": 74, "message": "writing bet to db", "module": "main", "name": "__main__", "process": {"id": 7100, "name": "MainProcess"}, "thread": {"id": 4804, "name": "MainThread"}, "time": {"repr": "2024-08-25 13:56:42.259645+05:00", "timestamp": 1724576202.259645}}}
{"text": "2024-08-25T13:56:42.260640+0500 DEBUG finding coefficients\n", "record": {"elapsed": {"repr": "0:00:09.621252", "seconds": 9.621252}, "exception": null, "extra": {}, "file": {"name": "main.py", "path": "C:\\Users\\melni\\PycharmProjects\\betboom_parser\\main.py"}, "function": "get_bet", "level": {"icon": "🐞", "name": "DEBUG", "no": 10}, "line": 100, "message": "finding coefficients", "module": "main", "name": "__main__", "process": {"id": 7100, "name": "MainProcess"}, "thread": {"id": 4804, "name": "MainThread"}, "time": {"repr": "2024-08-25 13:56:42.260640+05:00", "timestamp": 1724576202.26064}}}
{"text": "2024-08-25T13:56:42.262708+0500 DEBUG reading db\n", "record": {"elapsed": {"repr": "0:00:09.623320", "seconds": 9.62332}, "exception": null, "extra": {}, "file": {"name": "main.py", "path": "C:\\Users\\melni\\PycharmProjects\\betboom_parser\\main.py"}, "function": "find_game", "level": {"icon": "🐞", "name": "DEBUG", "no": 10}, "line": 60, "message": "reading db", "module": "main", "name": "__main__", "process": {"id": 7100, "name": "MainProcess"}, "thread": {"id": 4804, "name": "MainThread"}, "time": {"repr": "2024-08-25 13:56:42.262708+05:00", "timestamp": 1724576202.262708}}}
{"text": "2024-08-25T13:56:44.347616+0500 INFO CS 2. CCT Europe Series 9 (25.08 20:30)\nSinners - Young Ninjas\n\nold odds: 3-я карта -> 1.54\nnew odds: 3-я карта -> 1.57\n", "record": {"elapsed": {"repr": "0:00:11.708228", "seconds": 11.708228}, "exception": null, "extra": {}, "file": {"name": "main.py", "path": "C:\\Users\\melni\\PycharmProjects\\betboom_parser\\main.py"}, "function": "get_alter_message", "level": {"icon": "ℹ️", "name": "INFO", "no": 20}, "line": 48, "message": "CS 2. CCT Europe Series 9 (25.08 20:30)\nSinners - Young Ninjas\n\nold odds: 3-я карта -> 1.54\nnew odds: 3-я карта -> 1.57", "module": "main", "name": "__main__", "process": {"id": 7100, "name": "MainProcess"}, "thread": {"id": 4804, "name": "MainThread"}, "time": {"repr": "2024-08-25 13:56:44.347616+05:00", "timestamp": 1724576204.347616}}}
{"text": "2024-08-25T13:56:44.348631+0500 INFO message sent\n", "record": {"elapsed": {"repr": "0:00:11.709243", "seconds": 11.709243}, "exception": null, "extra": {}, "file": {"name": "main.py", "path": "C:\\Users\\melni\\PycharmProjects\\betboom_parser\\main.py"}, "function": "get_alter_message", "level": {"icon": "ℹ️", "name": "INFO", "no": 20}, "line": 49, "message": "message sent", "module": "main", "name": "__main__", "process": {"id": 7100, "name": "MainProcess"}, "thread": {"id": 4804, "name": "MainThread"}, "time": {"repr": "2024-08-25 13:56:44.348631+05:00", "timestamp": 1724576204.348631}}}
{"text": "2024-08-25T13:56:44.348631+0500 DEBUG writing bet to db\n", "record": {"elapsed": {"repr": "0:00:11.709243", "seconds": 11.709243}, "exception": null, "extra": {}, "file": {"name": "main.py", "path": "C:\\Users\\melni\\PycharmProjects\\betboom_parser\\main.py"}, "function": "find_game", "level": {"icon": "🐞", "name": "DEBUG", "no": 10}, "line": 74, "message": "writing bet to db", "module": "main", "name": "__main__", "process": {"id": 7100, "name": "MainProcess"}, "thread": {"id": 4804, "name": "MainThread"}, "time": {"repr": "2024-08-25 13:56:44.348631+05:00", "timestamp": 1724576204.348631}}}
{"text": "2024-08-25T13:56:44.349607+0500 DEBUG finding coefficients\n", "record": {"elapsed": {"repr": "0:00:11.710219", "seconds": 11.710219}, "exception": null, "extra": {}, "file": {"name": "main.py", "path": "C:\\Users\\melni\\PycharmProjects\\betboom_parser\\main.py"}, "function": "get_bet", "level": {"icon": "🐞", "name": "DEBUG", "no": 10}, "line": 100, "message": "finding coefficients", "module": "main", "name": "__main__", "process": {"id": 7100, "name": "MainProcess"}, "thread": {"id": 4804, "name": "MainThread"}, "time": {"repr": "2024-08-25 13:56:44.349607+05:00", "timestamp": 1724576204.349607}}}
{"text": "2024-08-25T13:56:44.350618+0500 DEBUG getting info about match...\n", "record": {"elapsed": {"repr": "0:00:11.711230", "seconds": 11.71123}, "exception": null, "extra": {}, "file": {"name": "main.py", "path": "C:\\Users\\melni\\PycharmProjects\\betboom_parser\\main.py"}, "function": "get_match", "level": {"icon": "🐞", "name": "DEBUG", "no": 10}, "line": 125, "message": "getting info about match...", "module": "main", "name": "__main__", "process": {"id": 7100, "name": "MainProcess"}, "thread": {"id": 4804, "name": "MainThread"}, "time": {"repr": "2024-08-25 13:56:44.350618+05:00", "timestamp": 1724576204.350618}}}
{"text": "2024-08-25T13:56:44.544973+0500 DEBUG reading db\n", "record": {"elapsed": {"repr": "0:00:11.905585", "seconds": 11.905585}, "exception": null, "extra": {}, "file": {"name": "main.py", "path": "C:\\Users\\melni\\PycharmProjects\\betboom_parser\\main.py"}, "function": "find_game", "level": {"icon": "🐞", "name": "DEBUG", "no": 10}, "line": 60, "message": "reading db", "module": "main", "name": "__main__", "process": {"id": 7100, "name": "MainProcess"}, "thread": {"id": 4804, "name": "MainThread"}, "time": {"repr": "2024-08-25 13:56:44.544973+05:00", "timestamp": 1724576204.544973}}}
{"text": "2024-08-25T13:56:44.947297+0500 INFO CS 2. CCT Europe Series 9 (25.08 23:30)\nPARIVISION - Monte Gen\n\n1-я карта -> 1.37 & 2.974\n", "record": {"elapsed": {"repr": "0:00:12.307909", "seconds": 12.307909}, "exception": null, "extra": {}, "file": {"name": "main.py", "path": "C:\\Users\\melni\\PycharmProjects\\betboom_parser\\main.py"}, "function": "get_message", "level": {"icon": "ℹ️", "name": "INFO", "no": 20}, "line": 31, "message": "CS 2. CCT Europe Series 9 (25.08 23:30)\nPARIVISION - Monte Gen\n\n1-я карта -> 1.37 & 2.974", "module": "main", "name": "__main__", "process": {"id": 7100, "name": "MainProcess"}, "thread": {"id": 4804, "name": "MainThread"}, "time": {"repr": "2024-08-25 13:56:44.947297+05:00", "timestamp": 1724576204.947297}}}
{"text": "2024-08-25T13:56:44.947297+0500 INFO message sent\n", "record": {"elapsed": {"repr": "0:00:12.307909", "seconds": 12.307909}, "exception": null, "extra": {}, "file": {"name": "main.py", "path": "C:\\Users\\melni\\PycharmProjects\\betboom_parser\\main.py"}, "function": "get_message", "level": {"icon": "ℹ️", "name": "INFO", "no": 20}, "line": 32, "message": "message sent", "module": "main", "name": "__main__", "process": {"id": 7100, "name": "MainProcess"}, "thread": {"id": 4804, "name": "MainThread"}, "time": {"repr": "2024-08-25 13:56:44.947297+05:00", "timestamp": 1724576204.947297}}}
{"text": "2024-08-25T13:56:44.948301+0500 DEBUG writing bet to db\n", "record": {"elapsed": {"repr": "0:00:12.308913", "seconds": 12.308913}, "exception": null, "extra": {}, "file": {"name": "main.py", "path": "C:\\Users\\melni\\PycharmProjects\\betboom_parser\\main.py"}, "function": "find_game", "level": {"icon": "🐞", "name": "DEBUG", "no": 10}, "line": 74, "message": "writing bet to db", "module": "main", "name": "__main__", "process": {"id": 7100, "name": "MainProcess"}, "thread": {"id": 4804, "name": "MainThread"}, "time": {"repr": "2024-08-25 13:56:44.948301+05:00", "timestamp": 1724576204.948301}}}
{"text": "2024-08-25T13:56:44.948301+0500 DEBUG finding coefficients\n", "record": {"elapsed": {"repr": "0:00:12.308913", "seconds": 12.308913}, "exception": null, "extra": {}, "file": {"name": "main.py", "path": "C:\\Users\\melni\\PycharmProjects\\betboom_parser\\main.py"}, "function": "get_bet", "level": {"icon": "🐞", "name": "DEBUG", "no": 10}, "line": 100, "message": "finding coefficients", "module": "main", "name": "__main__", "process": {"id": 7100, "name": "MainProcess"}, "thread": {"id": 4804, "name": "MainThread"}, "time": {"repr": "2024-08-25 13:56:44.948301+05:00", "timestamp": 1724576204.948301}}}
{"text": "2024-08-25T13:56:44.949301+0500 DEBUG reading db\n", "record": {"elapsed": {"repr": "0:00:12.309913", "seconds": 12.309913}, "exception": null, "extra": {}, "file": {"name": "main.py", "path": "C:\\Users\\melni\\PycharmProjects\\betboom_parser\\main.py"}, "function": "find_game", "level": {"icon": "🐞", "name": "DEBUG", "no": 10}, "line": 60, "message": "reading db", "module": "main", "name": "__main__", "process": {"id": 7100, "name": "MainProcess"}, "thread": {"id": 4804, "name": "MainThread"}, "time": {"repr": "2024-08-25 13:56:44.949301+05:00", "timestamp": 1724576204.949301}}}
{"text": "2024-08-25T13:56:45.269320+0500 INFO CS 2. CCT Europe Series 9 (25.08 23:30)\nPARIVISION - Monte Gen\n\n2-я карта -> 1.37 & 2.974\n", "record": {"elapsed": {"repr": "0:00:12.629932", "seconds": 12.629932}, "exception": null, "extra": {}, "file": {"name": "main.py", "path": "C:\\Users\\melni\\PycharmProjects\\betboom_parser\\main.py"}, "function": "get_message", "level": {"icon": "ℹ️", "name": "INFO", "no": 20}, "line": 31, "message": "CS 2. CCT Europe Series 9 (25.08 23:30)\nPARIVISION - Monte Gen\n\n2-я карта -> 1.37 & 2.974", "module": "main", "name": "__main__", "process": {"id": 7100, "name": "MainProcess"}, "thread": {"id": 4804, "name": "MainThread"}, "time": {"repr": "2024-08-25 13:56:45.269320+05:00", "timestamp": 1724576205.26932}}}
{"text": "2024-08-25T13:56:45.270302+0500 INFO message sent\n", "record": {"elapsed": {"repr": "0:00:12.630914", "seconds": 12.630914}, "exception": null, "extra": {}, "file": {"name": "main.py", "path": "C:\\Users\\melni\\PycharmProjects\\betboom_parser\\main.py"}, "function": "get_message", "level": {"icon": "ℹ️", "name": "INFO", "no": 20}, "line": 32, "message": "message sent", "module": "main", "name": "__main__", "process": {"id": 7100, "name": "MainProcess"}, "thread": {"id": 4804, "name": "MainThread"}, "time": {"repr": "2024-08-25 13:56:45.270302+05:00", "timestamp": 1724576205.270302}}}
{"text": "2024-08-25T13:56:45.270302+0500 DEBUG writing bet to db\n", "record": {"elapsed": {"repr": "0:00:12.630914", "seconds": 12.630914}, "exception": null, "extra": {}, "file": {"name": "main.py", "path": "C:\\Users\\melni\\PycharmProjects\\betboom_parser\\main.py"}, "function": "find_game", "level": {"icon": "🐞", "name": "DEBUG", "no": 10}, "line": 74, "message": "writing bet to db", "module": "main", "name": "__main__", "process": {"id": 7100, "name": "MainProcess"}, "thread": {"id": 4804, "name": "MainThread"}, "time": {"repr": "2024-08-25 13:56:45.270302+05:00", "timestamp": 1724576205.270302}}}
{"text": "2024-08-25T13:56:45.271314+0500 DEBUG finding coefficients\n", "record": {"elapsed": {"repr": "0:00:12.631926", "seconds": 12.631926}, "exception": null, "extra": {}, "file": {"name": "main.py", "path": "C:\\Users\\melni\\PycharmProjects\\betboom_parser\\main.py"}, "function": "get_bet", "level": {"icon": "🐞", "name": "DEBUG", "no": 10}, "line": 100, "message": "finding coefficients", "module": "main", "name": "__main__", "process": {"id": 7100, "name": "MainProcess"}, "thread": {"id": 4804, "name": "MainThread"}, "time": {"repr": "2024-08-25 13:56:45.271314+05:00", "timestamp": 1724576205.271314}}}
{"text": "2024-08-25T13:56:45.272309+0500 DEBUG reading db\n", "record": {"elapsed": {"repr": "0:00:12.632921", "seconds": 12.632921}, "exception": null, "extra": {}, "file": {"name": "main.py", "path": "C:\\Users\\melni\\PycharmProjects\\betboom_parser\\main.py"}, "function": "find_game", "level": {"icon": "🐞", "name": "DEBUG", "no": 10}, "line": 60, "message": "reading db", "module": "main", "name": "__main__", "process": {"id": 7100, "name": "MainProcess"}, "thread": {"id": 4804, "name": "MainThread"}, "time": {"repr": "2024-08-25 13:56:45.272309+05:00", "timestamp": 1724576205.272309}}}
{"text": "2024-08-25T13:56:45.589832+0500 INFO CS 2. CCT Europe Series 9 (25.08 23:30)\nPARIVISION - Monte Gen\n\n3-я карта -> 1.4 & 2.863\n", "record": {"elapsed": {"repr": "0:00:12.950444", "seconds": 12.950444}, "exception": null, "extra": {}, "file": {"name": "main.py", "path": "C:\\Users\\melni\\PycharmProjects\\betboom_parser\\main.py"}, "function": "get_message", "level": {"icon": "ℹ️", "name": "INFO", "no": 20}, "line": 31, "message": "CS 2. CCT Europe Series 9 (25.08 23:30)\nPARIVISION - Monte Gen\n\n3-я карта -> 1.4 & 2.863", "module": "main", "name": "__main__", "process": {"id": 7100, "name": "MainProcess"}, "thread": {"id": 4804, "name": "MainThread"}, "time": {"repr": "2024-08-25 13:56:45.589832+05:00", "timestamp": 1724576205.589832}}}
{"text": "2024-08-25T13:56:45.590814+0500 INFO message sent\n", "record": {"elapsed": {"repr": "0:00:12.951426", "seconds": 12.951426}, "exception": null, "extra": {}, "file": {"name": "main.py", "path": "C:\\Users\\melni\\PycharmProjects\\betboom_parser\\main.py"}, "function": "get_message", "level": {"icon": "ℹ️", "name": "INFO", "no": 20}, "line": 32, "message": "message sent", "module": "main", "name": "__main__", "process": {"id": 7100, "name": "MainProcess"}, "thread": {"id": 4804, "name": "MainThread"}, "time": {"repr": "2024-08-25 13:56:45.590814+05:00", "timestamp": 1724576205.590814}}}
{"text": "2024-08-25T13:56:45.898355+0500 INFO CS 2. CCT Europe Series 9 (25.08 23:30)\nPARIVISION - Monte Gen\n\nold odds: 3-я карта -> 1.37\nnew odds: 3-я карта -> 1.4\n", "record": {"elapsed": {"repr": "0:00:13.258967", "seconds": 13.258967}, "exception": null, "extra": {}, "file": {"name": "main.py", "path": "C:\\Users\\melni\\PycharmProjects\\betboom_parser\\main.py"}, "function": "get_alter_message", "level": {"icon": "ℹ️", "name": "INFO", "no": 20}, "line": 48, "message": "CS 2. CCT Europe Series 9 (25.08 23:30)\nPARIVISION - Monte Gen\n\nold odds: 3-я карта -> 1.37\nnew odds: 3-я карта -> 1.4", "module": "main", "name": "__main__", "process": {"id": 7100, "name": "MainProcess"}, "thread": {"id": 4804, "name": "MainThread"}, "time": {"repr": "2024-08-25 13:56:45.898355+05:00", "timestamp": 1724576205.898355}}}
{"text": "2024-08-25T13:56:45.899353+0500 INFO message sent\n", "record": {"elapsed": {"repr": "0:00:13.259965", "seconds": 13.259965}, "exception": null, "extra": {}, "file": {"name": "main.py", "path": "C:\\Users\\melni\\PycharmProjects\\betboom_parser\\main.py"}, "function": "get_alter_message", "level": {"icon": "ℹ️", "name": "INFO", "no": 20}, "line": 49, "message": "message sent", "module": "main", "name": "__main__", "process": {"id": 7100, "name": "MainProcess"}, "thread": {"id": 4804, "name": "MainThread"}, "time": {"repr": "2024-08-25 13:56:45.899353+05:00", "timestamp": 1724576205.899353}}}
{"text": "2024-08-25T13:56:45.900353+0500 DEBUG writing bet to db\n", "record": {"elapsed": {"repr": "0:00:13.260965", "seconds": 13.260965}, "exception": null, "extra": {}, "file": {"name": "main.py", "path": "C:\\Users\\melni\\PycharmProjects\\betboom_parser\\main.py"}, "function": "find_game", "level": {"icon": "🐞", "name": "DEBUG", "no": 10}, "line": 74, "message": "writing bet to db", "module": "main", "name": "__main__", "process": {"id": 7100, "name": "MainProcess"}, "thread": {"id": 4804, "name": "MainThread"}, "time": {"repr": "2024-08-25 13:56:45.900353+05:00", "timestamp": 1724576205.900353}}}
{"text": "2024-08-25T13:56:45.900353+0500 DEBUG finding coefficients\n", "record": {"elapsed": {"repr": "0:00:13.260965", "seconds": 13.260965}, "exception": null, "extra": {}, "file": {"name": "main.py", "path": "C:\\Users\\melni\\PycharmProjects\\betboom_parser\\main.py"}, "function": "get_bet", "level": {"icon": "🐞", "name": "DEBUG", "no": 10}, "line": 100, "message": "finding coefficients", "module": "main", "name": "__main__", "process": {"id": 7100, "name": "MainProcess"}, "thread": {"id": 4804, "name": "MainThread"}, "time": {"repr": "2024-08-25 13:56:45.900353+05:00", "timestamp": 1724576205.900353}}}
{"text": "2024-08-25T13:56:45.901340+0500 DEBUG getting info about match...\n", "record": {"elapsed": {"repr": "0:00:13.261952", "seconds": 13.261952}, "exception": null, "extra": {}, "file": {"name": "main.py", "path": "C:\\Users\\melni\\PycharmProjects\\betboom_parser\\main.py"}, "function": "get_match", "level": {"icon": "🐞", "name": "DEBUG", "no": 10}, "line": 125, "message": "getting info about match...", "module": "main", "name": "__main__", "process": {"id": 7100, "name": "MainProcess"}, "thread": {"id": 4804, "name": "MainThread"}, "time": {"repr": "2024-08-25 13:56:45.901340+05:00", "timestamp": 1724576205.90134}}}
{"text": "2024-08-25T13:56:46.122520+0500 DEBUG reading db\n", "record": {"elapsed": {"repr": "0:00:13.483132", "seconds": 13.483132}, "exception": null, "extra": {}, "file": {"name": "main.py", "path": "C:\\Users\\melni\\PycharmProjects\\betboom_parser\\main.py"}, "function": "find_game", "level": {"icon": "🐞", "name": "DEBUG", "no": 10}, "line": 60, "message": "reading db", "module": "main", "name": "__main__", "process": {"id": 7100, "name": "MainProcess"}, "thread": {"id": 4804, "name": "MainThread"}, "time": {"repr": "2024-08-25 13:56:46.122520+05:00", "timestamp": 1724576206.12252}}}
{"text": "2024-08-25T13:56:49.491366+0500 INFO CS 2. CCT Europe Series 9 (26.08 14:30)\nBIG - ALTERNATE aTTaX\n\n1-я карта -> 1.26 & 3.69\n", "record": {"elapsed": {"repr": "0:00:16.851978", "seconds": 16.851978}, "exception": null, "extra": {}, "file": {"name": "main.py", "path": "C:\\Users\\melni\\PycharmProjects\\betboom_parser\\main.py"}, "function": "get_message", "level": {"icon": "ℹ️", "name": "INFO", "no": 20}, "line": 31, "message": "CS 2. CCT Europe Series 9 (26.08 14:30)\nBIG - ALTERNATE aTTaX\n\n1-я карта -> 1.26 & 3.69", "module": "main", "name": "__main__", "process": {"id": 7100, "name": "MainProcess"}, "thread": {"id": 4804, "name": "MainThread"}, "time": {"repr": "2024-08-25 13:56:49.491366+05:00", "timestamp": 1724576209.491366}}}
{"text": "2024-08-25T13:56:49.492347+0500 INFO message sent\n", "record": {"elapsed": {"repr": "0:00:16.852959", "seconds": 16.852959}, "exception": null, "extra": {}, "file": {"name": "main.py", "path": "C:\\Users\\melni\\PycharmProjects\\betboom_parser\\main.py"}, "function": "get_message", "level": {"icon": "ℹ️", "name": "INFO", "no": 20}, "line": 32, "message": "message sent", "module": "main", "name": "__main__", "process": {"id": 7100, "name": "MainProcess"}, "thread": {"id": 4804, "name": "MainThread"}, "time": {"repr": "2024-08-25 13:56:49.492347+05:00", "timestamp": 1724576209.492347}}}
{"text": "2024-08-25T13:56:49.493365+0500 DEBUG writing bet to db\n", "record": {"elapsed": {"repr": "0:00:16.853977", "seconds": 16.853977}, "exception": null, "extra": {}, "file": {"name": "main.py", "path": "C:\\Users\\melni\\PycharmProjects\\betboom_parser\\main.py"}, "function": "find_game", "level": {"icon": "🐞", "name": "DEBUG", "no": 10}, "line": 74, "message": "writing bet to db", "module": "main", "name": "__main__", "process": {"id": 7100, "name": "MainProcess"}, "thread": {"id": 4804, "name": "MainThread"}, "time": {"repr": "2024-08-25 13:56:49.493365+05:00", "timestamp": 1724576209.493365}}}
{"text": "2024-08-25T13:56:49.493365+0500 DEBUG finding coefficients\n", "record": {"elapsed": {"repr": "0:00:16.853977", "seconds": 16.853977}, "exception": null, "extra": {}, "file": {"name": "main.py", "path": "C:\\Users\\melni\\PycharmProjects\\betboom_parser\\main.py"}, "function": "get_bet", "level": {"icon": "🐞", "name": "DEBUG", "no": 10}, "line": 100, "message": "finding coefficients", "module": "main", "name": "__main__", "process": {"id": 7100, "name": "MainProcess"}, "thread": {"id": 4804, "name": "MainThread"}, "time": {"repr": "2024-08-25 13:56:49.493365+05:00", "timestamp": 1724576209.493365}}}
{"text": "2024-08-25T13:56:49.494884+0500 DEBUG reading db\n", "record": {"elapsed": {"repr": "0:00:16.855496", "seconds": 16.855496}, "exception": null, "extra": {}, "file": {"name": "main.py", "path": "C:\\Users\\melni\\PycharmProjects\\betboom_parser\\main.py"}, "function": "find_game", "level": {"icon": "🐞", "name": "DEBUG", "no": 10}, "line": 60, "message": "reading db", "module": "main", "name": "__main__", "process": {"id": 7100, "name": "MainProcess"}, "thread": {"id": 4804, "name": "MainThread"}, "time": {"repr": "2024-08-25 13:56:49.494884+05:00", "timestamp": 1724576209.494884}}}
{"text": "2024-08-25T13:56:49.968500+0500 INFO CS 2. CCT Europe Series 9 (26.08 14:30)\nBIG - ALTERNATE aTTaX\n\n2-я карта -> 1.26 & 3.69\n", "record": {"elapsed": {"repr": "0:00:17.329112", "seconds": 17.329112}, "exception": null, "extra": {}, "file": {"name": "main.py", "path": "C:\\Users\\melni\\PycharmProjects\\betboom_parser\\main.py"}, "function": "get_message", "level": {"icon": "ℹ️", "name": "INFO", "no": 20}, "line": 31, "message": "CS 2. CCT Europe Series 9 (26.08 14:30)\nBIG - ALTERNATE aTTaX\n\n2-я карта -> 1.26 & 3.69", "module": "main", "name": "__main__", "process": {"id": 7100, "name": "MainProcess"}, "thread": {"id": 4804, "name": "MainThread"}, "time": {"repr": "2024-08-25 13:56:49.968500+05:00", "timestamp": 1724576209.9685}}}
{"text": "2024-08-25T13:56:49.969512+0500 INFO message sent\n", "record": {"elapsed": {"repr": "0:00:17.330124", "seconds": 17.330124}, "exception": null, "extra": {}, "file": {"name": "main.py", "path": "C:\\Users\\melni\\PycharmProjects\\betboom_parser\\main.py"}, "function": "get_message", "level": {"icon": "ℹ️", "name": "INFO", "no": 20}, "line": 32, "message": "message sent", "module": "main", "name": "__main__", "process": {"id": 7100, "name": "MainProcess"}, "thread": {"id": 4804, "name": "MainThread"}, "time": {"repr": "2024-08-25 13:56:49.969512+05:00", "timestamp": 1724576209.969512}}}
{"text": "2024-08-25T13:56:49.969512+0500 DEBUG writing bet to db\n", "record": {"elapsed": {"repr": "0:00:17.330124", "seconds": 17.330124}, "exception": null, "extra": {}, "file": {"name": "main.py", "path": "C:\\Users\\melni\\PycharmProjects\\betboom_parser\\main.py"}, "function": "find_game", "level": {"icon": "🐞", "name": "DEBUG", "no": 10}, "line": 74, "message": "writing bet to db", "module": "main", "name": "__main__", "process": {"id": 7100, "name": "MainProcess"}, "thread": {"id": 4804, "name": "MainThread"}, "time": {"repr": "2024-08-25 13:56:49.969512+05:00", "timestamp": 1724576209.969512}}}
{"text": "2024-08-25T13:56:49.970511+0500 DEBUG finding coefficients\n", "record": {"elapsed": {"repr": "0:00:17.331123", "seconds": 17.331123}, "exception": null, "extra": {}, "file": {"name": "main.py", "path": "C:\\Users\\melni\\PycharmProjects\\betboom_parser\\main.py"}, "function": "get_bet", "level": {"icon": "🐞", "name": "DEBUG", "no": 10}, "line": 100, "message": "finding coefficients", "module": "main", "name": "__main__", "process": {"id": 7100, "name": "MainProcess"}, "thread": {"id": 4804, "name": "MainThread"}, "time": {"repr": "2024-08-25 13:56:49.970511+05:00", "timestamp": 1724576209.970511}}}
{"text": "2024-08-25T13:56:49.971511+0500 DEBUG reading db\n", "record": {"elapsed": {"repr": "0:00:17.332123", "seconds": 17.332123}, "exception": null, "extra": {}, "file": {"name": "main.py", "path": "C:\\Users\\melni\\PycharmProjects\\betboom_parser\\main.py"}, "function": "find_game", "level": {"icon": "🐞", "name": "DEBUG", "no": 10}, "line": 60, "message": "reading db", "module": "main", "name": "__main__", "process": {"id": 7100, "name": "MainProcess"}, "thread": {"id": 4804, "name": "MainThread"}, "time": {"repr": "2024-08-25 13:56:49.971511+05:00", "timestamp": 1724576209.971511}}}
{"text": "2024-08-25T13:56:50.313355+0500 INFO CS 2. CCT Europe Series 9 (26.08 14:30)\nBIG - ALTERNATE aTTaX\n\n3-я карта -> 1.28 & 3.545\n", "record": {"elapsed": {"repr": "0:00:17.673967", "seconds": 17.673967}, "exception": null, "extra": {}, "file": {"name": "main.py", "path": "C:\\Users\\melni\\PycharmProjects\\betboom_parser\\main.py"}, "function": "get_message", "level": {"icon": "ℹ️", "name": "INFO", "no": 20}, "line": 31, "message": "CS 2. CCT Europe Series 9 (26.08 14:30)\nBIG - ALTERNATE aTTaX\n\n3-я карта -> 1.28 & 3.545", "module": "main", "name": "__main__", "process": {"id": 7100, "name": "MainProcess"}, "thread": {"id": 4804, "name": "MainThread"}, "time": {"repr": "2024-08-25 13:56:50.313355+05:00", "timestamp": 1724576210.313355}}}
{"text": "2024-08-25T13:56:50.313355+0500 INFO message sent\n", "record": {"elapsed": {"repr": "0:00:17.673967", "seconds": 17.673967}, "exception": null, "extra": {}, "file": {"name": "main.py", "path": "C:\\Users\\melni\\PycharmProjects\\betboom_parser\\main.py"}, "function": "get_message", "level": {"icon": "ℹ️", "name": "INFO", "no": 20}, "line": 32, "message": "message sent", "module": "main", "name": "__main__", "process": {"id": 7100, "name": "MainProcess"}, "thread": {"id": 4804, "name": "MainThread"}, "time": {"repr": "2024-08-25 13:56:50.313355+05:00", "timestamp": 1724576210.313355}}}
{"text": "2024-08-25T13:56:50.630165+0500 INFO CS 2. CCT Europe Series 9 (26.08 14:30)\nBIG - ALTERNATE aTTaX\n\nold odds: 3-я карта -> 1.26\nnew odds: 3-я карта -> 1.28\n", "record": {"elapsed": {"repr": "0:00:17.990777", "seconds": 17.990777}, "exception": null, "extra": {}, "file": {"name": "main.py", "path": "C:\\Users\\melni\\PycharmProjects\\betboom_parser\\main.py"}, "function": "get_alter_message", "level": {"icon": "ℹ️", "name": "INFO", "no": 20}, "line": 48, "message": "CS 2. CCT Europe Series 9 (26.08 14:30)\nBIG - ALTERNATE aTTaX\n\nold odds: 3-я карта -> 1.26\nnew odds: 3-я карта -> 1.28", "module": "main", "name": "__main__", "process": {"id": 7100, "name": "MainProcess"}, "thread": {"id": 4804, "name": "MainThread"}, "time": {"repr": "2024-08-25 13:56:50.630165+05:00", "timestamp": 1724576210.630165}}}
{"text": "2024-08-25T13:56:50.631147+0500 INFO message sent\n", "record": {"elapsed": {"repr": "0:00:17.991759", "seconds": 17.991759}, "exception": null, "extra": {}, "file": {"name": "main.py", "path": "C:\\Users\\melni\\PycharmProjects\\betboom_parser\\main.py"}, "function": "get_alter_message", "level": {"icon": "ℹ️", "name": "INFO", "no": 20}, "line": 49, "message": "message sent", "module": "main", "name": "__main__", "process": {"id": 7100, "name": "MainProcess"}, "thread": {"id": 4804, "name": "MainThread"}, "time": {"repr": "2024-08-25 13:56:50.631147+05:00", "timestamp": 1724576210.631147}}}
{"text": "2024-08-25T13:56:50.632160+0500 DEBUG writing bet to db\n", "record": {"elapsed": {"repr": "0:00:17.992772", "seconds": 17.992772}, "exception": null, "extra": {}, "file": {"name": "main.py", "path": "C:\\Users\\melni\\PycharmProjects\\betboom_parser\\main.py"}, "function": "find_game", "level": {"icon": "🐞", "name": "DEBUG", "no": 10}, "line": 74, "message": "writing bet to db", "module": "main", "name": "__main__", "process": {"id": 7100, "name": "MainProcess"}, "thread": {"id": 4804, "name": "MainThread"}, "time": {"repr": "2024-08-25 13:56:50.632160+05:00", "timestamp": 1724576210.63216}}}
{"text": "2024-08-25T13:56:50.632160+0500 DEBUG finding coefficients\n", "record": {"elapsed": {"repr": "0:00:17.992772", "seconds": 17.992772}, "exception": null, "extra": {}, "file": {"name": "main.py", "path": "C:\\Users\\melni\\PycharmProjects\\betboom_parser\\main.py"}, "function": "get_bet", "level": {"icon": "🐞", "name": "DEBUG", "no": 10}, "line": 100, "message": "finding coefficients", "module": "main", "name": "__main__", "process": {"id": 7100, "name": "MainProcess"}, "thread": {"id": 4804, "name": "MainThread"}, "time": {"repr": "2024-08-25 13:56:50.632160+05:00", "timestamp": 1724576210.63216}}}
{"text": "2024-08-25T13:56:50.633160+0500 DEBUG getting info about match...\n", "record": {"elapsed": {"repr": "0:00:17.993772", "seconds": 17.993772}, "exception": null, "extra": {}, "file": {"name": "main.py", "path": "C:\\Users\\melni\\PycharmProjects\\betboom_parser\\main.py"}, "function": "get_match", "level": {"icon": "🐞", "name": "DEBUG", "no": 10}, "line": 125, "message": "getting info about match...", "module": "main", "name": "__main__", "process": {"id": 7100, "name": "MainProcess"}, "thread": {"id": 4804, "name": "MainThread"}, "time": {"repr": "2024-08-25 13:56:50.633160+05:00", "timestamp": 1724576210.63316}}}
{"text": "2024-08-25T13:56:50.905809+0500 DEBUG reading db\n", "record": {"elapsed": {"repr": "0:00:18.266421", "seconds": 18.266421}, "exception": null, "extra": {}, "file": {"name": "main.py", "path": "C:\\Users\\melni\\PycharmProjects\\betboom_parser\\main.py"}, "function": "find_game", "level": {"icon": "🐞", "name": "DEBUG", "no": 10}, "line": 60, "message": "reading db", "module": "main", "name": "__main__", "process": {"id": 7100, "name": "MainProcess"}, "thread": {"id": 4804, "name": "MainThread"}, "time": {"repr": "2024-08-25 13:56:50.905809+05:00", "timestamp": 1724576210.905809}}}
{"text": "2024-08-25T13:56:51.231940+0500 INFO CS 2. CCT Europe Series 9 (26.08 17:30)\nKOI - ECSTATIC\n\n1-я карта -> 1.65 & 2.176\n", "record": {"elapsed": {"repr": "0:00:18.592552", "seconds": 18.592552}, "exception": null, "extra": {}, "file": {"name": "main.py", "path": "C:\\Users\\melni\\PycharmProjects\\betboom_parser\\main.py"}, "function": "get_message", "level": {"icon": "ℹ️", "name": "INFO", "no": 20}, "line": 31, "message": "CS 2. CCT Europe Series 9 (26.08 17:30)\nKOI - ECSTATIC\n\n1-я карта -> 1.65 & 2.176", "module": "main", "name": "__main__", "process": {"id": 7100, "name": "MainProcess"}, "thread": {"id": 4804, "name": "MainThread"}, "time": {"repr": "2024-08-25 13:56:51.231940+05:00", "timestamp": 1724576211.23194}}}
{"text": "2024-08-25T13:56:51.232929+0500 INFO message sent\n", "record": {"elapsed": {"repr": "0:00:18.593541", "seconds": 18.593541}, "exception": null, "extra": {}, "file": {"name": "main.py", "path": "C:\\Users\\melni\\PycharmProjects\\betboom_parser\\main.py"}, "function": "get_message", "level": {"icon": "ℹ️", "name": "INFO", "no": 20}, "line": 32, "message": "message sent", "module": "main", "name": "__main__", "process": {"id": 7100, "name": "MainProcess"}, "thread": {"id": 4804, "name": "MainThread"}, "time": {"repr": "2024-08-25 13:56:51.232929+05:00", "timestamp": 1724576211.232929}}}
{"text": "2024-08-25T13:56:51.233930+0500 DEBUG writing bet to db\n", "record": {"elapsed": {"repr": "0:00:18.594542", "seconds": 18.594542}, "exception": null, "extra": {}, "file": {"name": "main.py", "path": "C:\\Users\\melni\\PycharmProjects\\betboom_parser\\main.py"}, "function": "find_game", "level": {"icon": "🐞", "name": "DEBUG", "no": 10}, "line": 74, "message": "writing bet to db", "module": "main", "name": "__main__", "process": {"id": 7100, "name": "MainProcess"}, "thread": {"id": 4804, "name": "MainThread"}, "time": {"repr": "2024-08-25 13:56:51.233930+05:00", "timestamp": 1724576211.23393}}}
{"text": "2024-08-25T13:56:51.234937+0500 DEBUG finding coefficients\n", "record": {"elapsed": {"repr": "0:00:18.595549", "seconds": 18.595549}, "exception": null, "extra": {}, "file": {"name": "main.py", "path": "C:\\Users\\melni\\PycharmProjects\\betboom_parser\\main.py"}, "function": "get_bet", "level": {"icon": "🐞", "name": "DEBUG", "no": 10}, "line": 100, "message": "finding coefficients", "module": "main", "name": "__main__", "process": {"id": 7100, "name": "MainProcess"}, "thread": {"id": 4804, "name": "MainThread"}, "time": {"repr": "2024-08-25 13:56:51.234937+05:00", "timestamp": 1724576211.234937}}}
{"text": "2024-08-25T13:56:51.234937+0500 DEBUG reading db\n", "record": {"elapsed": {"repr": "0:00:18.595549", "seconds": 18.595549}, "exception": null, "extra": {}, "file": {"name": "main.py", "path": "C:\\Users\\melni\\PycharmProjects\\betboom_parser\\main.py"}, "function": "find_game", "level": {"icon": "🐞", "name": "DEBUG", "no": 10}, "line": 60, "message": "reading db", "module": "main", "name": "__main__", "process": {"id": 7100, "name": "MainProcess"}, "thread": {"id": 4804, "name": "MainThread"}, "time": {"repr": "2024-08-25 13:56:51.234937+05:00", "timestamp": 1724576211.234937}}}
{"text": "2024-08-25T13:56:54.582072+0500 INFO CS 2. CCT Europe Series 9 (26.08 17:30)\nKOI - ECSTATIC\n\n2-я карта -> 1.65 & 2.176\n", "record": {"elapsed": {"repr": "0:00:21.942684", "seconds": 21.942684}, "exception": null, "extra": {}, "file": {"name": "main.py", "path": "C:\\Users\\melni\\PycharmProjects\\betboom_parser\\main.py"}, "function": "get_message", "level": {"icon": "ℹ️", "name": "INFO", "no": 20}, "line": 31, "message": "CS 2. CCT Europe Series 9 (26.08 17:30)\nKOI - ECSTATIC\n\n2-я карта -> 1.65 & 2.176", "module": "main", "name": "__main__", "process": {"id": 7100, "name": "MainProcess"}, "thread": {"id": 4804, "name": "MainThread"}, "time": {"repr": "2024-08-25 13:56:54.582072+05:00", "timestamp": 1724576214.582072}}}
{"text": "2024-08-25T13:56:54.583047+0500 INFO message sent\n", "record": {"elapsed": {"repr": "0:00:21.943659", "seconds": 21.943659}, "exception": null, "extra": {}, "file": {"name": "main.py", "path": "C:\\Users\\melni\\PycharmProjects\\betboom_parser\\main.py"}, "function": "get_message", "level": {"icon": "ℹ️", "name": "INFO", "no": 20}, "line": 32, "message": "message sent", "module": "main", "name": "__main__", "process": {"id": 7100, "name": "MainProcess"}, "thread": {"id": 4804, "name": "MainThread"}, "time": {"repr": "2024-08-25 13:56:54.583047+05:00", "timestamp": 1724576214.583047}}}
{"text": "2024-08-25T13:56:54.584077+0500 DEBUG writing bet to db\n", "record": {"elapsed": {"repr": "0:00:21.944689", "seconds": 21.944689}, "exception": null, "extra": {}, "file": {"name": "main.py", "path": "C:\\Users\\melni\\PycharmProjects\\betboom_parser\\main.py"}, "function": "find_game", "level": {"icon": "🐞", "name": "DEBUG", "no": 10}, "line": 74, "message": "writing bet to db", "module": "main", "name": "__main__", "process": {"id": 7100, "name": "MainProcess"}, "thread": {"id": 4804, "name": "MainThread"}, "time": {"repr": "2024-08-25 13:56:54.584077+05:00", "timestamp": 1724576214.584077}}}
{"text": "2024-08-25T13:56:54.585086+0500 DEBUG finding coefficients\n", "record": {"elapsed": {"repr": "0:00:21.945698", "seconds": 21.945698}, "exception": null, "extra": {}, "file": {"name": "main.py", "path": "C:\\Users\\melni\\PycharmProjects\\betboom_parser\\main.py"}, "function": "get_bet", "level": {"icon": "🐞", "name": "DEBUG", "no": 10}, "line": 100, "message": "finding coefficients", "module": "main", "name": "__main__", "process": {"id": 7100, "name": "MainProcess"}, "thread": {"id": 4804, "name": "MainThread"}, "time": {"repr": "2024-08-25 13:56:54.585086+05:00", "timestamp": 1724576214.585086}}}
{"text": "2024-08-25T13:56:54.586073+0500 DEBUG reading db\n", "record": {"elapsed": {"repr": "0:00:21.946685", "seconds": 21.946685}, "exception": null, "extra": {}, "file": {"name": "main.py", "path": "C:\\Users\\melni\\PycharmProjects\\betboom_parser\\main.py"}, "function": "find_game", "level": {"icon": "🐞", "name": "DEBUG", "no": 10}, "line": 60, "message": "reading db", "module": "main", "name": "__main__", "process": {"id": 7100, "name": "MainProcess"}, "thread": {"id": 4804, "name": "MainThread"}, "time": {"repr": "2024-08-25 13:56:54.586073+05:00", "timestamp": 1724576214.586073}}}
{"text": "2024-08-25T13:56:55.132549+0500 INFO CS 2. CCT Europe Series 9 (26.08 17:30)\nKOI - ECSTATIC\n\n3-я карта -> 1.65 & 2.176\n", "record": {"elapsed": {"repr": "0:00:22.493161", "seconds": 22.493161}, "exception": null, "extra": {}, "file": {"name": "main.py", "path": "C:\\Users\\melni\\PycharmProjects\\betboom_parser\\main.py"}, "function": "get_message", "level": {"icon": "ℹ️", "name": "INFO", "no": 20}, "line": 31, "message": "CS 2. CCT Europe Series 9 (26.08 17:30)\nKOI - ECSTATIC\n\n3-я карта -> 1.65 & 2.176", "module": "main", "name": "__main__", "process": {"id": 7100, "name": "MainProcess"}, "thread": {"id": 4804, "name": "MainThread"}, "time": {"repr": "2024-08-25 13:56:55.132549+05:00", "timestamp": 1724576215.132549}}}
{"text": "2024-08-25T13:56:55.132549+0500 INFO message sent\n", "record": {"elapsed": {"repr": "0:00:22.493161", "seconds": 22.493161}, "exception": null, "extra": {}, "file": {"name": "main.py", "path": "C:\\Users\\melni\\PycharmProjects\\betboom_parser\\main.py"}, "function": "get_message", "level": {"icon": "ℹ️", "name": "INFO", "no": 20}, "line": 32, "message": "message sent", "module": "main", "name": "__main__", "process": {"id": 7100, "name": "MainProcess"}, "thread": {"id": 4804, "name": "MainThread"}, "time": {"repr": "2024-08-25 13:56:55.132549+05:00", "timestamp": 1724576215.132549}}}
{"text": "2024-08-25T13:56:55.132549+0500 DEBUG writing bet to db\n", "record": {"elapsed": {"repr": "0:00:22.493161", "seconds": 22.493161}, "exception": null, "extra": {}, "file": {"name": "main.py", "path": "C:\\Users\\melni\\PycharmProjects\\betboom_parser\\main.py"}, "function": "find_game", "level": {"icon": "🐞", "name": "DEBUG", "no": 10}, "line": 74, "message": "writing bet to db", "module": "main", "name": "__main__", "process": {"id": 7100, "name": "MainProcess"}, "thread": {"id": 4804, "name": "MainThread"}, "time": {"repr": "2024-08-25 13:56:55.132549+05:00", "timestamp": 1724576215.132549}}}
{"text": "2024-08-25T13:56:55.132549+0500 DEBUG finding coefficients\n", "record": {"elapsed": {"repr": "0:00:22.493161", "seconds": 22.493161}, "exception": null, "extra": {}, "file": {"name": "main.py", "path": "C:\\Users\\melni\\PycharmProjects\\betboom_parser\\main.py"}, "function": "get_bet", "level": {"icon": "🐞", "name": "DEBUG", "no": 10}, "line": 100, "message": "finding coefficients", "module": "main", "name": "__main__", "process": {"id": 7100, "name": "MainProcess"}, "thread": {"id": 4804, "name": "MainThread"}, "time": {"repr": "2024-08-25 13:56:55.132549+05:00", "timestamp": 1724576215.132549}}}
{"text": "2024-08-25T13:56:55.132549+0500 DEBUG getting info about match...\n", "record": {"elapsed": {"repr": "0:00:22.493161", "seconds": 22.493161}, "exception": null, "extra": {}, "file": {"name": "main.py", "path": "C:\\Users\\melni\\PycharmProjects\\betboom_parser\\main.py"}, "function": "get_match", "level": {"icon": "🐞", "name": "DEBUG", "no": 10}, "line": 125, "message": "getting info about match...", "module": "main", "name": "__main__", "process": {"id": 7100, "name": "MainProcess"}, "thread": {"id": 4804, "name": "MainThread"}, "time": {"repr": "2024-08-25 13:56:55.132549+05:00", "timestamp": 1724576215.132549}}}
{"text": "2024-08-25T13:56:55.332744+0500 DEBUG reading db\n", "record": {"elapsed": {"repr": "0:00:22.693356", "seconds": 22.693356}, "exception": null, "extra": {}, "file": {"name": "main.py", "path": "C:\\Users\\melni\\PycharmProjects\\betboom_parser\\main.py"}, "function": "find_game", "level": {"icon": "🐞", "name": "DEBUG", "no": 10}, "line": 60, "message": "reading db", "module": "main", "name": "__main__", "process": {"id": 7100, "name": "MainProcess"}, "thread": {"id": 4804, "name": "MainThread"}, "time": {"repr": "2024-08-25 13:56:55.332744+05:00", "timestamp": 1724576215.332744}}}
{"text": "2024-08-25T13:56:55.727588+0500 INFO CS 2. CCT Europe Series 9 (26.08 20:30)\nPassion UA - Endpoint\n\n1-я карта -> 1.51 & 2.472\n", "record": {"elapsed": {"repr": "0:00:23.088200", "seconds": 23.0882}, "exception": null, "extra": {}, "file": {"name": "main.py", "path": "C:\\Users\\melni\\PycharmProjects\\betboom_parser\\main.py"}, "function": "get_message", "level": {"icon": "ℹ️", "name": "INFO", "no": 20}, "line": 31, "message": "CS 2. CCT Europe Series 9 (26.08 20:30)\nPassion UA - Endpoint\n\n1-я карта -> 1.51 & 2.472", "module": "main", "name": "__main__", "process": {"id": 7100, "name": "MainProcess"}, "thread": {"id": 4804, "name": "MainThread"}, "time": {"repr": "2024-08-25 13:56:55.727588+05:00", "timestamp": 1724576215.727588}}}
{"text": "2024-08-25T13:56:55.729593+0500 INFO message sent\n", "record": {"elapsed": {"repr": "0:00:23.090205", "seconds": 23.090205}, "exception": null, "extra": {}, "file": {"name": "main.py", "path": "C:\\Users\\melni\\PycharmProjects\\betboom_parser\\main.py"}, "function": "get_message", "level": {"icon": "ℹ️", "name": "INFO", "no": 20}, "line": 32, "message": "message sent", "module": "main", "name": "__main__", "process": {"id": 7100, "name": "MainProcess"}, "thread": {"id": 4804, "name": "MainThread"}, "time": {"repr": "2024-08-25 13:56:55.729593+05:00", "timestamp": 1724576215.729593}}}
{"text": "2024-08-25T13:56:55.730601+0500 DEBUG writing bet to db\n", "record": {"elapsed": {"repr": "0:00:23.091213", "seconds": 23.091213}, "exception": null, "extra": {}, "file": {"name": "main.py", "path": "C:\\Users\\melni\\PycharmProjects\\betboom_parser\\main.py"}, "function": "find_game", "level": {"icon": "🐞", "name": "DEBUG", "no": 10}, "line": 74, "message": "writing bet to db", "module": "main", "name": "__main__", "process": {"id": 7100, "name": "MainProcess"}, "thread": {"id": 4804, "name": "MainThread"}, "time": {"repr": "2024-08-25 13:56:55.730601+05:00", "timestamp": 1724576215.730601}}}
{"text": "2024-08-25T13:56:55.730601+0500 DEBUG finding coefficients\n", "record": {"elapsed": {"repr": "0:00:23.091213", "seconds": 23.091213}, "exception": null, "extra": {}, "file": {"name": "main.py", "path": "C:\\Users\\melni\\PycharmProjects\\betboom_parser\\main.py"}, "function": "get_bet", "level": {"icon": "🐞", "name": "DEBUG", "no": 10}, "line": 100, "message": "finding coefficients", "module": "main", "name": "__main__", "process": {"id": 7100, "name": "MainProcess"}, "thread": {"id": 4804, "name": "MainThread"}, "time": {"repr": "2024-08-25 13:56:55.730601+05:00", "timestamp": 1724576215.730601}}}
{"text": "2024-08-25T13:56:55.731579+0500 DEBUG reading db\n", "record": {"elapsed": {"repr": "0:00:23.092191", "seconds": 23.092191}, "exception": null, "extra": {}, "file": {"name": "main.py", "path": "C:\\Users\\melni\\PycharmProjects\\betboom_parser\\main.py"}, "function": "find_game", "level": {"icon": "🐞", "name": "DEBUG", "no": 10}, "line": 60, "message": "reading db", "module": "main", "name": "__main__", "process": {"id": 7100, "name": "MainProcess"}, "thread": {"id": 4804, "name": "MainThread"}, "time": {"repr": "2024-08-25 13:56:55.731579+05:00", "timestamp": 1724576215.731579}}}
{"text": "2024-08-25T13:56:56.133724+0500 INFO CS 2. CCT Europe Series 9 (26.08 20:30)\nPassion UA - Endpoint\n\n2-я карта -> 1.51 & 2.472\n", "record": {"elapsed": {"repr": "0:00:23.494336", "seconds": 23.494336}, "exception": null, "extra": {}, "file": {"name": "main.py", "path": "C:\\Users\\melni\\PycharmProjects\\betboom_parser\\main.py"}, "function": "get_message", "level": {"icon": "ℹ️", "name": "INFO", "no": 20}, "line": 31, "message": "CS 2. CCT Europe Series 9 (26.08 20:30)\nPassion UA - Endpoint\n\n2-я карта -> 1.51 & 2.472", "module": "main", "name": "__main__", "process": {"id": 7100, "name": "MainProcess"}, "thread": {"id": 4804, "name": "MainThread"}, "time": {"repr": "2024-08-25 13:56:56.133724+05:00", "timestamp": 1724576216.133724}}}
{"text": "2024-08-25T13:56:56.134705+0500 INFO message sent\n", "record": {"elapsed": {"repr": "0:00:23.495317", "seconds": 23.495317}, "exception": null, "extra": {}, "file": {"name": "main.py", "path": "C:\\Users\\melni\\PycharmProjects\\betboom_parser\\main.py"}, "function": "get_message", "level": {"icon": "ℹ️", "name": "INFO", "no": 20}, "line": 32, "message": "message sent", "module": "main", "name": "__main__", "process": {"id": 7100, "name": "MainProcess"}, "thread": {"id": 4804, "name": "MainThread"}, "time": {"repr": "2024-08-25 13:56:56.134705+05:00", "timestamp": 1724576216.134705}}}
{"text": "2024-08-25T13:56:56.135717+0500 DEBUG writing bet to db\n", "record": {"elapsed": {"repr": "0:00:23.496329", "seconds": 23.496329}, "exception": null, "extra": {}, "file": {"name": "main.py", "path": "C:\\Users\\melni\\PycharmProjects\\betboom_parser\\main.py"}, "function": "find_game", "level": {"icon": "🐞", "name": "DEBUG", "no": 10}, "line": 74, "message": "writing bet to db", "module": "main", "name": "__main__", "process": {"id": 7100, "name": "MainProcess"}, "thread": {"id": 4804, "name": "MainThread"}, "time": {"repr": "2024-08-25 13:56:56.135717+05:00", "timestamp": 1724576216.135717}}}
{"text": "2024-08-25T13:56:56.136726+0500 DEBUG finding coefficients\n", "record": {"elapsed": {"repr": "0:00:23.497338", "seconds": 23.497338}, "exception": null, "extra": {}, "file": {"name": "main.py", "path": "C:\\Users\\melni\\PycharmProjects\\betboom_parser\\main.py"}, "function": "get_bet", "level": {"icon": "🐞", "name": "DEBUG", "no": 10}, "line": 100, "message": "finding coefficients", "module": "main", "name": "__main__", "process": {"id": 7100, "name": "MainProcess"}, "thread": {"id": 4804, "name": "MainThread"}, "time": {"repr": "2024-08-25 13:56:56.136726+05:00", "timestamp": 1724576216.136726}}}
{"text": "2024-08-25T13:56:56.137718+0500 DEBUG reading db\n", "record": {"elapsed": {"repr": "0:00:23.498330", "seconds": 23.49833}, "exception": null, "extra": {}, "file": {"name": "main.py", "path": "C:\\Users\\melni\\PycharmProjects\\betboom_parser\\main.py"}, "function": "find_game", "level": {"icon": "🐞", "name": "DEBUG", "no": 10}, "line": 60, "message": "reading db", "module": "main", "name": "__main__", "process": {"id": 7100, "name": "MainProcess"}, "thread": {"id": 4804, "name": "MainThread"}, "time": {"repr": "2024-08-25 13:56:56.137718+05:00", "timestamp": 1724576216.137718}}}
{"text": "2024-08-25T13:56:56.654122+0500 INFO CS 2. CCT Europe Series 9 (26.08 20:30)\nPassion UA - Endpoint\n\n3-я карта -> 1.51 & 2.472\n", "record": {"elapsed": {"repr": "0:00:24.014734", "seconds": 24.014734}, "exception": null, "extra": {}, "file": {"name": "main.py", "path": "C:\\Users\\melni\\PycharmProjects\\betboom_parser\\main.py"}, "function": "get_message", "level": {"icon": "ℹ️", "name": "INFO", "no": 20}, "line": 31, "message": "CS 2. CCT Europe Series 9 (26.08 20:30)\nPassion UA - Endpoint\n\n3-я карта -> 1.51 & 2.472", "module": "main", "name": "__main__", "process": {"id": 7100, "name": "MainProcess"}, "thread": {"id": 4804, "name": "MainThread"}, "time": {"repr": "2024-08-25 13:56:56.654122+05:00", "timestamp": 1724576216.654122}}}
{"text": "2024-08-25T13:56:56.655113+0500 INFO message sent\n", "record": {"elapsed": {"repr": "0:00:24.015725", "seconds": 24.015725}, "exception": null, "extra": {}, "file": {"name": "main.py", "path": "C:\\Users\\melni\\PycharmProjects\\betboom_parser\\main.py"}, "function": "get_message", "level": {"icon": "ℹ️", "name": "INFO", "no": 20}, "line": 32, "message": "message sent", "module": "main", "name": "__main__", "process": {"id": 7100, "name": "MainProcess"}, "thread": {"id": 4804, "name": "MainThread"}, "time": {"repr": "2024-08-25 13:56:56.655113+05:00", "timestamp": 1724576216.655113}}}
{"text": "2024-08-25T13:56:56.655113+0500 DEBUG writing bet to db\n", "record": {"elapsed": {"repr": "0:00:24.015725", "seconds": 24.015725}, "exception": null, "extra": {}, "file": {"name": "main.py", "path": "C:\\Users\\melni\\PycharmProjects\\betboom_parser\\main.py"}, "function": "find_game", "level": {"icon": "🐞", "name": "DEBUG", "no": 10}, "line": 74, "message": "writing bet to db", "module": "main", "name": "__main__", "process": {"id": 7100, "name": "MainProcess"}, "thread": {"id": 4804, "name": "MainThread"}, "time": {"repr": "2024-08-25 13:56:56.655113+05:00", "timestamp": 1724576216.655113}}}
{"text": "2024-08-25T13:56:56.656123+0500 DEBUG finding coefficients\n", "record": {"elapsed": {"repr": "0:00:24.016735", "seconds": 24.016735}, "exception": null, "extra": {}, "file": {"name": "main.py", "path": "C:\\Users\\melni\\PycharmProjects\\betboom_parser\\main.py"}, "function": "get_bet", "level": {"icon": "🐞", "name": "DEBUG", "no": 10}, "line": 100, "message": "finding coefficients", "module": "main", "name": "__main__", "process": {"id": 7100, "name": "MainProcess"}, "thread": {"id": 4804, "name": "MainThread"}, "time": {"repr": "2024-08-25 13:56:56.656123+05:00", "timestamp": 1724576216.656123}}}
{"text": "2024-08-25T13:56:56.657110+0500 DEBUG getting info about match...\n", "record": {"elapsed": {"repr": "0:00:24.017722", "seconds": 24.017722}, "exception": null, "extra": {}, "file": {"name": "main.py", "path": "C:\\Users\\melni\\PycharmProjects\\betboom_parser\\main.py"}, "function": "get_match", "level": {"icon": "🐞", "name": "DEBUG", "no": 10}, "line": 125, "message": "getting info about match...", "module": "main", "name": "__main__", "process": {"id": 7100, "name": "MainProcess"}, "thread": {"id": 4804, "name": "MainThread"}, "time": {"repr": "2024-08-25 13:56:56.657110+05:00", "timestamp": 1724576216.65711}}}
{"text": "2024-08-25T13:56:56.658134+0500 DEBUG getting matches...\n", "record": {"elapsed": {"repr": "0:00:24.018746", "seconds": 24.018746}, "exception": null, "extra": {}, "file": {"name": "main.py", "path": "C:\\Users\\melni\\PycharmProjects\\betboom_parser\\main.py"}, "function": "get_league", "level": {"icon": "🐞", "name": "DEBUG", "no": 10}, "line": 148, "message": "getting matches...", "module": "main", "name": "__main__", "process": {"id": 7100, "name": "MainProcess"}, "thread": {"id": 4804, "name": "MainThread"}, "time": {"repr": "2024-08-25 13:56:56.658134+05:00", "timestamp": 1724576216.658134}}}
{"text": "2024-08-25T13:56:56.659108+0500 INFO sleeping...\n", "record": {"elapsed": {"repr": "0:00:24.019720", "seconds": 24.01972}, "exception": null, "extra": {}, "file": {"name": "main.py", "path": "C:\\Users\\melni\\PycharmProjects\\betboom_parser\\main.py"}, "function": "<module>", "level": {"icon": "ℹ️", "name": "INFO", "no": 20}, "line": 155, "message": "sleeping...", "module": "main", "name": "__main__", "process": {"id": 7100, "name": "MainProcess"}, "thread": {"id": 4804, "name": "MainThread"}, "time": {"repr": "2024-08-25 13:56:56.659108+05:00", "timestamp": 1724576216.659108}}}
{"text": "2024-08-25T13:58:31.248313+0500 DEBUG reading db\n", "record": {"elapsed": {"repr": "0:00:12.994484", "seconds": 12.994484}, "exception": null, "extra": {}, "file": {"name": "main.py", "path": "C:\\Users\\melni\\PycharmProjects\\betboom_parser\\main.py"}, "function": "find_game", "level": {"icon": "🐞", "name": "DEBUG", "no": 10}, "line": 61, "message": "reading db", "module": "main", "name": "__main__", "process": {"id": 6912, "name": "MainProcess"}, "thread": {"id": 1864, "name": "MainThread"}, "time": {"repr": "2024-08-25 13:58:31.248313+05:00", "timestamp": 1724576311.248313}}}
